post_id,shortcode,datetime_utc,permalink,category,content_type,meal_type,cuisines,location_name,confidence,hashtags,mentions,caption_present,caption_word_count,transcript_present,transcript_word_count,has_location,meal_evidence,cuisine_evidence,content_evidence,decision_reason
3248917998831581298,C0WebTYurhy,2023-12-02T12:47:20+00:00,https://www.instagram.com/p/C0WebTYurhy/,event,event,drinks,coffee_cafe,Underground Atlanta,0.7,atlanta|atlcatcafe|atllounge|atlunderground|thingstodoinatl,atllovesmo|thefriskywhiskeratl|thefriskywhiskeratl.|underground_atlanta,True,283,False,0,True,drinks=>bar,"coffee_cafe=>coffee,cafe",event=>event,event_keywords=event ; cuisine_matches=coffee_cafe ; content_type=event ; location_present=True ; transcript_present=False
3235182008116223322,CzlrOVJgJ1a,2023-11-13T13:56:18+00:00,https://www.instagram.com/p/CzlrOVJgJ1a/,drinks,food_spot,drinks,,Chido & Padre's,0.95,atlanta|atlchristmas|atleats|hosted,atllovesmo|chidoandpadres|theblindpigparlourbar,True,152,False,0,True,"drinks=>cocktail,cocktails,bar,gin | snack=>small bites",,food_spot=>location_present,"meal_keywords=cocktail,cocktails,bar,gin ; content_type=food_spot ; location_present=True ; transcript_present=False"
3222102468103602375,Cy3NR-ROYDH,2023-10-26T12:50:35+00:00,https://www.instagram.com/p/Cy3NR-ROYDH/,drinks,food_spot,drinks,italian,Pielands Sub & Slice,0.7,atlantapizza|atleats|atlfoodie|pielands|pielandsatl|virginiahighland,atllovesmo|pielandspizza|sayimafoodie|virginiahighlanddistrict,True,130,False,0,True,drinks=>gin,italian=>pizza,food_spot=>location_present,meal_keywords=gin ; cuisine_matches=italian ; content_type=food_spot ; location_present=True ; transcript_present=False
3515204314861577664,DDIg7M0PqXA,2024-12-03T22:31:00+00:00,https://www.instagram.com/p/DDIg7M0PqXA/,event,event,drinks,italian|japanese|seafood,"Atlanta, Georgia",0.95,atlblog|atleats|atlfoodie|thingstodoinatlanta,atllovesmo|forthatlanta|ilpremioatlanta|resy.|tigersunatl|twourbanlicks,True,268,False,0,True,"dinner=>date night | drinks=>cocktail,cocktails,bar,drink,drinks,gin",italian=>pasta | japanese=>omakase | seafood=>seafood,event=>live music,"event_keywords=live music ; cuisine_matches=italian,japanese,seafood ; content_type=event ; location_present=True ; transcript_present=False"
3208403754369499955,CyGijc7OUMz,2023-10-07T15:13:12+00:00,https://www.instagram.com/p/CyGijc7OUMz/,event,event,drinks,,Underground Atlanta,0.85,atlantapopup|atldrinks|atleats|thingstodoinatlanta,atlhauntedunderground|atllovesmo|underground_atlanta,True,98,False,0,True,"drinks=>bar,drink,drinks",,event=>popup,event_keywords=popup ; content_type=event ; location_present=True ; transcript_present=False
3325791131734472803,C4nlWncLXhj,2024-03-17T14:32:35+00:00,https://www.instagram.com/p/C4nlWncLXhj/,event,event,drinks,,Pullman Rail Yard,0.85,atlantafood|atleats|atlfoodie|atlmarket,abuelitasflans|atllovesmo|bakesbycr.ena|bandoverdeatl|blameitonthealcohall|chefsmarketatl|chispas.snacks.atl|nobichaatl|omigaitsbowlshi|peckish_atl|prattpullmandistrict|senpainoodlesupply|slaythegluten|thesweetstopcart|wethreegirlsgranola,True,142,False,0,True,"drinks=>cocktail,drink,drinks | snack=>snack",,"event=>event,market","event_keywords=event,market ; content_type=event ; location_present=True ; transcript_present=False"
3304773946065312881,C3c6mT-MFxx,2024-02-17T14:33:23+00:00,https://www.instagram.com/p/C3c6mT-MFxx/,dinner,food_spot,dinner,,The Pullman Yard,0.7,atlblog|atldatenight|balloonmuseum|thingstodoinatlanta,atllovesmo|balloon_museum|prattpullmandistrict.,True,136,False,0,True,dinner=>date night,,food_spot=>location_present,meal_keywords=date night ; content_type=food_spot ; location_present=True ; transcript_present=False
3317051010474361880,C4IiFHNLMQY,2024-03-05T12:58:36+00:00,https://www.instagram.com/p/C4IiFHNLMQY/,drinks,food_spot,drinks,chinese|indian|coffee_cafe,Nathu’s Sweets Decatur,0.85,atlantaeats|atlantaindianrestaurants|atlblog|atlfoodie|atlvegeterianrestaurants|nathusweets,atllovesmo|nathusweetsdecatur|wearezenshi,True,324,False,0,True,"dessert=>dessert | drinks=>drink,drinks,gin | snack=>street food","chinese=>chinese | indian=>indian,naan | coffee_cafe=>latte",food_spot=>location_present,"meal_keywords=drink,drinks,gin ; cuisine_matches=chinese,coffee_cafe,indian ; content_type=food_spot ; location_present=True ; transcript_present=False"
3170602262639729469,CwAPfWUsNs9,2023-08-16T11:29:58+00:00,https://www.instagram.com/p/CwAPfWUsNs9/,event,event,drinks,japanese,"Sandy Springs, Georgia",0.75,atlantafood|atlfood|atlfoodie|atlramen|hosted|sandyspringsga,atllovesmo|kyuramen.official,True,94,False,0,True,"drinks=>drink,drinks",japanese=>ramen,event=>limited time,event_keywords=limited time ; cuisine_matches=japanese ; content_type=event ; location_present=True ; transcript_present=False
3452617631616910965,C_qKXF1xsZ1,2024-09-08T14:02:23+00:00,https://www.instagram.com/p/C_qKXF1xsZ1/,event,event,drinks,,"Atlanta, Georgia",0.85,atlblog|atldatenight|atlhalloween|thingstodoinatlanta,atllovesmo|hauntedundergroundatl|underground_atlanta,True,240,False,0,True,"dinner=>date night | drinks=>bar,drink,drinks",,event=>ticket,event_keywords=ticket ; content_type=event ; location_present=True ; transcript_present=False
3272116487350388346,C1o5JvcOAZ6,2024-01-03T13:09:07+00:00,https://www.instagram.com/p/C1o5JvcOAZ6/,event,event,drinks,,"Atlanta, Georgia",0.95,atlanta|atldatenight|atldrinks|atlfoodie,atllovesmo|blameitonthealcohall|desertdoor.|fever_us|prattpullmandistrict|theempirestripsback|wickedweedbrewing,True,148,False,0,True,"drinks=>beer,drink,drinks,tequila",,event=>event,event_keywords=event ; content_type=event ; location_present=True ; transcript_present=False
3385152091680342742,C76eeRfRwLW,2024-06-07T12:01:04+00:00,https://www.instagram.com/p/C76eeRfRwLW/,event,event,drinks,japanese|korean|bbq,"Atlanta, Georgia",0.85,atlantafoodie|atleats|atlfood|atlkoreanbbq,atllovesmo|chowwonalpharetta,True,190,False,0,True,"dinner=>dinner | dessert=>ice cream | drinks=>bar,drink,drinks","japanese=>ramen | korean=>korean,kimchi,kbbq | bbq=>bbq,barbecue",event=>grand opening,"event_keywords=grand opening ; cuisine_matches=bbq,japanese,korean ; content_type=event ; location_present=True ; transcript_present=False"
3171338812587781150,CwC29j6tCwe,2023-08-17T11:54:11+00:00,https://www.instagram.com/p/CwC29j6tCwe/,drinks,food_spot,drinks,italian,"Atlanta, Georgia",0.85,atlantaeats|atlfoodie|harrypotter|thingstodoinatlanta,atllovesmo|eatamoreatl,True,124,False,0,True,"drinks=>cocktail,cocktails,beer",italian=>pasta,food_spot=>location_present,"meal_keywords=cocktail,cocktails,beer ; cuisine_matches=italian ; content_type=food_spot ; location_present=True ; transcript_present=False"
3289522123696571084,C2muvFfuQLM,2024-01-27T13:21:06+00:00,https://www.instagram.com/p/C2muvFfuQLM/,drinks,food_spot,drinks,,"Atlanta, Georgia",0.75,atldatenight|atleats|atlfun|thingstodoinatlanta,atlantamagazine|atllovesmo|your3rdspot,True,165,False,0,True,"dinner=>date night | drinks=>drink,drinks",,food_spot=>location_present,"meal_keywords=drink,drinks ; content_type=food_spot ; location_present=True ; transcript_present=False"
3517940714744638836,DDSPHDzPO10,2024-12-07T17:07:35+00:00,https://www.instagram.com/p/DDSPHDzPO10/,lunch,food_spot,lunch,,"Decatur, Georgia",0.7,atlblog|atleats|thingstodoinatlanta,atllovesmo|independent_distilling|mothers.best|zabs.,True,175,False,0,True,lunch=>sandwich | dinner=>date night | drinks=>bar,,food_spot=>location_present,meal_keywords=sandwich ; content_type=food_spot ; location_present=True ; transcript_present=False
3264203916932816963,C1MyCr_OCBD,2023-12-23T15:01:38+00:00,https://www.instagram.com/p/C1MyCr_OCBD/,drinks,food_spot,drinks,bakery,"Atlanta, Georgia",0.85,atlantafood|atldatenight|atleats|atlfoodie,atllovesmo|barblancatlanta|littlesparrowatlanta.,True,158,False,0,True,"dinner=>dinner,date night | dessert=>dessert | drinks=>cocktail,cocktails,bar",bakery=>bread,food_spot=>location_present,"meal_keywords=cocktail,cocktails,bar ; cuisine_matches=bakery ; content_type=food_spot ; location_present=True ; transcript_present=False"
3724350301316124561,DOvjN3ZEQ-R,2025-09-18T12:12:35+00:00,https://www.instagram.com/p/DOvjN3ZEQ-R/,event,event,drinks,,"Atlanta, Georgia",0.7,atlblog|atleats,atllovesmo|roaring.social,True,136,False,0,True,drinks=>bar,,event=>live music,event_keywords=live music ; content_type=event ; location_present=True ; transcript_present=False
3164771760698992431,CvrhyYPpqcv,2023-08-08T10:23:48+00:00,https://www.instagram.com/p/CvrhyYPpqcv/,drinks,food_spot,drinks,thai|seafood,"Atlanta, Georgia",0.75,atlantafood|atlantathai|atlfood|atlfoodie|midtownatl,atllovesmo|bar_of_thailand|piedmontpark,True,96,False,0,True,"drinks=>liquor,bar","thai=>thai | seafood=>lobster,shrimp",food_spot=>location_present,"meal_keywords=liquor,bar ; cuisine_matches=seafood,thai ; content_type=food_spot ; location_present=True ; transcript_present=False"
3176403958872996187,CwU2pI_xPlb,2023-08-24T11:36:59+00:00,https://www.instagram.com/p/CwU2pI_xPlb/,dessert,food_spot,dessert,vegan|coffee_cafe,"Atlanta, Georgia",0.85,atlantafood|atldesserts|atleats|atlsweets,atllovesmo|bigsoftieatl|lisas.creperie|millasmacarons|summerhill_atl,True,181,False,0,True,"lunch=>sandwich | dessert=>dessert,ice cream,cake | drinks=>rum",vegan=>vegan | coffee_cafe=>matcha,food_spot=>location_present,"meal_keywords=dessert,ice cream,cake ; cuisine_matches=coffee_cafe,vegan ; content_type=food_spot ; location_present=True ; transcript_present=False"
3241691627386450997,Cz8zVwhujQ1,2023-11-22T13:29:55+00:00,https://www.instagram.com/p/Cz8zVwhujQ1/,event,event,drinks,,Roaring Social Alpharetta,0.75,alpharetta|atldrinks|atleats|thingstodoinatlanta,alphacitycenter|atllovesmo|roaring.social,True,114,False,0,True,"drinks=>drink,drinks",,event=>live music,event_keywords=live music ; content_type=event ; location_present=True ; transcript_present=False
3267047231143287564,C1W4iWsuBsM,2023-12-27T13:08:00+00:00,https://www.instagram.com/p/C1W4iWsuBsM/,drinks,food_spot,drinks,mexican,Pickle and Social Gwinnett,0.95,atlblog|atleats|bufordga|gwinnett|pickleball|thingstodoinatlanta,atllovesmo|pickleandsocial|topgolf,True,237,False,0,True,"lunch=>sandwich | drinks=>cocktail,cocktails,bar,drink",mexican=>taco,food_spot=>location_present,"meal_keywords=cocktail,cocktails,bar,drink ; cuisine_matches=mexican ; content_type=food_spot ; location_present=True ; transcript_present=False"
3435895736741848248,C-uwPfpxuS4,2024-08-16T12:28:40+00:00,https://www.instagram.com/p/C-uwPfpxuS4/,drinks,food_spot,drinks,american,"Atlanta, Georgia",0.75,atlantahotels|atlblog|atlfood|thingstodoinatlanta,aparium|atllovesmo|hotelgranada_atlanta|opentable,True,141,False,0,True,"dinner=>date night | drinks=>bar,margarita",american=>southern,food_spot=>location_present,"meal_keywords=bar,margarita ; cuisine_matches=american ; content_type=food_spot ; location_present=True ; transcript_present=False"
3336206765128672698,C5MlmB8v-W6,2024-03-31T23:28:13+00:00,https://www.instagram.com/p/C5MlmB8v-W6/,drinks,food_spot,drinks,american|mexican|seafood|coffee_cafe,"Atlanta, Georgia",0.95,atlantacoffee|atlcoffeeshop|atleats|atlfoodie|decaturfood,atlantacoffeeshops|atllovesmo|katherine_boggs|lachiquiada_decatur,True,290,False,0,True,"brunch=>brunch | dinner=>dinner | dessert=>dessert | drinks=>cocktail,cocktails,margarita,martini","american=>southern | mexican=>mexican,taco,quesadilla,birria | seafood=>fish | coffee_cafe=>coffee,espresso,latte",food_spot=>location_present,"meal_keywords=cocktail,cocktails,margarita,martini ; cuisine_matches=american,coffee_cafe,mexican,seafood ; content_type=food_spot ; location_present=True ; transcript_present=False"
3271412754551567687,C1mZJFMunVH,2024-01-02T13:42:35+00:00,https://www.instagram.com/p/C1mZJFMunVH/,unknown,food_spot,unknown,mexican|coffee_cafe,Portrait Coffee,0.7,atlantacoffee|atlantaeats|atlcoffee|atlfoodie,atlantawestend|atllovesmo|portraitcoffee,True,89,False,0,True,,"mexican=>taco | coffee_cafe=>coffee,latte",food_spot=>location_present,"cuisine_matches=coffee_cafe,mexican ; content_type=food_spot ; location_present=True ; transcript_present=False"
3231560684961028308,CzYz1JJOFjU,2023-11-08T14:02:12+00:00,https://www.instagram.com/p/CzYz1JJOFjU/,drinks,food_spot,drinks,american|bakery,Evergreen Butcher And Baker,0.7,atlantafood|atlfood|atlfoodie,atllovesmo|evergreenbutcherandbaker|kirkwoodneighbors.,True,147,False,0,True,drinks=>drink,"american=>burger | bakery=>bakery,bread",food_spot=>location_present,"meal_keywords=drink ; cuisine_matches=american,bakery ; content_type=food_spot ; location_present=True ; transcript_present=False"
3313422007259649008,C37o8KlrFPw,2024-02-29T13:10:17+00:00,https://www.instagram.com/p/C37o8KlrFPw/,drinks,food_spot,drinks,,Little Sparrow,0.75,atlantafoodie|atlbar|atldatenight|atleats,atllovesmo|littlesparrowatlanta,True,205,False,0,True,"dinner=>dinner | dessert=>ice cream | drinks=>cocktail,bar",,food_spot=>location_present,"meal_keywords=cocktail,bar ; content_type=food_spot ; location_present=True ; transcript_present=False"
3310554927107814633,C3xdCqHrjTp,2024-02-25T13:51:44+00:00,https://www.instagram.com/p/C3xdCqHrjTp/,event,event,drinks,italian,"Atlanta, Georgia",0.85,atlantafoodie|atlblog|atleats|thingstodoinatlanta,atllovesmo|fernbankmuseum|lloydspizzaparty|pickyourleisure|stereoatl|thefriskywhiskeratl|underground_atlanta,True,231,False,0,True,"dinner=>dinner,date night | drinks=>cocktail,cocktails,bar",italian=>pizza,"event=>event,live music,ticket","event_keywords=event,live music,ticket ; cuisine_matches=italian ; content_type=event ; location_present=True ; transcript_present=False"
3458641535271102884,C__kCbTPumk,2024-09-16T21:30:36+00:00,https://www.instagram.com/p/C__kCbTPumk/,event,event,drinks,,The Caverns,0.75,,atllovesmo|biggigantic|thecavernstn,True,187,False,0,True,drinks=>drink,,"event=>concert,live music","event_keywords=concert,live music ; content_type=event ; location_present=True ; transcript_present=False"
3707211554234698032,DNyqURVYgkw,2025-08-25T20:41:15+00:00,https://www.instagram.com/p/DNyqURVYgkw/,unknown,food_spot,unknown,,"Atlanta, Georgia",0.7,atlblog|atldaycation|resportpasspartner,resortpass|resortpass.,True,371,False,0,True,,,food_spot=>location_present,content_type=food_spot ; location_present=True ; transcript_present=False
3485911987744218038,DBgcnvTxRu2,2024-10-24T12:32:20+00:00,https://www.instagram.com/p/DBgcnvTxRu2/,dessert,food_spot,dessert,,"Atlanta, Georgia",0.85,birthdayswithedible|ediblepartner,ediblearrangements,True,141,False,0,True,"dessert=>dessert,cake,cookie",,food_spot=>location_present,"meal_keywords=dessert,cake,cookie ; content_type=food_spot ; location_present=True ; transcript_present=False"
3390246066565119106,C8MktXSx3yC,2024-06-14T12:41:26+00:00,https://www.instagram.com/p/C8MktXSx3yC/,event,event,drinks,,"Atlanta, Georgia",0.85,atlantafood|atleats|atlfoodie|atlmarket,atllovesmo|blameitonthealcohall|chefsmarketatl|prattpullmandistrict,True,153,False,0,True,"drinks=>cocktail,drink,drinks",,"event=>event,market","event_keywords=event,market ; content_type=event ; location_present=True ; transcript_present=False"
3348194738651834132,C53LWAULKcU,2024-04-17T12:12:30+00:00,https://www.instagram.com/p/C53LWAULKcU/,drinks,activity,drinks,,,0.75,atlantafoodie|atldatenight|atleats|atlrooftop,atllovesmo|buckheadvillagedistrict|tesseraeatl|thompsonbuckhead|yeppacoatl,True,103,False,0,False,"dinner=>dinner | drinks=>cocktail,cocktails",,activity=>walk,"meal_keywords=cocktail,cocktails ; content_type=activity ; location_present=False ; transcript_present=False"
3160469224732468723,CvcPgPXu6Xz,2023-08-02T11:57:07+00:00,https://www.instagram.com/p/CvcPgPXu6Xz/,event,event,dinner,,Museum of Illusions - Atlanta,0.7,atlantafoodie|atldateideas|atldatenight|hosted|moiatlanta|museumofillusions|thingstodoinatlanta,amerisbankamphitheatre|atlanticstation|atlanticstation.|atllovesmo|cadencebankamp|lakewoodamp|livenationatl|museumofillusions_atlanta|paintedduckatl|paintedpickleatl|thepaintedpinatl|tickpick,True,204,False,0,True,dinner=>date night | drinks=>drink,,event=>ticket,event_keywords=ticket ; content_type=event ; location_present=True ; transcript_present=False
3133685587106958329,Ct9FnBBRYv5,2023-06-26T13:07:10+00:00,https://www.instagram.com/p/Ct9FnBBRYv5/,drinks,food_spot,drinks,,Georgia Beer Garden,0.95,atlantabars|atlantafoodie|atlbar|atlspeakeasy,atllovesmo|gabeergarden|mambozombi,True,65,False,0,True,"drinks=>beer,bar,drink,drinks",,food_spot=>location_present,"meal_keywords=beer,bar,drink,drinks ; content_type=food_spot ; location_present=True ; transcript_present=False"
3469969775537407719,DAnzyBMP8bn,2024-10-02T12:37:52+00:00,https://www.instagram.com/p/DAnzyBMP8bn/,drinks,food_spot,drinks,mexican,"Atlanta, Georgia",0.95,atlblog|atldatenight|atleats|atlfoodie|rrealtacos,rrealtacos,True,154,False,0,True,"dinner=>date night | drinks=>cocktail,cocktails,bar,tequila,shot,shots","mexican=>taco,birria",food_spot=>location_present,"meal_keywords=cocktail,cocktails,bar,tequila,shot,shots ; cuisine_matches=mexican ; content_type=food_spot ; location_present=True ; transcript_present=False"
3269980823997859116,C1hTjv8u0Us,2023-12-31T14:15:26+00:00,https://www.instagram.com/p/C1hTjv8u0Us/,drinks,food_spot,drinks,seafood,"Atlanta, Georgia",0.95,atlantafoodie|atldatenight|atleats,atllovesmo|chicheriamx|cookingwithashkan|theworksatl|verdureatlanta|yalda.atl,True,357,False,0,True,"dinner=>dinner,date night | drinks=>cocktail,cocktails,bar,margarita,tequila,gin",seafood=>lobster,food_spot=>location_present,"meal_keywords=cocktail,cocktails,bar,margarita,tequila,gin ; cuisine_matches=seafood ; content_type=food_spot ; location_present=True ; transcript_present=False"
3340252016733353523,C5a9YMFrHYz,2024-04-06T13:27:13+00:00,https://www.instagram.com/p/C5a9YMFrHYz/,drinks,activity,drinks,italian|seafood,,0.85,atlantafoodie|atldatenight|atleats|atlfoodie,flashsquaddancers.|tulumatl,True,155,False,0,False,"dinner=>dinner,date night | drinks=>cocktail,cocktails,gin",italian=>pasta | seafood=>lobster,"activity=>show,park","meal_keywords=cocktail,cocktails,gin ; cuisine_matches=italian,seafood ; content_type=activity ; location_present=False ; transcript_present=False"
3550788921421956926,DFG77YNv4c-,2025-01-22T00:58:01+00:00,https://www.instagram.com/p/DFG77YNv4c-/,drinks,food_spot,drinks,,"Atlanta, Georgia",0.7,atlblog|atleats|thingstodoinatlanta,atllovesmo|mjqofficial|underground_atlanta.,True,137,False,0,True,drinks=>bar,,food_spot=>location_present,meal_keywords=bar ; content_type=food_spot ; location_present=True ; transcript_present=False
3249653604733787641,C0ZFrxxOZ35,2023-12-03T13:11:06+00:00,https://www.instagram.com/p/C0ZFrxxOZ35/,event,event,drinks,italian,Underground Atlanta,0.95,atlantachristmas|atlbars|atlchristmas|atlfoodie|atlpopup,atllovesmo|bigxpopup|dolospizza.co|future_atlanta|masquerade_atl|thefriskywhiskeratl|thepigalle|underground_atlanta|underground_atlanta.|urlocal_ronster,True,315,False,0,True,"dinner=>date night | drinks=>bar,drink,drinks,shot",italian=>pizza,"event=>popup,ticket","event_keywords=popup,ticket ; cuisine_matches=italian ; content_type=event ; location_present=True ; transcript_present=False"
3132275621619144153,Ct4FBUVOZXZ,2023-06-24T14:19:56+00:00,https://www.instagram.com/p/Ct4FBUVOZXZ/,event,event,drinks,,West End,0.75,atlanta|atlantafoodie|atldrink|atlfood|atlfoodie|atlwestend,aswdistillery|atllovesmo|leandrafthouse|mondaynightgarage,True,148,True,32,True,"drinks=>bar,drink",,event=>event,event_keywords=event ; content_type=event ; location_present=True ; transcript_present=True
3741063647302113035,DPq7ZDzkdcL,2025-10-11T13:35:43+00:00,https://www.instagram.com/p/DPq7ZDzkdcL/,dinner,food_spot,dinner,,"Atlanta, Georgia",0.7,atlblog|atldatenight|highmuseumofart,highmuseumofart,True,149,False,0,True,dinner=>date night,,food_spot=>location_present,meal_keywords=date night ; content_type=food_spot ; location_present=True ; transcript_present=False
3137257350486105472,CuJxvA4tR2A,2023-07-01T11:18:11+00:00,https://www.instagram.com/p/CuJxvA4tR2A/,event,event,unknown,,"Atlanta, Georgia",0.7,atlantablog|atlevents|atlhost|atlpoolparty|electricevents,atlantacreativemedia|atllovesmo|eastsideswimandsocial|electriceventsatl|electrichospitality,True,88,False,0,True,,,event=>event,event_keywords=event ; content_type=event ; location_present=True ; transcript_present=False
3594000529908568046,DHgdHCrxA_u,2025-03-22T15:44:47+00:00,https://www.instagram.com/p/DHgdHCrxA_u/,event,event,drinks,,"Atlanta, Georgia",0.75,atlblog|atldatenight|thingstodoinatlanta,atllovesmo|elijahakeem_tattoos|inkorporated.tattoos|official_drinkandink|thebeaconlive,True,175,False,0,True,"dinner=>date night | drinks=>drink,drinks",,event=>event,event_keywords=event ; content_type=event ; location_present=True ; transcript_present=False
3144020926562862336,Cuhzl_-LIUA,2023-07-10T19:17:38+00:00,https://www.instagram.com/p/Cuhzl_-LIUA/,drinks,food_spot,drinks,american,"Atlanta, Georgia",0.75,atl|atlanta|atldatenight|whattodoinatlanta,atllovesmo|bansheelatenight|fultonpublicart|heartbreakers.atl|revery_vr|screamin_weenies_eav|underground_atlanta,True,56,False,0,True,"dinner=>date night | drinks=>drink,drinks",american=>burger,food_spot=>location_present,"meal_keywords=drink,drinks ; cuisine_matches=american ; content_type=food_spot ; location_present=True ; transcript_present=False"
3301155809403180728,C3QD7fnsZa4,2024-02-12T14:34:42+00:00,https://www.instagram.com/p/C3QD7fnsZa4/,drinks,food_spot,drinks,seafood,Bar Diver,0.95,atlanta|atlblog|atldatenight|atleats,atllovesmo|bardiveratl|girldiveratl|westsidepaper.atl,True,156,False,0,True,"breakfast=>eggs | dinner=>dinner,date night | drinks=>cocktail,cocktails,bar,drink,drinks | snack=>small bites",seafood=>shrimp,food_spot=>location_present,"meal_keywords=cocktail,cocktails,bar,drink,drinks ; cuisine_matches=seafood ; content_type=food_spot ; location_present=True ; transcript_present=False"
3205741585597698751,Cx9FPzDP5K_,2023-10-03T23:03:31+00:00,https://www.instagram.com/p/Cx9FPzDP5K_/,event,event,lunch,american|japanese|thai|seafood|bakery,"Atlanta, Georgia",0.75,atlantaeats|atleats|atlfood|atlfoodie,atlantawestend|atljerkking|atllovesmo|boggssocial|evergreenbutcherandbaker|fraziesmeatandmarket|fripperssausages|kirkwoodneighbors|myahsenpai|riversideatl|senpainoodlesupply|therestaurantjunkie|walkandeatandwalk,True,270,False,0,True,lunch=>sandwich,"american=>burger,southern | japanese=>ramen | thai=>thai | seafood=>seafood | bakery=>bread","event=>event,market","event_keywords=event,market ; cuisine_matches=american,bakery,japanese,seafood,thai ; content_type=event ; location_present=True ; transcript_present=False"
3267756321360546831,C1ZZw-bO4wP,2023-12-28T12:35:41+00:00,https://www.instagram.com/p/C1ZZw-bO4wP/,drinks,food_spot,drinks,american|mexican|seafood,Wahoo! Grill,0.95,atlanta|atlblog|atleats|atlfoodie|atlhappyhour,atllovesmo|lure.atl|rwbyatl|wahoo_grill|wahoowine,True,284,False,0,True,"dinner=>dinner | dessert=>dessert | drinks=>cocktail,cocktails,alcohol,wine,beer,bar,happy hour,gin","american=>burger | mexican=>taco | seafood=>seafood,oyster,crab,fish",food_spot=>location_present,"meal_keywords=cocktail,cocktails,alcohol,wine,beer,bar,happy hour,gin ; cuisine_matches=american,mexican,seafood ; content_type=food_spot ; location_present=True ; transcript_present=False"
3311976979345916506,C32gYPeL0Ja,2024-02-27T12:55:16+00:00,https://www.instagram.com/p/C32gYPeL0Ja/,drinks,food_spot,drinks,,"Atlanta, Georgia",0.7,atlblog|atleats|atlgames|thingstodoinatlanta,activategames|atllovesmo,True,158,False,0,True,drinks=>gin,,food_spot=>location_present,meal_keywords=gin ; content_type=food_spot ; location_present=True ; transcript_present=False
3262700013028516632,C1HcGAVOiMY,2023-12-21T13:10:34+00:00,https://www.instagram.com/p/C1HcGAVOiMY/,drinks,food_spot,drinks,indian|seafood,Tabla Atlanta,0.85,atlantafood|atldatenight|atleats|atlfoodie|hosted,atllovesmo|tablaatlanta,True,114,False,0,True,"dinner=>date night | dessert=>dessert | drinks=>cocktail,cocktails,bar","indian=>curry,naan | seafood=>fish",food_spot=>location_present,"meal_keywords=cocktail,cocktails,bar ; cuisine_matches=indian,seafood ; content_type=food_spot ; location_present=True ; transcript_present=False"
3205408882347991327,Cx75mVAO-Ef,2023-10-03T12:03:47+00:00,https://www.instagram.com/p/Cx75mVAO-Ef/,unknown,food_spot,unknown,,"Atlanta, Georgia",0.7,atlanta|atlbraves|atlsports|baseball|braves|playoffs|tickpick|worldseries,braves|tickpick,True,66,False,0,True,,,food_spot=>location_present,content_type=food_spot ; location_present=True ; transcript_present=False
3261250695943945376,C1CSjqnO_yg,2023-12-19T13:11:09+00:00,https://www.instagram.com/p/C1CSjqnO_yg/,event,event,drinks,italian|coffee_cafe,"Atlanta, Georgia",0.95,atlcats|atldatenight|atlfoodie|cats|feverambassador|thingstodoinatlanta,atllovesmo|blameitonthealcohall|dineanddesign_atl|fever_us|no246atlanta|piedmontpark.|prattpullmandistrict|starwars|theempirestripsback|thefriskywhiskeratl|underground_atlanta|visitdecaturga,True,383,False,0,True,"breakfast=>breakfast | brunch=>brunch | dinner=>date night | dessert=>donut | drinks=>cocktail,cocktails,bar,drink,drinks","italian=>pasta,pizza | coffee_cafe=>coffee","event=>event,ticket","event_keywords=event,ticket ; cuisine_matches=coffee_cafe,italian ; content_type=event ; location_present=True ; transcript_present=False"
3353273423394488563,C6JOGmEL8Dz,2024-04-24T12:49:44+00:00,https://www.instagram.com/p/C6JOGmEL8Dz/,drinks,food_spot,drinks,japanese,Painted Pickle,0.95,atlantafoodie|atldatenight|atleats|atlpickleball|thingstodoinatl,armouryards|atllovesmo|paintedpickleatl,True,332,False,0,True,"drinks=>cocktail,cocktails,alcohol,bar,drink,drinks,gin",japanese=>sushi,food_spot=>location_present,"meal_keywords=cocktail,cocktails,alcohol,bar,drink,drinks,gin ; cuisine_matches=japanese ; content_type=food_spot ; location_present=True ; transcript_present=False"
3366363100548687191,C63uWd5L-VX,2024-05-12T13:54:38+00:00,https://www.instagram.com/p/C63uWd5L-VX/,drinks,food_spot,drinks,italian,"Atlanta, Georgia",0.85,atlantafood|atlbrunch|atleats|decaturga|wheretoeatinatlanta,atllovesmo|no246atlanta,True,190,False,0,True,"breakfast=>breakfast | brunch=>brunch | dessert=>donut | drinks=>cocktail,cocktails,gin | snack=>small bites","italian=>italian,pasta,pizza",food_spot=>location_present,"meal_keywords=cocktail,cocktails,gin ; cuisine_matches=italian ; content_type=food_spot ; location_present=True ; transcript_present=False"
3412975998092548482,C9dU5ZpPZmC,2024-07-15T21:21:32+00:00,https://www.instagram.com/p/C9dU5ZpPZmC/,dinner,food_spot,dinner,,"Atlanta, Georgia",0.7,atlblog|icons|sponsored|thingstodoinatlanta|worldofcocacola,worldofcocacola,True,208,False,0,True,dinner=>date night,,food_spot=>location_present,meal_keywords=date night ; content_type=food_spot ; location_present=True ; transcript_present=False
3509365884269318991,DCzxa2mv1NP,2024-11-25T21:18:05+00:00,https://www.instagram.com/p/DCzxa2mv1NP/,drinks,food_spot,drinks,japanese,"Atlanta, USA",0.95,atlblog|atldatenight|atleats|atlfoodie,atllovesmo|muchachoatl|resy.|tigersunatl,True,179,False,0,True,"drinks=>cocktail,cocktails,bar,drink,drinks,gin",japanese=>omakase,food_spot=>location_present,"meal_keywords=cocktail,cocktails,bar,drink,drinks,gin ; cuisine_matches=japanese ; content_type=food_spot ; location_present=True ; transcript_present=False"
3592710139364153769,DHb3tY1vpmp,2025-03-20T21:01:03+00:00,https://www.instagram.com/p/DHb3tY1vpmp/,drinks,food_spot,drinks,mexican|japanese|bbq|coffee_cafe,"Atlanta, Georgia",0.95,atlblog|atleats|atlfoodie,atlantacoffeeshops|atllovesmo|blockanddrum|chamblee.ga.|madreselvaatl|wagyuhouseatl,True,240,False,0,True,"dinner=>date night | drinks=>cocktail,cocktails,bar,gin,rum","mexican=>taco | japanese=>japanese | bbq=>bbq | coffee_cafe=>coffee,cafe",food_spot=>location_present,"meal_keywords=cocktail,cocktails,bar,gin,rum ; cuisine_matches=bbq,coffee_cafe,japanese,mexican ; content_type=food_spot ; location_present=True ; transcript_present=False"
3503409727029578799,DCenJW6Pwwv,2024-11-17T15:59:53+00:00,https://www.instagram.com/p/DCenJW6Pwwv/,drinks,food_spot,drinks,american|seafood|coffee_cafe,"Atlanta, Georgia",0.85,atlblog|atldatenight|atleats|atlfoodie,chefjoeyward|georgiaboyatlanta,True,230,False,0,True,"dinner=>dinner | drinks=>cocktail,wine,martini",american=>southern | seafood=>lobster | coffee_cafe=>espresso,food_spot=>location_present,"meal_keywords=cocktail,wine,martini ; cuisine_matches=american,coffee_cafe,seafood ; content_type=food_spot ; location_present=True ; transcript_present=False"
3438334769111198664,C-3a0Fjv2vI,2024-08-19T21:04:52+00:00,https://www.instagram.com/p/C-3a0Fjv2vI/,event,event,dessert,coffee_cafe,"Atlanta, Georgia",0.95,ediblepartner,ediblearrangements,True,192,False,0,True,"dessert=>dessert,ice cream,cake,cookie",coffee_cafe=>latte,event=>seasonal,event_keywords=seasonal ; cuisine_matches=coffee_cafe ; content_type=event ; location_present=True ; transcript_present=False
3534499116237505214,DENEDg6RMK-,2024-12-30T13:28:58+00:00,https://www.instagram.com/p/DENEDg6RMK-/,event,event,drinks,coffee_cafe,"Atlanta, Georgia",0.95,atlblog|atldatenight|atleats|thingstodoinatlanta,atllovesmo|brushatl|chefjasonliang|echoroomatl|hotelgranada_atlanta|jaredgrisham.|kirkgibson1|luckystaratl|maypeel_atlanta|michelinguide|resy|starmetalsatl|vs.thebarkeep|westside_motor_lounge,True,353,False,0,True,"dinner=>date night | drinks=>cocktail,cocktails,bar,drink","coffee_cafe=>cafe,matcha",event=>event,event_keywords=event ; cuisine_matches=coffee_cafe ; content_type=event ; location_present=True ; transcript_present=False
3186563715402655059,Cw48tDmuWVT,2023-09-07T12:00:44+00:00,https://www.instagram.com/p/Cw48tDmuWVT/,event,event,breakfast,seafood|vegan|coffee_cafe,Coffee & Eggs,0.7,atlantafood|atlbrunch|atleats|atltantabrunch|hosted,atllovesmo|chancellor_s|dwanbosman|omnicoffeeandeggs,True,203,False,0,True,breakfast=>eggs | brunch=>brunch | drinks=>gin,"seafood=>shrimp | vegan=>vegan | coffee_cafe=>coffee,cafe",event=>live music,"event_keywords=live music ; cuisine_matches=coffee_cafe,seafood,vegan ; content_type=event ; location_present=True ; transcript_present=False"
3250353222534768038,C0bkwjnuyWm,2023-12-04T12:19:16+00:00,https://www.instagram.com/p/C0bkwjnuyWm/,breakfast,food_spot,breakfast,italian,Double Zero,0.7,atlantafood|atlbrunch|atleats|decaturga|wheretoeatinatlanta,atllovesmo|no246atlanta,True,134,False,0,True,breakfast=>breakfast | brunch=>brunch | dessert=>donut | drinks=>gin | snack=>small bites,"italian=>pasta,pizza",food_spot=>location_present,meal_keywords=breakfast ; cuisine_matches=italian ; content_type=food_spot ; location_present=True ; transcript_present=False
3185838890476976669,Cw2X5dygTod,2023-09-06T12:02:54+00:00,https://www.instagram.com/p/Cw2X5dygTod/,event,event,drinks,,Atlantic Station,0.95,atlanta|atlantadrink|atlskate|atlthingstodo|hosted|midnightmarket,atlanticstation|atllovesmo|gittsbajanpeppersauce|midnightmarketatl|sugar_shanes,True,205,False,0,True,"drinks=>cocktail,cocktails,bar,drink,happy hour",,"event=>event,market,ticket","event_keywords=event,market,ticket ; content_type=event ; location_present=True ; transcript_present=False"
3607917502421504601,DIR5dpWv5JZ,2025-04-10T20:39:15+00:00,https://www.instagram.com/p/DIR5dpWv5JZ/,dinner,food_spot,dinner,american,"Atlanta, Georgia",0.7,atlantahotels|atlblog|atlfood|thingstodoinatlanta,atllovesmo|hotelgranada_atlanta|maypeel_atlanta,True,92,False,0,True,dinner=>date night | drinks=>bar,american=>southern,food_spot=>location_present,meal_keywords=date night ; cuisine_matches=american ; content_type=food_spot ; location_present=True ; transcript_present=False
3599806962239697791,DH1FVwMRnN_,2025-03-30T16:01:20+00:00,https://www.instagram.com/p/DH1FVwMRnN_/,brunch,food_spot,brunch,american|seafood|bakery|coffee_cafe,"Atlanta, Georgia",0.75,atlblog|atlbrunch|atleats|thingstodoinatlanta,atllovesmo|morningbirdsrestaurant,True,182,False,0,True,"breakfast=>pancake | brunch=>brunch,mimosa | lunch=>sandwich | dessert=>cake","american=>southern | seafood=>crab,fish | bakery=>pastry | coffee_cafe=>coffee",food_spot=>location_present,"meal_keywords=brunch,mimosa ; cuisine_matches=american,bakery,coffee_cafe,seafood ; content_type=food_spot ; location_present=True ; transcript_present=False"
3333710616730762979,C5DuCSmL37j,2024-03-28T12:49:51+00:00,https://www.instagram.com/p/C5DuCSmL37j/,drinks,food_spot,drinks,japanese|chinese|thai|indian,"Atlanta, Georgia",0.95,atlantabeltline|atlantafood|atlblog|atleats|atlfoodie,atllovesmo|eathawkers,True,239,False,0,True,"dessert=>cake | drinks=>cocktail,cocktails,bar,drink,gin","japanese=>ramen | chinese=>dumpling | thai=>thai,pad thai | indian=>curry",food_spot=>location_present,"meal_keywords=cocktail,cocktails,bar,drink,gin ; cuisine_matches=chinese,indian,japanese,thai ; content_type=food_spot ; location_present=True ; transcript_present=False"
3307637609050739210,C3nFuF9MRIK,2024-02-21T13:21:25+00:00,https://www.instagram.com/p/C3nFuF9MRIK/,event,event,dinner,seafood,LEE + WHITE,0.85,atldatenight|atleats|atlfoodie|thingstodoinatlanta,atllovesmo|bovinoafterdark|herobovinoatl|hopcityatl|leeandwhite|resy|saltyourfood_atl,True,207,False,0,True,"lunch=>lunch | dinner=>date night,supper,tasting menu | drinks=>bar",seafood=>oyster,event=>market,event_keywords=market ; cuisine_matches=seafood ; content_type=event ; location_present=True ; transcript_present=False
3304840401674682705,C3dJtXlLcFR,2024-02-17T16:38:10+00:00,https://www.instagram.com/p/C3dJtXlLcFR/,unknown,food_spot,unknown,,Pratt Pullman District,0.7,,atllovesmo|balloon_museum|prattpullmandistrict,True,11,False,0,True,,,food_spot=>location_present,content_type=food_spot ; location_present=True ; transcript_present=False
3376564199622003794,C7b9z_vxUxS,2024-05-26T15:45:22+00:00,https://www.instagram.com/p/C7b9z_vxUxS/,drinks,food_spot,drinks,chinese|thai|seafood,"Atlanta, Georgia",0.75,atlblog|atleats|atlfoodie|atlthaifood,atllovesmo|lamoon_atl|virginiahighlanddistrict,True,114,False,0,True,"drinks=>gin,shot",chinese=>dumpling | thai=>thai | seafood=>lobster,food_spot=>location_present,"meal_keywords=gin,shot ; cuisine_matches=chinese,seafood,thai ; content_type=food_spot ; location_present=True ; transcript_present=False"
3607183790624806562,DIPSou_vRai,2025-04-09T20:19:13+00:00,https://www.instagram.com/p/DIPSou_vRai/,event,event,drinks,,"Atlanta, Georgia",0.85,atlantafood|atleats|atlfoodie|atlmarket,atllovesmo|blameitonthealcohall|chefsmarketatl|prattpullmandistrict,True,121,False,0,True,"drinks=>cocktail,drink,drinks",,"event=>event,market","event_keywords=event,market ; content_type=event ; location_present=True ; transcript_present=False"
3177267599054724471,CwX7AwmA913,2023-08-25T16:11:27+00:00,https://www.instagram.com/p/CwX7AwmA913/,event,event,unknown,,"Atlanta, Georgia",0.8,,atllovesmo|tickpick,True,139,False,0,True,,,"event=>event,live music,ticket","event_keywords=event,live music,ticket ; content_type=event ; location_present=True ; transcript_present=False"
3482327969681593815,DBTttaYR1XX,2024-10-19T13:56:35+00:00,https://www.instagram.com/p/DBTttaYR1XX/,drinks,food_spot,drinks,italian|coffee_cafe,"Atlanta, Georgia",0.75,atlblog|atldatenight|atleats|atlfoodie,atllovesmo|forzastorico|westsideprovisions,True,93,False,0,True,"dinner=>date night | drinks=>wine,martini","italian=>pasta,gnocchi | coffee_cafe=>espresso",food_spot=>location_present,"meal_keywords=wine,martini ; cuisine_matches=coffee_cafe,italian ; content_type=food_spot ; location_present=True ; transcript_present=False"
3429360995980779390,C-XiagEA59-,2024-08-07T12:04:30+00:00,https://www.instagram.com/p/C-XiagEA59-/,dinner,food_spot,dinner,mediterranean|coffee_cafe,"Atlanta, Georgia",0.75,,atlantabeltline|barpremioatlanta|elektraatl|forthatlanta,True,178,False,0,True,"dinner=>dinner,date night | drinks=>bar,drink","mediterranean=>mediterranean,falafel,hummus | coffee_cafe=>cafe",food_spot=>location_present,"meal_keywords=dinner,date night ; cuisine_matches=coffee_cafe,mediterranean ; content_type=food_spot ; location_present=True ; transcript_present=False"
3604903734666583379,DIHMNjaR91T,2025-04-06T16:47:40+00:00,https://www.instagram.com/p/DIHMNjaR91T/,drinks,food_spot,drinks,,"Atlanta, Georgia",0.75,atlblog|atldance|atldatenight|thingstodoinatlanta,atllovesmo|drinkninedot.|elmalo.atl|johnnyshideaway|jojosbeloved|mjqofficial|pisces.atl|politanrow.colonysquare.|underground_atlanta.,True,334,False,0,True,"dinner=>date night | drinks=>cocktail,drink",,food_spot=>location_present,"meal_keywords=cocktail,drink ; content_type=food_spot ; location_present=True ; transcript_present=False"
3562288058822717806,DFvyh2dvnFu,2025-02-06T21:39:36+00:00,https://www.instagram.com/p/DFvyh2dvnFu/,event,event,drinks,japanese|bbq|coffee_cafe,"Atlanta, Georgia",0.85,atlblog|atldatenight|atleats|atlfoodie,_nocturnalhabits.|atllovesmo|avize.atl|bovinoafterdark|kingofthechews|resy|saltyourfood_atl|seventhouse|thepigalle|underground_atlanta,True,338,False,0,True,"dinner=>date night | drinks=>cocktail,cocktails,bar",japanese=>omakase | bbq=>smoked | coffee_cafe=>espresso,event=>event,"event_keywords=event ; cuisine_matches=bbq,coffee_cafe,japanese ; content_type=event ; location_present=True ; transcript_present=False"
3441745508128112422,C_DiU3zRb8m,2024-08-24T14:01:58+00:00,https://www.instagram.com/p/C_DiU3zRb8m/,event,event,drinks,mexican|chinese,"Atlanta, Georgia",0.95,,dumplingfactory_atl|elsantogallo|elsewheregreenhouse|kingofpops|pancake.social|westsidepaper.atl,True,360,False,0,True,"breakfast=>pancake | brunch=>brunch | dinner=>dinner | dessert=>cake | drinks=>cocktail,brewery,drink,margarita | snack=>snack",mexican=>taco | chinese=>dumpling,event=>event,"event_keywords=event ; cuisine_matches=chinese,mexican ; content_type=event ; location_present=True ; transcript_present=False"
3333737815676409885,C5D0OFlrdgd,2024-03-28T13:29:28+00:00,https://www.instagram.com/p/C5D0OFlrdgd/,unknown,food_spot,unknown,,"Atlanta, Georgia",0.7,,atlantabeltline|atllovesmo|eathawkers,True,14,False,0,True,,,food_spot=>location_present,content_type=food_spot ; location_present=True ; transcript_present=False
3383721395157914156,C71ZK5hRtIs,2024-06-05T12:44:46+00:00,https://www.instagram.com/p/C71ZK5hRtIs/,dessert,food_spot,dessert,bakery|coffee_cafe,"Atlanta, Georgia",0.75,atlblog|atleats|atlfoodie|atlsweets,atllovesmo|thekrogdistrictatl|thesaltydonut,True,168,False,0,True,"dessert=>cake,donut","bakery=>bread | coffee_cafe=>coffee,latte",food_spot=>location_present,"meal_keywords=cake,donut ; cuisine_matches=bakery,coffee_cafe ; content_type=food_spot ; location_present=True ; transcript_present=False"
3455736103082683400,C_1Pa0tvGwI,2024-09-12T21:22:10+00:00,https://www.instagram.com/p/C_1Pa0tvGwI/,dinner,food_spot,dinner,,"Atlanta, Georgia",0.7,,atlantabeltline|blacksheepensemble|chantellerytter,True,169,False,0,True,dinner=>date night | drinks=>gin,,food_spot=>location_present,meal_keywords=date night ; content_type=food_spot ; location_present=True ; transcript_present=False
3296031458522262104,C292yX9u2pY,2024-02-05T13:06:44+00:00,https://www.instagram.com/p/C292yX9u2pY/,drinks,food_spot,drinks,mexican,Avenue East Cobb,0.95,atlantagamers|atlblogger|atldatenight|atleats,atllovesmo|avenueeastcobb|tinlizzyscantina|tinpingamebar,True,131,False,0,True,"dinner=>date night | drinks=>cocktail,cocktails,bar,margarita",mexican=>taco,food_spot=>location_present,"meal_keywords=cocktail,cocktails,bar,margarita ; cuisine_matches=mexican ; content_type=food_spot ; location_present=True ; transcript_present=False"
3220636913500758105,CyyADWLuSBZ,2023-10-24T12:18:23+00:00,https://www.instagram.com/p/CyyADWLuSBZ/,event,event,dessert,bakery,"Atlanta, Georgia",0.95,atlantaeats|atlcookies|atldessert|atleats,atllovesmo|chefcharmain|newyorkprime|sugar_shanes|thebcf|tinylousatl,True,291,False,0,True,"dinner=>dinner,date night | dessert=>dessert,ice cream,cake,cookie | drinks=>wine",bakery=>pastry,"event=>event,seasonal","event_keywords=event,seasonal ; cuisine_matches=bakery ; content_type=event ; location_present=True ; transcript_present=False"
3704053161733213861,DNncLnGRU6l,2025-08-21T12:01:01+00:00,https://www.instagram.com/p/DNncLnGRU6l/,event,event,drinks,italian|coffee_cafe,"Atlanta, Georgia",0.95,atlblog|mondaynightgarage|thingstodoinatlanta,atlantabeltline|atllovesmo|mondaynight|mondaynightgrove,True,178,False,0,True,"breakfast=>breakfast | lunch=>sandwich | drinks=>cocktail,cocktails,beer,gin",italian=>pizza | coffee_cafe=>coffee,event=>grand opening,"event_keywords=grand opening ; cuisine_matches=coffee_cafe,italian ; content_type=event ; location_present=True ; transcript_present=False"
3196003339287291453,CxafBqbLmY9,2023-09-20T12:38:05+00:00,https://www.instagram.com/p/CxafBqbLmY9/,drinks,food_spot,drinks,seafood,"Atlanta, Georgia",0.95,atlantaeats|atlantafood|atldatenight|atleats|atlfoodie|hosted,atllovesmo|chef_jean_louis_sangare|verdureatlanta,True,135,False,0,True,"dinner=>date night | drinks=>cocktail,cocktails,drink,margarita",seafood=>lobster,food_spot=>location_present,"meal_keywords=cocktail,cocktails,drink,margarita ; cuisine_matches=seafood ; content_type=food_spot ; location_present=True ; transcript_present=False"
3293139603312030082,C2zlQV7LzGC,2024-02-01T13:13:14+00:00,https://www.instagram.com/p/C2zlQV7LzGC/,drinks,food_spot,drinks,japanese,Eight Sushi Lounge,0.85,atlantaeats|atlblog|atlcocktails|atllounge,aftereightatl|atllovesmo|eightsushiatl,True,150,False,0,True,"dinner=>date night | drinks=>cocktail,cocktails,gin",japanese=>sushi,food_spot=>location_present,"meal_keywords=cocktail,cocktails,gin ; cuisine_matches=japanese ; content_type=food_spot ; location_present=True ; transcript_present=False"
3356246880407114642,C6TyMFtLdOS,2024-04-28T14:51:01+00:00,https://www.instagram.com/p/C6TyMFtLdOS/,event,event,unknown,,"Atlanta, Georgia",0.8,atlantablog|atleats|atlmarket|atlvintage|supporttinybusinesses|thingstodoinatlanta,atlantadairies.|atllovesmo|gvgatl,True,244,False,0,True,,,"event=>festival,event,market","event_keywords=festival,event,market ; content_type=event ; location_present=True ; transcript_present=False"
3462058166639135037,DALs49ORAk9,2024-09-21T14:38:53+00:00,https://www.instagram.com/p/DALs49ORAk9/,drinks,food_spot,drinks,mexican,"Atlanta, Georgia",0.7,atlblog|atldatenight|atleats|atlfoodie|rrealtacos,rrealtacos,True,188,False,0,True,drinks=>mocktail,mexican=>taco,food_spot=>location_present,meal_keywords=mocktail ; cuisine_matches=mexican ; content_type=food_spot ; location_present=True ; transcript_present=False
3233779077486622251,CzgsPALrjYr,2023-11-11T15:43:30+00:00,https://www.instagram.com/p/CzgsPALrjYr/,drinks,mixed,drinks,japanese|thai,,0.95,atlanta|atleats|atlfood|atlfoodie|atlthai|hosted,atllovesmo|tikithai_atl,True,172,False,0,False,"drinks=>cocktail,cocktails,happy hour,martini","japanese=>sushi | thai=>thai,tom yum",,"meal_keywords=cocktail,cocktails,happy hour,martini ; cuisine_matches=japanese,thai ; content_type=mixed ; location_present=False ; transcript_present=False"
3221352871815042496,Cy0i16UuFXA,2023-10-25T12:01:03+00:00,https://www.instagram.com/p/Cy0i16UuFXA/,drinks,food_spot,drinks,,"Atlanta, Georgia",0.95,atlantafood|atlblog|atleats|atlfood|hosted,atllovesmo|chattahoocheefoodworks.|chicheriamx|theworksatl,True,151,False,0,True,"dinner=>dinner | drinks=>bar,margarita,tequila,gin",,food_spot=>location_present,"meal_keywords=bar,margarita,tequila,gin ; content_type=food_spot ; location_present=True ; transcript_present=False"
3319991065048336470,C4S-kiZrUhW,2024-03-09T14:16:58+00:00,https://www.instagram.com/p/C4S-kiZrUhW/,drinks,food_spot,drinks,american|korean,Gaja Korean Bar,0.95,atlantaeats|atlblog|atleats|atlfoodie,atllovesmo|gaja_eav,True,110,False,0,True,"dinner=>date night | drinks=>cocktail,cocktails,gin,shot",american=>fried chicken | korean=>korean,food_spot=>location_present,"meal_keywords=cocktail,cocktails,gin,shot ; cuisine_matches=american,korean ; content_type=food_spot ; location_present=True ; transcript_present=False"
3403546036776277431,C870xZyvRW3,2024-07-02T21:09:28+00:00,https://www.instagram.com/p/C870xZyvRW3/,drinks,food_spot,drinks,mexican|italian,"Atlanta, Georgia",0.85,atlblog|atleats|atlfoodie|thingstodoinatl,42barandgrill|atllovesmo|theonlyharryyouknow,True,131,False,0,True,"drinks=>bar,drink,drinks","mexican=>taco,birria | italian=>pizza",food_spot=>location_present,"meal_keywords=bar,drink,drinks ; cuisine_matches=italian,mexican ; content_type=food_spot ; location_present=True ; transcript_present=False"
3457727519799429022,C_8UNwDvMee,2024-09-15T15:15:01+00:00,https://www.instagram.com/p/C_8UNwDvMee/,event,event,drinks,american|mexican|italian|seafood|bbq|vegan|coffee_cafe,"Atlanta, Georgia",0.95,,_waffle_bar|brasilianaus|buenapapafrybar|butecoatl|sfseav|sinfulslidrz,True,375,False,0,True,"breakfast=>waffle | lunch=>sandwich | dessert=>cake | drinks=>cocktail,cocktails,bar,gin","american=>american | mexican=>mexican | italian=>pasta,pizza | seafood=>shrimp | bbq=>brisket | vegan=>vegan | coffee_cafe=>coffee","event=>event,live music","event_keywords=event,live music ; cuisine_matches=american,bbq,coffee_cafe,italian,mexican,seafood,vegan ; content_type=event ; location_present=True ; transcript_present=False"
3528108597076336619,DD2XBOJvJ_r,2024-12-21T17:51:31+00:00,https://www.instagram.com/p/DD2XBOJvJ_r/,drinks,food_spot,drinks,,"Atlanta, Georgia",0.7,atlblog|atlparties|thingstodoinatl,atllovesmo|cinnamontoastedexp|holidaybaratl|where2atlanta,True,39,False,0,True,drinks=>bar,,food_spot=>location_present,meal_keywords=bar ; content_type=food_spot ; location_present=True ; transcript_present=False
3460070879591821072,DAEpCH7vm8Q,2024-09-18T20:50:33+00:00,https://www.instagram.com/p/DAEpCH7vm8Q/,dinner,food_spot,dinner,american|italian|bakery,"Atlanta, Georgia",0.75,,_oliveandpine_|atllovesmo|barblancatlanta|commune_atl|pendolinoatl,True,267,False,0,True,"dinner=>dinner,date night | dessert=>dessert | drinks=>wine,bar | snack=>small bites","american=>southern | italian=>italian,pizza | bakery=>bread",food_spot=>location_present,"meal_keywords=dinner,date night ; cuisine_matches=american,bakery,italian ; content_type=food_spot ; location_present=True ; transcript_present=False"
3372108513374052708,C7MItOjuyFk,2024-05-20T12:13:45+00:00,https://www.instagram.com/p/C7MItOjuyFk/,drinks,food_spot,drinks,,"Atlanta, Georgia",0.95,atlantabeltline|atlblog|atleats|atlfoodie,atlantabeltline.|atlantawestend|atllovesmo|electrichospitality|leeandwhite|strangersinparadiseatl,True,134,False,0,True,"drinks=>cocktail,cocktails,bar,drink,drinks",,food_spot=>location_present,"meal_keywords=cocktail,cocktails,bar,drink,drinks ; content_type=food_spot ; location_present=True ; transcript_present=False"
3476581497987431627,DA_THPkPHzL,2024-10-11T15:38:08+00:00,https://www.instagram.com/p/DA_THPkPHzL/,drinks,food_spot,drinks,,"Atlanta, Georgia",0.7,atlblog|atldatenight|atleats|thingstodoinatlanta,atllovesmo|kennedyspacecenter|polarisatlanta,True,182,False,0,True,drinks=>bar,,food_spot=>location_present,meal_keywords=bar ; content_type=food_spot ; location_present=True ; transcript_present=False
3477320904222926687,DBB7PBSP2df,2024-10-12T16:08:12+00:00,https://www.instagram.com/p/DBB7PBSP2df/,dessert,food_spot,dessert,bakery|coffee_cafe,"Atlanta, Georgia",0.7,atlblog|atleats|atlfoodie,atllovesmo|colettebread|mezcla.atl|sanctuary.atl.,True,121,False,0,True,dessert=>cake | drinks=>bar,"bakery=>bakery,bread | coffee_cafe=>coffee",food_spot=>location_present,"meal_keywords=cake ; cuisine_matches=bakery,coffee_cafe ; content_type=food_spot ; location_present=True ; transcript_present=False"
3364351168049057961,C6wk4_vPBCp,2024-05-09T19:14:25+00:00,https://www.instagram.com/p/C6wk4_vPBCp/,event,event,dessert,,Jeni's Splendid Ice Creams,0.75,atlblog|atlfoodie|jenisicecream|jenissplendidlcecreams,jenisicecreams,True,137,False,0,True,"dessert=>ice cream,cake",,event=>limited time,event_keywords=limited time ; content_type=event ; location_present=True ; transcript_present=False
3359068148885895348,C6dzq8urDi0,2024-05-02T12:22:46+00:00,https://www.instagram.com/p/C6dzq8urDi0/,drinks,food_spot,drinks,,Drawbar,0.95,atlantaeats|atlblog|atlcocktails|atldatenight|atlrooftop,atllovesmo|bellyardhotel|cooksatl|drawbaratl|mujoatl,True,155,False,0,True,"dinner=>dinner,date night | drinks=>cocktail,cocktails,bar,drink",,food_spot=>location_present,"meal_keywords=cocktail,cocktails,bar,drink ; content_type=food_spot ; location_present=True ; transcript_present=False"
3393863754453514782,C8ZbRpsRnoe,2024-06-19T12:38:32+00:00,https://www.instagram.com/p/C8ZbRpsRnoe/,dinner,food_spot,dinner,,"Atlanta, Georgia",0.7,atlblog|atldance|atldatenight|thingstodoinatlanta,atllovesmo|jjjonqqq.|jojosbeloved|politanrow.colonysquare,True,142,False,0,True,dinner=>date night | drinks=>cocktail,,food_spot=>location_present,meal_keywords=date night ; content_type=food_spot ; location_present=True ; transcript_present=False
3425279896451017405,C-JCer8P-q9,2024-08-01T20:54:25+00:00,https://www.instagram.com/p/C-JCer8P-q9/,drinks,food_spot,drinks,american,"Atlanta, Georgia",0.75,,wreckingbarbrewpub,True,116,False,0,True,"lunch=>sandwich | drinks=>beer,bar",american=>burger,food_spot=>location_present,"meal_keywords=beer,bar ; cuisine_matches=american ; content_type=food_spot ; location_present=True ; transcript_present=False"
3739824364931107370,DPmhnIKEcoq,2025-10-09T20:31:22+00:00,https://www.instagram.com/p/DPmhnIKEcoq/,drinks,food_spot,drinks,,"Atlanta, Georgia",0.75,atlblog|atleats|atlfoodie,atllovesmo|insomnianightclubatl|premieratigroup|premieratlgroup,True,156,False,0,True,"drinks=>cocktail,cocktails",,food_spot=>location_present,"meal_keywords=cocktail,cocktails ; content_type=food_spot ; location_present=True ; transcript_present=False"
3210535541371691501,CyOHRCSOeHt,2023-10-10T13:50:37+00:00,https://www.instagram.com/p/CyOHRCSOeHt/,event,event,drinks,,"Atlanta, Georgia",0.85,atlanta|atlbars|thingstodoinatlanta|undergroundatl,atllovesmo|thepigalle|underground_atlanta,True,133,False,0,True,"drinks=>cocktail,cocktails,bar",,"event=>event,ticket","event_keywords=event,ticket ; content_type=event ; location_present=True ; transcript_present=False"
3561306871489346005,DFsTbsjR7nV,2025-02-05T13:10:03+00:00,https://www.instagram.com/p/DFsTbsjR7nV/,event,event,lunch,seafood|vegan,"Atlanta, Georgia",0.75,atlblog|atldatenight|atlfoodie,atllovesmo|dipsdipsdipskitchen|lucys_market|thekrogdistrictatl,True,116,False,0,True,"lunch=>lunch,sandwich | dessert=>sweet tooth",seafood=>lobster | vegan=>vegan,"event=>market,seasonal","event_keywords=market,seasonal ; cuisine_matches=seafood,vegan ; content_type=event ; location_present=True ; transcript_present=False"
3193133222728489109,CxQSb-FOtiV,2023-09-16T13:34:08+00:00,https://www.instagram.com/p/CxQSb-FOtiV/,drinks,food_spot,drinks,coffee_cafe,"Atlanta, Georgia",0.95,atlantabrunch|atlantafood|atlbrunch|atleats|atlfoodie|hosted,atllovesmo|castleberryhill|dirtyrascalatl|foxtheatreinst|highsocietybuckhead|hotelclermont|omnicoffeeandeggs|theponceroom|thompsonbuckhead|tinylousatl,True,177,False,0,True,"breakfast=>eggs | brunch=>brunch | dessert=>cake | drinks=>cocktail,cocktails,drink,martini","coffee_cafe=>coffee,espresso,latte",food_spot=>location_present,"meal_keywords=cocktail,cocktails,drink,martini ; cuisine_matches=coffee_cafe ; content_type=food_spot ; location_present=True ; transcript_present=False"
3324280141536804331,C4iNy0KL73r,2024-03-15T12:20:57+00:00,https://www.instagram.com/p/C4iNy0KL73r/,unknown,food_spot,unknown,,Ponce City Market,0.7,amazononemedical|healthandwellness|primarycare,amazononemedical|onemedical,True,209,False,0,True,,,food_spot=>location_present,content_type=food_spot ; location_present=True ; transcript_present=False
3396028440569668234,C8hHd-vR2KK,2024-06-22T12:16:08+00:00,https://www.instagram.com/p/C8hHd-vR2KK/,breakfast,food_spot,breakfast,american|bbq,"Atlanta, Georgia",0.75,atlantabreakfast|atlblog|atlbrunch|atleats,atllovesmo|buttermilkkitchen,True,157,False,0,True,"breakfast=>breakfast,bagel | brunch=>brunch","american=>fried chicken,southern | bbq=>smoked",food_spot=>location_present,"meal_keywords=breakfast,bagel ; cuisine_matches=american,bbq ; content_type=food_spot ; location_present=True ; transcript_present=False"
3445308810076625664,C_QMhvWJBsA,2024-08-29T12:01:39+00:00,https://www.instagram.com/p/C_QMhvWJBsA/,drinks,food_spot,drinks,american|mexican|coffee_cafe,"Atlanta, Georgia",0.95,atlantahotels|atlblog|atlfood|thingstodoinatlanta,atlantabeltline|hotelgranada_atlanta|moonlightatlanta|patanegraatl|resy.,True,284,False,0,True,"drinks=>cocktail,cocktails,spirits,bar,margarita",american=>southern | mexican=>mexican | coffee_cafe=>coffee,food_spot=>location_present,"meal_keywords=cocktail,cocktails,spirits,bar,margarita ; cuisine_matches=american,coffee_cafe,mexican ; content_type=food_spot ; location_present=True ; transcript_present=False"
3148425340874683154,CuxdCqcrHMS,2023-07-16T21:06:34+00:00,https://www.instagram.com/p/CuxdCqcrHMS/,drinks,food_spot,drinks,indian,"The Burgess Hotel, Atlanta, A Tribute Portfolio Hotel",0.95,atlantafoodie|atlbar|atlcocktails|atlhiddengem|hosted,atllovesmo|fia_atlanta|theburgesshotel|theburgesshotel.,True,112,False,0,True,"drinks=>cocktail,cocktails,bar,shot",indian=>indian,food_spot=>location_present,"meal_keywords=cocktail,cocktails,bar,shot ; cuisine_matches=indian ; content_type=food_spot ; location_present=True ; transcript_present=False"
3215580167702978206,CygCSAquh6e,2023-10-17T12:53:37+00:00,https://www.instagram.com/p/CygCSAquh6e/,event,event,unknown,,"Atlanta, Georgia",0.75,ad|atlanta|atlantaunited|atlsports|atlunited|soccer|sponsored|thingstodoinatlanta|tickpick|worldseries,atlantafalcons|atllovesmo|mercedesbenzstadium|tickpick|tickpick.,True,81,False,0,True,,,"event=>event,ticket","event_keywords=event,ticket ; content_type=event ; location_present=True ; transcript_present=False"
3159018211729755841,CvXFlONJE7B,2023-07-31T11:52:57+00:00,https://www.instagram.com/p/CvXFlONJE7B/,drinks,food_spot,drinks,japanese|seafood|vegan,Bully Boy,0.7,atlanta|atlantafoodie|atlfinedining|atlfood|atlvegan|hosted,atllovesmo|bullyboyatl|toddrushing.|twourbanlicks,True,113,False,0,True,drinks=>cocktail,japanese=>sushi | seafood=>seafood | vegan=>vegan,food_spot=>location_present,"meal_keywords=cocktail ; cuisine_matches=japanese,seafood,vegan ; content_type=food_spot ; location_present=True ; transcript_present=False"
3401929863048150541,C82FS-txz4N,2024-06-30T15:51:47+00:00,https://www.instagram.com/p/C82FS-txz4N/,event,event,drinks,,"Atlanta, Georgia",0.7,atlantafoodie|atlblog|atleats|atlrooftop,atllovesmo|novemberrosemusic|tesseraeatl|thompsonbuckhead,True,199,False,0,True,drinks=>bar,,event=>event,event_keywords=event ; content_type=event ; location_present=True ; transcript_present=False
3199606250660182545,CxnSO7HuDoR,2023-09-25T12:09:30+00:00,https://www.instagram.com/p/CxnSO7HuDoR/,event,event,drinks,mediterranean,Star Metals Atlanta,0.85,atldatenight|atleats|atlfoodie|hosted,atllovesmo|cookingwithashkan|we.are.zenshi|yalda.atl,True,145,False,0,True,"lunch=>sandwich | dinner=>date night | dessert=>ice cream,cake | drinks=>cocktail,cocktails,bar","mediterranean=>shawarma,hummus",event=>live music,event_keywords=live music ; cuisine_matches=mediterranean ; content_type=event ; location_present=True ; transcript_present=False
3278650075411892846,C2AGt9fu8pu,2024-01-12T13:27:17+00:00,https://www.instagram.com/p/C2AGt9fu8pu/,drinks,food_spot,drinks,coffee_cafe,The Blind Pig Parlour Bar,0.75,atlanta|atlblog|atldatenight|atleats|atlvday,atllovesmo|theblindpigparlourbar,True,134,False,0,True,"dessert=>cake | drinks=>bar,martini","coffee_cafe=>espresso,latte",food_spot=>location_present,"meal_keywords=bar,martini ; cuisine_matches=coffee_cafe ; content_type=food_spot ; location_present=True ; transcript_present=False"
3180749053017976722,CwkSmlQy--S,2023-08-30T11:28:46+00:00,https://www.instagram.com/p/CwkSmlQy--S/,drinks,food_spot,drinks,coffee_cafe,Café Belli,0.75,atlantafood|atlcoffeeshop|atleats|hapeville|hapevillega,atllovesmo|cafebelliatl|visithapeville,True,103,False,0,True,"drinks=>drink,drinks","coffee_cafe=>coffee,cafe",food_spot=>location_present,"meal_keywords=drink,drinks ; cuisine_matches=coffee_cafe ; content_type=food_spot ; location_present=True ; transcript_present=False"
3468819676761198208,DAjuR4PPI6A,2024-09-30T22:32:49+00:00,https://www.instagram.com/p/DAjuR4PPI6A/,drinks,mixed,drinks,american|seafood|bakery,,0.95,atlantafoodie|atleats|atlfood,atllovesmo|lure.atl|theoptimistatl|wreckingbarbrewpub,True,256,False,0,False,"lunch=>sandwich | dinner=>dinner,date night | drinks=>cocktail,cocktails,beer,bar","american=>burger | seafood=>seafood,oyster,crab,fish | bakery=>bread",,"meal_keywords=cocktail,cocktails,beer,bar ; cuisine_matches=american,bakery,seafood ; content_type=mixed ; location_present=False ; transcript_present=False"
3277938936965202970,C19lBiNO4Qa,2024-01-11T14:06:06+00:00,https://www.instagram.com/p/C19lBiNO4Qa/,dinner,food_spot,dinner,mexican|coffee_cafe,"Atlanta, Georgia",0.7,atlantacoffee|atlblog|atlcoffee|atleats|colombiancoffee,atlantabeltline|atlantacoffeeshops|atllovesmo|culturedsouth|culturedsouth.|flowcoffeeatl|leeandwhite,True,303,False,0,True,dinner=>tasting menu | drinks=>drink,"mexican=>taco | coffee_cafe=>coffee,espresso",food_spot=>location_present,"meal_keywords=tasting menu ; cuisine_matches=coffee_cafe,mexican ; content_type=food_spot ; location_present=True ; transcript_present=False"
3198574614421831275,CxjnqpAMf5r,2023-09-24T01:45:18+00:00,https://www.instagram.com/p/CxjnqpAMf5r/,unknown,food_spot,unknown,mexican|coffee_cafe,Old 4th Ward Historic Park,0.7,atlantacoffee|atlcoffee|atlcoffeeshops,atllovesmo|fincatofilter|iriso4wapts|oldfourthward|wildheavenwestend,True,101,False,0,True,,"mexican=>taco | coffee_cafe=>coffee,espresso,latte",food_spot=>location_present,"cuisine_matches=coffee_cafe,mexican ; content_type=food_spot ; location_present=True ; transcript_present=False"
3412225688965357757,C9aqS90PiC9,2024-07-14T20:43:13+00:00,https://www.instagram.com/p/C9aqS90PiC9/,drinks,food_spot,drinks,mexican|coffee_cafe,"Atlanta, Georgia",0.85,atlantaeats|atlblog|atldatenight|atlfoodie,atllovesmo|casabalamatl|chefluis.c.damian,True,190,False,0,True,"dinner=>date night | drinks=>cocktail,cocktails,martini","mexican=>mexican,birria | coffee_cafe=>cafe,espresso",food_spot=>location_present,"meal_keywords=cocktail,cocktails,martini ; cuisine_matches=coffee_cafe,mexican ; content_type=food_spot ; location_present=True ; transcript_present=False"
3407616262887877497,C9KSO_QRqt5,2024-07-08T11:53:13+00:00,https://www.instagram.com/p/C9KSO_QRqt5/,drinks,food_spot,drinks,,"Dahlonega, Georgia",0.7,atlblog|atlgetaway|atltravel|dahlonega|georgiawine|hosted,atllovesmo|kindleridge,True,208,False,0,True,drinks=>wine,,food_spot=>location_present,meal_keywords=wine ; content_type=food_spot ; location_present=True ; transcript_present=False
3280837036369114423,C2H3-bmufU3,2024-01-15T13:45:02+00:00,https://www.instagram.com/p/C2H3-bmufU3/,event,event,drinks,,"Atlanta, Georgia",0.95,atlantafood|atlblog|atleats|atlfoodie|thingstodoinatlanta,atllovesmo|gabeergarden|mambozombi|storicofresco|theblindpigparlourbar|thepigalle|underground_atlanta.,True,208,False,0,True,"dinner=>dinner | drinks=>cocktail,cocktails,beer,bar,drink",,event=>event,event_keywords=event ; content_type=event ; location_present=True ; transcript_present=False
3298233420936289863,C3FrdJROp5H,2024-02-08T13:57:39+00:00,https://www.instagram.com/p/C3FrdJROp5H/,drinks,food_spot,drinks,mediterranean,"Atlanta, Georgia",0.75,atlantabrunch|atlblog|atlbrunch|atleats|atlfoodie,atllovesmo|yalda.atl,True,211,False,0,True,"brunch=>brunch | lunch=>lunch | dinner=>dinner | drinks=>cocktail,cocktails","mediterranean=>mediterranean,hummus",food_spot=>location_present,"meal_keywords=cocktail,cocktails ; cuisine_matches=mediterranean ; content_type=food_spot ; location_present=True ; transcript_present=False"
3155406671778132452,CvKQaZhO7Hk,2023-07-26T12:17:28+00:00,https://www.instagram.com/p/CvKQaZhO7Hk/,drinks,mixed,drinks,,,0.85,atlantabrunch|atlbrunch|atlfoodie|dirtyrascalbrunch|hosted|thingstodoinatlanta,atllovesmo|dirtyrascalatl|tesseraeatl.|thompsonbuckhead,True,90,False,0,False,"brunch=>brunch | drinks=>cocktail,cocktails,bar",,,"meal_keywords=cocktail,cocktails,bar ; content_type=mixed ; location_present=False ; transcript_present=False"
3343842742209768838,C5nt0HyLm2G,2024-04-11T12:06:21+00:00,https://www.instagram.com/p/C5nt0HyLm2G/,drinks,activity,drinks,thai|indian|seafood,,0.95,atlantaspeakeasy|atlblog|atldatenight|atlfoodie,atllovesmo|girldiveratl,True,183,False,0,False,"dinner=>dinner | drinks=>cocktail,cocktails,bar,drink,drinks,gin",thai=>green curry | indian=>curry | seafood=>seafood,"activity=>walk,park","meal_keywords=cocktail,cocktails,bar,drink,drinks,gin ; cuisine_matches=indian,seafood,thai ; content_type=activity ; location_present=False ; transcript_present=False"
3515924593636031449,DDLEsosvDvZ,2024-12-04T22:36:31+00:00,https://www.instagram.com/p/DDLEsosvDvZ/,brunch,food_spot,brunch,mexican|vegan|bakery,"Atlanta, Georgia",0.7,atlantaeats|atlblog|atleats|atlfoodie,atllovesmo|calaveritasatl|flourandtimebakery,True,183,False,0,True,brunch=>brunch,"mexican=>mexican,taco,burrito,quesadilla,birria | vegan=>vegan | bakery=>bakery",food_spot=>location_present,"meal_keywords=brunch ; cuisine_matches=bakery,mexican,vegan ; content_type=food_spot ; location_present=True ; transcript_present=False"
3154815631647061344,CvIKBogLDVg,2023-07-25T16:43:04+00:00,https://www.instagram.com/p/CvIKBogLDVg/,event,event,drinks,mexican|vegan|coffee_cafe,"Atlanta, Georgia",0.95,atlanta|atlantadrinks|atlcoffee|atlfoodie|atlthingstodo|atlvegan,asw.exchange|atllovesmo|bestendbrewing|boxcaratl|culturedsouth|fincatofilter|halfwaycrooksbeer|leeandwhite|mondaynightgarage|muchachoatl|summerhill_atl|wildheavenwestend,True,158,False,0,True,"breakfast=>breakfast | lunch=>lunch | dinner=>dinner | drinks=>beer,drink,drinks,margarita",mexican=>taco | vegan=>vegan | coffee_cafe=>coffee,event=>live music,"event_keywords=live music ; cuisine_matches=coffee_cafe,mexican,vegan ; content_type=event ; location_present=True ; transcript_present=False"
3574454842934402060,DGbA73Kx5wM,2025-02-23T16:31:03+00:00,https://www.instagram.com/p/DGbA73Kx5wM/,drinks,food_spot,drinks,chinese,"Atlanta, Georgia",0.85,atlblog|atleats|mariettaga|thingstodoinatlanta,atllovesmo|hampandharrys,True,159,False,0,True,"drinks=>cocktail,bar,gin",chinese=>dumpling,food_spot=>location_present,"meal_keywords=cocktail,bar,gin ; cuisine_matches=chinese ; content_type=food_spot ; location_present=True ; transcript_present=False"
3522984445341048068,DDkJ6_9x50E,2024-12-14T16:08:36+00:00,https://www.instagram.com/p/DDkJ6_9x50E/,drinks,food_spot,drinks,seafood|bakery|coffee_cafe,"Atlanta, Georgia",0.95,science,atllovesmo|brushatl|chefjasonliang|eatclickrepeat_|jaredgrisham.|kirkgibson1|luckystaratl|michelinguide|momocafeatl|resy|starmetalsatl|vs.thebarkeep,True,353,False,0,True,"breakfast=>breakfast,pancake,eggs | lunch=>lunch | dessert=>cake | drinks=>cocktail,cocktails,bar,drink,whiskey,gin","seafood=>oyster | bakery=>croissant | coffee_cafe=>coffee,cafe,matcha",food_spot=>location_present,"meal_keywords=cocktail,cocktails,bar,drink,whiskey,gin ; cuisine_matches=bakery,coffee_cafe,seafood ; content_type=food_spot ; location_present=True ; transcript_present=False"
3467144863030209110,DAdxeIZvGpW,2024-09-28T15:10:21+00:00,https://www.instagram.com/p/DAdxeIZvGpW/,event,event,drinks,,"Atlanta, Georgia",0.95,atlblog|atldatenight|atlhalloween|thingstodoinatlanta,atllovesmo|hauntedundergroundatl|underground_atlanta,True,339,False,0,True,"dinner=>date night | drinks=>bar,drink,drinks,vodka,tequila",,event=>ticket,event_keywords=ticket ; content_type=event ; location_present=True ; transcript_present=False
3274321940348314227,C1wunTmuqJz,2024-01-06T14:01:32+00:00,https://www.instagram.com/p/C1wunTmuqJz/,event,event,drinks,,"Atlanta, Georgia",0.85,atlanta|atlantadatenightideas|atlblog|atlfoodie|thingstodoinatlanta,alotttoloveevents|atllovesmo|dadsgarageatl|elsewherebrewing|elsewheregreenhouse|mambozombi|redbull|sisterlouisaschurch|theonlyharryyouknow,True,255,False,0,True,"brunch=>brunch | drinks=>cocktail,cocktails,bar",,event=>event,event_keywords=event ; content_type=event ; location_present=True ; transcript_present=False
3434449303190840517,C-pnXHbxyTF,2024-08-14T12:25:40+00:00,https://www.instagram.com/p/C-pnXHbxyTF/,drinks,food_spot,drinks,mediterranean|coffee_cafe,"Atlanta, Georgia",0.85,atlantabrunch|atlblog|atlbrunch|atleats|atlfoodie,yalda.atl,True,197,False,0,True,"brunch=>brunch | lunch=>lunch | drinks=>cocktail,cocktails,martini","mediterranean=>mediterranean,hummus | coffee_cafe=>espresso",food_spot=>location_present,"meal_keywords=cocktail,cocktails,martini ; cuisine_matches=coffee_cafe,mediterranean ; content_type=food_spot ; location_present=True ; transcript_present=False"
3367773388401709713,C68vA2zspKR,2024-05-14T12:33:48+00:00,https://www.instagram.com/p/C68vA2zspKR/,dinner,food_spot,dinner,italian,KR SteakBar,0.75,atlantafood|atlblog|atldatenight|atleats,atllovesmo|chefkevinrathbun|kevinrathbunsteak|krsteakbar,True,132,False,0,True,"dinner=>dinner,date night | drinks=>wine,bar",italian=>pasta,food_spot=>location_present,"meal_keywords=dinner,date night ; cuisine_matches=italian ; content_type=food_spot ; location_present=True ; transcript_present=False"
3401118064048600941,C8zMtv-x_dt,2024-06-29T12:43:02+00:00,https://www.instagram.com/p/C8zMtv-x_dt/,event,event,drinks,,"Atlanta, Georgia",0.85,atlblog|atldatenight|atleats|thingstodoinatlanta,atllovesmo|fernbankmuseum,True,201,False,0,True,"drinks=>cocktail,cocktails,bar",,"event=>event,live music","event_keywords=event,live music ; content_type=event ; location_present=True ; transcript_present=False"
3839117150238356994,DVHSLUnETYC,2026-02-23T20:27:58+00:00,https://www.instagram.com/p/DVHSLUnETYC/,drinks,food_spot,drinks,italian|seafood,"Atlanta, Georgia",0.85,,atllovesmo|fumatl,True,149,False,0,True,"dinner=>date night | drinks=>wine,drink,drinks","italian=>italian,pasta,gnocchi | seafood=>oyster",food_spot=>location_present,"meal_keywords=wine,drink,drinks ; cuisine_matches=italian,seafood ; content_type=food_spot ; location_present=True ; transcript_present=False"
3254043388038287082,C0orziDuw7q,2023-12-09T14:31:56+00:00,https://www.instagram.com/p/C0orziDuw7q/,event,event,unknown,,Fernbank Museum of Natural History,0.7,atlanta|atlfoodie|hosted|science|sponsored|thingstodoatlanta|thingstodoinatl,atllovesmo|fernbankmuseum,True,151,False,0,True,,,event=>ticket,event_keywords=ticket ; content_type=event ; location_present=True ; transcript_present=False
3356890092293509232,C6WEcDdLtBw,2024-04-29T12:25:26+00:00,https://www.instagram.com/p/C6WEcDdLtBw/,drinks,food_spot,drinks,coffee_cafe,"Atlanta, Georgia",0.7,atlblog|atlcoffee|atlcoffeeshop|atldatenight|thingstodoinatl,atllovesmo|opocoffee,True,202,False,0,True,drinks=>bar,"coffee_cafe=>coffee,espresso,latte",food_spot=>location_present,meal_keywords=bar ; cuisine_matches=coffee_cafe ; content_type=food_spot ; location_present=True ; transcript_present=False
3146026531728760174,Cuo7nZVpZ1u,2023-07-13T13:48:56+00:00,https://www.instagram.com/p/Cuo7nZVpZ1u/,dinner,food_spot,dinner,italian,Tre Vele,0.7,atlantapasta|atlfood|hosted|sandysprings|sandyspringsfood,atllovesmo|treveleatl,True,93,False,0,True,dinner=>date night,italian=>pasta,food_spot=>location_present,meal_keywords=date night ; cuisine_matches=italian ; content_type=food_spot ; location_present=True ; transcript_present=False
3479382516324684006,DBJP_bLPNDm,2024-10-15T12:25:10+00:00,https://www.instagram.com/p/DBJP_bLPNDm/,event,event,drinks,,"Atlanta, Georgia",0.7,atlblog|atldatenight|atlfoodie,atllovesmo|mercedesbenzstadium|nestonfour|signiabyhiltonatlanta|statefarmarena.,True,132,False,0,True,drinks=>bar,,event=>concert,event_keywords=concert ; content_type=event ; location_present=True ; transcript_present=False
3430827255348487262,C-cvzYgxmRe,2024-08-09T12:28:43+00:00,https://www.instagram.com/p/C-cvzYgxmRe/,event,event,breakfast,seafood|vegan|coffee_cafe,"Atlanta, Georgia",0.7,atlantafood|atlbrunch|atleats|atltantabrunch,atllovesmo|chancellor_s|dwanbosman|omnicoffeeandeggs,True,158,False,0,True,breakfast=>eggs | brunch=>brunch | drinks=>gin,"seafood=>shrimp | vegan=>vegan | coffee_cafe=>coffee,cafe",event=>live music,"event_keywords=live music ; cuisine_matches=coffee_cafe,seafood,vegan ; content_type=event ; location_present=True ; transcript_present=False"
3290954523383368526,C2r0bPqOwtO,2024-01-29T12:59:57+00:00,https://www.instagram.com/p/C2r0bPqOwtO/,dessert,food_spot,dessert,,Doodle Pies,0.75,atlantaeats|atldessert|atlfoodie|roswell,atllovesmo|doodlepiesroswell.,True,178,False,0,True,"dessert=>dessert,ice cream",,food_spot=>location_present,"meal_keywords=dessert,ice cream ; content_type=food_spot ; location_present=True ; transcript_present=False"
3398918094490737700,C8rYf-qxJwk,2024-06-26T11:51:43+00:00,https://www.instagram.com/p/C8rYf-qxJwk/,drinks,food_spot,drinks,mexican,"Atlanta, Georgia",0.95,atlblog|atlcocktails|atldatenight|atleats,atllovesmo|dixeebeatl,True,173,False,0,True,"dinner=>date night | drinks=>cocktail,cocktails,drink,drinks,tequila",mexican=>mexican,food_spot=>location_present,"meal_keywords=cocktail,cocktails,drink,drinks,tequila ; cuisine_matches=mexican ; content_type=food_spot ; location_present=True ; transcript_present=False"
3375787099889750075,C7ZNHtORlA7,2024-05-25T14:01:32+00:00,https://www.instagram.com/p/C7ZNHtORlA7/,drinks,food_spot,drinks,,"Atlanta, Georgia",0.95,atlantafood|atlblog|atleats|atlfoodie,atlantabeltline|atllovesmo|breakerbreaker_atl,True,129,False,0,True,"lunch=>sandwich | drinks=>cocktail,cocktails,bar,gin",,food_spot=>location_present,"meal_keywords=cocktail,cocktails,bar,gin ; content_type=food_spot ; location_present=True ; transcript_present=False"
3338042743672544970,C5THDCNrB7K,2024-04-03T12:12:53+00:00,https://www.instagram.com/p/C5THDCNrB7K/,drinks,food_spot,drinks,bakery,The Po'Boy Shop,0.95,atlantafood|atleats|atlfoodie|decatur|decaturfood,atllovesmo|thepoboyshop,True,147,False,0,True,"lunch=>sandwich | drinks=>bar,drink,drinks,shot",bakery=>bread,food_spot=>location_present,"meal_keywords=bar,drink,drinks,shot ; cuisine_matches=bakery ; content_type=food_spot ; location_present=True ; transcript_present=False"
3185141853418203601,Cwz5aPcOKnR,2023-09-05T12:55:53+00:00,https://www.instagram.com/p/Cwz5aPcOKnR/,dinner,food_spot,dinner,indian|seafood,LEE + WHITE,0.75,,atlantawestend.|atllovesmo|bovinoafterdark|gunshowatl|herobovinoatl|hopcityatl|leeandwhite|millerunionatl|mykelburkhart|resy.|saltyourfood_atl|stonemountaincattle|xelanow,True,215,False,0,True,"dinner=>dinner,tasting menu | dessert=>cake | drinks=>wine","indian=>curry | seafood=>lobster,crab",food_spot=>location_present,"meal_keywords=dinner,tasting menu ; cuisine_matches=indian,seafood ; content_type=food_spot ; location_present=True ; transcript_present=False"
3471396364334540698,DAs4Jniviea,2024-10-04T11:52:14+00:00,https://www.instagram.com/p/DAs4Jniviea/,event,event,drinks,coffee_cafe,"Atlanta, Georgia",0.7,atlanta|atlcatcafe|atllounge|atlunderground|thingstodoinatl,thefriskywhiskeratl|thefriskywhiskeratl.|underground_atlanta,True,228,False,0,True,drinks=>bar,coffee_cafe=>cafe,event=>event,event_keywords=event ; cuisine_matches=coffee_cafe ; content_type=event ; location_present=True ; transcript_present=False
3715736174725270890,DOQ8l01kY1q,2025-09-06T14:54:01+00:00,https://www.instagram.com/p/DOQ8l01kY1q/,drinks,food_spot,drinks,italian|japanese|bakery|coffee_cafe,"Atlanta, Georgia",0.95,atlblog,atlantabeltline|atllovesmo|chefjasonliang|kirkgibson1|luckystaratl|mondaynight|mondaynightgrove|resy|sammysatl,True,229,False,0,True,"breakfast=>breakfast | lunch=>sandwich | drinks=>cocktail,cocktails,beer,martini,gin","italian=>pizza | japanese=>omakase | bakery=>bakery,bread | coffee_cafe=>coffee,espresso,latte,matcha",food_spot=>location_present,"meal_keywords=cocktail,cocktails,beer,martini,gin ; cuisine_matches=bakery,coffee_cafe,italian,japanese ; content_type=food_spot ; location_present=True ; transcript_present=False"
3240957400101495917,Cz6MZWFOSRt,2023-11-21T13:12:02+00:00,https://www.instagram.com/p/Cz6MZWFOSRt/,drinks,food_spot,drinks,mexican|coffee_cafe,Wave3Matcha,0.7,atlantacoffee|atlantamatcha|atlcoffee|matcha,atllovesmo|wave3coffeeshop,True,171,False,0,True,drinks=>drink,"mexican=>taco | coffee_cafe=>coffee,matcha",food_spot=>location_present,"meal_keywords=drink ; cuisine_matches=coffee_cafe,mexican ; content_type=food_spot ; location_present=True ; transcript_present=False"
3588865463947766644,DHONh_1Rit0,2025-03-15T13:48:08+00:00,https://www.instagram.com/p/DHONh_1Rit0/,dinner,food_spot,dinner,,"Atlanta, Georgia",0.7,atlblog|atleats|thingstodoinatlanta,atlannatonight|atllovesmo|closefriendsatl|views.atlanta|wagyuhouseatl,True,119,False,0,True,dinner=>dinner,,food_spot=>location_present,meal_keywords=dinner ; content_type=food_spot ; location_present=True ; transcript_present=False
3579575474877792853,DGtNO3SyoJV,2025-03-02T18:08:07+00:00,https://www.instagram.com/p/DGtNO3SyoJV/,drinks,food_spot,drinks,mediterranean,"Atlanta, Georgia",0.85,atlblog|atleats|bufordhwy|thingstodoinatlanta,atllovesmo|layalyofficial,True,183,False,0,True,"dessert=>cake | drinks=>cocktail,alcohol,gin","mediterranean=>mediterranean,falafel,hummus",food_spot=>location_present,"meal_keywords=cocktail,alcohol,gin ; cuisine_matches=mediterranean ; content_type=food_spot ; location_present=True ; transcript_present=False"
3770761304626819203,DRUb22fEfCD,2025-11-21T13:03:34+00:00,https://www.instagram.com/p/DRUb22fEfCD/,event,event,drinks,mexican|italian|japanese,"Atlanta, Georgia",0.95,atlblog|atleats,rrealtacos,True,150,False,0,True,"dinner=>date night | drinks=>cocktail,cocktails,margarita,shot","mexican=>taco,birria | italian=>pizza | japanese=>ramen",event=>pop-up,"event_keywords=pop-up ; cuisine_matches=italian,japanese,mexican ; content_type=event ; location_present=True ; transcript_present=False"
3290235281935619124,C2pQ453OtQ0,2024-01-28T13:12:02+00:00,https://www.instagram.com/p/C2pQ453OtQ0/,drinks,food_spot,drinks,seafood,BeetleCat,0.85,,atllovesmo|beetlecatatl|inmanpark.,True,124,False,0,True,"brunch=>brunch | lunch=>sandwich | dessert=>donut | drinks=>cocktail,cocktails,bar",seafood=>lobster,food_spot=>location_present,"meal_keywords=cocktail,cocktails,bar ; cuisine_matches=seafood ; content_type=food_spot ; location_present=True ; transcript_present=False"
3798559431345698644,DS3Ma1bkfdU,2025-12-29T21:29:40+00:00,https://www.instagram.com/p/DS3Ma1bkfdU/,event,event,drinks,coffee_cafe,"Atlanta, Georgia",0.95,atlblog|atldatenight|atleats|thingstodoinatlanta,atllovesmo|brushatl|chefjasonliang|echoroomatl|hotelgranada_atlanta|luckystaratl|maypeel_atlanta|michelinguide|resy|starmetalsatl|westside_motor_lounge.,True,315,False,0,True,"dinner=>date night | drinks=>cocktail,cocktails,bar,drink","coffee_cafe=>cafe,matcha",event=>event,event_keywords=event ; cuisine_matches=coffee_cafe ; content_type=event ; location_present=True ; transcript_present=False
3143135386355454680,CueqPsYrVLY,2023-07-09T13:56:36+00:00,https://www.instagram.com/p/CueqPsYrVLY/,unknown,food_spot,unknown,mexican|bakery|coffee_cafe,Reynoldstown,0.7,atlanta|atlantacoffeeshops|atlcoffee|atlcoffeeshops,atllovesmo|conlecheatl|eatclickrepeat_,True,69,False,0,True,,mexican=>taco | bakery=>bread | coffee_cafe=>coffee,food_spot=>location_present,"cuisine_matches=bakery,coffee_cafe,mexican ; content_type=food_spot ; location_present=True ; transcript_present=False"
3126409885696928550,CtjPToDPCsm,2023-06-16T12:16:03+00:00,https://www.instagram.com/p/CtjPToDPCsm/,unknown,food_spot,unknown,coffee_cafe,Madison Yards,0.7,atlanta|atlantawfh|atlbeltline|atlcoffee|coffeeshopsatl,dailydoseatl,True,54,False,0,True,,coffee_cafe=>coffee,food_spot=>location_present,cuisine_matches=coffee_cafe ; content_type=food_spot ; location_present=True ; transcript_present=False
3308365852699718429,C3prTbtMvMd,2024-02-22T13:19:48+00:00,https://www.instagram.com/p/C3prTbtMvMd/,lunch,food_spot,lunch,mexican,Ashford Lane,0.7,ashfordlane|atleats|atlfoodie|politanrow|politanrowashfordlane|thingstodoinatlanta,atllovesmo|bucatiniristorante|delilahseverydaysoul.|jojosbeloved|okayannysbar|politanrow.ashfordlane|politanrow.colonysquare.|prettylittletacosatl|smokehouseq|tandooriatl,True,144,False,0,True,lunch=>lunch | drinks=>bar,mexican=>taco,food_spot=>location_present,meal_keywords=lunch ; cuisine_matches=mexican ; content_type=food_spot ; location_present=True ; transcript_present=False
3318506854600782417,C4NtGbtLbJR,2024-03-07T13:18:35+00:00,https://www.instagram.com/p/C4NtGbtLbJR/,drinks,food_spot,drinks,mexican|seafood|bbq,"Atlanta, Georgia",0.75,atlantafood|atlblog|atleats|atlfoodie,atllovesmo|birdcageatl,True,158,False,0,True,"dinner=>date night | drinks=>bar,gin",mexican=>taco | seafood=>shrimp | bbq=>ribs,food_spot=>location_present,"meal_keywords=bar,gin ; cuisine_matches=bbq,mexican,seafood ; content_type=food_spot ; location_present=True ; transcript_present=False"
3506938965486078887,DCrJmiWxgun,2024-11-22T12:51:08+00:00,https://www.instagram.com/p/DCrJmiWxgun/,event,event,drinks,,,0.95,atlblog|atldatenight|atleats|atlfoodie,abvgallery|atllovesmo|gregmike|jojosbeloved|outerspaceproject.|paintedparkatlanta|politanrow.colonysquare|tinydoors,True,374,False,0,False,"dinner=>date night | drinks=>cocktail,bar,drink,gin",,event=>ticket,event_keywords=ticket ; content_type=event ; location_present=False ; transcript_present=False
3196947016886064954,Cxd1l-rPRc6,2023-09-21T19:50:34+00:00,https://www.instagram.com/p/Cxd1l-rPRc6/,event,event,snack,mexican,Hotel Clermont,0.7,atleats|atlfoodie|atlrooftop|hosted|thingstodoinatlanta,atllovesmo|hotelclermont|jasminejanai_,True,137,False,0,True,snack=>street food,"mexican=>mexican,taco,elote",event=>live music,event_keywords=live music ; cuisine_matches=mexican ; content_type=event ; location_present=True ; transcript_present=False
3464879931496727806,DAVufCiPgT-,2024-09-25T12:14:57+00:00,https://www.instagram.com/p/DAVufCiPgT-/,drinks,food_spot,drinks,seafood|bakery,"Atlanta, Georgia",0.95,atldatenight|atlfood|atlfoodie,atllovesmo|lure.atl,True,169,False,0,True,"drinks=>cocktail,cocktails,bar,happy hour,gin","seafood=>seafood,oyster,crab,fish | bakery=>bread",food_spot=>location_present,"meal_keywords=cocktail,cocktails,bar,happy hour,gin ; cuisine_matches=bakery,seafood ; content_type=food_spot ; location_present=True ; transcript_present=False"
3544019004412569788,DEu4oHrPqi8,2025-01-12T16:40:52+00:00,https://www.instagram.com/p/DEu4oHrPqi8/,breakfast,food_spot,breakfast,bakery|coffee_cafe,"Atlanta, Georgia",0.75,atlcoffee|atleats|atlfoodie,atllovesmo|jpressocafe|visithapeville,True,120,False,0,True,"breakfast=>breakfast,bagel | brunch=>avocado toast | lunch=>lunch","bakery=>croissant | coffee_cafe=>coffee,cafe",food_spot=>location_present,"meal_keywords=breakfast,bagel ; cuisine_matches=bakery,coffee_cafe ; content_type=food_spot ; location_present=True ; transcript_present=False"
3373576263687378070,C7RWbzjxpSW,2024-05-22T12:55:57+00:00,https://www.instagram.com/p/C7RWbzjxpSW/,event,event,drinks,,"Atlanta, Georgia",0.95,atleats|atlfoodie|atllivemusic|danceyourstyle|thingstodoinatl,atlantabeltline|atlantadrumacademy|atlantafreedombands|atlantawestend.|atllovesmo|blacksheepensemble|kebbiwilliams|leeandwhite|redbulldance|redbullusa|seedandfeed|souljaboy|underground_atlanta|vahiporchfest.|virginiahighlanddistrict,True,311,False,0,True,"drinks=>drink,drinks,gin,rum",,"event=>event,live music","event_keywords=event,live music ; content_type=event ; location_present=True ; transcript_present=False"
3595331447562801330,DHlLucVxZCy,2025-03-24T11:55:55+00:00,https://www.instagram.com/p/DHlLucVxZCy/,drinks,food_spot,drinks,american,"Atlanta, Georgia",0.85,atlblog|atldatenight|atlfoodie,atllovesmo|avize.atl,True,176,False,0,True,"dinner=>date night | drinks=>cocktail,cocktails,bar",american=>burger,food_spot=>location_present,"meal_keywords=cocktail,cocktails,bar ; cuisine_matches=american ; content_type=food_spot ; location_present=True ; transcript_present=False"
3541253447766336089,DElDz-VvWJZ,2025-01-08T21:06:43+00:00,https://www.instagram.com/p/DElDz-VvWJZ/,drinks,food_spot,drinks,italian,"Atlanta, Georgia",0.95,atlblog|atleats|atlfoodie|higherorderofpizza|mellowmushroompartner|newwaytomellow,mellow.grantpark|mellowmushroom,True,295,False,0,True,"lunch=>lunch,sandwich | drinks=>bar,mocktail,drink,vodka",italian=>pizza,food_spot=>location_present,"meal_keywords=bar,mocktail,drink,vodka ; cuisine_matches=italian ; content_type=food_spot ; location_present=True ; transcript_present=False"
3315033090505411805,C4BXQgyPYzd,2024-03-02T18:06:58+00:00,https://www.instagram.com/p/C4BXQgyPYzd/,event,event,drinks,,Urban Tree Cidery,0.95,atlantaclub|atlantadance|atlblog|atldance|atleats,atllovesmo|dresslikeagent|jasmyneflowers|theandreaandrade|urbantreecider,True,239,False,0,True,"brunch=>brunch | drinks=>cocktail,cocktails,bar,margarita",,"event=>event,ticket","event_keywords=event,ticket ; content_type=event ; location_present=True ; transcript_present=False"
3139441996691210340,CuRidzNuQBk,2023-07-04T11:40:34+00:00,https://www.instagram.com/p/CuRidzNuQBk/,event,event,drinks,,"Atlanta, Georgia",0.95,,abvgallery|atl.united|atllovesmo|candlelight.concerts|experience.luxardo|gregmike|mercedesbenzstadium|slingshotsocialatl,True,76,False,0,True,"dinner=>dinner,date night | drinks=>drink,drinks,shot,shots",,"event=>event,concert","event_keywords=event,concert ; content_type=event ; location_present=True ; transcript_present=False"
3598236118744830300,DHvgK-LxBFc,2025-03-28T12:00:09+00:00,https://www.instagram.com/p/DHvgK-LxBFc/,drinks,food_spot,drinks,,"Atlanta, Georgia",0.85,atlblog|atleats|atlfoodie,atlantabeltline|barpremioatlanta|elektraatl.|forthatlanta|ilpremioatlanta|moonlightatlanta|resy.,True,168,False,0,True,"dinner=>date night | drinks=>cocktail,cocktails,bar",,food_spot=>location_present,"meal_keywords=cocktail,cocktails,bar ; content_type=food_spot ; location_present=True ; transcript_present=False"
3555764521085538506,DFYnP4gPZDK,2025-01-28T21:40:10+00:00,https://www.instagram.com/p/DFYnP4gPZDK/,drinks,food_spot,drinks,,"Atlanta, Georgia",0.95,atlblog|atleats|atlfoodie,atllovesmo|boqueria|colonysquareatl|jojosbeloved|rumiskitchenofficial|saintscouncil,True,153,False,0,True,"dinner=>dinner,date night | drinks=>bar,drink,drinks,gin,rum",,food_spot=>location_present,"meal_keywords=bar,drink,drinks,gin,rum ; content_type=food_spot ; location_present=True ; transcript_present=False"
3172049597874501797,CwFYk2TOvil,2023-08-18T11:42:14+00:00,https://www.instagram.com/p/CwFYk2TOvil/,drinks,food_spot,drinks,,High Society Buckhead,0.95,atlantabrunch|atlantafoodie|atlbrunch|atleats,atllovesmo|highsocietybuckhead|therooftopathighsociety,True,144,False,0,True,"breakfast=>waffle | brunch=>brunch,mimosa | dinner=>dinner,date night | drinks=>cocktail,bar,drink,drinks,margarita,martini",,food_spot=>location_present,"meal_keywords=cocktail,bar,drink,drinks,margarita,martini ; content_type=food_spot ; location_present=True ; transcript_present=False"
3559202646625951453,DFk0_MbxR7d,2025-02-02T15:28:42+00:00,https://www.instagram.com/p/DFk0_MbxR7d/,drinks,food_spot,drinks,mexican|italian,"Atlanta, Georgia",0.95,atlblog|atldatenight|atleats|thingstodoinatlanta,atllovesmo|rrealtacos,True,189,False,0,True,"drinks=>cocktail,cocktails,wine,bar,mocktail,tequila","mexican=>taco,birria | italian=>pizza",food_spot=>location_present,"meal_keywords=cocktail,cocktails,wine,bar,mocktail,tequila ; cuisine_matches=italian,mexican ; content_type=food_spot ; location_present=True ; transcript_present=False"
3566650704694929762,DF_SetDPOli,2025-02-12T22:11:00+00:00,https://www.instagram.com/p/DF_SetDPOli/,dinner,food_spot,dinner,italian,"Atlanta, Georgia",0.7,atlblog|atleats|atlfoodie,tulumatl,True,122,False,0,True,dinner=>date night | dessert=>dessert,italian=>pasta,food_spot=>location_present,meal_keywords=date night ; cuisine_matches=italian ; content_type=food_spot ; location_present=True ; transcript_present=False
3617921407960712131,DI1cFoax4PD,2025-04-24T16:00:28+00:00,https://www.instagram.com/p/DI1cFoax4PD/,event,event,drinks,,"Atlanta, Georgia",0.75,atlblog|atldatenight|atlfoodie|thingstodoinatlanta,atlantadrumacademy|atlantafreedombands|atllovesmo|blacksheepensemble|chantellerytter|kebbiwilliams|mausikiscalescommonground|seedandfeed,True,200,False,0,True,"drinks=>gin,rum",,event=>market,event_keywords=market ; content_type=event ; location_present=True ; transcript_present=False
3285191865317041330,C2XWJiHOaSy,2024-01-21T14:06:35+00:00,https://www.instagram.com/p/C2XWJiHOaSy/,drinks,food_spot,drinks,mexican|coffee_cafe,"Atlanta, Georgia",0.95,atlantacoffee|atlbar|atlcoffee|atldatenight,atlantacoffeeshops|atllovesmo|salutinthecity|stereoatl,True,186,False,0,True,"dinner=>date night | drinks=>cocktail,cocktails,bar,gin","mexican=>taco | coffee_cafe=>coffee,cafe",food_spot=>location_present,"meal_keywords=cocktail,cocktails,bar,gin ; cuisine_matches=coffee_cafe,mexican ; content_type=food_spot ; location_present=True ; transcript_present=False"
3727606889829211700,DO7HrdykZ40,2025-09-23T00:01:16+00:00,https://www.instagram.com/p/DO7HrdykZ40/,drinks,food_spot,drinks,,"Atlanta, Georgia",0.7,atlblog|atldatenight,atlartfair|prattpullmandistrict,True,111,False,0,True,drinks=>gin,,food_spot=>location_present,meal_keywords=gin ; content_type=food_spot ; location_present=True ; transcript_present=False
3421428307538082578,C97WusPRfsS,2024-07-27T13:17:24+00:00,https://www.instagram.com/p/C97WusPRfsS/,drinks,food_spot,drinks,italian|chinese|thai|mediterranean|seafood|coffee_cafe,"Atlanta, Georgia",0.95,atlblog|atldatenight|atleats|atlfoodie|atlthaifood,ela.atlanta|inmanpark|kittydareatl|lamoon_atl|virginiahighlanddistrict|virginiahighlanddistrict.,True,372,False,0,True,"brunch=>brunch | dinner=>dinner | dessert=>cake | drinks=>cocktail,cocktails,wine,happy hour,martini,gin,shot","italian=>italian,gnocchi | chinese=>dumpling | thai=>thai | mediterranean=>mediterranean,hummus | seafood=>lobster,shrimp | coffee_cafe=>espresso",food_spot=>location_present,"meal_keywords=cocktail,cocktails,wine,happy hour,martini,gin,shot ; cuisine_matches=chinese,coffee_cafe,italian,mediterranean,seafood,thai ; content_type=food_spot ; location_present=True ; transcript_present=False"
3616350944276830584,DIv3AYIxNl4,2025-04-22T11:59:11+00:00,https://www.instagram.com/p/DIv3AYIxNl4/,drinks,food_spot,drinks,mediterranean,"Atlanta, Georgia",0.85,atlblog|atleats|atlfoodie,atllovesmo|eatclickrepeat_|eatpsito|halfwaycrooksbeer|press.shop|summerhill_atl,True,121,False,0,True,"lunch=>sandwich | drinks=>beer,drink,drinks",mediterranean=>hummus,food_spot=>location_present,"meal_keywords=beer,drink,drinks ; cuisine_matches=mediterranean ; content_type=food_spot ; location_present=True ; transcript_present=False"
3565174642253448659,DF6C3Kxv0XT,2025-02-10T21:16:09+00:00,https://www.instagram.com/p/DF6C3Kxv0XT/,event,event,drinks,mexican|italian,"Atlanta, Georgia",0.85,atlblog|atleats|atlfoodie,atllovesmo|rrealtacos,True,127,False,0,True,"drinks=>margarita,shot,shots","mexican=>taco,birria | italian=>pizza",event=>market,"event_keywords=market ; cuisine_matches=italian,mexican ; content_type=event ; location_present=True ; transcript_present=False"
3132929712649215346,Ct6ZvmEuR1y,2023-06-25T12:04:46+00:00,https://www.instagram.com/p/Ct6ZvmEuR1y/,drinks,food_spot,drinks,coffee_cafe,Bellwood Coffee,0.7,atlanta|atlantawfh|atlbeltline|atlcoffee|coffeeshopsatl,bellwoodcoffee|thevictorianatlanta,True,65,True,1,True,drinks=>bar,coffee_cafe=>coffee,food_spot=>location_present,meal_keywords=bar ; cuisine_matches=coffee_cafe ; content_type=food_spot ; location_present=True ; transcript_present=True
3284450367529672274,C2UtjUfAd5S,2024-01-20T13:26:04+00:00,https://www.instagram.com/p/C2UtjUfAd5S/,dinner,food_spot,dinner,american|seafood,"Atlanta, Georgia",0.75,atlantaeats|atlblog|atldatenight|atlfood|atlfoodie,atllovesmo|bontonatlanta|justkeepwaitingroom,True,285,False,0,True,"lunch=>sandwich | dinner=>dinner,date night | drinks=>drink","american=>burger | seafood=>oyster,shrimp,crab",food_spot=>location_present,"meal_keywords=dinner,date night ; cuisine_matches=american,seafood ; content_type=food_spot ; location_present=True ; transcript_present=False"
3332967156785293155,C5BE_hkOydj,2024-03-27T11:58:44+00:00,https://www.instagram.com/p/C5BE_hkOydj/,drinks,activity,drinks,seafood|vegan,,0.95,atlantablog|atlcabaret|atleats|atlnightlife|thingstodoinatlanta,atllovesmo|damselatlanta|theworksatl,True,256,False,0,False,"dinner=>dinner,supper | drinks=>cocktail,cocktails,bar,drink,drinks","seafood=>lobster,shrimp | vegan=>vegan","activity=>show,park","meal_keywords=cocktail,cocktails,bar,drink,drinks ; cuisine_matches=seafood,vegan ; content_type=activity ; location_present=False ; transcript_present=False"
3500002894688464711,DCSghbCvq9H,2024-11-12T23:10:19+00:00,https://www.instagram.com/p/DCSghbCvq9H/,drinks,food_spot,drinks,,"Atlanta, Georgia",0.7,atlblog|atldatenight|atleats|thingstodoinatlanta,where2atlanta,True,53,False,0,True,drinks=>bar,,food_spot=>location_present,meal_keywords=bar ; content_type=food_spot ; location_present=True ; transcript_present=False
3209404421687988886,CyKGFE_R9KW,2023-10-09T00:21:30+00:00,https://www.instagram.com/p/CyKGFE_R9KW/,event,event,unknown,,"Atlanta, Georgia",0.75,ad|atlanta|atlantaunited|atlsports|atlunited|soccer|sponsored|thingstodoinatlanta|tickpick|worldseries,atllovesmo|atlutd|tickpick,True,83,False,0,True,,,"event=>event,ticket","event_keywords=event,ticket ; content_type=event ; location_present=True ; transcript_present=False"
3417766903769474410,C9uWOQQRCVq,2024-07-22T12:17:12+00:00,https://www.instagram.com/p/C9uWOQQRCVq/,drinks,food_spot,drinks,mediterranean|bakery|coffee_cafe,"Atlanta, Georgia",0.95,atlantablog|atlcoffee|atldatenight|atleats,atllovesmo|elektraatl|forthatlanta,True,250,False,0,True,"dinner=>dinner | drinks=>cocktail,cocktails,wine,bar | snack=>quick bite","mediterranean=>mediterranean,hummus | bakery=>pastry | coffee_cafe=>coffee",food_spot=>location_present,"meal_keywords=cocktail,cocktails,wine,bar ; cuisine_matches=bakery,coffee_cafe,mediterranean ; content_type=food_spot ; location_present=True ; transcript_present=False"
3124300139434116530,CtbvmxurIWy,2023-06-13T14:14:27+00:00,https://www.instagram.com/p/CtbvmxurIWy/,event,event,drinks,,"Atlanta, Georgia",0.85,atlanta|atlantarooftop|atlcocktails|atlfoodie,atllovesmo|drawbaratl|hotelclermont|poncecitymarket|spacemanatl|theinterlockatl,True,67,False,0,True,"drinks=>cocktail,cocktails,bar",,event=>market,event_keywords=market ; content_type=event ; location_present=True ; transcript_present=False
3779038744880970290,DRx17ddEXoy,2025-12-02T23:04:20+00:00,https://www.instagram.com/p/DRx17ddEXoy/,event,event,drinks,american|seafood,"Atlanta, Georgia",0.95,atlblog|atleats,atllovesmo|beetlecatatl,True,153,False,0,True,"drinks=>cocktail,cocktails,bar,gin",american=>burger | seafood=>lobster,"event=>event,pop-up","event_keywords=event,pop-up ; cuisine_matches=american,seafood ; content_type=event ; location_present=True ; transcript_present=False"
3603705893880603913,DIC72rPvCUJ,2025-04-05T01:10:52+00:00,https://www.instagram.com/p/DIC72rPvCUJ/,event,event,unknown,korean|chinese,"Atlanta, Georgia",0.7,atlblog|atleats|atlfoodie,atlanticstation|atllovesmo|bingsoo.nyc|pandafestatlanta|saucybao,True,136,False,0,True,,korean=>korean | chinese=>dumpling,event=>festival,"event_keywords=festival ; cuisine_matches=chinese,korean ; content_type=event ; location_present=True ; transcript_present=False"
3360602097152120409,C6jQc1YL1ZZ,2024-05-04T15:06:16+00:00,https://www.instagram.com/p/C6jQc1YL1ZZ/,event,event,drinks,seafood,"Atlanta, Georgia",0.95,atlblog|atlbrunch|atleats|atlfoodie,atlantabeltline|atllovesmo|beetlecatatl,True,175,False,0,True,"brunch=>brunch | dessert=>donut | drinks=>cocktail,cocktails,wine,beer,bar","seafood=>oyster,lobster,fish",event=>seasonal,event_keywords=seasonal ; cuisine_matches=seafood ; content_type=event ; location_present=True ; transcript_present=False
3439067340409320211,C-6BYZvvrMT,2024-08-20T21:20:14+00:00,https://www.instagram.com/p/C-6BYZvvrMT/,dinner,food_spot,dinner,american|seafood,"Atlanta, Georgia",0.75,atlblog|atleats|atlfoodie,atllovesmo|theoptimistatl,True,128,False,0,True,"dinner=>dinner,date night","american=>burger | seafood=>seafood,oyster,lobster",food_spot=>location_present,"meal_keywords=dinner,date night ; cuisine_matches=american,seafood ; content_type=food_spot ; location_present=True ; transcript_present=False"
3489546890163676680,DBtXGh_RmYI,2024-10-29T12:54:20+00:00,https://www.instagram.com/p/DBtXGh_RmYI/,drinks,food_spot,drinks,american|coffee_cafe,"Atlanta, Georgia",0.95,atlblog|atldatenight|atleats|atlfoodie,paintedparkatlanta,True,247,False,0,True,"brunch=>brunch | lunch=>sandwich | dinner=>date night | drinks=>cocktail,cocktails,wine,beer,bar,drink,martini | snack=>snack",american=>burger | coffee_cafe=>espresso,food_spot=>location_present,"meal_keywords=cocktail,cocktails,wine,beer,bar,drink,martini ; cuisine_matches=american,coffee_cafe ; content_type=food_spot ; location_present=True ; transcript_present=False"
3203983633353870711,Cx21iOcOQ13,2023-10-01T12:51:34+00:00,https://www.instagram.com/p/Cx21iOcOQ13/,snack,food_spot,snack,thai|bakery|coffee_cafe,"Atlanta, Georgia",0.7,ad|atlasianeats|atleats|atlfoodie,foodterminalofficial|sweethutbakerycafe.,True,71,False,0,True,snack=>street food,thai=>thai | bakery=>bakery | coffee_cafe=>cafe,food_spot=>location_present,"meal_keywords=street food ; cuisine_matches=bakery,coffee_cafe,thai ; content_type=food_spot ; location_present=True ; transcript_present=False"
3417124463937155691,C9sEJhiRXJr,2024-07-21T14:54:45+00:00,https://www.instagram.com/p/C9sEJhiRXJr/,event,event,drinks,american|italian|bbq,"Atlanta, Georgia",0.95,atlantaeats|atlblog|atlbrunch|atleats,atlantabeltline.|atllovesmo|indacoatl|poncecitymarket,True,193,False,0,True,"breakfast=>breakfast,pancake,eggs | brunch=>brunch,mimosa | dessert=>cake | drinks=>cocktail,cocktails,drink,drinks","american=>fried chicken | italian=>italian,pasta,pizza | bbq=>smoked","event=>market,seasonal","event_keywords=market,seasonal ; cuisine_matches=american,bbq,italian ; content_type=event ; location_present=True ; transcript_present=False"
3485181578819438717,DBd2i4_RIh9,2024-10-23T12:22:08+00:00,https://www.instagram.com/p/DBd2i4_RIh9/,dinner,food_spot,dinner,seafood,"Atlanta, Georgia",0.75,atlblog|atldatenight|atleats,atllovesmo|newyorkprime.,True,102,False,0,True,"dinner=>dinner,date night | dessert=>ice cream","seafood=>lobster,shrimp,crab",food_spot=>location_present,"meal_keywords=dinner,date night ; cuisine_matches=seafood ; content_type=food_spot ; location_present=True ; transcript_present=False"
3418728645152090320,C9xw5btvijQ,2024-07-23T20:03:29+00:00,https://www.instagram.com/p/C9xw5btvijQ/,lunch,food_spot,lunch,american,"Atlanta, Georgia",0.75,atlantafoodie|atlblog|atleats|atlfood,atlantabeltline|boonesatl|buckheadrestaurantweek|livablebuckhead,True,228,False,0,True,"lunch=>lunch,sandwich | dinner=>dinner | dessert=>gelato | drinks=>drink,drinks",american=>burger,food_spot=>location_present,"meal_keywords=lunch,sandwich ; cuisine_matches=american ; content_type=food_spot ; location_present=True ; transcript_present=False"
3224333195364198449,Cy_IfU7Lugx,2023-10-29T14:43:45+00:00,https://www.instagram.com/p/Cy_IfU7Lugx/,event,event,drinks,,Westside Paper,0.75,atlantaeats|atldrag|atlfoodie|dragbrunch|thingstodoinatlanta,atllovesmo|elsantogallo|elsewherebrewing|elsewheregreenhouse|westsidepaper.atl,True,163,False,0,True,"brunch=>brunch | drinks=>bar,gin",,event=>ticket,event_keywords=ticket ; content_type=event ; location_present=True ; transcript_present=False
3619322048075479961,DI6ajoLRzuZ,2025-04-26T14:19:26+00:00,https://www.instagram.com/p/DI6ajoLRzuZ/,lunch,food_spot,lunch,bakery|coffee_cafe,"Atlanta, Georgia",0.7,atlantaeats|atlblog|atlfoodie,atllovesmo|sammysatl,True,124,False,0,True,lunch=>sandwich | drinks=>bar,"bakery=>bakery,bread | coffee_cafe=>coffee,latte,matcha",food_spot=>location_present,"meal_keywords=sandwich ; cuisine_matches=bakery,coffee_cafe ; content_type=food_spot ; location_present=True ; transcript_present=False"
3327914362465422202,C4vIHsJrAt6,2024-03-20T12:42:48+00:00,https://www.instagram.com/p/C4vIHsJrAt6/,event,event,drinks,,"Atlanta, Georgia",0.95,atlblog|atleat|atlevents|atlfoodie|atlutd|broadwayatlanta,atllovesmo|atlutd|beetlejuicebway|blameitonthealcohall|chefsmarketatl|fifa|fifaworldcup|mercedesbenzstadium|prattpullmandistrict|thefoxtheatre|tickpick|williamsonbrosbarbq,True,240,False,0,True,"dinner=>date night | drinks=>cocktail,bar,drink,drinks,gin | snack=>snack",,"event=>event,market","event_keywords=event,market ; content_type=event ; location_present=True ; transcript_present=False"
3183672414000674496,CwurTFVuHbA,2023-09-03T12:17:09+00:00,https://www.instagram.com/p/CwurTFVuHbA/,event,event,dinner,mexican|seafood|vegan,Nourish Botanica,0.7,atlantacommunity|atlantaeats|atldinnerparty|atlevents|atlfoodie|atlvegan,atllovesmo|drinkdromme|getgraza|merakisoul.co|nnekkaa_|nourishbotanica|topcakebitch,True,193,False,0,True,dinner=>dinner | dessert=>cake | drinks=>drink,"mexican=>taco | seafood=>crab,fish | vegan=>vegan",event=>event,"event_keywords=event ; cuisine_matches=mexican,seafood,vegan ; content_type=event ; location_present=True ; transcript_present=False"
3546368012204249500,DE3OurqPhGc,2025-01-15T22:27:28+00:00,https://www.instagram.com/p/DE3OurqPhGc/,drinks,food_spot,drinks,japanese|korean|chinese|indian|coffee_cafe,"Atlanta, Georgia",0.85,atlantabeltline|atlantabeltlinecreatorcollective|atlblog|atleats,atlantabeltline|barcelonawinebar|delbaratl|eathawkers|gus.dumplings|supericatexmex,True,235,False,0,True,"dinner=>date night | dessert=>dessert,ice cream | drinks=>wine,bar,martini","japanese=>ramen | korean=>kimchi | chinese=>dumpling | indian=>curry | coffee_cafe=>coffee,espresso",food_spot=>location_present,"meal_keywords=wine,bar,martini ; cuisine_matches=chinese,coffee_cafe,indian,japanese,korean ; content_type=food_spot ; location_present=True ; transcript_present=False"
3525790413258773400,DDuH7NOxFOY,2024-12-18T13:04:43+00:00,https://www.instagram.com/p/DDuH7NOxFOY/,event,event,unknown,,"Atlanta, Georgia",0.7,atlblog|atlvintage|thingstodoinatlanta,atllovesmo|spacequeen_atl,True,228,False,0,True,,,event=>market,event_keywords=market ; content_type=event ; location_present=True ; transcript_present=False
3172840269921758543,CwIMWpBva1P,2023-08-19T13:35:22+00:00,https://www.instagram.com/p/CwIMWpBva1P/,event,event,drinks,coffee_cafe,"Atlanta, Georgia",0.95,atlantadatenight|atldatenight|hosted|thingstodoinatlanta,atllovesmo|barsweetsalts|bojanaginnstudio|experience.luxardo|ghoulnextdoorbakeshop.|thesplatterstudio|theworksatl|trolleybarnatlanta.|virginiahighlanddistrict|your3rdspot,True,287,False,0,True,"dinner=>date night | drinks=>beer,bar,drink,drinks,gin",coffee_cafe=>latte,"event=>concert,ticket","event_keywords=concert,ticket ; cuisine_matches=coffee_cafe ; content_type=event ; location_present=True ; transcript_present=False"
3202500648523921683,CxxkV9MOfkT,2023-09-29T11:44:38+00:00,https://www.instagram.com/p/CxxkV9MOfkT/,event,event,unknown,coffee_cafe,"Atlanta, Georgia",0.7,,atllovesmo|daydreamercafe|icecolecoffee|whistleratl.,True,92,False,0,True,,"coffee_cafe=>coffee,cafe,latte",event=>seasonal,event_keywords=seasonal ; cuisine_matches=coffee_cafe ; content_type=event ; location_present=True ; transcript_present=False
3720812683521535409,DOi-2wFEa2x,2025-09-13T14:59:25+00:00,https://www.instagram.com/p/DOi-2wFEa2x/,event,event,drinks,mexican|italian,"Atlanta, Georgia",0.95,,atlantabeltline|beltlinekevin|rrealtacos,True,214,False,0,True,"drinks=>drink,drinks,margarita,shot","mexican=>taco,birria | italian=>pizza",event=>market,"event_keywords=market ; cuisine_matches=italian,mexican ; content_type=event ; location_present=True ; transcript_present=False"
3526520670760936104,DDwt92hxyKo,2024-12-19T13:14:22+00:00,https://www.instagram.com/p/DDwt92hxyKo/,drinks,food_spot,drinks,mediterranean|bbq,"Atlanta, Georgia",0.85,atlblog|atldatenight|atleats|atlfoodie,atllovesmo|delbaratl,True,181,False,0,True,"dessert=>dessert,cake | drinks=>cocktail,cocktails,bar",mediterranean=>hummus | bbq=>ribs,food_spot=>location_present,"meal_keywords=cocktail,cocktails,bar ; cuisine_matches=bbq,mediterranean ; content_type=food_spot ; location_present=True ; transcript_present=False"
3404260519710582974,C8-XOf4PGi-,2024-07-03T21:00:03+00:00,https://www.instagram.com/p/C8-XOf4PGi-/,dinner,food_spot,dinner,,"Atlanta, Georgia",0.75,atlblog|atleats|atlfoodie|thingstodoinatlanta,atlantawestend.|atllovesmo|bovinoafterdark|exploretock.|gunshowatl|herobovinoatl|hopcityatl|leeandwhite|saltyourfood_atl|xelanow.,True,286,False,0,True,"dinner=>dinner,tasting menu | drinks=>wine",,food_spot=>location_present,"meal_keywords=dinner,tasting menu ; content_type=food_spot ; location_present=True ; transcript_present=False"
3575802077043262434,DGfzQstRIPi,2025-02-25T13:10:29+00:00,https://www.instagram.com/p/DGfzQstRIPi/,lunch,food_spot,lunch,italian|coffee_cafe,"Atlanta, Georgia",0.7,atlblog|atleats|atlfoodie,atllovesmo|sunnysidepizzeria,True,150,False,0,True,lunch=>lunch | dinner=>dinner | dessert=>gelato | drinks=>martini,"italian=>italian,pasta,pizza | coffee_cafe=>espresso",food_spot=>location_present,"meal_keywords=lunch ; cuisine_matches=coffee_cafe,italian ; content_type=food_spot ; location_present=True ; transcript_present=False"
3330101567170629505,C425btRLU-B,2024-03-23T13:05:05+00:00,https://www.instagram.com/p/C425btRLU-B/,event,event,drinks,vegan,"Atlanta, Georgia",0.95,atlantaeats|atlblog|atleats|atlfoodie,atllovesmo|breakerbreaker_atl|lasemilla.atl.|lingeringshade,True,298,False,0,True,"lunch=>sandwich | drinks=>cocktail,wine,bar,gin | snack=>small bites","vegan=>vegan,plant based",event=>event,event_keywords=event ; cuisine_matches=vegan ; content_type=event ; location_present=True ; transcript_present=False
3282995009359000068,C2PipEkOTIE,2024-01-18T13:14:41+00:00,https://www.instagram.com/p/C2PipEkOTIE/,drinks,food_spot,drinks,american,Torched Hop Brewing Company,0.75,atlantabrewery|atlantaeats|atlbeer|atlfoodie|hosted,atllovesmo|torchedhopbrewing,True,165,False,0,True,"lunch=>sandwich | drinks=>beer,brewery",american=>burger,food_spot=>location_present,"meal_keywords=beer,brewery ; cuisine_matches=american ; content_type=food_spot ; location_present=True ; transcript_present=False"
3390979927116780084,C8PLkcMRpI0,2024-06-15T13:12:40+00:00,https://www.instagram.com/p/C8PLkcMRpI0/,drinks,food_spot,drinks,bbq|bakery,"Atlanta, Georgia",0.95,atlantaeats|atlblog|atlfoodie|atlhappyhour,atllovesmo|marcusbarandgrille|marcuscooks,True,199,False,0,True,"breakfast=>eggs | brunch=>brunch | dinner=>dinner | dessert=>cake | drinks=>cocktail,cocktails,wine,beer,bar,happy hour","bbq=>bbq,brisket | bakery=>bread",food_spot=>location_present,"meal_keywords=cocktail,cocktails,wine,beer,bar,happy hour ; cuisine_matches=bakery,bbq ; content_type=food_spot ; location_present=True ; transcript_present=False"
3578801931856272844,DGqdWVNxl3M,2025-03-01T16:28:45+00:00,https://www.instagram.com/p/DGqdWVNxl3M/,drinks,food_spot,drinks,american|korean,"Atlanta, Georgia",0.95,atlantaeats|atlblog|atleats|atlfoodie,atllovesmo|gaja_eav,True,110,False,0,True,"dinner=>date night | drinks=>cocktail,cocktails,gin,shot",american=>fried chicken | korean=>korean,food_spot=>location_present,"meal_keywords=cocktail,cocktails,gin,shot ; cuisine_matches=american,korean ; content_type=food_spot ; location_present=True ; transcript_present=False"
3583841746591144089,DG8XRScx9iZ,2025-03-08T15:21:18+00:00,https://www.instagram.com/p/DG8XRScx9iZ/,event,event,drinks,japanese,"Atlanta, Georgia",0.7,atlblog|atldatenight|highmuseum|ryojiikeda|thingstodoinatlanta,_ryoji_ikeda_|atllovesmo|highmuseumofart|highmuseumofart.,True,186,False,0,True,drinks=>gin,japanese=>japanese,event=>ticket,event_keywords=ticket ; cuisine_matches=japanese ; content_type=event ; location_present=True ; transcript_present=False
3432316800027886690,C-iCfHGRIRi,2024-08-11T14:03:58+00:00,https://www.instagram.com/p/C-iCfHGRIRi/,drinks,food_spot,drinks,seafood,"Atlanta, Georgia",0.85,,atlantabeltline|barpremioatlanta|elektraatl|forthatlanta.|moonlightatlanta|resy.,True,186,False,0,True,"breakfast=>eggs | dinner=>date night | drinks=>cocktail,cocktails,bar",seafood=>lobster,food_spot=>location_present,"meal_keywords=cocktail,cocktails,bar ; cuisine_matches=seafood ; content_type=food_spot ; location_present=True ; transcript_present=False"
3248178034586065651,C0T2LZ-uprz,2023-12-01T12:17:18+00:00,https://www.instagram.com/p/C0T2LZ-uprz/,drinks,food_spot,drinks,,Westside Motor Lounge,0.95,atlanta|atlchristmasbar|atlyule|thingstodoinatl|westsidemotorlounge,atllovesmo|westside_motor_lounge,True,200,False,0,True,"drinks=>cocktail,cocktails,bar,vodka",,food_spot=>location_present,"meal_keywords=cocktail,cocktails,bar,vodka ; content_type=food_spot ; location_present=True ; transcript_present=False"
3567109805376306997,DGA63f4RH81,2025-02-13T13:17:44+00:00,https://www.instagram.com/p/DGA63f4RH81/,drinks,food_spot,drinks,seafood,"Atlanta, Georgia",0.7,atlblog|atldatenight|atleats|atlfoodie,atllovesmo|boodlefightatl|brickandmortaratlanta|prattpullmandistrict,True,201,False,0,True,drinks=>gin,seafood=>shrimp,food_spot=>location_present,meal_keywords=gin ; cuisine_matches=seafood ; content_type=food_spot ; location_present=True ; transcript_present=False
3519983208295110129,DDZfhQJxRXx,2024-12-10T12:54:48+00:00,https://www.instagram.com/p/DDZfhQJxRXx/,drinks,food_spot,drinks,american|seafood,"Atlanta, GA",0.75,atlblog|atldatenight|atleats,atllovesmo|brasseriemargotatl|fsatlanta|insta__novak|opentable,True,146,False,0,True,"drinks=>cocktail,cocktails",american=>southern | seafood=>seafood,food_spot=>location_present,"meal_keywords=cocktail,cocktails ; cuisine_matches=american,seafood ; content_type=food_spot ; location_present=True ; transcript_present=False"
3337341745023086044,C5QnqKWLu3c,2024-04-02T12:55:46+00:00,https://www.instagram.com/p/C5QnqKWLu3c/,drinks,food_spot,drinks,japanese|korean|coffee_cafe,"Atlanta, Georgia",0.95,atlantaeats|atldatenight|atleats|atlfoodie,atlantarestaurantclub|atllovesmo|brushatl|buckheadvillagedistrict|elvinedolocal|gaja_eav,True,259,False,0,True,"dinner=>dinner,date night | drinks=>cocktail,cocktails,wine,bar","japanese=>japanese,sushi,omakase | korean=>korean | coffee_cafe=>coffee",food_spot=>location_present,"meal_keywords=cocktail,cocktails,wine,bar ; cuisine_matches=coffee_cafe,japanese,korean ; content_type=food_spot ; location_present=True ; transcript_present=False"
3573667980506340450,DGYOBgbRJxi,2025-02-22T14:27:56+00:00,https://www.instagram.com/p/DGYOBgbRJxi/,drinks,food_spot,drinks,seafood,"Atlanta, Georgia",0.95,atlblog|atldatenight|atleats|atlfoodie,atlantabeltline|atllovesmo|boqueria|colonysquareatl|madeiraparkatl|yujiatlanta,True,246,False,0,True,"dinner=>date night | drinks=>cocktail,cocktails,wine,bar",seafood=>seafood,food_spot=>location_present,"meal_keywords=cocktail,cocktails,wine,bar ; cuisine_matches=seafood ; content_type=food_spot ; location_present=True ; transcript_present=False"
3466326020855429933,DAa3SaMx_st,2024-09-27T12:08:45+00:00,https://www.instagram.com/p/DAa3SaMx_st/,drinks,food_spot,drinks,mexican|italian,"Atlanta, Georgia",0.75,atlantaeats|atlblog|atlfoodie,rrealtacos,True,115,False,0,True,"drinks=>mocktail,margarita","mexican=>taco,birria | italian=>pizza",food_spot=>location_present,"meal_keywords=mocktail,margarita ; cuisine_matches=italian,mexican ; content_type=food_spot ; location_present=True ; transcript_present=False"
3301853424012796603,C3SijH2sKK7,2024-02-13T13:40:58+00:00,https://www.instagram.com/p/C3SijH2sKK7/,unknown,food_spot,unknown,,"Atlanta, Georgia",0.7,atlantagame|atlblog|atldatenight|thingstodoinatlanta,atllovesmo|batteryatl|theescapegame|theinterlockatl,True,174,False,0,True,,,food_spot=>location_present,content_type=food_spot ; location_present=True ; transcript_present=False
3536264197874414942,DETVY1SPHVe,2025-01-01T23:54:16+00:00,https://www.instagram.com/p/DETVY1SPHVe/,drinks,food_spot,drinks,italian|coffee_cafe,"Atlanta, Georgia",0.75,atlblog|atldatenight|atleats|atlfoodie,atllovesmo|forzastorico|westsideprovisions,True,91,False,0,True,"dinner=>date night | drinks=>wine,martini","italian=>pasta,gnocchi | coffee_cafe=>espresso",food_spot=>location_present,"meal_keywords=wine,martini ; cuisine_matches=coffee_cafe,italian ; content_type=food_spot ; location_present=True ; transcript_present=False"
3690410867310423861,DM2-SGVR281,2025-08-02T16:15:21+00:00,https://www.instagram.com/p/DM2-SGVR281/,drinks,food_spot,drinks,mexican,"Atlanta, Georgia",0.7,atlblog|atleats|chambleega|rrealtacos,rrealtacos,True,111,False,0,True,drinks=>margarita,mexican=>taco,food_spot=>location_present,meal_keywords=margarita ; cuisine_matches=mexican ; content_type=food_spot ; location_present=True ; transcript_present=False
3410528722540201074,C9Uoc2rRoRy,2024-07-12T12:37:52+00:00,https://www.instagram.com/p/C9Uoc2rRoRy/,drinks,food_spot,drinks,american|italian,"Atlanta, Georgia",0.75,atlantafood|atlblog|atldatenight|atleats,atllovesmo|pendolinoatl,True,231,False,0,True,"dinner=>dinner | drinks=>wine,bar","american=>southern | italian=>italian,pasta,pizza",food_spot=>location_present,"meal_keywords=wine,bar ; cuisine_matches=american,italian ; content_type=food_spot ; location_present=True ; transcript_present=False"
3530386559700281697,DD-c98Kv6lh,2024-12-24T21:15:27+00:00,https://www.instagram.com/p/DD-c98Kv6lh/,drinks,food_spot,drinks,,"Smyrna, Georgia",0.95,atlblog|atleats|smyrnaga|thingstodoinatlanta,atllovesmo|propaganda.atl|resy,True,146,False,0,True,"dinner=>date night | drinks=>cocktail,margarita,martini,shot",,food_spot=>location_present,"meal_keywords=cocktail,margarita,martini,shot ; content_type=food_spot ; location_present=True ; transcript_present=False"
3149574155740887927,Cu1iQHqr7t3,2023-07-18T11:09:50+00:00,https://www.instagram.com/p/Cu1iQHqr7t3/,drinks,food_spot,drinks,italian|vegan,Summerhill,0.7,atlantafood|atlantafoodie|atlfood|atlsummerhill|atlvegan|veganatlanta,atllovesmo|halfwaycrooksbeer|howcrispy|juniorspizza_atl|summerhill_atl,True,115,False,0,True,drinks=>beer | snack=>quick bite,italian=>pizza | vegan=>vegan,food_spot=>location_present,"meal_keywords=beer ; cuisine_matches=italian,vegan ; content_type=food_spot ; location_present=True ; transcript_present=False"
3437394921466995007,C-0FHgOxaE_,2024-08-18T13:58:51+00:00,https://www.instagram.com/p/C-0FHgOxaE_/,unknown,food_spot,unknown,coffee_cafe,"Atlanta, Georgia",0.7,,switchyards,True,304,False,0,True,,coffee_cafe=>coffee,food_spot=>location_present,cuisine_matches=coffee_cafe ; content_type=food_spot ; location_present=True ; transcript_present=False
3384423475971600015,C734zhOx66P,2024-06-06T12:04:46+00:00,https://www.instagram.com/p/C734zhOx66P/,dinner,food_spot,dinner,japanese|seafood|vegan,"Atlanta, Georgia",0.7,atlantafoodie|atlblog|atleats|atlfood|atlvegan,atlantabeltline.|atllovesmo|bullyboyatl,True,189,False,0,True,dinner=>date night | drinks=>cocktail,japanese=>sushi | seafood=>seafood | vegan=>vegan,food_spot=>location_present,"meal_keywords=date night ; cuisine_matches=japanese,seafood,vegan ; content_type=food_spot ; location_present=True ; transcript_present=False"
3571704141614737043,DGRPf47vOaT,2025-02-19T21:25:57+00:00,https://www.instagram.com/p/DGRPf47vOaT/,event,event,drinks,american,"Atlanta, Georgia",0.85,atlblog|atldatenight|atleats|thingstodoinatlanta,atllovesmo|fernbankmuseum,True,215,False,0,True,"drinks=>cocktail,cocktails,bar",american=>american,"event=>event,live music","event_keywords=event,live music ; cuisine_matches=american ; content_type=event ; location_present=True ; transcript_present=False"
3328646527159512572,C4xumFqLi38,2024-03-21T12:54:34+00:00,https://www.instagram.com/p/C4xumFqLi38/,lunch,activity,lunch,,,0.7,atlantablog|atlfoodie|atlhotels|thompsonhotel,artmelanated.|atllovesmo|buckheadvillagedistrict|dirtyrascalatl|shakeshack|tesseraeatl|thompsonbuckhead|thompsonbuckhead.,True,222,False,0,False,lunch=>lunch | dinner=>dinner | drinks=>bar,,"activity=>experience,exhibit",meal_keywords=lunch ; content_type=activity ; location_present=False ; transcript_present=False
3214835077170607683,CydY3hCODZD,2023-10-16T12:12:06+00:00,https://www.instagram.com/p/CydY3hCODZD/,drinks,food_spot,drinks,seafood,BeetleCat,0.85,atlantatenighteats|atlblog|atleats|atlfoodie,atllovesmo|beetlecatatl|beetlecatatl.,True,186,False,0,True,"drinks=>cocktail,cocktails,gin","seafood=>oyster,lobster",food_spot=>location_present,"meal_keywords=cocktail,cocktails,gin ; cuisine_matches=seafood ; content_type=food_spot ; location_present=True ; transcript_present=False"
3837520278327504950,DVBnFxwEbA2,2026-02-21T15:34:56+00:00,https://www.instagram.com/p/DVBnFxwEbA2/,drinks,food_spot,drinks,mediterranean|seafood,"Atlanta, Georgia",0.75,,atllovesmo|azaraatl,True,211,False,0,True,"dinner=>date night | drinks=>cocktail,wine",mediterranean=>mediterranean | seafood=>seafood,food_spot=>location_present,"meal_keywords=cocktail,wine ; cuisine_matches=mediterranean,seafood ; content_type=food_spot ; location_present=True ; transcript_present=False"
3152491518904214717,Cu_5lV1t6S9,2023-07-22T11:50:40+00:00,https://www.instagram.com/p/Cu_5lV1t6S9/,lunch,food_spot,lunch,bakery,Henri's Bakery & Deli,0.75,atlantafood|atlantastaples|atlfood|atlfoodie,atllovesmo|henrisbakery1929,True,87,False,0,True,"breakfast=>breakfast | lunch=>lunch,sandwich","bakery=>bakery,croissant",food_spot=>location_present,"meal_keywords=lunch,sandwich ; cuisine_matches=bakery ; content_type=food_spot ; location_present=True ; transcript_present=False"
3568654433841930368,DGGaEzPRWCA,2025-02-15T16:33:07+00:00,https://www.instagram.com/p/DGGaEzPRWCA/,brunch,food_spot,brunch,mediterranean,"Atlanta, Georgia",0.7,atlantafood|atlblog|atlbrunch|atleats|wheretoeatinatlanta,atllovesmo|ela.atlanta,True,172,False,0,True,brunch=>brunch | lunch=>sandwich,mediterranean=>mediterranean,food_spot=>location_present,meal_keywords=brunch ; cuisine_matches=mediterranean ; content_type=food_spot ; location_present=True ; transcript_present=False
3440234664882062812,C--KzNYR8Xc,2024-08-22T11:59:31+00:00,https://www.instagram.com/p/C--KzNYR8Xc/,drinks,food_spot,drinks,italian|seafood,"Atlanta, Georgia",0.7,atlblog|atleats|atlfood|smyrnaeats,thehungryaf,True,170,False,0,True,drinks=>drink,italian=>pasta | seafood=>shrimp,food_spot=>location_present,"meal_keywords=drink ; cuisine_matches=italian,seafood ; content_type=food_spot ; location_present=True ; transcript_present=False"
3431730942471667230,C-f9RwuvX4e,2024-08-10T18:32:22+00:00,https://www.instagram.com/p/C-f9RwuvX4e/,dessert,food_spot,dessert,seafood,Turky on The Loose,0.7,,turky_ontheloose,True,181,False,0,True,dessert=>cake,"seafood=>seafood,shrimp,fish",food_spot=>location_present,meal_keywords=cake ; cuisine_matches=seafood ; content_type=food_spot ; location_present=True ; transcript_present=False
3161905003660163761,CvhV9kssbqx,2023-08-04T11:28:36+00:00,https://www.instagram.com/p/CvhV9kssbqx/,breakfast,food_spot,breakfast,mexican|bakery|coffee_cafe,Summerhill,0.7,atlantacoffee|atlantafoodie|atlbreakfast|atlcoffee|atlcoffeeshop,littletartbakeshop|sistersong_woc|summerhill_atl,True,106,False,0,True,breakfast=>breakfast | lunch=>sandwich,"mexican=>taco | bakery=>croissant | coffee_cafe=>coffee,latte",food_spot=>location_present,"meal_keywords=breakfast ; cuisine_matches=bakery,coffee_cafe,mexican ; content_type=food_spot ; location_present=True ; transcript_present=False"
3517092847801541255,DDPOU-LRyKH,2024-12-06T13:03:07+00:00,https://www.instagram.com/p/DDPOU-LRyKH/,event,event,drinks,,"Atlanta, GA",0.75,atlblog|atldatenight|thingstodoinatlanta,atllovesmo|callanwoldefinearts|m.klapthor.robots.,True,172,False,0,True,"dinner=>date night | drinks=>wine,bar",,"event=>market,live music","event_keywords=market,live music ; content_type=event ; location_present=True ; transcript_present=False"
3552608862559660274,DFNZvAexejy,2025-01-24T13:12:36+00:00,https://www.instagram.com/p/DFNZvAexejy/,breakfast,food_spot,breakfast,japanese|seafood|bakery|coffee_cafe,"Atlanta, Georgia",0.75,atlblog|atlbrunch|atleats,atllovesmo|brushatl|buckheadvillagedistrict|momocafeatl,True,141,False,0,True,"breakfast=>breakfast,waffle | brunch=>brunch,benedict | lunch=>sandwich","japanese=>sushi,ramen | seafood=>crab | bakery=>croissant | coffee_cafe=>cafe",food_spot=>location_present,"meal_keywords=breakfast,waffle ; cuisine_matches=bakery,coffee_cafe,japanese,seafood ; content_type=food_spot ; location_present=True ; transcript_present=False"
3589719079503499697,DHRPnvRP5Gx,2025-03-16T17:58:46+00:00,https://www.instagram.com/p/DHRPnvRP5Gx/,event,event,dinner,,"Atlanta, Georgia",0.7,atlblog|atldatenight|thingstodoinatlanta,adairparktoday|atllovesmo|mollysanyourceramics|mollysanyourceramicsstudio,True,222,False,0,True,dinner=>date night,,event=>event,event_keywords=event ; content_type=event ; location_present=True ; transcript_present=False
3718826035619366116,DOb7JOCkQTk,2025-09-10T21:12:06+00:00,https://www.instagram.com/p/DOb7JOCkQTk/,event,event,dinner,seafood,"Atlanta, Georgia",0.7,atlantafood|atlblog,atllovesmo|eclipsediluna,True,125,False,0,True,dinner=>dinner,seafood=>shrimp,event=>live music,event_keywords=live music ; cuisine_matches=seafood ; content_type=event ; location_present=True ; transcript_present=False
3601397661216637100,DH6vBeDvYCs,2025-04-01T20:42:18+00:00,https://www.instagram.com/p/DH6vBeDvYCs/,dinner,food_spot,dinner,seafood,"Atlanta, Georgia",0.75,atlblog|atleats|atlfoodie,atllovesmo|chefjaredwarwick|majinbeen|philipfrobos|wickandnicks,True,145,False,0,True,"dinner=>dinner,tasting menu | drinks=>martini,gin",seafood=>oyster,food_spot=>location_present,"meal_keywords=dinner,tasting menu ; cuisine_matches=seafood ; content_type=food_spot ; location_present=True ; transcript_present=False"
3368505532686619967,C6_Ve9TuVU_,2024-05-15T12:54:40+00:00,https://www.instagram.com/p/C6_Ve9TuVU_/,event,event,drinks,,"Atlanta, Georgia",0.7,atlantablog|atlbeltline|atlfoodie|atllanternparade,atlantabeltline|atlantadrumacademy|atlantafreedombands|atlantawestend.|atllovesmo|blacksheepensemble|kebbiwilliams|leeandwhite|seedandfeed,True,119,False,0,True,drinks=>rum,,event=>event,event_keywords=event ; content_type=event ; location_present=True ; transcript_present=False
3473895609830534515,DA1wabSvO1z,2024-10-07T22:45:29+00:00,https://www.instagram.com/p/DA1wabSvO1z/,unknown,food_spot,unknown,american,"Atlanta, Georgia",0.7,atlblog|atlfoodie|atlwings|thingstodoinatlanta,trapwingzatl,True,143,False,0,True,,american=>burger,food_spot=>location_present,cuisine_matches=american ; content_type=food_spot ; location_present=True ; transcript_present=False
3387336254139302765,C8CPGBSxoNt,2024-06-10T12:20:45+00:00,https://www.instagram.com/p/C8CPGBSxoNt/,event,event,drinks,italian|bbq,,0.95,higherorderofpizza|mellowmushroompartner,mellowmushroom,True,248,False,0,False,"drinks=>cocktail,cocktails,mocktail,bourbon,vodka,rum","italian=>italian,pizza | bbq=>smoked",event=>limited time,"event_keywords=limited time ; cuisine_matches=bbq,italian ; content_type=event ; location_present=False ; transcript_present=False"
3624467382757809726,DJMseGhRN4-,2025-05-03T16:37:13+00:00,https://www.instagram.com/p/DJMseGhRN4-/,event,event,drinks,,"Atlanta, Georgia",0.75,atlantafoodie|atlblog|atleats|atlrooftop,atllovesmo|johnnyshideaway|tesseraeatl|thompsonbuckhead|yeppacoatl,True,152,False,0,True,"dinner=>dinner | drinks=>bar,martini",,event=>event,event_keywords=event ; content_type=event ; location_present=True ; transcript_present=False
3244557846077916201,C0G_CusrkQp,2023-11-26T12:29:50+00:00,https://www.instagram.com/p/C0G_CusrkQp/,drinks,food_spot,drinks,mexican|coffee_cafe,"Atlanta, Georgia",0.75,atlanta|atlantacoffeeshops|atlcoffee|wfh,atllovesmo|blandtownatl|daydreamercafe|drinkcoffeeman|georgiatech|grantparkatlanta|peoplestownatl|peoplestowncoffee|percatlanta|wave3coffeeshop,True,218,False,0,True,"drinks=>wine,drink","mexican=>taco | coffee_cafe=>coffee,cafe,latte,matcha",food_spot=>location_present,"meal_keywords=wine,drink ; cuisine_matches=coffee_cafe,mexican ; content_type=food_spot ; location_present=True ; transcript_present=False"
3763058173591801774,DQ5EXiqEc-u,2025-11-10T21:55:43+00:00,https://www.instagram.com/p/DQ5EXiqEc-u/,drinks,food_spot,drinks,korean|seafood,"Atlanta, Georgia",0.95,atlblog|atleats,atllovesmo|blackjackbartapas,True,155,False,0,True,"dinner=>date night | drinks=>cocktail,cocktails,bar,drink,drinks | snack=>small bites",korean=>kimchi | seafood=>lobster,food_spot=>location_present,"meal_keywords=cocktail,cocktails,bar,drink,drinks ; cuisine_matches=korean,seafood ; content_type=food_spot ; location_present=True ; transcript_present=False"
3510567264342980768,DC4ClO_Rzig,2024-11-27T13:00:11+00:00,https://www.instagram.com/p/DC4ClO_Rzig/,event,event,drinks,bbq|bakery,"Atlanta, USA",0.95,atlblog|atldatenight|atleats|thingstodoinatlanta,atllovesmo|bovinoafterdark|homefortheholidaysatl|resy|supperdeluxeatl.|thevineclubatl,True,316,False,0,True,"dinner=>date night,supper | drinks=>cocktail,cocktails,bar,drink,drinks,martini,shot",bbq=>smoked | bakery=>bread,event=>seasonal,"event_keywords=seasonal ; cuisine_matches=bakery,bbq ; content_type=event ; location_present=True ; transcript_present=False"
3691100204100434945,DM5bBRPxzwB,2025-08-03T15:13:45+00:00,https://www.instagram.com/p/DM5bBRPxzwB/,event,event,drinks,coffee_cafe,"Atlanta, Georgia",0.95,atlblog|atleats|thingstodoinatlanta,atllovesmo|botanicohospitality.com|flowcoffeeatl|kru.tik_|opentable|palosanto_atl|rori_dj,True,170,False,0,True,"drinks=>drink,drinks,margarita,martini","coffee_cafe=>coffee,espresso","event=>event,ticket","event_keywords=event,ticket ; cuisine_matches=coffee_cafe ; content_type=event ; location_present=True ; transcript_present=False"
3521710612977315044,DDfoSTIPGzk,2024-12-12T21:57:58+00:00,https://www.instagram.com/p/DDfoSTIPGzk/,event,event,drinks,bbq|coffee_cafe,"Atlanta, GA",0.95,atlblog|atldatenight|atleats|atlfoodie,atllovesmo|avize.atl|kingofthechews,True,312,False,0,True,"dinner=>date night | dessert=>dessert | drinks=>cocktail,cocktails,beer,bar,drink,drinks",bbq=>smoked | coffee_cafe=>espresso,event=>event,"event_keywords=event ; cuisine_matches=bbq,coffee_cafe ; content_type=event ; location_present=True ; transcript_present=False"
3597093206472188157,DHrcTaLvuD9,2025-03-26T22:10:14+00:00,https://www.instagram.com/p/DHrcTaLvuD9/,drinks,food_spot,drinks,seafood,"Atlanta, Georgia",0.75,atlblog|atleats|atlfoodie,atllovesmo|madreselvaatl,True,134,False,0,True,"dinner=>date night | drinks=>bar,gin",seafood=>fish,food_spot=>location_present,"meal_keywords=bar,gin ; cuisine_matches=seafood ; content_type=food_spot ; location_present=True ; transcript_present=False"
3496318443068480192,DCFaxmEvlrA,2024-11-07T21:08:13+00:00,https://www.instagram.com/p/DCFaxmEvlrA/,drinks,food_spot,drinks,,"Atlanta, Georgia",0.75,atlblog|atlchristmas|atldatenight|thingstodoinatlanta,atllovesmo|where2atlanta,True,68,False,0,True,"drinks=>bar,shot",,food_spot=>location_present,"meal_keywords=bar,shot ; content_type=food_spot ; location_present=True ; transcript_present=False"
3464168594953475432,DATMvuwRBVo,2024-09-24T12:31:54+00:00,https://www.instagram.com/p/DATMvuwRBVo/,event,event,drinks,,"Atlanta, Georgia",0.75,,topunis,True,168,False,0,True,"drinks=>shot,shots",,event=>event,event_keywords=event ; content_type=event ; location_present=True ; transcript_present=False
3519275459500516550,DDW-mJuRyTG,2024-12-09T13:19:25+00:00,https://www.instagram.com/p/DDW-mJuRyTG/,snack,food_spot,snack,bakery|coffee_cafe,"Atlanta, Georgia",0.75,atlantabeltline|atlantabeltlinecreatorcollective|atlblog|atlcoffee|atleats|atlfoodie,atlantabeltline|brashcoffee|chispas.snacks.atl|forthatlanta|strollatlanta,True,265,False,0,True,"drinks=>bar | snack=>snack,quick bite",bakery=>pastry | coffee_cafe=>coffee,food_spot=>location_present,"meal_keywords=snack,quick bite ; cuisine_matches=bakery,coffee_cafe ; content_type=food_spot ; location_present=True ; transcript_present=False"
3456953287050209481,C_5kLLnvyjJ,2024-09-14T13:36:26+00:00,https://www.instagram.com/p/C_5kLLnvyjJ/,drinks,food_spot,drinks,bakery|coffee_cafe,"Atlanta, Georgia",0.95,,colonysquareatl|rumiskitchenofficial,True,193,False,0,True,"breakfast=>bagel,eggs,omelet,omelette | brunch=>brunch | lunch=>sandwich | dinner=>dinner | drinks=>drink,drinks,martini,tequila,rum",bakery=>bread | coffee_cafe=>espresso,food_spot=>location_present,"meal_keywords=drink,drinks,martini,tequila,rum ; cuisine_matches=bakery,coffee_cafe ; content_type=food_spot ; location_present=True ; transcript_present=False"
3551464731623369558,DFJVltgvStW,2025-01-22T23:17:50+00:00,https://www.instagram.com/p/DFJVltgvStW/,event,event,drinks,seafood,"Atlanta, Georgia",0.95,atlblog|atleats|atlfoodie,atllovesmo|chefhectorsantiago|lametroatl|poncecitymarket,True,201,False,0,True,"lunch=>sandwich | dinner=>date night | drinks=>cocktail,cocktails,wine,bar,happy hour",seafood=>fish,event=>market,event_keywords=market ; cuisine_matches=seafood ; content_type=event ; location_present=True ; transcript_present=False
3286602962469221629,C2cW_svuXT9,2024-01-23T13:03:15+00:00,https://www.instagram.com/p/C2cW_svuXT9/,event,event,drinks,,"Atlanta, Georgia",0.75,atlblog|atleats|atlgolf|golf|thingstodoinatlanta,atllovesmo|fiveirongolf|ladiesathleticclubofatl|ladiesathleticclubofatl.,True,233,False,0,True,drinks=>bar,,"event=>event,grand opening","event_keywords=event,grand opening ; content_type=event ; location_present=True ; transcript_present=False"
3494174189252607672,DB9zOmFvX64,2024-11-04T22:14:58+00:00,https://www.instagram.com/p/DB9zOmFvX64/,drinks,food_spot,drinks,american|mediterranean|coffee_cafe,"Atlanta, Georgia",0.95,atlblog|atleats|atlfoodie,atllovesmo|ela.atlanta|paintedparkatlanta|thechastainatl|virginiahighlanddistrict,True,279,False,0,True,"brunch=>brunch | dinner=>dinner | drinks=>cocktail,cocktails,happy hour,gin","american=>burger | mediterranean=>mediterranean,hummus | coffee_cafe=>latte",food_spot=>location_present,"meal_keywords=cocktail,cocktails,happy hour,gin ; cuisine_matches=american,coffee_cafe,mediterranean ; content_type=food_spot ; location_present=True ; transcript_present=False"
3514476187495546860,DDF7XjXPb_s,2024-12-02T22:24:29+00:00,https://www.instagram.com/p/DDF7XjXPb_s/,dinner,activity,dinner,bakery,,0.75,atlblog|atldatenight|atleats,atllovesmo|barblancatlanta,True,158,False,0,False,"dinner=>dinner,date night | dessert=>dessert | drinks=>bar,drink",bakery=>bread,activity=>experience,"meal_keywords=dinner,date night ; cuisine_matches=bakery ; content_type=activity ; location_present=False ; transcript_present=False"
3807999009529871398,DTYuuxsETwm,2026-01-11T22:03:51+00:00,https://www.instagram.com/p/DTYuuxsETwm/,drinks,food_spot,drinks,american|coffee_cafe,"Atlanta, Georgia",0.95,atlblog|atleats|atlfoodie,atllovesmo|brasseriemargotatl|fsatlanta|midcity.atl|thewestwoodatl,True,170,False,0,True,"drinks=>cocktail,cocktails,bar,margarita","american=>burger | coffee_cafe=>coffee,espresso",food_spot=>location_present,"meal_keywords=cocktail,cocktails,bar,margarita ; cuisine_matches=american,coffee_cafe ; content_type=food_spot ; location_present=True ; transcript_present=False"
3518604733088879451,DDUmFzExVNb,2024-12-08T15:07:42+00:00,https://www.instagram.com/p/DDUmFzExVNb/,event,event,unknown,,"13 Hub Lane - Roswell, GA",0.7,atldecor|marketsinatl|thingstodoinatl,13hublane|atllovesmo,True,254,False,0,True,,,event=>market,event_keywords=market ; content_type=event ; location_present=True ; transcript_present=False
3381003716357027379,C7rvPd5vHYz,2024-06-01T18:38:22+00:00,https://www.instagram.com/p/C7rvPd5vHYz/,event,event,brunch,japanese|korean|bbq,"Atlanta, Georgia",0.75,atlantaeats|atlblog|atleats|atlfoodie,atllovesmo|charkorean|inmanpark,True,126,False,0,True,"breakfast=>eggs | brunch=>brunch,mimosa | dinner=>dinner | dessert=>cake | drinks=>cocktail,bar","japanese=>ramen | korean=>korean,bulgogi | bbq=>bbq",event=>live music,"event_keywords=live music ; cuisine_matches=bbq,japanese,korean ; content_type=event ; location_present=True ; transcript_present=False"
3296763963567100675,C3AdVucudMD,2024-02-06T13:26:26+00:00,https://www.instagram.com/p/C3AdVucudMD/,unknown,food_spot,unknown,mexican|coffee_cafe,"Atlanta, Georgia",0.7,atlantacoffee|atlblog|atlcoffee|atleats|suwanee,atllovesmo|warmwavescoffee,True,176,False,0,True,,"mexican=>taco | coffee_cafe=>coffee,espresso,latte,matcha",food_spot=>location_present,"cuisine_matches=coffee_cafe,mexican ; content_type=food_spot ; location_present=True ; transcript_present=False"
3606492325292646320,DIM1aluPZ-w,2025-04-08T21:25:02+00:00,https://www.instagram.com/p/DIM1aluPZ-w/,drinks,food_spot,drinks,mediterranean|coffee_cafe,"Atlanta, Georgia",0.85,atleats|atlfoodie|bufordhwyfinds|chambleega,atllovesmo|layalyofficial,True,205,False,0,True,"dessert=>cake | drinks=>cocktail,martini,rum","mediterranean=>mediterranean,falafel,hummus | coffee_cafe=>coffee,espresso",food_spot=>location_present,"meal_keywords=cocktail,martini,rum ; cuisine_matches=coffee_cafe,mediterranean ; content_type=food_spot ; location_present=True ; transcript_present=False"
3167691802714419074,Cv15ulSta-C,2023-08-12T11:06:38+00:00,https://www.instagram.com/p/Cv15ulSta-C/,drinks,food_spot,drinks,mediterranean,Zafron Restaurant,0.85,atlantafood|atlfood|atlpersianfood,atllovesmo|zafron_restaurant,True,106,False,0,True,"drinks=>cocktail,cocktails,bar",mediterranean=>hummus,food_spot=>location_present,"meal_keywords=cocktail,cocktails,bar ; cuisine_matches=mediterranean ; content_type=food_spot ; location_present=True ; transcript_present=False"
3211206218928079309,CyQfwrbu8HN,2023-10-11T12:02:11+00:00,https://www.instagram.com/p/CyQfwrbu8HN/,dinner,food_spot,dinner,,"Atlanta, Georgia",0.7,atldinnerclub|atleats|atlfoodie|secretatlanta|thingstodoinatlanta,atllovesmo|cheftrevorshankman,True,212,False,0,True,dinner=>dinner | drinks=>wine,,food_spot=>location_present,meal_keywords=dinner ; content_type=food_spot ; location_present=True ; transcript_present=False
3297475841225609533,C3C_M6Lr1E9,2024-02-07T12:59:00+00:00,https://www.instagram.com/p/C3C_M6Lr1E9/,unknown,food_spot,unknown,american|seafood,Cap’t loui,0.7,atleats|atlfoodie|duluth|duluthfood|seafoodboil,atllovesmo|captlouiduluth,True,171,False,0,True,,"american=>fried chicken | seafood=>seafood,lobster,crab,fish",food_spot=>location_present,"cuisine_matches=american,seafood ; content_type=food_spot ; location_present=True ; transcript_present=False"
3266322718462302970,C1UTzTru9r6,2023-12-26T13:09:21+00:00,https://www.instagram.com/p/C1UTzTru9r6/,dessert,food_spot,dessert,japanese,5Church Midtown,0.85,atlanta|atldatenight|atleats|atlfoodie,5churchatlanta|atllovesmo|colonysquareatl,True,151,False,0,True,"dinner=>dinner,date night | dessert=>dessert,cake,cookie | drinks=>cocktail,bar,gin",japanese=>sushi,food_spot=>location_present,"meal_keywords=dessert,cake,cookie ; cuisine_matches=japanese ; content_type=food_spot ; location_present=True ; transcript_present=False"
3169156308833520930,Cv7Gt85tc0i,2023-08-14T11:35:33+00:00,https://www.instagram.com/p/Cv7Gt85tc0i/,dinner,mixed,dinner,,,0.75,atldrinks|atlfoodie|sandyspringsga|whattodoinatl,atllovesmo|theselectatl,True,58,False,0,False,"dinner=>dinner,date night | drinks=>drink,drinks",,,"meal_keywords=dinner,date night ; content_type=mixed ; location_present=False ; transcript_present=False"
3500427746662992917,DCUBH1RxMwV,2024-11-13T13:13:37+00:00,https://www.instagram.com/p/DCUBH1RxMwV/,dessert,food_spot,dessert,,"Atlanta, Georgia",0.7,ad|tiffstreats|worldkindnessday,atllovesmo|tiffstreats,True,124,False,0,True,dessert=>cookie,,food_spot=>location_present,meal_keywords=cookie ; content_type=food_spot ; location_present=True ; transcript_present=False
3317775349544925778,C4LGxoiLDpS,2024-03-06T12:54:35+00:00,https://www.instagram.com/p/C4LGxoiLDpS/,dinner,activity,dinner,,,0.75,atlantaeats|atleats|atlfoodies|midtownatlanta|thingstodoinatlanta,altatoro.atl|atllovesmo|linacapturelife,True,188,False,0,False,"dinner=>dinner,date night | drinks=>cocktail",,activity=>experience,"meal_keywords=dinner,date night ; content_type=activity ; location_present=False ; transcript_present=False"
3621732540521137178,DJC-o6NPEQa,2025-04-29T22:09:27+00:00,https://www.instagram.com/p/DJC-o6NPEQa/,drinks,food_spot,drinks,mexican|italian,"Atlanta, Georgia",0.85,atlblog|atleats|atlfoodie|cincodemayo,rrealtacos,True,153,False,0,True,"drinks=>margarita,shot,shots","mexican=>taco,quesadilla,birria | italian=>pizza",food_spot=>location_present,"meal_keywords=margarita,shot,shots ; cuisine_matches=italian,mexican ; content_type=food_spot ; location_present=True ; transcript_present=False"
3327172808335582115,C4sfgqDLmOj,2024-03-19T12:18:35+00:00,https://www.instagram.com/p/C4sfgqDLmOj/,drinks,food_spot,drinks,mediterranean,"Atlanta, Georgia",0.95,atlantablog|atldatenight|atleats|atlfoodie,atllovesmo|ela.atlanta|virginiahighlanddistrict.,True,179,False,0,True,"brunch=>brunch | dinner=>dinner,date night | drinks=>cocktail,cocktails,bar,happy hour,gin","mediterranean=>mediterranean,hummus",food_spot=>location_present,"meal_keywords=cocktail,cocktails,bar,happy hour,gin ; cuisine_matches=mediterranean ; content_type=food_spot ; location_present=True ; transcript_present=False"
3512017135923100149,DC9MPpHx_n1,2024-11-29T12:58:28+00:00,https://www.instagram.com/p/DC9MPpHx_n1/,drinks,food_spot,drinks,mexican|coffee_cafe,"Atlanta, Georgia",0.95,atlblog|atldatenight|atleats|atlfoodie|rrealtacos,rrealtacos,True,239,False,0,True,"dinner=>date night | drinks=>cocktail,cocktails,liquor,bar,tequila,rum,shot,shots","mexican=>taco,birria | coffee_cafe=>coffee",food_spot=>location_present,"meal_keywords=cocktail,cocktails,liquor,bar,tequila,rum,shot,shots ; cuisine_matches=coffee_cafe,mexican ; content_type=food_spot ; location_present=True ; transcript_present=False"
3280113883019819258,C2FTjKkOTj6,2024-01-14T13:48:01+00:00,https://www.instagram.com/p/C2FTjKkOTj6/,dinner,food_spot,dinner,bakery,Bask Steakhouse,0.75,atlantafood|atleats|atlfoodie|roswellgeorgia|roswellrw,atllovesmo|basksteakhouse|elliotrubenstein|roswellrw,True,274,False,0,True,"dinner=>dinner,date night | dessert=>dessert | drinks=>cocktail,gin",bakery=>bread,food_spot=>location_present,"meal_keywords=dinner,date night ; cuisine_matches=bakery ; content_type=food_spot ; location_present=True ; transcript_present=False"
3436676681258339515,C-xhzu6RYy7,2024-08-17T14:10:22+00:00,https://www.instagram.com/p/C-xhzu6RYy7/,breakfast,food_spot,breakfast,,Serenbe,0.7,atlblog|atlfood|atlgetaway,atllovesmo|bamboojuices|innatserenbe|serenbe|serenbe_trailriding|serenbefarmhouse|spaserenbe,True,248,False,0,True,breakfast=>breakfast | dinner=>dinner,,food_spot=>location_present,meal_keywords=breakfast ; content_type=food_spot ; location_present=True ; transcript_present=False
3709123737607590060,DN5dGM4EdCs,2025-08-28T11:57:21+00:00,https://www.instagram.com/p/DN5dGM4EdCs/,dinner,food_spot,dinner,italian|japanese|seafood|bakery|coffee_cafe,"Atlanta, Georgia",0.7,atlantafood|atlblog|thingstodoinatl,atllovesmo|chefjoeyward|georgiaboyatlanta|ryokou.atl|stceciliaatl,True,226,False,0,True,dinner=>date night | dessert=>gelato | drinks=>martini,"italian=>pasta | japanese=>omakase | seafood=>seafood,fish | bakery=>bread | coffee_cafe=>espresso",food_spot=>location_present,"meal_keywords=date night ; cuisine_matches=bakery,coffee_cafe,italian,japanese,seafood ; content_type=food_spot ; location_present=True ; transcript_present=False"
3239687988443053320,Cz1rw-WP30I,2023-11-19T19:11:15+00:00,https://www.instagram.com/p/Cz1rw-WP30I/,drinks,food_spot,drinks,,"Atlanta, Georgia",0.85,atlanta|atlcocktails|atleats|rhingstodoinatlanta,atllovesmo|bellyardhotel|drawbaratl|theinterlockatl,True,103,False,0,True,"drinks=>cocktail,cocktails,bar",,food_spot=>location_present,"meal_keywords=cocktail,cocktails,bar ; content_type=food_spot ; location_present=True ; transcript_present=False"
3693179877395405397,DNAz4f7xhpV,2025-08-06T11:59:40+00:00,https://www.instagram.com/p/DNAz4f7xhpV/,event,event,drinks,,"Atlanta, Georgia",0.85,atlblog|atlfoodandwinefest|thingstodoinatlanta,atlfoodandwine|atllovesmo|homedepot,True,199,False,0,True,"drinks=>cocktail,cocktails,wine",,"event=>festival,ticket","event_keywords=festival,ticket ; content_type=event ; location_present=True ; transcript_present=False"
3513534477874010103,DDClP37xJf3,2024-12-01T15:13:18+00:00,https://www.instagram.com/p/DDClP37xJf3/,drinks,activity,drinks,american|italian|mediterranean|seafood|bakery|coffee_cafe,,0.95,atlblog|atldatenight|atleats|thingstodoinatlanta,colonysquareatl|colonysquareatl.|politanrow.colonysquare.|rumiskitchenofficial.|saintscouncil.|serenapastificio.,True,326,False,0,False,"dinner=>dinner,date night | dessert=>dessert,cookie | drinks=>cocktail,cocktails,wine,bar,drink,drinks,martini,rum",american=>american | italian=>pasta | mediterranean=>hummus | seafood=>oyster | bakery=>bread | coffee_cafe=>cafe,"activity=>walk,park","meal_keywords=cocktail,cocktails,wine,bar,drink,drinks,martini,rum ; cuisine_matches=american,bakery,coffee_cafe,italian,mediterranean,seafood ; content_type=activity ; location_present=False ; transcript_present=False"
3475746502221949574,DA8VQdKPuqG,2024-10-10T11:56:09+00:00,https://www.instagram.com/p/DA8VQdKPuqG/,event,event,drinks,mexican,"Atlanta, Georgia",0.85,atlblog|atldatenight|thingstodoinatlanta,atlannatonight|atllovesmo|bellyardhotel|drawbaratl|hauntedundergroundatl|knotts01|netherworldhauntedhouse|rrealtacos|sixflagsovergeorgia|underground_atlanta,True,317,False,0,True,"dinner=>date night | drinks=>cocktail,cocktails,bar",mexican=>taco,event=>ticket,event_keywords=ticket ; cuisine_matches=mexican ; content_type=event ; location_present=True ; transcript_present=False
3597757347180471013,DHtzT7avmLl,2025-03-27T20:09:06+00:00,https://www.instagram.com/p/DHtzT7avmLl/,drinks,food_spot,drinks,,"Atlanta, Georgia",0.7,atlblog|atleats,atllovesmo|zocalo,True,141,False,0,True,drinks=>margarita,,food_spot=>location_present,meal_keywords=margarita ; content_type=food_spot ; location_present=True ; transcript_present=False
3465608018631543426,DAYUCGhR0qC,2024-09-26T12:12:02+00:00,https://www.instagram.com/p/DAYUCGhR0qC/,drinks,food_spot,drinks,japanese|vegan|coffee_cafe,"Atlanta, Georgia",0.85,,buckheadvillagedistrict|planta,True,186,False,0,True,"dinner=>date night | drinks=>cocktail,cocktails,happy hour",japanese=>sushi | vegan=>vegan | coffee_cafe=>espresso,food_spot=>location_present,"meal_keywords=cocktail,cocktails,happy hour ; cuisine_matches=coffee_cafe,japanese,vegan ; content_type=food_spot ; location_present=True ; transcript_present=False"
3398212941781236597,C8o4KqCAXt1,2024-06-25T12:30:50+00:00,https://www.instagram.com/p/C8o4KqCAXt1/,drinks,food_spot,drinks,italian|mediterranean,"Atlanta, Georgia",0.95,atlantafoodie|atlblog|atleats|atlfoodie,atllovesmo|peraatl,True,225,False,0,True,"brunch=>brunch | dinner=>date night | dessert=>cake | drinks=>cocktail,cocktails,bar,mocktail","italian=>italian | mediterranean=>mediterranean,hummus",food_spot=>location_present,"meal_keywords=cocktail,cocktails,bar,mocktail ; cuisine_matches=italian,mediterranean ; content_type=food_spot ; location_present=True ; transcript_present=False"
3533166086566342903,DEIU9YSPnD3,2024-12-28T17:18:33+00:00,https://www.instagram.com/p/DEIU9YSPnD3/,drinks,food_spot,drinks,,"Atlanta, Georgia",0.7,atlblog|atldatenight|scad|thingstodoinatlanta,atllovesmo|imane_ayissi|scaddotedu|scadfash|scadshowatl|thesandypowell|thesandypowell.|zendaya,True,269,False,0,True,drinks=>bar,,food_spot=>location_present,meal_keywords=bar ; content_type=food_spot ; location_present=True ; transcript_present=False
3414147299906387476,C9hfOFdx34U,2024-07-17T12:11:01+00:00,https://www.instagram.com/p/C9hfOFdx34U/,event,event,unknown,american,"Atlanta, Georgia",0.7,antique|atlblog|marburgerfarm|marburgerfarmantiqueshow|thingstodoinatlanta,atllovesmo|marburgerfarm,True,232,False,0,True,,"american=>american,burger,southern",event=>event,event_keywords=event ; cuisine_matches=american ; content_type=event ; location_present=True ; transcript_present=False
3254746034357676314,C0rLkYcACka,2023-12-10T14:07:49+00:00,https://www.instagram.com/p/C0rLkYcACka/,drinks,food_spot,drinks,,The Bando,0.7,atlantafood|atlart|atlblog|atleats|atlfoodie|atlwings,atllovesmo|thebando_atl,True,217,False,0,True,drinks=>gin,,food_spot=>location_present,meal_keywords=gin ; content_type=food_spot ; location_present=True ; transcript_present=False
3506463678088000004,DCpdiMePrIE,2024-11-21T21:05:17+00:00,https://www.instagram.com/p/DCpdiMePrIE/,event,event,drinks,,"Atlanta, Georgia",0.75,atlblog|atldatenight|atleats|thingstodoinatlanta,atllovesmo|bellyardhotel|drawbaratl,True,192,False,0,True,"dinner=>dinner | drinks=>bar,gin",,event=>ticket,event_keywords=ticket ; content_type=event ; location_present=True ; transcript_present=False
3492480289903973928,DB3yFHYx5Yo,2024-11-02T14:09:43+00:00,https://www.instagram.com/p/DB3yFHYx5Yo/,drinks,food_spot,drinks,coffee_cafe,"Atlanta, Georgia",0.85,atlblog|atldatenight|atlfoodie,atllovesmo|hotelgranada_atlanta|maypeel_atlanta,True,155,False,0,True,"dinner=>date night | drinks=>cocktail,cocktails,bar",coffee_cafe=>matcha,food_spot=>location_present,"meal_keywords=cocktail,cocktails,bar ; cuisine_matches=coffee_cafe ; content_type=food_spot ; location_present=True ; transcript_present=False"
3295361581758404026,C27eeYnLdW6,2024-02-04T14:57:21+00:00,https://www.instagram.com/p/C27eeYnLdW6/,dessert,food_spot,dessert,chinese,"Atlanta, Georgia",0.7,atlantafood|atlblog|atleats|atlfoodie,atllovesmo|tioluchos,True,153,False,0,True,dessert=>dessert,chinese=>chinese,food_spot=>location_present,meal_keywords=dessert ; cuisine_matches=chinese ; content_type=food_spot ; location_present=True ; transcript_present=False
3411380812686802747,C9XqMZdx787,2024-07-13T16:33:16+00:00,https://www.instagram.com/p/C9XqMZdx787/,event,event,drinks,bbq,"Atlanta, Georgia",0.95,atlantafoodie|atlblog|atleats|culinarydropout|dunwoodyga,culinarydropout,True,246,False,0,True,"brunch=>brunch | lunch=>lunch | dinner=>dinner,date night | drinks=>cocktail,cocktails,wine,drink,drinks,happy hour,tequila | snack=>snack",bbq=>ribs,event=>live music,event_keywords=live music ; cuisine_matches=bbq ; content_type=event ; location_present=True ; transcript_present=False
3733802017732289217,DPRIScQkeLB,2025-10-01T13:05:56+00:00,https://www.instagram.com/p/DPRIScQkeLB/,drinks,food_spot,drinks,mexican|japanese,"Atlanta, Georgia",0.85,atlblog|atleats,atllovesmo|rrealtacos,True,142,False,0,True,"drinks=>drink,margarita,shot","mexican=>taco,birria | japanese=>ramen",food_spot=>location_present,"meal_keywords=drink,margarita,shot ; cuisine_matches=japanese,mexican ; content_type=food_spot ; location_present=True ; transcript_present=False"
3684005951569806677,DMgN-TtvkVV,2025-07-24T20:17:25+00:00,https://www.instagram.com/p/DMgN-TtvkVV/,lunch,food_spot,lunch,mexican|seafood,"Roswell, Georgia",0.7,atlblog|atlfoodie|roswellga|thingstodoinatlanta,acrossthecoastseafood|atllovesmo|cheffrazierfit1|prettylittletacosroswell|roswelljunction.,True,112,False,0,True,lunch=>sandwich | drinks=>bar,"mexican=>taco | seafood=>seafood,lobster,shrimp,fish",food_spot=>location_present,"meal_keywords=sandwich ; cuisine_matches=mexican,seafood ; content_type=food_spot ; location_present=True ; transcript_present=False"
3686240942651590041,DMoKJtXP8WZ,2025-07-27T22:12:21+00:00,https://www.instagram.com/p/DMoKJtXP8WZ/,dinner,food_spot,dinner,,"Atlanta, Georgia",0.75,atlblog|atleats|atlfoodie,atllovesmo|chefjaredwarwick|majinbeen|wickandnicks,True,128,False,0,True,"dinner=>dinner,tasting menu | drinks=>gin",,food_spot=>location_present,"meal_keywords=dinner,tasting menu ; content_type=food_spot ; location_present=True ; transcript_present=False"
3512804623264228087,DC__TF3A6L3,2024-11-30T15:03:21+00:00,https://www.instagram.com/p/DC__TF3A6L3/,event,event,drinks,bakery,Atlanta,0.95,atlantafoodie|atlblog|atlchristmas|atleats,atllovesmo|gabeergarden|malskitchenatl|toasttab,True,214,False,0,True,"breakfast=>pancake,eggs | dessert=>cake | drinks=>cocktail,cocktails,beer,bar",bakery=>bread,event=>live music,event_keywords=live music ; cuisine_matches=bakery ; content_type=event ; location_present=True ; transcript_present=False
3730945879261168631,DPG-4KBkcP3,2025-09-27T14:30:53+00:00,https://www.instagram.com/p/DPG-4KBkcP3/,event,event,drinks,seafood|bakery,"Atlanta, Georgia",0.95,atlblog|atlfoodie,lagardeatlanta,True,238,False,0,True,"lunch=>lunch | drinks=>cocktail,cocktails,vodka,tequila","seafood=>oyster,shrimp | bakery=>bread","event=>pop-up,ticket","event_keywords=pop-up,ticket ; cuisine_matches=bakery,seafood ; content_type=event ; location_present=True ; transcript_present=False"
3397754374953711485,C8nP5oZJTd9,2024-06-24T21:31:48+00:00,https://www.instagram.com/p/C8nP5oZJTd9/,lunch,food_spot,lunch,american|indian|bbq,"Atlanta, Georgia",0.7,atlantaeats|atlblog|atlfood|atlfoodie,atllovesmo|properhoproswell|smyrnastoutbrothers|thedhababbq|vikingalchemist,True,156,False,0,True,lunch=>sandwich,"american=>burger,southern | indian=>indian,masala | bbq=>bbq",food_spot=>location_present,"meal_keywords=sandwich ; cuisine_matches=american,bbq,indian ; content_type=food_spot ; location_present=True ; transcript_present=False"
3277180975900655723,C164rv9OgBr,2024-01-10T12:42:12+00:00,https://www.instagram.com/p/C164rv9OgBr/,breakfast,mixed,breakfast,thai|seafood,,0.65,atlantabrunch|atlantafoodie|atlbrunch|atleats,atllovesmo|linacapturelife|tikithai_atl,True,258,False,0,False,breakfast=>waffle | brunch=>brunch | dinner=>dinner | drinks=>cocktail,"thai=>thai | seafood=>lobster,crab",,"meal_keywords=waffle ; cuisine_matches=seafood,thai ; content_type=mixed ; location_present=False ; transcript_present=False"
3810959654764270791,DTjP51bkdTH,2026-01-16T00:10:29+00:00,https://www.instagram.com/p/DTjP51bkdTH/,event,event,dinner,american|italian|bakery,"Atlanta, Georgia",0.7,,atllovesmo|lylalilaatl|michelinguide,True,145,False,0,True,dinner=>date night | drinks=>wine,"american=>southern | italian=>italian,pasta | bakery=>bread",event=>seasonal,"event_keywords=seasonal ; cuisine_matches=american,bakery,italian ; content_type=event ; location_present=True ; transcript_present=False"
3269293782205080155,C1e3V-auiJb,2023-12-30T15:43:11+00:00,https://www.instagram.com/p/C1e3V-auiJb/,drinks,food_spot,drinks,coffee_cafe,"Atlanta, Georgia",0.95,atlantaeats|atlcocktails|atldatenight|atldrinks,atllovesmo|barblancatlanta|beetlecatatl|bontonatlanta|burlesbar|elmalo.atl|inmanpark|islaandcoatl|justkeepwaitingroom|littlespiritatl|thevictorianatlanta,True,172,False,0,True,"drinks=>cocktail,cocktails,bar,drink,drinks,martini",coffee_cafe=>espresso,food_spot=>location_present,"meal_keywords=cocktail,cocktails,bar,drink,drinks,martini ; cuisine_matches=coffee_cafe ; content_type=food_spot ; location_present=True ; transcript_present=False"
3692459436158690983,DM-QEsvxyan,2025-08-05T12:10:02+00:00,https://www.instagram.com/p/DM-QEsvxyan/,drinks,food_spot,drinks,italian|coffee_cafe,"Atlanta, Georgia",0.7,atlblog|extraordinarypizza|mistero1|mistero1pizza,mistero1pizza,True,248,False,0,True,drinks=>gin,italian=>pizza | coffee_cafe=>coffee,food_spot=>location_present,"meal_keywords=gin ; cuisine_matches=coffee_cafe,italian ; content_type=food_spot ; location_present=True ; transcript_present=False"
3710657136570177283,DN-5wF8iJcD,2025-08-30T14:44:17+00:00,https://www.instagram.com/p/DN-5wF8iJcD/,dinner,food_spot,dinner,italian,"Roswell, Georgia",0.75,atlblog|atlfoodie|roswellga,amorinousa|atllovesmo|madridspanishtaverna.|osteriamattone,True,220,False,0,True,"dinner=>dinner,date night | dessert=>gelato | drinks=>wine,happy hour","italian=>italian,pasta,pizza",food_spot=>location_present,"meal_keywords=dinner,date night ; cuisine_matches=italian ; content_type=food_spot ; location_present=True ; transcript_present=False"
3169878759796895535,Cv9q-_yv-8v,2023-08-15T11:32:01+00:00,https://www.instagram.com/p/Cv9q-_yv-8v/,dinner,food_spot,dinner,american|italian,Mission + Market,0.7,atlantafoodie|atldatenight|atleats|atlfoodie,atllovesmo|ianwinslade|jenisicecreams|missionandmkt,True,96,False,0,True,dinner=>date night | drinks=>whiskey,american=>american | italian=>gnocchi,food_spot=>location_present,"meal_keywords=date night ; cuisine_matches=american,italian ; content_type=food_spot ; location_present=True ; transcript_present=False"
3740517184192403373,DPo_I-YCFet,2025-10-10T19:28:34+00:00,https://www.instagram.com/p/DPo_I-YCFet/,drinks,food_spot,drinks,vegan|coffee_cafe,"Atlanta, Georgia",0.75,atlcoffeeshops|dairydisloyalty|minorfigurespartner,academycoffeeatl|drinkcoffeeman|gillybrewbar|minorfigures|radioroasterscoffee|recuerdos.atl|thepostcardatl.,True,166,False,0,True,"drinks=>bar,drink","vegan=>plant-based | coffee_cafe=>coffee,cafe",food_spot=>location_present,"meal_keywords=bar,drink ; cuisine_matches=coffee_cafe,vegan ; content_type=food_spot ; location_present=True ; transcript_present=False"
3471742281092696546,DAuGzXoPAni,2024-10-04T23:21:36+00:00,https://www.instagram.com/p/DAuGzXoPAni/,event,event,dinner,,"Atlanta, Georgia",0.7,atlblog|atldatenight|atlfoodie,atlartfair|prattpullmandistrict,True,61,False,0,True,dinner=>date night,,event=>ticket,event_keywords=ticket ; content_type=event ; location_present=True ; transcript_present=False
3355474601481943499,C6RCl86LTnL,2024-04-27T13:16:34+00:00,https://www.instagram.com/p/C6RCl86LTnL/,drinks,food_spot,drinks,mediterranean,"Atlanta, Georgia",0.95,atlantarooftop|atldatenight|atleats|atlrooftop|thingstodoinatl,atllovesmo|hyattcentricbuckheadatl|spacemanatl,True,100,False,0,True,"dinner=>date night | drinks=>cocktail,cocktails,bar,martini | snack=>small bites",mediterranean=>mediterranean,food_spot=>location_present,"meal_keywords=cocktail,cocktails,bar,martini ; cuisine_matches=mediterranean ; content_type=food_spot ; location_present=True ; transcript_present=False"
3775856978431120143,DRmieqiERMP,2025-11-28T13:44:36+00:00,https://www.instagram.com/p/DRmieqiERMP/,drinks,food_spot,drinks,mexican,"Atlanta, Georgia",0.95,atlblog|atleats|atlfoodie,atllovesmo|zocalo,True,223,False,0,True,"dinner=>date night | drinks=>cocktail,cocktails,margarita,shot",mexican=>mexican,food_spot=>location_present,"meal_keywords=cocktail,cocktails,margarita,shot ; cuisine_matches=mexican ; content_type=food_spot ; location_present=True ; transcript_present=False"
3617413535232746598,DIzonHFPORm,2025-04-23T23:03:09+00:00,https://www.instagram.com/p/DIzonHFPORm/,drinks,food_spot,drinks,italian|japanese|seafood,"Atlanta, Georgia",0.75,atlblog|atldatenight|atleats|atlfoodie,5churchatlanta|atllovesmo|colonysquareatl,True,147,False,0,True,"dinner=>date night | drinks=>cocktail,cocktails",italian=>pasta | japanese=>sushi | seafood=>crab,food_spot=>location_present,"meal_keywords=cocktail,cocktails ; cuisine_matches=italian,japanese,seafood ; content_type=food_spot ; location_present=True ; transcript_present=False"
3523693589622604632,DDmrKaCxsNY,2024-12-15T15:37:38+00:00,https://www.instagram.com/p/DDmrKaCxsNY/,unknown,activity,unknown,coffee_cafe,,0.7,atlblog|rcmemories|visitlakeoconee,ritzcarltonreynoldslakeoconee|visitlakeoconee,True,346,False,0,False,,coffee_cafe=>coffee,"activity=>walk,trail",cuisine_matches=coffee_cafe ; content_type=activity ; location_present=False ; transcript_present=False
3508634288146865699,DCxLEunv94j,2024-11-24T20:57:29+00:00,https://www.instagram.com/p/DCxLEunv94j/,drinks,food_spot,drinks,italian|seafood,"Atlanta, Georgia",0.95,atlblog|atldatenight|atleats,atllovesmo|forthatlanta|ilpremioatlanta|moonlightatlanta,True,228,False,0,True,"dinner=>dinner,date night | drinks=>cocktail,cocktails,bar,martini","italian=>pasta | seafood=>seafood,oyster",food_spot=>location_present,"meal_keywords=cocktail,cocktails,bar,martini ; cuisine_matches=italian,seafood ; content_type=food_spot ; location_present=True ; transcript_present=False"
3130047919884877365,CtwKf_asD41,2023-06-21T12:35:30+00:00,https://www.instagram.com/p/CtwKf_asD41/,breakfast,food_spot,breakfast,mexican|vegan|coffee_cafe,Muchacho,0.7,atlantabreakfast|atlantafood|atlfoodie|atltacos|atlvegan,atllovesmo|muchachoatl,True,80,True,2,True,breakfast=>breakfast,"mexican=>taco,burrito | vegan=>vegan | coffee_cafe=>coffee",food_spot=>location_present,"meal_keywords=breakfast ; cuisine_matches=coffee_cafe,mexican,vegan ; content_type=food_spot ; location_present=True ; transcript_present=True"
3747799846679055830,DQC3BqWkY3W,2025-10-20T20:38:52+00:00,https://www.instagram.com/p/DQC3BqWkY3W/,drinks,food_spot,drinks,coffee_cafe,"Cartersville, Georgia",0.75,atlblog|visitcartersville,boothmuseum|cartersvillemuseumcity|drownedvalleybrewingco|nagelsbagelsandbrews|savoyautomuseum|tellusmuseum|the.jerks.cartersville,True,330,False,0,True,"breakfast=>bagel | drinks=>brewery,bar",coffee_cafe=>latte,food_spot=>location_present,"meal_keywords=brewery,bar ; cuisine_matches=coffee_cafe ; content_type=food_spot ; location_present=True ; transcript_present=False"
3288100268531375885,C2hrcXrrd8N,2024-01-25T14:24:39+00:00,https://www.instagram.com/p/C2hrcXrrd8N/,dinner,food_spot,dinner,mediterranean|seafood,"Atlanta, Georgia",0.75,atlantafood|atlblog|atleats|atlfoodie|hosted,atllovesmo|buckheadvillagedistrict|carmelatl,True,119,False,0,True,"brunch=>brunch | dinner=>dinner,date night | drinks=>cocktail,bar",mediterranean=>mediterranean | seafood=>seafood,food_spot=>location_present,"meal_keywords=dinner,date night ; cuisine_matches=mediterranean,seafood ; content_type=food_spot ; location_present=True ; transcript_present=False"
3559853702330510471,DFnJBTTxOyH,2025-02-03T13:02:41+00:00,https://www.instagram.com/p/DFnJBTTxOyH/,dinner,food_spot,dinner,,"Atlanta, Georgia",0.7,atlblog|atldatenight|atleats|atlfoodie,atllovesmo|sundialatl|westinpeachtreeplaza,True,106,False,0,True,dinner=>date night | drinks=>cocktail,,food_spot=>location_present,meal_keywords=date night ; content_type=food_spot ; location_present=True ; transcript_present=False
3438066252596486940,C-2dwqERaMc,2024-08-19T12:11:26+00:00,https://www.instagram.com/p/C-2dwqERaMc/,event,event,drinks,american|japanese|indian,"Atlanta, Georgia",0.85,,brickandmortaratlanta|prattpullmandistrict,True,176,False,0,True,"dinner=>dinner | drinks=>cocktail,cocktails,gin | snack=>street food","american=>burger,southern | japanese=>japanese | indian=>curry","event=>market,pop-up","event_keywords=market,pop-up ; cuisine_matches=american,indian,japanese ; content_type=event ; location_present=True ; transcript_present=False"
3599073038748200044,DHyedwrRaxs,2025-03-29T15:45:59+00:00,https://www.instagram.com/p/DHyedwrRaxs/,event,event,dinner,,"Atlanta, Georgia",0.7,atlblog|atldatenight|thingstodoinatlanta,atlantavibevb|realprovb,True,224,False,0,True,dinner=>date night | drinks=>gin,,event=>ticket,event_keywords=ticket ; content_type=event ; location_present=True ; transcript_present=False
3538892446899673816,DEcq-47xJrY,2025-01-05T14:55:57+00:00,https://www.instagram.com/p/DEcq-47xJrY/,drinks,food_spot,drinks,american|seafood,"Decatur, Ga",0.75,atlblog|atleats|decaturga|thingstodoinatlanta,atllovesmo|brickstorepub|chgrestaurants|iberianpig|jenisicecreams.|opentable,True,170,False,0,True,"dinner=>date night | drinks=>drink,drinks",american=>burger | seafood=>shrimp,food_spot=>location_present,"meal_keywords=drink,drinks ; cuisine_matches=american,seafood ; content_type=food_spot ; location_present=True ; transcript_present=False"
3698538254031404181,DNT2PJDvDyV,2025-08-13T21:29:15+00:00,https://www.instagram.com/p/DNT2PJDvDyV/,event,event,unknown,,"Atlanta, Georgia",0.75,atlblog|shakyknees|shakykneespartner|thingstodoinatlanta,atllovesmo|blink182|deftones|highlysuspect|mychemicalromance|piedmontpark|pixiesofficial.|shakykneesfest,True,99,False,0,True,,,"event=>festival,ticket","event_keywords=festival,ticket ; content_type=event ; location_present=True ; transcript_present=False"
3148972286665279704,CuzZZxaO8jY,2023-07-17T15:17:12+00:00,https://www.instagram.com/p/CuzZZxaO8jY/,unknown,food_spot,unknown,mexican|coffee_cafe,Prevail Union ATL,0.7,atlantacoffee|atlantafoodie|atlcoffee|atlworkfromhome,atllovesmo|prevailcoffee|sentrallife,True,77,False,0,True,,mexican=>taco | coffee_cafe=>coffee,food_spot=>location_present,"cuisine_matches=coffee_cafe,mexican ; content_type=food_spot ; location_present=True ; transcript_present=False"
3293860388885220494,C22JJJzO8yO,2024-02-02T13:00:27+00:00,https://www.instagram.com/p/C22JJJzO8yO/,event,event,dinner,seafood,"Atlanta, Georgia",0.7,atlantaeats|atlblog|atlfoodie|atllounge|hosted,atllovesmo|thevaulthiddeninsidethebank,True,123,False,0,True,dinner=>date night,seafood=>shrimp,event=>limited time,event_keywords=limited time ; cuisine_matches=seafood ; content_type=event ; location_present=True ; transcript_present=False
3717359758094742080,DOWtwErkbJA,2025-09-08T20:38:18+00:00,https://www.instagram.com/p/DOWtwErkbJA/,event,event,drinks,bbq,"Atlanta, Georgia",0.95,,acfb|biggreenegg,True,185,False,0,True,"drinks=>cocktail,cocktails,bar,drink,drinks",bbq=>brisket,"event=>festival,market,live music,ticket","event_keywords=festival,market,live music,ticket ; cuisine_matches=bbq ; content_type=event ; location_present=True ; transcript_present=False"
3609173271461051623,DIWW_faRTzn,2025-04-12T14:12:03+00:00,https://www.instagram.com/p/DIWW_faRTzn/,event,event,drinks,,"Atlanta, Georgia",0.85,atlantablog|atleats|atlmarket|atlvintage|supporttinybusinesses|thingstodoinatlanta,3timaginarium.|atlantadairies|atlantadairies.|atllovesmo|drinkninedot|gvgatl|homegrownga,True,160,False,0,True,"breakfast=>breakfast | drinks=>beer,drink,gin",,"event=>event,market","event_keywords=event,market ; content_type=event ; location_present=True ; transcript_present=False"
3549250497657226030,DFBeIXbvMMu,2025-01-19T21:55:43+00:00,https://www.instagram.com/p/DFBeIXbvMMu/,drinks,food_spot,drinks,american|mediterranean|seafood,"Atlanta, Georgia",0.95,atlblog|atleats|atlfoodie,atlantadairies|atllovesmo|easternatl|elmalo.atl|smallfryatl|smallfryatl.,True,178,False,0,True,"lunch=>lunch,sandwich | dinner=>date night | dessert=>cake | drinks=>cocktail,cocktails,bar,vodka",american=>fried chicken | mediterranean=>falafel | seafood=>fish,food_spot=>location_present,"meal_keywords=cocktail,cocktails,bar,vodka ; cuisine_matches=american,mediterranean,seafood ; content_type=food_spot ; location_present=True ; transcript_present=False"
3507695044625128447,DCt1g77R1v_,2024-11-23T13:59:26+00:00,https://www.instagram.com/p/DCt1g77R1v_/,event,event,dinner,,"Atlanta, GA",0.75,atlblog|atldatenight|atlfoodie,atl_christkindl|atllovesmo|buckheadvillagedistrict|galleriaatl|lisas.creperie,True,156,False,0,True,dinner=>dinner,,"event=>event,market","event_keywords=event,market ; content_type=event ; location_present=True ; transcript_present=False"
3226412141749736822,CzGhL-oABV2,2023-11-01T11:33:50+00:00,https://www.instagram.com/p/CzGhL-oABV2/,drinks,food_spot,drinks,seafood,New York Prime Steakhouse - Buckhead,0.85,atlantadatenight|atlantafood|atleats|atlfoodie,atllovesmo|newyorkprime,True,115,False,0,True,"dinner=>dinner,date night | dessert=>dessert,cake | drinks=>cocktail,cocktails,wine",seafood=>crab,food_spot=>location_present,"meal_keywords=cocktail,cocktails,wine ; cuisine_matches=seafood ; content_type=food_spot ; location_present=True ; transcript_present=False"
3287356891280965117,C2fCazqu_39,2024-01-24T13:51:47+00:00,https://www.instagram.com/p/C2fCazqu_39/,dinner,food_spot,dinner,,Kevin Rathburns Steakhouse,0.75,atlantafood|atlblog|atldatenight|atleats|hosted,atlantabeltline.|atllovesmo|kevinrathbunsteak,True,173,False,0,True,"dinner=>dinner,date night | drinks=>bar",,food_spot=>location_present,"meal_keywords=dinner,date night ; content_type=food_spot ; location_present=True ; transcript_present=False"
3528902361885964176,DD5LgBPP_eQ,2024-12-22T20:06:31+00:00,https://www.instagram.com/p/DD5LgBPP_eQ/,drinks,food_spot,drinks,,"Atlanta, Georgia",0.95,atlblog|atleats|atlfoodie,atllovesmo|besobuckhead|opentable,True,214,False,0,True,"dessert=>donut | drinks=>cocktail,gin,rum,shot",,food_spot=>location_present,"meal_keywords=cocktail,gin,rum,shot ; content_type=food_spot ; location_present=True ; transcript_present=False"
3174208051473196284,CwNDWe3PqT8,2023-08-21T10:52:00+00:00,https://www.instagram.com/p/CwNDWe3PqT8/,unknown,mixed,unknown,mexican|coffee_cafe,,0.45,atlantacoffee|atlcoffee|atlcoffeeshops|atlwestend,atllovesmo|portraitcoffee,True,117,False,0,False,,"mexican=>taco | coffee_cafe=>coffee,latte",,"cuisine_matches=coffee_cafe,mexican ; content_type=mixed ; location_present=False ; transcript_present=False"
3745366948814363236,DP6N2VpkZpk,2025-10-17T12:03:15+00:00,https://www.instagram.com/p/DP6N2VpkZpk/,drinks,food_spot,drinks,italian,"Atlanta, Georgia",0.95,1|atiblog|atifoodie|atleats,varasanospizzeria,True,253,False,0,True,"breakfast=>breakfast | brunch=>brunch | drinks=>cocktail,cocktails,wine,gin","italian=>pasta,pizza",food_spot=>location_present,"meal_keywords=cocktail,cocktails,wine,gin ; cuisine_matches=italian ; content_type=food_spot ; location_present=True ; transcript_present=False"
3602131722146981746,DH9V7dkvKdy,2025-04-02T21:00:04+00:00,https://www.instagram.com/p/DH9V7dkvKdy/,dinner,food_spot,dinner,mediterranean,"Atlanta, Georgia",0.75,atlblog|atldatenight|atleats|mariettaga,adanaatl|atllovesmo,True,187,False,0,True,"dinner=>dinner,date night | drinks=>cocktail,cocktails",mediterranean=>hummus,food_spot=>location_present,"meal_keywords=dinner,date night ; cuisine_matches=mediterranean ; content_type=food_spot ; location_present=True ; transcript_present=False"
3773230192807479537,DRdNN5yEYjx,2025-11-24T22:44:39+00:00,https://www.instagram.com/p/DRdNN5yEYjx/,event,event,drinks,,"Atlanta, Georgia",0.95,atlblog|atleats,atllovesmo|layalyofficial,True,214,False,0,True,"dessert=>dessert,cookie | drinks=>cocktail,cocktails,bourbon,gin,rum",,"event=>pop-up,ticket","event_keywords=pop-up,ticket ; content_type=event ; location_present=True ; transcript_present=False"
3529420887248227115,DD7BZjnRksr,2024-12-23T13:20:55+00:00,https://www.instagram.com/p/DD7BZjnRksr/,drinks,food_spot,drinks,italian|seafood,"Atlanta, Georgia",0.75,atlblog|atleats|atlfoodie,ianwinslade|missionandmkt,True,148,False,0,True,"dinner=>dinner | drinks=>wine,happy hour",italian=>pasta | seafood=>lobster,food_spot=>location_present,"meal_keywords=wine,happy hour ; cuisine_matches=italian,seafood ; content_type=food_spot ; location_present=True ; transcript_present=False"
3493203106232347009,DB6WbejRSmB,2024-11-03T14:03:37+00:00,https://www.instagram.com/p/DB6WbejRSmB/,drinks,food_spot,drinks,mexican|coffee_cafe,"Atlanta, Georgia",0.7,atlblog|atleats|thingstodoinatlanta,atlantacoffeeshops|atllovesmo|fortheloveof.vinyl|martatransit|stereoatl,True,150,False,0,True,drinks=>bar,mexican=>taco | coffee_cafe=>coffee,food_spot=>location_present,"meal_keywords=bar ; cuisine_matches=coffee_cafe,mexican ; content_type=food_spot ; location_present=True ; transcript_present=False"
3157547147750572905,CvR3GbHOINp,2023-07-29T11:10:16+00:00,https://www.instagram.com/p/CvR3GbHOINp/,event,event,dinner,vegan,La Semilla,0.7,atlantafood|atlantavegan|atldatenight|atlfoodie|atlvegan|hosted,atllovesmo|happyseed|lasemilla.atl|lasemilla.atl.,True,157,False,0,True,dinner=>date night | drinks=>wine,"vegan=>vegan,plant based",event=>event,event_keywords=event ; cuisine_matches=vegan ; content_type=event ; location_present=True ; transcript_present=False
3392695635370733726,C8VRrSBSnCe,2024-06-17T21:49:42+00:00,https://www.instagram.com/p/C8VRrSBSnCe/,drinks,food_spot,drinks,vegan,"Atlanta, Georgia",0.75,atlantavegan|atlblog|atldatenight|atlfoodie|atlvegan,atllovesmo|lasemilla.atl|resy|reynoldstown_atl,True,191,False,0,True,"dinner=>date night | drinks=>cocktail,wine","vegan=>vegan,plant-based,plant based",food_spot=>location_present,"meal_keywords=cocktail,wine ; cuisine_matches=vegan ; content_type=food_spot ; location_present=True ; transcript_present=False"
3426525267911630513,C-NdpOfxd6x,2024-08-03T14:02:18+00:00,https://www.instagram.com/p/C-NdpOfxd6x/,drinks,food_spot,drinks,seafood|coffee_cafe,"Atlanta, Georgia",0.95,,97estoria|atlantabeltline|breakerbreaker_atl.|dstrivia.|tinydoorsatl|treesatlanta,True,372,False,0,True,"lunch=>lunch,sandwich | drinks=>cocktail,bar,drink,drinks,gin","seafood=>seafood,oyster | coffee_cafe=>latte",food_spot=>location_present,"meal_keywords=cocktail,bar,drink,drinks,gin ; cuisine_matches=coffee_cafe,seafood ; content_type=food_spot ; location_present=True ; transcript_present=False"
3743489215637297995,DPzi5uWkRtL,2025-10-14T21:55:52+00:00,https://www.instagram.com/p/DPzi5uWkRtL/,event,event,unknown,,"Atlanta, Georgia",0.7,101|atlblog|atleats|atlhalloween,closefriendsatl|newrealmbrewing,True,76,False,0,True,,,event=>ticket,event_keywords=ticket ; content_type=event ; location_present=True ; transcript_present=False
3433001037400105154,C-keEEzx-DC,2024-08-12T12:27:47+00:00,https://www.instagram.com/p/C-keEEzx-DC/,event,event,drinks,mediterranean|vegan,"Atlanta, Georgia",0.75,,alphacitycenter|damselatlanta|masquerade_atl|roaring.social|theworksatl|underground_atlanta,True,311,False,0,True,"dinner=>supper | drinks=>bar,gin | snack=>quick bite",mediterranean=>falafel | vegan=>vegan,"event=>concert,live music","event_keywords=concert,live music ; cuisine_matches=mediterranean,vegan ; content_type=event ; location_present=True ; transcript_present=False"
3720070238269708073,DOgWCwDkZcp,2025-09-12T14:25:21+00:00,https://www.instagram.com/p/DOgWCwDkZcp/,event,event,drinks,seafood,"Atlanta, Georgia",0.95,,atlfoodandwine|drinksimply|homedepot|saltyourfood_atl|visitspc,True,240,False,0,True,"drinks=>cocktail,cocktails,wine,drink,drinks,gin","seafood=>shrimp,crab","event=>festival,ticket","event_keywords=festival,ticket ; cuisine_matches=seafood ; content_type=event ; location_present=True ; transcript_present=False"
3345326897829264823,C5s_RbarD23,2024-04-13T13:25:09+00:00,https://www.instagram.com/p/C5s_RbarD23/,unknown,activity,unknown,mexican|coffee_cafe,,0.65,atlantacoffee|atlblog|atlcoffee|atlfoodie,atllovesmo|mercedesbenzstadium|spillerpark,True,132,False,0,False,,"mexican=>taco | coffee_cafe=>coffee,cafe,latte",activity=>park,"cuisine_matches=coffee_cafe,mexican ; content_type=activity ; location_present=False ; transcript_present=False"
3685317134302789214,DMk4Ghyxz5e,2025-07-26T15:35:31+00:00,https://www.instagram.com/p/DMk4Ghyxz5e/,breakfast,food_spot,breakfast,mexican|italian|bakery|coffee_cafe,"Atlanta, Georgia",0.95,,atllovesmo|breakerbreaker_atl|colonysquareatl|no246atlanta|rumiskitchenofficial,True,273,False,0,True,"breakfast=>breakfast,bagel,pancake,eggs,omelet,omelette | brunch=>brunch | lunch=>sandwich | dessert=>cake,donut | drinks=>cocktail,cocktails,martini,tequila,gin,rum","mexican=>burrito | italian=>pasta,pizza | bakery=>bread | coffee_cafe=>espresso",food_spot=>location_present,"meal_keywords=breakfast,bagel,pancake,eggs,omelet,omelette ; cuisine_matches=bakery,coffee_cafe,italian,mexican ; content_type=food_spot ; location_present=True ; transcript_present=False"
3755048843038764825,DQcnQcTkS8Z,2025-10-30T20:46:05+00:00,https://www.instagram.com/p/DQcnQcTkS8Z/,event,event,breakfast,,"Atlanta, Georgia",0.8,atlblog|atlfoodie,atllovesmo|cabbagetownusa|chompandstomp,True,182,False,0,True,breakfast=>bagel | drinks=>drink,,"event=>event,market,live music","event_keywords=event,market,live music ; content_type=event ; location_present=True ; transcript_present=False"
3427451209164527135,C-QwLcfPBYf,2024-08-04T20:41:20+00:00,https://www.instagram.com/p/C-QwLcfPBYf/,event,event,drinks,,"Atlanta, Georgia",0.95,,foxtheatre.org.|thefoxtheatre,True,291,False,0,True,"dinner=>dinner | dessert=>dessert | drinks=>wine,beer,bar,drink",,"event=>ticket,seasonal","event_keywords=ticket,seasonal ; content_type=event ; location_present=True ; transcript_present=False"
3346060953869206340,C5vmLWYLcNE,2024-04-14T13:43:12+00:00,https://www.instagram.com/p/C5vmLWYLcNE/,event,event,drinks,mexican|vegan|coffee_cafe,Marietta Square Market,0.95,atlantaeats|atlblog|atlfoodie|mariettafood,atllovesmo|badgyalvegan|dcubancafe|eggrollboyz|mariettasquaremarket|sietetacosandtequila,True,168,False,0,True,"drinks=>cocktail,cocktails,bar,margarita,tequila,gin","mexican=>taco,birria | vegan=>vegan | coffee_cafe=>cafe",event=>market,"event_keywords=market ; cuisine_matches=coffee_cafe,mexican,vegan ; content_type=event ; location_present=True ; transcript_present=False"
3385870940926993967,C79B66BRWYv,2024-06-08T11:53:52+00:00,https://www.instagram.com/p/C79B66BRWYv/,event,event,drinks,,"Atlanta, Georgia",0.75,atlantablog|atleats|atlmarket|atlvintage|supporttinybusinesses|thingstodoinatlanta,3timaginarium.|atlantadairies|atlantadairies.|atllovesmo|gvgatl|homegrownga|therounds.co|topochicousa,True,156,False,0,True,"breakfast=>breakfast | drinks=>beer,gin",,"event=>event,market","event_keywords=event,market ; content_type=event ; location_present=True ; transcript_present=False"
3381580548684207267,C7tyZe3sVSj,2024-06-02T13:44:37+00:00,https://www.instagram.com/p/C7tyZe3sVSj/,event,event,lunch,,"Atlanta, Georgia",0.7,atlblog|atlfoodie|onlyzooatl|thingstodoinatl,zooatl,True,211,False,0,True,lunch=>lunch,,event=>event,event_keywords=event ; content_type=event ; location_present=True ; transcript_present=False
3758435929427136550,DQopZCUkdAm,2025-11-04T12:56:13+00:00,https://www.instagram.com/p/DQopZCUkdAm/,event,event,drinks,bakery|coffee_cafe,"Atlanta, Georgia",0.95,atlblog|atldatenight,3parkswine_fourthward.|atlantabeltline|atllovesmo|burlesbar|closecompanybar|forthatlanta|ilpremioatlanta,True,170,False,0,True,"dinner=>dinner,date night | drinks=>cocktail,cocktails,wine,bar",bakery=>pastry | coffee_cafe=>espresso,event=>grand opening,"event_keywords=grand opening ; cuisine_matches=bakery,coffee_cafe ; content_type=event ; location_present=True ; transcript_present=False"
3682568743306503358,DMbHMLNvaS-,2025-07-22T20:42:24+00:00,https://www.instagram.com/p/DMbHMLNvaS-/,drinks,food_spot,drinks,mediterranean|coffee_cafe,"Chamblee, Georgia",0.95,atlblog|chamblee|chambleega|explorega|thingstodoinatlanta,atllovesmo|layalyofficial,True,222,False,0,True,"dinner=>dinner | dessert=>ice cream,cake | drinks=>cocktail,cocktails,bar,mocktail,drink,drinks,rum",mediterranean=>falafel | coffee_cafe=>latte,food_spot=>location_present,"meal_keywords=cocktail,cocktails,bar,mocktail,drink,drinks,rum ; cuisine_matches=coffee_cafe,mediterranean ; content_type=food_spot ; location_present=True ; transcript_present=False"
3683035887639694193,DMcxaBRx4tx,2025-07-23T12:02:35+00:00,https://www.instagram.com/p/DMcxaBRx4tx/,event,event,drinks,,"Atlanta, Georgia",0.85,at|atlart|atlblog|atlfoodie,atllovesmo|douglasstrattonphotography|drinkninedot|runitback.ruma,True,133,False,0,True,"dinner=>dinner | drinks=>bar,drink,rum",,event=>popup,event_keywords=popup ; content_type=event ; location_present=True ; transcript_present=False
3177855629943332445,CwaAtvCP15d,2023-08-26T11:39:01+00:00,https://www.instagram.com/p/CwaAtvCP15d/,breakfast,activity,breakfast,mexican|coffee_cafe,,0.7,atlantacoffee|atlantaeats|atlbrunch|atlcoffee|atlcoffeeshops,atllovesmo|brashcoffee|thechastainatl,True,82,False,0,False,breakfast=>breakfast | brunch=>brunch,"mexican=>taco | coffee_cafe=>coffee,latte","activity=>walk,park","meal_keywords=breakfast ; cuisine_matches=coffee_cafe,mexican ; content_type=activity ; location_present=False ; transcript_present=False"
3554207678429145719,DFTFQ1yvCp3,2025-01-26T18:05:38+00:00,https://www.instagram.com/p/DFTFQ1yvCp3/,drinks,food_spot,drinks,chinese|thai|bbq,"Atlanta, Georgia",0.85,atlblog|atleats|atlfoodie,brickandmortaratlanta|prattpullmandistrict,True,117,False,0,True,"drinks=>cocktail,cocktails,gin",chinese=>dumpling | thai=>thai | bbq=>ribs,food_spot=>location_present,"meal_keywords=cocktail,cocktails,gin ; cuisine_matches=bbq,chinese,thai ; content_type=food_spot ; location_present=True ; transcript_present=False"
3343156464787047687,C5lRxeILsUH,2024-04-10T13:23:19+00:00,https://www.instagram.com/p/C5lRxeILsUH/,event,event,drinks,,"Atlanta, Georgia",0.75,atlantaevent|atlblog|atlrunners|peachtreeroadrace|thingstodoinatlanta,atlantabeltline|atlantatrackclub|braves|eathawkers|parktavern,True,224,False,0,True,"drinks=>drink,drinks",,"event=>event,ticket","event_keywords=event,ticket ; content_type=event ; location_present=True ; transcript_present=False"
3603310482138035152,DIBh8rXR3PQ,2025-04-04T12:05:34+00:00,https://www.instagram.com/p/DIBh8rXR3PQ/,drinks,food_spot,drinks,seafood,"Atlanta, Georgia",0.75,atldatenight|atlfood|atlfoodie,atllovesmo|lure.atl,True,97,False,0,True,"drinks=>bar,happy hour",seafood=>oyster,food_spot=>location_present,"meal_keywords=bar,happy hour ; cuisine_matches=seafood ; content_type=food_spot ; location_present=True ; transcript_present=False"
3253259130524855554,C0l5fFVOu0C,2023-12-08T12:32:36+00:00,https://www.instagram.com/p/C0l5fFVOu0C/,drinks,food_spot,drinks,american|coffee_cafe,"Atlanta, Georgia",0.95,atlantadrinks|atlcocktails|atleats|atlfoodie|thingstodoinatlanta,atllovesmo|thevaulthiddeninsidethebank,True,195,False,0,True,"brunch=>brunch | dinner=>date night | dessert=>cookie | drinks=>cocktail,cocktails,drink,drinks,martini",american=>southern | coffee_cafe=>espresso,food_spot=>location_present,"meal_keywords=cocktail,cocktails,drink,drinks,martini ; cuisine_matches=american,coffee_cafe ; content_type=food_spot ; location_present=True ; transcript_present=False"
3232984360243149867,Czd3iWEr7wr,2023-11-10T13:13:53+00:00,https://www.instagram.com/p/Czd3iWEr7wr/,drinks,food_spot,drinks,,"Atlanta, Georgia",0.95,atlanta|atldatenight|atldrinks|atleats|decaturga,atllovesmo|independent_distilling|senpainoodlesupply.|visitdecaturga,True,126,False,0,True,"drinks=>cocktail,cocktails,bar,drink,drinks,gin",,food_spot=>location_present,"meal_keywords=cocktail,cocktails,bar,drink,drinks,gin ; content_type=food_spot ; location_present=True ; transcript_present=False"
3767481904737093052,DRIyNTVkQW8,2025-11-17T00:27:12+00:00,https://www.instagram.com/p/DRIyNTVkQW8/,drinks,food_spot,drinks,american,"Atlanta, Georgia",0.95,atlblog|atlfoodie,atllovesmo|bar.avize|paintedduckatl,True,105,False,0,True,"dinner=>date night | drinks=>cocktail,bar,drink,martini",american=>burger,food_spot=>location_present,"meal_keywords=cocktail,bar,drink,martini ; cuisine_matches=american ; content_type=food_spot ; location_present=True ; transcript_present=False"
3294619633347901743,C241xnTurkv,2024-02-03T14:22:53+00:00,https://www.instagram.com/p/C241xnTurkv/,event,event,drinks,seafood,Steak Market,0.85,atlantaeats|atlcocktails|atlfoodie|atlsteakhouse,atllovesmo|steakmarketatl,True,187,False,0,True,"drinks=>cocktail,cocktails,martini","seafood=>lobster,crab",event=>market,event_keywords=market ; cuisine_matches=seafood ; content_type=event ; location_present=True ; transcript_present=False
3166218152514354756,CvwqqJmAv5E,2023-08-10T10:19:24+00:00,https://www.instagram.com/p/CvwqqJmAv5E/,drinks,food_spot,drinks,seafood,Steami's Lobster,0.7,atlantafood|atleats|atlfoodie|atllobster|duluthfood|hosted,atllovesmo|steamis_lobster,True,100,False,0,True,drinks=>rum,"seafood=>lobster,shrimp,crab",food_spot=>location_present,meal_keywords=rum ; cuisine_matches=seafood ; content_type=food_spot ; location_present=True ; transcript_present=False
3463437271259490870,DAQmdkfRSo2,2024-09-23T12:19:18+00:00,https://www.instagram.com/p/DAQmdkfRSo2/,dinner,food_spot,dinner,,"Atlanta, Georgia",0.75,atlantafoodie|atldatenight|atleats|atlfoodie,opentable|tulumatl,True,202,False,0,True,"dinner=>dinner,date night | dessert=>dessert | drinks=>cocktail,cocktails",,food_spot=>location_present,"meal_keywords=dinner,date night ; content_type=food_spot ; location_present=True ; transcript_present=False"
3488270548775894030,DBo05UcPnwO,2024-10-27T18:38:26+00:00,https://www.instagram.com/p/DBo05UcPnwO/,unknown,food_spot,unknown,,"Atlanta, Georgia",0.7,atlblog|atleats|atlfoodie|nandos|nandosgold,nandosusa,True,239,False,0,True,,,food_spot=>location_present,content_type=food_spot ; location_present=True ; transcript_present=False
3564299165322665692,DF27zTWR17c,2025-02-09T16:16:43+00:00,https://www.instagram.com/p/DF27zTWR17c/,event,event,drinks,,"Atlanta, Georgia",0.75,atlblog|atleats|atlfoodie,atllovesmo|girldinnerfoodtours|poncecitymarket,True,176,False,0,True,"dinner=>dinner | drinks=>drink,drinks",,event=>market,event_keywords=market ; content_type=event ; location_present=True ; transcript_present=False
3547050951028033002,DE5qAwAPMXq,2025-01-16T21:04:27+00:00,https://www.instagram.com/p/DE5qAwAPMXq/,drinks,food_spot,drinks,mexican|coffee_cafe,"Atlanta, Georgia",0.7,atlblog|atleats|thingstodoinatlanta,atlantacoffeeshops.|atllovesmo|martatransit|stereoatl,True,144,False,0,True,drinks=>bar,mexican=>taco | coffee_cafe=>coffee,food_spot=>location_present,"meal_keywords=bar ; cuisine_matches=coffee_cafe,mexican ; content_type=food_spot ; location_present=True ; transcript_present=False"
3687381031847209378,DMsNYMKxCmi,2025-07-29T12:04:47+00:00,https://www.instagram.com/p/DMsNYMKxCmi/,drinks,food_spot,drinks,,"Atlanta, Georgia",0.95,ad|atlblog|infatuationpartner|thingstodoinatlanta,infatuation_atlanta|madreselvaatl|moonlightatlanta|palosanto_atl,True,360,False,0,True,"dinner=>dinner | drinks=>bar,drink,margarita,tequila",,food_spot=>location_present,"meal_keywords=bar,drink,margarita,tequila ; content_type=food_spot ; location_present=True ; transcript_present=False"
3334515295043636769,C5Gk_5rLs4h,2024-03-29T15:13:51+00:00,https://www.instagram.com/p/C5Gk_5rLs4h/,unknown,food_spot,unknown,mexican|coffee_cafe,FiNCA TO FiLTER,0.7,atlantacoffeeshops|atlblog|atlcoffee|atlfoodie,atllovesmo|fincatofilter|zabs,True,70,False,0,True,,"mexican=>taco | coffee_cafe=>coffee,latte",food_spot=>location_present,"cuisine_matches=coffee_cafe,mexican ; content_type=food_spot ; location_present=True ; transcript_present=False"
3581122782152175695,DGytDJfPTBP,2025-03-04T21:19:33+00:00,https://www.instagram.com/p/DGytDJfPTBP/,dinner,food_spot,dinner,japanese|seafood,"Atlanta, Georgia",0.7,atlbeltline|atleats|atlfoodie,alexkinjo|atlantabeltline|atllovesmo|thekrogdistrictatl|yujiatlanta,True,108,False,0,True,dinner=>date night | drinks=>bar,japanese=>sushi | seafood=>seafood,food_spot=>location_present,"meal_keywords=date night ; cuisine_matches=japanese,seafood ; content_type=food_spot ; location_present=True ; transcript_present=False"
3534043104694613278,DELcXrEPbUe,2024-12-29T22:23:04+00:00,https://www.instagram.com/p/DELcXrEPbUe/,event,event,drinks,mexican|coffee_cafe,"Atlanta, Georgia",0.75,atlblog|atleats|atlfoodie,atllovesmo|butecoatl|thebeaconatl|weemscuisine,True,132,False,0,True,"drinks=>bar,martini","mexican=>taco,birria | coffee_cafe=>coffee","event=>event,live music","event_keywords=event,live music ; cuisine_matches=coffee_cafe,mexican ; content_type=event ; location_present=True ; transcript_present=False"
3303291360700854001,C3Xpf2wMO7x,2024-02-15T13:19:07+00:00,https://www.instagram.com/p/C3Xpf2wMO7x/,event,event,dinner,,Fernbank Museum of Natural History,0.8,atlblog|atldatenight|atlmuseum|thingstodoinatlanta,atllovesmo|fernbankmuseum,True,159,False,0,True,dinner=>date night | drinks=>bar,,"event=>event,live music,ticket","event_keywords=event,live music,ticket ; content_type=event ; location_present=True ; transcript_present=False"
3350467599391361366,C5_QIe1LYlW,2024-04-20T16:00:03+00:00,https://www.instagram.com/p/C5_QIe1LYlW/,event,event,drinks,coffee_cafe,"Newnan, Georgia",0.95,atlantadaytrip|atleats|atlfoodie|explorenewnancoweta,atllovesmo|bistrohilary|explorenewnancoweta|greenhousemercantile|leafandbeannewnan|linkandcharm|meat_n_greet_newnan|pearlandpinebeer|rocksaltmilkbarofnewnan|senoiacoffeecafe|shopboldsoul|theclassicmarket,True,303,False,0,True,"breakfast=>breakfast | lunch=>lunch,sandwich | dinner=>dinner | dessert=>ice cream | drinks=>wine,beer,brewery,bar,drink,drinks","coffee_cafe=>coffee,cafe",event=>market,event_keywords=market ; cuisine_matches=coffee_cafe ; content_type=event ; location_present=True ; transcript_present=False
3734086504504439480,DPSI-RNkTK4,2025-10-01T22:31:38+00:00,https://www.instagram.com/p/DPSI-RNkTK4/,event,event,drinks,,"Atlanta, Georgia",0.85,atlblog|atlhalloween,hauntedmidtownatl.,True,161,False,0,True,"drinks=>cocktail,cocktails,bar",,event=>ticket,event_keywords=ticket ; content_type=event ; location_present=True ; transcript_present=False
3778254267795763591,DRvDj0PEfGH,2025-12-01T21:04:20+00:00,https://www.instagram.com/p/DRvDj0PEfGH/,drinks,food_spot,drinks,coffee_cafe,"Atlanta, Georgia",0.75,atlblog|atleats,atllovesmo|fincatofilter|sidesaddlewine,True,87,False,0,True,"drinks=>wine,martini","coffee_cafe=>coffee,espresso",food_spot=>location_present,"meal_keywords=wine,martini ; cuisine_matches=coffee_cafe ; content_type=food_spot ; location_present=True ; transcript_present=False"
3428655470993518714,C-VB_wtxLB6,2024-08-06T12:34:09+00:00,https://www.instagram.com/p/C-VB_wtxLB6/,breakfast,food_spot,breakfast,seafood|coffee_cafe,Serenbe,0.7,,bamboojuices.|blueeyeddaisybakeshop|halsaserenbe.|innatserenbe|serenbe|serenbefarmhouse,True,247,False,0,True,breakfast=>breakfast | lunch=>lunch | dessert=>cake | drinks=>gin,seafood=>crab | coffee_cafe=>coffee,food_spot=>location_present,"meal_keywords=breakfast ; cuisine_matches=coffee_cafe,seafood ; content_type=food_spot ; location_present=True ; transcript_present=False"
3201087704820256801,CxsjE60rpAh,2023-09-27T13:07:06+00:00,https://www.instagram.com/p/CxsjE60rpAh/,drinks,food_spot,drinks,mexican,Lakewood Amphitheatre,0.7,1|atlantafoodie|atlanteats|atlfoodie|atltaco|bestinatlanta,atllovesmo|atlsportsbar2|doritos|goodmorningamerica|lakewoodamp|slappingtacosatl,True,152,False,0,True,drinks=>bar,mexican=>taco,food_spot=>location_present,meal_keywords=bar ; cuisine_matches=mexican ; content_type=food_spot ; location_present=True ; transcript_present=False
3135112754574722727,CuCKHCTOQan,2023-06-28T12:21:22+00:00,https://www.instagram.com/p/CuCKHCTOQan/,drinks,mixed,drinks,mexican,,0.75,atlanta|atlantacocktails|atlfoodblogger|atlfoodie,atllovesmo|lebonnosh,True,38,False,0,False,"drinks=>cocktail,cocktails",mexican=>taco,,"meal_keywords=cocktail,cocktails ; cuisine_matches=mexican ; content_type=mixed ; location_present=False ; transcript_present=False"
3802734995111496428,DTGB1SOkUrs,2026-01-04T15:44:27+00:00,https://www.instagram.com/p/DTGB1SOkUrs/,event,event,dinner,,"Atlanta, Georgia",0.75,atlblog|atldatenight|thingstodoinatlanta,atlantavibevb|gassouthdistrict|mlv,True,226,False,0,True,"dinner=>dinner,date night",,event=>ticket,event_keywords=ticket ; content_type=event ; location_present=True ; transcript_present=False
3225269600828514318,CzCdZ0eP-AO,2023-10-30T21:47:37+00:00,https://www.instagram.com/p/CzCdZ0eP-AO/,drinks,food_spot,drinks,japanese|seafood,"Atlanta, Georgia",0.95,atlantafood|atleats|atlfood|atlfoodie|thingstodoinatlanta,atllovesmo|avaloninsider|bovinoafterdark|bullyboyatl|leeandwhite|mf.bar|mfsushiatl|prefectureatl|saltyourfood_atl,True,249,False,0,True,"dinner=>dinner,tasting menu | drinks=>cocktail,cocktails,bar,drink","japanese=>sushi,omakase | seafood=>seafood",food_spot=>location_present,"meal_keywords=cocktail,cocktails,bar,drink ; cuisine_matches=japanese,seafood ; content_type=food_spot ; location_present=True ; transcript_present=False"
3285897844500585527,C2Z2q4drdw3,2024-01-22T13:22:06+00:00,https://www.instagram.com/p/C2Z2q4drdw3/,drinks,food_spot,drinks,mexican|coffee_cafe,"Atlanta, Georgia",0.75,atlanta|atlblog|atleats|switchyards|thingstodoinatl,atlantacoffeeshops|switchyards,True,365,False,0,True,"drinks=>bar,gin",mexican=>taco | coffee_cafe=>coffee,food_spot=>location_present,"meal_keywords=bar,gin ; cuisine_matches=coffee_cafe,mexican ; content_type=food_spot ; location_present=True ; transcript_present=False"
3370723761172998212,C7HN2bkr2hE,2024-05-18T14:23:18+00:00,https://www.instagram.com/p/C7HN2bkr2hE/,event,event,breakfast,american|mediterranean|bakery,"Atlanta, Georgia",0.7,atlantafoodie|atlblog|atlbluegrass|atlbrunch,atllovesmo|ladybirdatlanta,True,192,False,0,True,breakfast=>eggs | brunch=>brunch | drinks=>gin,american=>fried chicken | mediterranean=>gyro | bakery=>bread,event=>live music,"event_keywords=live music ; cuisine_matches=american,bakery,mediterranean ; content_type=event ; location_present=True ; transcript_present=False"
3776612088350355317,DRpOK9cka91,2025-11-29T14:41:35+00:00,https://www.instagram.com/p/DRpOK9cka91/,dinner,food_spot,dinner,seafood,"Atlanta, Georgia",0.75,atlantadatenight|atlantafood|atleats|atlfoodie,atllovesmo|newyorkprime,True,168,False,0,True,"dinner=>dinner,date night | dessert=>dessert,cake | drinks=>wine",seafood=>crab,food_spot=>location_present,"meal_keywords=dinner,date night ; cuisine_matches=seafood ; content_type=food_spot ; location_present=True ; transcript_present=False"
3786787723433557207,DSNX18HETzX,2025-12-13T15:38:27+00:00,https://www.instagram.com/p/DSNX18HETzX/,event,event,drinks,bbq|bakery,"Marietta, Georgia",0.75,,atllovesmo|hampandharrys|keefler,True,170,False,0,True,"lunch=>lunch | dinner=>dinner | dessert=>dessert | drinks=>cocktail,cocktails",bbq=>smoked | bakery=>pastry,event=>live music,"event_keywords=live music ; cuisine_matches=bakery,bbq ; content_type=event ; location_present=True ; transcript_present=False"
3587620162850699474,DHJyYezvrjS,2025-03-13T20:31:28+00:00,https://www.instagram.com/p/DHJyYezvrjS/,event,event,dinner,,"Atlanta, Georgia",0.7,atleats|atlfoodie|thingstodoinatlanta,atllovesmo|cheftrevorshankman|thevineclubatl,True,256,False,0,True,dinner=>dinner,,event=>ticket,event_keywords=ticket ; content_type=event ; location_present=True ; transcript_present=False
3805108444152832572,DTOdfg5kaI8,2026-01-07T22:18:48+00:00,https://www.instagram.com/p/DTOdfg5kaI8/,drinks,food_spot,drinks,thai|indian,"Atlanta, Georgia",0.85,,26thai|atllovesmo|pinklotusthai,True,145,False,0,True,"dinner=>date night | drinks=>cocktail,bar,mocktail",thai=>thai | indian=>curry,food_spot=>location_present,"meal_keywords=cocktail,bar,mocktail ; cuisine_matches=indian,thai ; content_type=food_spot ; location_present=True ; transcript_present=False"
3713737525082323845,DOJ2JpTkfuF,2025-09-03T20:55:45+00:00,https://www.instagram.com/p/DOJ2JpTkfuF/,drinks,food_spot,drinks,american|korean|coffee_cafe,"Atlanta, Georgia",0.95,atlblog|atldatenight|atleats|doraville|karaokeatl,atllovesmo|micsktv,True,208,False,0,True,"drinks=>cocktail,cocktails,margarita,martini",american=>burger | korean=>kimchi | coffee_cafe=>espresso,food_spot=>location_present,"meal_keywords=cocktail,cocktails,margarita,martini ; cuisine_matches=american,coffee_cafe,korean ; content_type=food_spot ; location_present=True ; transcript_present=False"
3175719214357963640,CwSa8y-MGN4,2023-08-23T12:56:31+00:00,https://www.instagram.com/p/CwSa8y-MGN4/,event,event,drinks,coffee_cafe,"Atlanta, Georgia",0.95,atlcocktails|atldrinks|atleats|atlfoodie|poncecitymarket,atllovesmo|atriumatl|poncecitymarket,True,62,False,0,True,"drinks=>cocktail,cocktails,drink,drinks",coffee_cafe=>matcha,event=>market,event_keywords=market ; cuisine_matches=coffee_cafe ; content_type=event ; location_present=True ; transcript_present=False
3747134304108511062,DQAfsviEX9W,2025-10-19T22:34:34+00:00,https://www.instagram.com/p/DQAfsviEX9W/,drinks,food_spot,drinks,mexican,"Atlanta, Georgia",0.95,atlblog|atleats,atllovesmo|zocalo,True,204,False,0,True,"drinks=>bar,mocktail,drink,drinks,margarita,tequila,shot","mexican=>taco,quesadilla,birria",food_spot=>location_present,"meal_keywords=bar,mocktail,drink,drinks,margarita,tequila,shot ; cuisine_matches=mexican ; content_type=food_spot ; location_present=True ; transcript_present=False"
3738138529500307550,DPgiS_kESBe,2025-10-07T12:44:17+00:00,https://www.instagram.com/p/DPgiS_kESBe/,dessert,food_spot,dessert,italian|coffee_cafe,"Sandy Spring, GA",0.75,atlblog|atlfoodie|thingstodoinatlanta,atllovesmo|sunnysidepizzeria,True,175,False,0,True,"dessert=>gelato,cake | drinks=>cocktail,martini","italian=>pasta,pizza | coffee_cafe=>espresso",food_spot=>location_present,"meal_keywords=gelato,cake ; cuisine_matches=coffee_cafe,italian ; content_type=food_spot ; location_present=True ; transcript_present=False"
3232241497180689853,CzbOoQ7u1W9,2023-11-09T12:34:51+00:00,https://www.instagram.com/p/CzbOoQ7u1W9/,event,event,breakfast,coffee_cafe,Oakland Cemetery,0.7,atlantaeats|atlbreakfast|atlcoffee|atlcoffeeshops,atllovesmo|grantparkatl|grantparkmarket|oaklandcemetery|percatlanta|perccoffee,True,77,False,0,True,breakfast=>breakfast,"coffee_cafe=>coffee,latte",event=>market,event_keywords=market ; cuisine_matches=coffee_cafe ; content_type=event ; location_present=True ; transcript_present=False
3238761969292666129,CzyZNnzu-UR,2023-11-18T12:30:22+00:00,https://www.instagram.com/p/CzyZNnzu-UR/,event,event,drinks,,"Atlanta, Georgia",0.75,atlblog|atldatenight|atleats|atthefox|broadwayatlanta|thewiz|thewizbroadway|thingstodoinatlanta,alotttoloveevents|annie_broadway|atllovesmo|drewfriday_|elsewherebrewing|elsewheregreenhouse|salsa_zero_atl|thefoxtheatre|thenutcrackerballet|thewizbway|tickpick.,True,244,False,0,True,drinks=>gin,,"event=>event,ticket","event_keywords=event,ticket ; content_type=event ; location_present=True ; transcript_present=False"
3382259034509278973,C7wMqwCR_79,2024-06-03T12:23:01+00:00,https://www.instagram.com/p/C7wMqwCR_79/,drinks,food_spot,drinks,seafood,"Sandy Springs, Georgia",0.95,atlantaeats|atldatenight|atlfoodie|sandyspringsga,atllovesmo|theselectatl|visitsandysprings,True,167,False,0,True,"dessert=>dessert | drinks=>cocktail,cocktails,bar,gin","seafood=>lobster,shrimp",food_spot=>location_present,"meal_keywords=cocktail,cocktails,bar,gin ; cuisine_matches=seafood ; content_type=food_spot ; location_present=True ; transcript_present=False"
3585453217095162059,DHCFrRTvRjL,2025-03-10T20:43:18+00:00,https://www.instagram.com/p/DHCFrRTvRjL/,event,event,dinner,,"Atlanta, Georgia",0.75,atlblog|atldatenight|atleats,atllovesmo|thesupermarket.atl,True,100,False,0,True,dinner=>date night,,"event=>event,market","event_keywords=event,market ; content_type=event ; location_present=True ; transcript_present=False"
3230790008906085340,CzWEmVIunPc,2023-11-07T12:30:50+00:00,https://www.instagram.com/p/CzWEmVIunPc/,drinks,food_spot,drinks,coffee_cafe,"Atlanta, Georgia",0.95,atlanta|atldatenight|atldrinks|atlfoodie,barpolitan|boldmonkbrewing|hotelclermont|politanrow.colonysquare|yalda.atl,True,239,False,0,True,"dinner=>date night | drinks=>cocktail,cocktails,bar,drink,drinks,martini",coffee_cafe=>espresso,food_spot=>location_present,"meal_keywords=cocktail,cocktails,bar,drink,drinks,martini ; cuisine_matches=coffee_cafe ; content_type=food_spot ; location_present=True ; transcript_present=False"
3341310623060186485,C5euE8DvdV1,2024-04-08T00:15:17+00:00,https://www.instagram.com/p/C5euE8DvdV1/,event,event,lunch,american|mexican|vegan|bakery,"Atlanta, Georgia",0.75,atlantafood|atlblog|atleats|atlfoodie,atllovesmo|birdcageatl|dipsdipsdipskitchen|fraziesmeatandmarket|fripperssausages|poncecitymarket|riversideatl,True,246,False,0,True,"lunch=>lunch,sandwich | drinks=>gin",american=>southern | mexican=>taco | vegan=>vegan | bakery=>bread,event=>market,"event_keywords=market ; cuisine_matches=american,bakery,mexican,vegan ; content_type=event ; location_present=True ; transcript_present=False"
3577260986601898607,DGk--oHRQJv,2025-02-27T13:31:45+00:00,https://www.instagram.com/p/DGk--oHRQJv/,event,event,drinks,japanese|seafood,"Atlanta, Georgia",0.95,atlblog|atldatenight|atleats,_nocturnalhabits|atllovesmo|bovinoafterdark|pisces.atl|resy|saltyourfood_atl|seventhouse,True,283,False,0,True,"dinner=>date night | drinks=>cocktail,cocktails,drink,drinks",japanese=>omakase | seafood=>oyster,event=>event,"event_keywords=event ; cuisine_matches=japanese,seafood ; content_type=event ; location_present=True ; transcript_present=False"
3840597207318366650,DVMis_LkYm6,2026-02-25T21:34:43+00:00,https://www.instagram.com/p/DVMis_LkYm6/,drinks,food_spot,drinks,,"Atlanta, Georgia",0.85,,atllovesmo|bansheelatenight|gaja_eav|sfseav,True,126,False,0,True,"dinner=>dinner,date night | drinks=>cocktail,cocktails,bar",,food_spot=>location_present,"meal_keywords=cocktail,cocktails,bar ; content_type=food_spot ; location_present=True ; transcript_present=False"
3751256411931274251,DQPI9TmkewL,2025-10-25T15:08:18+00:00,https://www.instagram.com/p/DQPI9TmkewL/,event,event,drinks,american|chinese|seafood,"Atlanta, Georgia",0.75,atlanta|atlblog,roshamboatl,True,149,False,0,True,"dinner=>dinner | drinks=>bar,martini",american=>fried chicken | chinese=>hot pot | seafood=>fish,"event=>market,seasonal","event_keywords=market,seasonal ; cuisine_matches=american,chinese,seafood ; content_type=event ; location_present=True ; transcript_present=False"
2914083321395217154,Chw51dhpwMC,2022-08-27T13:10:38+00:00,https://www.instagram.com/p/Chw51dhpwMC/,event,event,unknown,,"Duluth, Georgia",0.7,atlanta|atlantaeats|atlantafoodie|atlantatoday|atlblog|atlbucketlist|atlfoodie|baeeatsworld|boba|bobamilktea|bobatea|eatatlanta|eatnorthamerica|food|foodiesofinstagram|foodphotography|foodpics|foodstagram|forkyeahfoodies|globaleats|microinfluencer|thefoodieinitiave|theloserfam|weloveatl,xingfutang_ga,True,38,True,33,True,,,event=>grand opening,event_keywords=grand opening ; content_type=event ; location_present=True ; transcript_present=True
3789175384337093994,DSV2u-nERVq,2025-12-16T22:43:56+00:00,https://www.instagram.com/p/DSV2u-nERVq/,event,event,dinner,,"Atlanta, Georgia",0.75,1|2,atllovesmo|bovinoafterdark|seventhouse,True,146,False,0,True,"dinner=>dinner,date night | drinks=>drink,drinks",,event=>event,event_keywords=event ; content_type=event ; location_present=True ; transcript_present=False
3377911706704830166,C7gwMzgxl7W,2024-05-28T12:16:00+00:00,https://www.instagram.com/p/C7gwMzgxl7W/,event,event,dessert,mexican,Sugar Shane's,0.75,atlantacookies|atlblog|atleats|atlfoodie,atlantabeltline|atllovesmo|poncecitymarket|sugar_shanes,True,223,False,0,True,"lunch=>sandwich | dessert=>ice cream,cookie",mexican=>taco,"event=>market,pop-up","event_keywords=market,pop-up ; cuisine_matches=mexican ; content_type=event ; location_present=True ; transcript_present=False"
3623851434056756677,DJKga3lvi3F,2025-05-02T20:14:34+00:00,https://www.instagram.com/p/DJKga3lvi3F/,event,event,drinks,mexican,"Atlanta, Georgia",0.95,atlblog|atleats|atlfoodie,atllovesmo|casabalamatl|chicheriamx|eltesoroatl|eltesorowestend|leeandwhite|theworksatl|where2atlanta,True,334,False,0,True,"brunch=>brunch | lunch=>lunch | dinner=>dinner,date night | drinks=>beer,margarita,tequila,gin,shot,shots","mexican=>mexican,taco,quesadilla,birria",event=>live music,event_keywords=live music ; cuisine_matches=mexican ; content_type=event ; location_present=True ; transcript_present=False
3491202153362478458,DBzPdx-P9V6,2024-10-31T19:42:59+00:00,https://www.instagram.com/p/DBzPdx-P9V6/,event,event,drinks,vegan,"Atlanta, Georgia",0.95,atldatenight|atlevents|atllivemusic|thingstodoinatlanta,atllovesmo|bardo.atl|drinkninedot,True,178,False,0,True,"drinks=>bar,drink,gin,rum | snack=>snack",vegan=>plant based,"event=>event,live music,ticket,seasonal","event_keywords=event,live music,ticket,seasonal ; cuisine_matches=vegan ; content_type=event ; location_present=True ; transcript_present=False"
3783352400821188189,DSBKvanEXZd,2025-12-08T21:53:39+00:00,https://www.instagram.com/p/DSBKvanEXZd/,drinks,food_spot,drinks,italian|coffee_cafe,"Atlanta, Georgia",0.85,,atlantabeltline|barana.atl|burlesbar|closecompanybar|mondaynightgrove|recuerdos.atl,True,207,False,0,True,"breakfast=>breakfast | lunch=>sandwich | dinner=>date night | dessert=>dessert | drinks=>cocktail,beer,bar","italian=>pizza | coffee_cafe=>coffee,espresso",food_spot=>location_present,"meal_keywords=cocktail,beer,bar ; cuisine_matches=coffee_cafe,italian ; content_type=food_spot ; location_present=True ; transcript_present=False"
3179344619798681263,CwfTRY5plav,2023-08-28T12:58:31+00:00,https://www.instagram.com/p/CwfTRY5plav/,lunch,food_spot,lunch,mediterranean,"Atlanta, Georgia",0.7,atlantaeats|atlantafood|atleats|atlfood|hosted,atllovesmo|ianwinslade|zakiarestaurant,True,81,False,0,True,lunch=>lunch | dinner=>date night,mediterranean=>hummus,food_spot=>location_present,meal_keywords=lunch ; cuisine_matches=mediterranean ; content_type=food_spot ; location_present=True ; transcript_present=False
3510147700303337795,DC2jLxhvBlD,2024-11-26T23:04:17+00:00,https://www.instagram.com/p/DC2jLxhvBlD/,event,event,drinks,,"Tucker, Georgia",0.95,atlblog|atldatenight|discoverdekalb|lovedekalb|tuckerga,cityoftucker|discoverdekalb|thelocal_no7.,True,211,False,0,True,"dinner=>dinner,date night | drinks=>cocktail,cocktails,beer,drink,drinks",,"event=>event,live music","event_keywords=event,live music ; content_type=event ; location_present=True ; transcript_present=False"
3504359570321228526,DCh_HZaPMLu,2024-11-18T23:24:12+00:00,https://www.instagram.com/p/DCh_HZaPMLu/,unknown,food_spot,unknown,coffee_cafe,"Atlanta, Georgia",0.7,atlblog|atleats|atlfoodie,atllovesmo|brashcoffee,True,88,False,0,True,,coffee_cafe=>coffee,food_spot=>location_present,cuisine_matches=coffee_cafe ; content_type=food_spot ; location_present=True ; transcript_present=False
3821037667698722836,DUHDYOYkcgU,2026-01-29T21:50:54+00:00,https://www.instagram.com/p/DUHDYOYkcgU/,dinner,food_spot,dinner,,"Atlanta, Georgia",0.75,,atllovesmo|zakiarestaurant,True,134,False,0,True,"dinner=>dinner,date night | drinks=>cocktail,cocktails",,food_spot=>location_present,"meal_keywords=dinner,date night ; content_type=food_spot ; location_present=True ; transcript_present=False"
3322128551212017381,C4aklDhLObl,2024-03-12T13:04:59+00:00,https://www.instagram.com/p/C4aklDhLObl/,dinner,food_spot,dinner,,"Atlanta, Georgia",0.7,atlantarestaurantclubpartner|atleats|atlfoodie|thingstodoinatl|whattodoinatl,atlantarestaurantclub|atllovesmo|elvinedolocal|torchedhopbrewing,True,251,False,0,True,dinner=>date night,,food_spot=>location_present,meal_keywords=date night ; content_type=food_spot ; location_present=True ; transcript_present=False
3178612438655952514,CwcsywEueaC,2023-08-27T12:44:41+00:00,https://www.instagram.com/p/CwcsywEueaC/,breakfast,food_spot,breakfast,mexican|coffee_cafe,"Atlanta, Georgia",0.7,atlantacoffeeshops|atlantawfh|atlcoffee|atlcoffeeshop,_oliveandpine_|atllovesmo|avondaleestates|biggerstaffbrewing|blackcoffeeatl|conlecheatl|mercedesbenzstadium|portraitcoffee|wonderfulworldcoffeeandtea,True,132,False,0,True,breakfast=>breakfast,"mexican=>taco | coffee_cafe=>coffee,latte,matcha",food_spot=>location_present,"meal_keywords=breakfast ; cuisine_matches=coffee_cafe,mexican ; content_type=food_spot ; location_present=True ; transcript_present=False"
3487451757787621373,DBl6uV6Pif9,2024-10-26T15:34:57+00:00,https://www.instagram.com/p/DBl6uV6Pif9/,drinks,food_spot,drinks,mexican,"Atlanta, Georgia",0.95,atlblog|atldatenight|atleats|atlfoodie|rrealtacos,rrealtacos,True,177,False,0,True,"dinner=>date night | drinks=>cocktail,cocktails,bar,margarita,tequila,shot,shots","mexican=>taco,birria",food_spot=>location_present,"meal_keywords=cocktail,cocktails,bar,margarita,tequila,shot,shots ; cuisine_matches=mexican ; content_type=food_spot ; location_present=True ; transcript_present=False"
3622431234417694126,DJFdgPmvxWu,2025-04-30T21:12:26+00:00,https://www.instagram.com/p/DJFdgPmvxWu/,dessert,food_spot,dessert,italian|coffee_cafe,"Atlanta, Georgia",0.7,atlblog|atlfoodie|thingstodoinatlanta,atllovesmo|sunnysidepizzeria,True,154,False,0,True,dessert=>gelato | drinks=>martini,"italian=>pasta,pizza | coffee_cafe=>espresso",food_spot=>location_present,"meal_keywords=gelato ; cuisine_matches=coffee_cafe,italian ; content_type=food_spot ; location_present=True ; transcript_present=False"
3790579775250189957,DSa2DjkkU6F,2025-12-18T21:19:26+00:00,https://www.instagram.com/p/DSa2DjkkU6F/,breakfast,food_spot,breakfast,american|japanese|seafood|bakery|coffee_cafe,"Atlanta, Georgia",0.7,,atllovesmo|brushatl|cuddlefishatl|luckystaratl|momocafeatl,True,180,False,0,True,breakfast=>waffle | brunch=>brunch | dessert=>dessert | drinks=>gin,"american=>american | japanese=>japanese | seafood=>shrimp,crab,fish | bakery=>pastry | coffee_cafe=>coffee,cafe,matcha",food_spot=>location_present,"meal_keywords=waffle ; cuisine_matches=american,bakery,coffee_cafe,japanese,seafood ; content_type=food_spot ; location_present=True ; transcript_present=False"
3525070279229826822,DDrkL4Jx-cG,2024-12-17T13:12:47+00:00,https://www.instagram.com/p/DDrkL4Jx-cG/,brunch,food_spot,brunch,mexican,"Atlanta, Georgia",0.7,atlantafood|atleats|atlfoodie,tacosandtequilas,True,109,False,0,True,brunch=>brunch | drinks=>tequila,"mexican=>taco,elote",food_spot=>location_present,meal_keywords=brunch ; cuisine_matches=mexican ; content_type=food_spot ; location_present=True ; transcript_present=False
3420200230702556857,C92_f0jvCa5,2024-07-25T20:34:57+00:00,https://www.instagram.com/p/C92_f0jvCa5/,dinner,food_spot,dinner,mediterranean,"Atlanta, Georgia",0.7,atlblog|atleats|atlfoodie|buckheadrestaurantweek,buckheadrestaurantweek|livablebuckhead|zakiarestaurant,True,105,False,0,True,dinner=>date night | dessert=>dessert,mediterranean=>falafel,food_spot=>location_present,meal_keywords=date night ; cuisine_matches=mediterranean ; content_type=food_spot ; location_present=True ; transcript_present=False
3163365833615073887,CvmiHcnO-Jf,2023-08-06T11:52:00+00:00,https://www.instagram.com/p/CvmiHcnO-Jf/,breakfast,food_spot,breakfast,mexican|bbq|vegan|bakery|coffee_cafe,"Atlanta, Georgia",0.7,atlantafood|atlbreakfast|atlbrunch|atlfood|atlfoodie,atllovesmo|biggerstaffbrewing|butcherandbee|inmanpark|muchachoatl|oldfourthward|reynoldstown_atl|thedailyatl|westmidtownatl,True,130,False,0,True,breakfast=>breakfast | brunch=>brunch | lunch=>sandwich | drinks=>gin,"mexican=>taco,burrito | bbq=>smoked,brisket | vegan=>vegan | bakery=>bread | coffee_cafe=>latte",food_spot=>location_present,"meal_keywords=breakfast ; cuisine_matches=bakery,bbq,coffee_cafe,mexican,vegan ; content_type=food_spot ; location_present=True ; transcript_present=False"
3505499263742726436,DCmCQHnx1Ek,2024-11-20T13:08:41+00:00,https://www.instagram.com/p/DCmCQHnx1Ek/,event,event,dessert,seafood|coffee_cafe,"Atlanta, Georgia",0.75,atlblog|atleats|atlfoodie,givingkitchen|snoozeameatery,True,182,False,0,True,"breakfast=>breakfast | brunch=>benedict | dinner=>dinner | dessert=>cake,sweet tooth | drinks=>drink,martini",seafood=>crab | coffee_cafe=>espresso,"event=>event,ticket","event_keywords=event,ticket ; cuisine_matches=coffee_cafe,seafood ; content_type=event ; location_present=True ; transcript_present=False"
3351191060996825944,C6B0oO9LiNY,2024-04-21T15:35:55+00:00,https://www.instagram.com/p/C6B0oO9LiNY/,brunch,food_spot,brunch,bbq|bakery|coffee_cafe,"Atlanta, Georgia",0.75,atlbottomlessbrunch|atlbrunch|atleats|atlfoodie,atllovesmo|flightclubdartsusa|quincybondsproductions,True,138,False,0,True,"breakfast=>breakfast | brunch=>brunch,mimosa | drinks=>martini,gin",bbq=>smoked | bakery=>bread | coffee_cafe=>espresso,food_spot=>location_present,"meal_keywords=brunch,mimosa ; cuisine_matches=bakery,bbq,coffee_cafe ; content_type=food_spot ; location_present=True ; transcript_present=False"
3570013730433865128,DGLPJK1xxWo,2025-02-17T13:27:22+00:00,https://www.instagram.com/p/DGLPJK1xxWo/,event,event,drinks,italian|coffee_cafe,"Atlanta, Georgia",0.95,atlblog|atldatenight|atleats|atlfoodie|martinimo,atlanticstation|atllovesmo|illy_atlanta,True,185,False,0,True,"dinner=>dinner,date night | drinks=>alcohol,wine,beer,drink,drinks,martini","italian=>italian,pasta | coffee_cafe=>coffee,espresso",event=>event,"event_keywords=event ; cuisine_matches=coffee_cafe,italian ; content_type=event ; location_present=True ; transcript_present=False"
3235875630607856622,CzoI73buXPu,2023-11-14T12:57:22+00:00,https://www.instagram.com/p/CzoI73buXPu/,event,event,unknown,,,0.75,atlhawks|atlsports|basketball|datenight|gosports|sports,atlhawks|atllovesmo|statefarmarena|tickpick,True,146,False,0,False,,,"event=>event,ticket","event_keywords=event,ticket ; content_type=event ; location_present=False ; transcript_present=False"
3259065407674803666,C06hriUOGXS,2023-12-16T13:02:49+00:00,https://www.instagram.com/p/C06hriUOGXS/,drinks,food_spot,drinks,bbq,Edge on the BeltLine,0.85,atlantafood|atlbeltline|atleats|atlfoodie|hosted,atllovesmo|thebaxteronthebeltline,True,151,False,0,True,"drinks=>cocktail,cocktails,bar",bbq=>brisket,food_spot=>location_present,"meal_keywords=cocktail,cocktails,bar ; cuisine_matches=bbq ; content_type=food_spot ; location_present=True ; transcript_present=False"
3136532841033395190,CuHNAA4JGv2,2023-06-30T11:18:10+00:00,https://www.instagram.com/p/CuHNAA4JGv2/,unknown,food_spot,unknown,mexican|coffee_cafe,Spiller Park Coffee Toco Hill,0.7,atlantacoffee|atlantacoffeeshops|atlcoffee,atllovesmo|spillerpark,True,49,False,0,True,,mexican=>taco | coffee_cafe=>coffee,food_spot=>location_present,"cuisine_matches=coffee_cafe,mexican ; content_type=food_spot ; location_present=True ; transcript_present=False"
3834753803556589585,DU3yERWEZAR,2026-02-17T19:59:20+00:00,https://www.instagram.com/p/DU3yERWEZAR/,event,event,drinks,seafood,"Atlanta, Georgia",0.85,,atllovesmo|steamhouselounge,True,144,False,0,True,"drinks=>drink,drinks,gin",seafood=>oyster,"event=>live music,ticket","event_keywords=live music,ticket ; cuisine_matches=seafood ; content_type=event ; location_present=True ; transcript_present=False"
3586641742885533685,DHGT6mNR7f1,2025-03-12T12:11:02+00:00,https://www.instagram.com/p/DHGT6mNR7f1/,dinner,food_spot,dinner,mexican|coffee_cafe,"Atlanta, Georgia",0.7,atlantaeats|atlblog|atldatenight,atllovesmo|rrealtacos,True,144,False,0,True,dinner=>date night | drinks=>bar,"mexican=>mexican,taco | coffee_cafe=>latte",food_spot=>location_present,"meal_keywords=date night ; cuisine_matches=coffee_cafe,mexican ; content_type=food_spot ; location_present=True ; transcript_present=False"
3742052083928185064,DPucItJjLjo,2025-10-12T22:18:51+00:00,https://www.instagram.com/p/DPucItJjLjo/,event,event,drinks,,"Atlanta, Georgia",0.85,atlblog|atlhalloween,hauntedmidtownatl.,True,140,False,0,True,"drinks=>cocktail,cocktails,bar",,event=>ticket,event_keywords=ticket ; content_type=event ; location_present=True ; transcript_present=False
3828992055016787326,DUjT_y3EY1-,2026-02-09T21:13:03+00:00,https://www.instagram.com/p/DUjT_y3EY1-/,drinks,food_spot,drinks,,"Atlanta, Georgia",0.95,,atllovesmo|calebjgrubb|chefjaredwarwick|majinbeen|wickandnicks,True,155,False,0,True,"dinner=>dinner,tasting menu | drinks=>bar,drink,drinks,gin",,food_spot=>location_present,"meal_keywords=bar,drink,drinks,gin ; content_type=food_spot ; location_present=True ; transcript_present=False"
3729054757421167963,DPAQ4tkEbVb,2025-09-24T23:54:55+00:00,https://www.instagram.com/p/DPAQ4tkEbVb/,event,event,drinks,american,"Atlanta, Georgia",0.95,atlblog|atleats|atlfoodie,atlutd|mercedesbenzstadium,True,170,False,0,True,"dinner=>dinner | dessert=>dessert | drinks=>alcohol,bar,drink,drinks",american=>hot dog,"event=>event,ticket","event_keywords=event,ticket ; cuisine_matches=american ; content_type=event ; location_present=True ; transcript_present=False"
3752888286458279210,DQU8ANMEfUq,2025-10-27T21:09:55+00:00,https://www.instagram.com/p/DQU8ANMEfUq/,dessert,food_spot,dessert,,"Atlanta, Georgia",0.7,atlblog|atldatenight|atleats,chelseaolivia13|cooksatl,True,130,False,0,True,dessert=>cake,,food_spot=>location_present,meal_keywords=cake ; content_type=food_spot ; location_present=True ; transcript_present=False
3331544291254885220,C48BeGxultk,2024-03-25T12:52:58+00:00,https://www.instagram.com/p/C48BeGxultk/,drinks,food_spot,drinks,,City Winery Atlanta,0.75,atlantablog|atlantawinery|atleats|atlfoodie|atlwine,atllovesmo|citywineryatl,True,131,False,0,True,"drinks=>wine,gin",,food_spot=>location_present,"meal_keywords=wine,gin ; content_type=food_spot ; location_present=True ; transcript_present=False"
3306904759653378383,C3kfFuxMClP,2024-02-20T13:03:15+00:00,https://www.instagram.com/p/C3kfFuxMClP/,event,event,drinks,,Westside Motor Lounge,0.85,atlanta|atlblog|atlevents|thingstodoinatlanta,atllovesmo|mysticdistrictmarket|westside_motor_lounge|westside_motor_lounge.,True,171,False,0,True,drinks=>gin,,"event=>event,market,live music,ticket","event_keywords=event,market,live music,ticket ; content_type=event ; location_present=True ; transcript_present=False"
3804401703568138525,DTL8zFcEeEd,2026-01-06T22:58:54+00:00,https://www.instagram.com/p/DTL8zFcEeEd/,event,event,drinks,coffee_cafe,"Atlanta, Georgia",0.8,,atllovesmo|fernbankmuseum|opocoffee.|thesupermarket.atl,True,163,False,0,True,drinks=>bar,"coffee_cafe=>coffee,latte","event=>event,market,live music","event_keywords=event,market,live music ; cuisine_matches=coffee_cafe ; content_type=event ; location_present=True ; transcript_present=False"
3430330056554016115,C-a-wMDP21z,2024-08-08T20:00:55+00:00,https://www.instagram.com/p/C-a-wMDP21z/,drinks,food_spot,drinks,coffee_cafe,"Atlanta, Georgia",0.75,,buckheadvillagedistrict|lebilboquetatlanta,True,109,False,0,True,"drinks=>martini,rum",coffee_cafe=>espresso,food_spot=>location_present,"meal_keywords=martini,rum ; cuisine_matches=coffee_cafe ; content_type=food_spot ; location_present=True ; transcript_present=False"
3620986139394950640,DJAU7V_P8Xw,2025-04-28T21:20:46+00:00,https://www.instagram.com/p/DJAU7V_P8Xw/,unknown,food_spot,unknown,chinese,"Atlanta, Georgia",0.7,atlblog|deltapartner|doechii|thingstodoinatlanta|uber,delta|doechii|granaatl|gus.dumplings.|sugarshanes|uber,True,167,False,0,True,,chinese=>dumpling,food_spot=>location_present,cuisine_matches=chinese ; content_type=food_spot ; location_present=True ; transcript_present=False
3541753356920189157,DEm1enBRnDl,2025-01-09T13:38:55+00:00,https://www.instagram.com/p/DEm1enBRnDl/,drinks,food_spot,drinks,seafood,"Atlanta, Georgia",0.75,atlblog|atldatenight|atleats|atlfoodie,atllovesmo|bontonatlanta|justkeepwaitingroom,True,135,False,0,True,"dinner=>dinner | drinks=>drink,drinks","seafood=>seafood,crab",food_spot=>location_present,"meal_keywords=drink,drinks ; cuisine_matches=seafood ; content_type=food_spot ; location_present=True ; transcript_present=False"
3737025864275166484,DPclTlUkYUU,2025-10-05T23:52:24+00:00,https://www.instagram.com/p/DPclTlUkYUU/,drinks,food_spot,drinks,mediterranean|coffee_cafe,"Atlanta, Georgia",0.95,atlblog|atlfoodie,atllovesmo|layalyofficial,True,196,False,0,True,"drinks=>cocktail,cocktails,vodka,gin,rum","mediterranean=>hummus | coffee_cafe=>latte,matcha",food_spot=>location_present,"meal_keywords=cocktail,cocktails,vodka,gin,rum ; cuisine_matches=coffee_cafe,mediterranean ; content_type=food_spot ; location_present=True ; transcript_present=False"
3409806936903129398,C9SEVfaxhk2,2024-07-11T12:26:06+00:00,https://www.instagram.com/p/C9SEVfaxhk2/,event,event,drinks,,"Atlanta, Georgia",0.95,atlblog|atlfoodie|onlyzooatl|thingstodoinatl,atllovesmo|zooatl,True,231,False,0,True,"dinner=>date night | drinks=>cocktail,cocktails,alcohol,mocktail,drink,drinks | snack=>snack",,"event=>live music,ticket","event_keywords=live music,ticket ; content_type=event ; location_present=True ; transcript_present=False"
3719579960412806978,DOemkROER9C,2025-09-11T22:13:00+00:00,https://www.instagram.com/p/DOemkROER9C/,drinks,food_spot,drinks,thai|seafood|bakery,"Atlanta, Georgia",0.95,,atllovesmo|pisces.atl|sidequest.atl|vs.thebarkeep|xuanthia,True,209,False,0,True,"dessert=>cake | drinks=>cocktail,cocktails,bar,mocktail,whiskey,gin",thai=>thai | seafood=>shrimp | bakery=>bread,food_spot=>location_present,"meal_keywords=cocktail,cocktails,bar,mocktail,whiskey,gin ; cuisine_matches=bakery,seafood,thai ; content_type=food_spot ; location_present=True ; transcript_present=False"
3433705581545234697,C-m-QirR6EJ,2024-08-13T11:48:28+00:00,https://www.instagram.com/p/C-m-QirR6EJ/,event,event,dinner,,"Atlanta, Georgia",0.85,,atllovesmo|jaredhucks.|the_alden_atl,True,202,False,0,True,"dinner=>dinner,date night,tasting menu | dessert=>dessert",,event=>seasonal,event_keywords=seasonal ; content_type=event ; location_present=True ; transcript_present=False
3339502393148552979,C5YS7uuL7cT,2024-04-05T12:29:40+00:00,https://www.instagram.com/p/C5YS7uuL7cT/,breakfast,food_spot,breakfast,american|seafood|bakery,Copeland's of New Orleans - Atlanta,0.75,220|atleats|atlfood|copelandsatlanta|copelandspartner,copelandsatl,True,211,False,0,True,"breakfast=>omelet,omelette | brunch=>brunch,mimosa | lunch=>lunch | dinner=>dinner | dessert=>dessert,cake | drinks=>liquor,gin","american=>fried chicken | seafood=>oyster,shrimp | bakery=>bread",food_spot=>location_present,"meal_keywords=omelet,omelette ; cuisine_matches=american,bakery,seafood ; content_type=food_spot ; location_present=True ; transcript_present=False"
3808738872214541721,DTbW9MgkdWZ,2026-01-12T22:35:17+00:00,https://www.instagram.com/p/DTbW9MgkdWZ/,breakfast,food_spot,breakfast,coffee_cafe,"Atlanta, Georgia",0.7,,atllovesmo|homegrownga.|storytellergoods,True,114,False,0,True,breakfast=>breakfast | brunch=>brunch,coffee_cafe=>coffee,food_spot=>location_present,meal_keywords=breakfast ; cuisine_matches=coffee_cafe ; content_type=food_spot ; location_present=True ; transcript_present=False
3298924495351015598,C3IIlmeO2iu,2024-02-09T12:43:19+00:00,https://www.instagram.com/p/C3IIlmeO2iu/,lunch,food_spot,lunch,bakery,"Atlanta, Georgia",0.75,atlanta|atlbakery|atleats|atlfoodie,atllovesmo|henrisbakery1929,True,102,False,0,True,"lunch=>lunch,sandwich | dessert=>cake",bakery=>bakery,food_spot=>location_present,"meal_keywords=lunch,sandwich ; cuisine_matches=bakery ; content_type=food_spot ; location_present=True ; transcript_present=False"
3556514124974024936,DFbRsDhvGjo,2025-01-29T22:32:53+00:00,https://www.instagram.com/p/DFbRsDhvGjo/,drinks,food_spot,drinks,,"Atlanta, Georgia",0.95,atlblog|atldatenight|atlfoodie|atlmusic|thingstodoinatlanta,13cide|aidanthomasanderson|atlantacreativemedia|atllovesmo|calebcolossus|creatingmemoriesbyelainellc|dacotag|dayummslim|ecii_origins|fitfolabs|jordanjust|kidkaioken|oscarlee_230|sir_corkrum|taylormoonmusic|tempestraquel_|whokilledtilly|wili_hendrixs,True,351,False,0,True,"drinks=>drink,drinks,gin,rum",,food_spot=>location_present,"meal_keywords=drink,drinks,gin,rum ; content_type=food_spot ; location_present=True ; transcript_present=False"
3309834709075130582,C3u5SGzrnjW,2024-02-24T13:58:20+00:00,https://www.instagram.com/p/C3u5SGzrnjW/,dinner,food_spot,dinner,,"Atlanta, Georgia",0.7,atldatenight|atldinnerclub|atleats|atlfoodie|thingstodoinatlanta,atllovesmo|cheftrevorshankman|pickyourleisure,True,257,False,0,True,dinner=>dinner | dessert=>cookie | drinks=>wine,,food_spot=>location_present,meal_keywords=dinner ; content_type=food_spot ; location_present=True ; transcript_present=False
3237350955732918812,CztYYrBu2Ic,2023-11-16T13:46:20+00:00,https://www.instagram.com/p/CztYYrBu2Ic/,drinks,food_spot,drinks,,Moxy Atlanta Midtown,0.95,atlstaycation|hosted|marriot|moxyhotels|thingstodoinatlanta,atllovesmo|highnoteatl|moxyhotels|moxymidtownatl|piedmontpark|whiskey.garden,True,262,False,0,True,"drinks=>cocktail,cocktails,bar,mocktail,whiskey,gin",,food_spot=>location_present,"meal_keywords=cocktail,cocktails,bar,mocktail,whiskey,gin ; content_type=food_spot ; location_present=True ; transcript_present=False"
3733340661161733575,DPPfY0eES3H,2025-09-30T21:50:54+00:00,https://www.instagram.com/p/DPPfY0eES3H/,dinner,food_spot,dinner,japanese|seafood,"Atlanta, Georgia",0.7,atlblog|atlfoodie,atllovesmo|brushatl|chefjasonliang|chingyaow|obybrushatl|obybrushatl.,True,186,False,0,True,dinner=>tasting menu,japanese=>omakase | seafood=>fish,food_spot=>location_present,"meal_keywords=tasting menu ; cuisine_matches=japanese,seafood ; content_type=food_spot ; location_present=True ; transcript_present=False"
3558488657680017501,DFiSpSaRihd,2025-02-01T15:52:26+00:00,https://www.instagram.com/p/DFiSpSaRihd/,event,event,drinks,,"Atlanta, Georgia",0.7,atlantablog|atlblog|atlfitness|thingstodoinatlanta,atltherapeuticmassage|candicepilates|empowerrehabandwellness,True,251,False,0,True,drinks=>gin,,event=>limited time,event_keywords=limited time ; content_type=event ; location_present=True ; transcript_present=False
3481094245182310761,DBPVMW5v4lp,2024-10-17T21:00:34+00:00,https://www.instagram.com/p/DBPVMW5v4lp/,event,event,drinks,,"Atlanta, Georgia",0.7,atlblog|thingstodoinatlanta,atllovesmo|gameover_atlanta,True,217,False,0,True,drinks=>gin,,event=>ticket,event_keywords=ticket ; content_type=event ; location_present=True ; transcript_present=False
3613025372875828939,DIkC28avK7L,2025-04-17T21:44:52+00:00,https://www.instagram.com/p/DIkC28avK7L/,drinks,food_spot,drinks,japanese|seafood,"Atlanta, Georgia",0.85,atlblog|atleats|atlfoodie,atllovesmo|norifishsushiizakaya|okiboru_atl.,True,139,False,0,True,"dinner=>date night | drinks=>cocktail,cocktails,martini","japanese=>sushi,omakase,izakaya | seafood=>fish",food_spot=>location_present,"meal_keywords=cocktail,cocktails,martini ; cuisine_matches=japanese,seafood ; content_type=food_spot ; location_present=True ; transcript_present=False"
3496813031898582077,DCHLOz0RYw9,2024-11-08T13:33:46+00:00,https://www.instagram.com/p/DCHLOz0RYw9/,drinks,food_spot,drinks,,"Atlanta, Georgia",0.85,atl|atldatenight|thingstodoinatlanta,atllovesmo|storicofresco|theblindpigparlourbar|yebobeachhaus,True,100,False,0,True,"dinner=>dinner,date night | drinks=>cocktail,cocktails,bar",,food_spot=>location_present,"meal_keywords=cocktail,cocktails,bar ; content_type=food_spot ; location_present=True ; transcript_present=False"
3775375626774639769,DRk1CE3kfSZ,2025-11-27T21:46:05+00:00,https://www.instagram.com/p/DRk1CE3kfSZ/,event,event,drinks,american|seafood|coffee_cafe,"Atlanta, Georgia",0.95,,seventhouse|sevethouse,True,235,False,0,True,"drinks=>cocktail,cocktails,mocktail,drink,tequila,rum",american=>burger | seafood=>oyster | coffee_cafe=>matcha,event=>event,"event_keywords=event ; cuisine_matches=american,coffee_cafe,seafood ; content_type=event ; location_present=True ; transcript_present=False"
3735505229770243754,DPXLjcFEb6q,2025-10-03T21:30:24+00:00,https://www.instagram.com/p/DPXLjcFEb6q/,drinks,food_spot,drinks,thai|seafood|bakery,"Atlanta, Georgia",0.95,,atllovesmo|pisces.atl|sidequest.atl|vs.thebarkeep|xuanthia,True,209,False,0,True,"dessert=>cake | drinks=>cocktail,cocktails,bar,mocktail,whiskey,gin",thai=>thai | seafood=>shrimp | bakery=>bread,food_spot=>location_present,"meal_keywords=cocktail,cocktails,bar,mocktail,whiskey,gin ; cuisine_matches=bakery,seafood,thai ; content_type=food_spot ; location_present=True ; transcript_present=False"
3240224986257535225,Cz3l3UiObD5,2023-11-20T12:56:07+00:00,https://www.instagram.com/p/Cz3l3UiObD5/,unknown,food_spot,unknown,american|italian|thai|bbq,"Atlanta, Georgia",0.7,atlantapizza|atleats|atlfood|atlfoodie|hosted,atllovesmo|bluemoonpizza,True,136,False,0,True,,american=>burger | italian=>pizza | thai=>thai | bbq=>bbq,food_spot=>location_present,"cuisine_matches=american,bbq,italian,thai ; content_type=food_spot ; location_present=True ; transcript_present=False"
3414879540760314895,C9kFtl5xIQP,2024-07-18T12:23:24+00:00,https://www.instagram.com/p/C9kFtl5xIQP/,drinks,food_spot,drinks,mexican|vegan,MamiTaco Marietta,0.75,atlantafoodie|atlblog|atleats|mariettaga,atllovesmo|mamitacomarietta,True,245,False,0,True,"brunch=>brunch | lunch=>lunch | dinner=>dinner | drinks=>cocktail,cocktails","mexican=>mexican,taco,burrito,birria | vegan=>vegan",food_spot=>location_present,"meal_keywords=cocktail,cocktails ; cuisine_matches=mexican,vegan ; content_type=food_spot ; location_present=True ; transcript_present=False"
3168478985914205958,Cv4stmxtMcG,2023-08-13T13:09:37+00:00,https://www.instagram.com/p/Cv4stmxtMcG/,event,event,dessert,american|japanese|korean|bakery|coffee_cafe,"Atlanta, Georgia",0.75,atlantablog|atlantadesserts|atlantafood|atleats|atlsweets|atlwfh,atllovesmo|foodterminalofficial|sweethutbakerycafe,True,133,False,0,True,"dessert=>dessert,cake",american=>burger | japanese=>japanese | korean=>bulgogi | bakery=>bakery | coffee_cafe=>cafe,event=>market,"event_keywords=market ; cuisine_matches=american,bakery,coffee_cafe,japanese,korean ; content_type=event ; location_present=True ; transcript_present=False"
3216318186244405761,CyiqFl_ufoB,2023-10-18T13:17:34+00:00,https://www.instagram.com/p/CyiqFl_ufoB/,drinks,food_spot,drinks,japanese|seafood,"Atlanta, Georgia",0.95,atlantafood|atlantasteakhouse|atleats|atlfoodie|hosted,atllovesmo|norifish_sushi|okiboru_atl.|prefectureatl,True,295,False,0,True,"dinner=>date night,tasting menu | drinks=>cocktail,cocktails,bar,tequila,gin","japanese=>japanese,sushi,omakase | seafood=>fish",food_spot=>location_present,"meal_keywords=cocktail,cocktails,bar,tequila,gin ; cuisine_matches=japanese,seafood ; content_type=food_spot ; location_present=True ; transcript_present=False"
3158287459322938354,CvUfbX_g8Py,2023-07-30T11:41:51+00:00,https://www.instagram.com/p/CvUfbX_g8Py/,unknown,food_spot,unknown,american|japanese,"Atlanta, Georgia",0.7,atlantafood|atlfoodie|atlhiddengems|atlramen|hosted,atllovesmo|myahsenpai|senpainoodlesupply,True,111,False,0,True,,american=>fried chicken | japanese=>ramen,food_spot=>location_present,"cuisine_matches=american,japanese ; content_type=food_spot ; location_present=True ; transcript_present=False"
3779770226289228222,DR0cP6mkTm-,2025-12-03T23:17:06+00:00,https://www.instagram.com/p/DR0cP6mkTm-/,event,event,dinner,,"Atlanta, Georgia",0.75,,atllovesmo|zooatl,True,142,False,0,True,dinner=>date night | drinks=>gin,,"event=>event,ticket","event_keywords=event,ticket ; content_type=event ; location_present=True ; transcript_present=False"
3008558485928099038,CnAjAC_uzze,2023-01-04T21:36:05+00:00,https://www.instagram.com/p/CnAjAC_uzze/,drinks,food_spot,drinks,,"Atlanta, Georgia",0.95,atlantadatenight|atlantafoodblogger|atlantafoodie|atlantasocialgameclub|atlarcade|atldatenight|atlgamenight|atlgamers|atlsocialclub,slingshotsocialatl,True,108,True,7,True,"dinner=>date night | drinks=>wine,beer,drink,drinks,shot,shots",,food_spot=>location_present,"meal_keywords=wine,beer,drink,drinks,shot,shots ; content_type=food_spot ; location_present=True ; transcript_present=True"
3688435081673511529,DMv9CokPRJp,2025-07-30T22:54:27+00:00,https://www.instagram.com/p/DMv9CokPRJp/,drinks,food_spot,drinks,,"Atlanta, Georgia",0.95,atlblog|atleats|atlfoodie,atllovesmo|littletroubleatl|mushiniatl|victorysandwichbar|vs.thebarkeep,True,156,False,0,True,"lunch=>sandwich | drinks=>cocktail,cocktails,bar,drink,drinks,tequila,gin",,food_spot=>location_present,"meal_keywords=cocktail,cocktails,bar,drink,drinks,tequila,gin ; content_type=food_spot ; location_present=True ; transcript_present=False"
3772297157601733680,DRZ5EdCESww,2025-11-23T15:51:36+00:00,https://www.instagram.com/p/DRZ5EdCESww/,event,event,unknown,,"Atlanta, Georgia",0.7,atlanta|atlantablackfriday|atlblog|collegepark,allurebeautyga,True,172,False,0,True,,,event=>grand opening,event_keywords=grand opening ; content_type=event ; location_present=True ; transcript_present=False
3797775863409363524,DS0aQa7EUpE,2025-12-28T19:30:21+00:00,https://www.instagram.com/p/DS0aQa7EUpE/,event,event,drinks,mexican|coffee_cafe,"Duluth, Georgia",0.7,atlblog|atlfoodie,atllovesmo|rrealtacos,True,106,False,0,True,drinks=>margarita,"mexican=>mexican,taco | coffee_cafe=>latte",event=>live music,"event_keywords=live music ; cuisine_matches=coffee_cafe,mexican ; content_type=event ; location_present=True ; transcript_present=False"
3246724946151068909,C0OryL6u9Tt,2023-11-29T12:15:23+00:00,https://www.instagram.com/p/C0OryL6u9Tt/,unknown,food_spot,unknown,,"Atlanta, Georgia",0.7,atleats|atlfoodie|thingstodoinatl|whattodoinatl,atlantarestaurantclub|atllovesmo|elsewheregreenhouse|islaandco|tinylousatl,True,185,False,0,True,,,food_spot=>location_present,content_type=food_spot ; location_present=True ; transcript_present=False
3527996905940841937,DD19n5rR_XR,2024-12-21T14:07:37+00:00,https://www.instagram.com/p/DD19n5rR_XR/,drinks,food_spot,drinks,seafood|bbq|bakery,"Atlanta, Georgia",0.95,,gabeergarden|homefortheholidaysatl|independent_distilling|malskitchenatl.|resy|toasttab|westside_motor_lounge,True,369,False,0,True,"breakfast=>pancake,eggs | dessert=>cake | drinks=>cocktail,cocktails,beer,bar,rum",seafood=>oyster | bbq=>smoked | bakery=>bread,food_spot=>location_present,"meal_keywords=cocktail,cocktails,beer,bar,rum ; cuisine_matches=bakery,bbq,seafood ; content_type=food_spot ; location_present=True ; transcript_present=False"
3768090781925071161,DRK8poaEVk5,2025-11-17T20:31:37+00:00,https://www.instagram.com/p/DRK8poaEVk5/,dinner,food_spot,dinner,japanese,"Atlanta, Georgia",0.7,atlblog|atlfoodie,atllovesmo|nakatorestaurant,True,110,False,0,True,dinner=>date night | drinks=>gin,"japanese=>japanese,sushi",food_spot=>location_present,meal_keywords=date night ; cuisine_matches=japanese ; content_type=food_spot ; location_present=True ; transcript_present=False
3399935215643054689,C8u_xCjvtJh,2024-06-27T21:31:43+00:00,https://www.instagram.com/p/C8u_xCjvtJh/,event,event,dinner,,"Chamblee, Georgia",0.75,atldatenight|atleats|chambleega|thingstodoinatlanta,atllovesmo|discover.chamblee|platinumband|whosbadmusic,True,214,False,0,True,dinner=>date night | drinks=>bar,,"event=>event,concert","event_keywords=event,concert ; content_type=event ; location_present=True ; transcript_present=False"
3699963528610679464,DNY6TncvYqo,2025-08-15T20:38:33+00:00,https://www.instagram.com/p/DNY6TncvYqo/,drinks,food_spot,drinks,japanese,"Atlanta, Georgia",0.85,atlblog|atldatenight|atleats,atllovesmo|bullyboyatl.|ela.atlanta|little5pointsofficial.|midcity.atl|spacequeen_atl,True,118,False,0,True,"lunch=>lunch | dinner=>dinner | drinks=>cocktail,cocktails,bar",japanese=>sushi,food_spot=>location_present,"meal_keywords=cocktail,cocktails,bar ; cuisine_matches=japanese ; content_type=food_spot ; location_present=True ; transcript_present=False"
3784070199151522973,DSDt8wZkXSd,2025-12-09T21:42:44+00:00,https://www.instagram.com/p/DSDt8wZkXSd/,dinner,food_spot,dinner,italian|coffee_cafe,"Atlanta, Georgia",0.7,atlblog|atlfoodie,atllovesmo|sunnysidepizzeria,True,156,False,0,True,dinner=>date night | dessert=>gelato | drinks=>martini,"italian=>pasta,pizza | coffee_cafe=>espresso",food_spot=>location_present,"meal_keywords=date night ; cuisine_matches=coffee_cafe,italian ; content_type=food_spot ; location_present=True ; transcript_present=False"
3258487676675563142,C04eUcZPB6G,2023-12-15T17:41:06+00:00,https://www.instagram.com/p/C04eUcZPB6G/,unknown,food_spot,unknown,american,NFA Burger,0.7,atlantafood|atleats|atlfood|dunwoodyga|nfaburger,atllovesmo|nfaburger,True,111,False,0,True,,american=>burger,food_spot=>location_present,cuisine_matches=american ; content_type=food_spot ; location_present=True ; transcript_present=False
3451943659375981403,C_nxHgRxHNb,2024-09-07T15:43:09+00:00,https://www.instagram.com/p/C_nxHgRxHNb/,breakfast,food_spot,breakfast,coffee_cafe,"Atlanta, Georgia",0.7,,bellwoodcoffee|emeraldcitybagels|thevictorianatlanta,True,82,False,0,True,breakfast=>bagel | drinks=>bar,coffee_cafe=>coffee,food_spot=>location_present,meal_keywords=bagel ; cuisine_matches=coffee_cafe ; content_type=food_spot ; location_present=True ; transcript_present=False
3615050387478188251,DIrPSyOxpDb,2025-04-20T16:52:49+00:00,https://www.instagram.com/p/DIrPSyOxpDb/,event,event,dinner,seafood,"Atlanta, Georgia",0.7,atl100|atlairport|atleats|atlfoodie,atlairport|chefdnutter|cheftoddrichards,True,238,False,0,True,dinner=>dinner | drinks=>bourbon,seafood=>fish,event=>event,event_keywords=event ; cuisine_matches=seafood ; content_type=event ; location_present=True ; transcript_present=False
3300442383400036615,C3Nhtx4M-kH,2024-02-11T15:04:11+00:00,https://www.instagram.com/p/C3Nhtx4M-kH/,event,event,dinner,bakery|coffee_cafe,Warm Waves Coffee House,0.7,alpharetta|alpharettadatenight|atlantaeats|atlcoffee|atldatenight,atllovesmo|stgermainbakery|warmwavescoffee,True,277,False,0,True,dinner=>dinner | dessert=>dessert | drinks=>wine,"bakery=>bakery,pastry | coffee_cafe=>coffee,latte,matcha",event=>event,"event_keywords=event ; cuisine_matches=bakery,coffee_cafe ; content_type=event ; location_present=True ; transcript_present=False"
3638345946586105833,DJ-AFyUP0fp,2025-05-22T20:11:40+00:00,https://www.instagram.com/p/DJ-AFyUP0fp/,unknown,food_spot,unknown,,"Atlanta, Georgia",0.7,atlanta|atlblog|scad|thingstodoinatlanta,paulaswallace|scaddotedu|scadfash,True,181,False,0,True,,,food_spot=>location_present,content_type=food_spot ; location_present=True ; transcript_present=False
3382996461729106527,C7y0VupxEpf,2024-06-04T12:53:36+00:00,https://www.instagram.com/p/C7y0VupxEpf/,drinks,food_spot,drinks,mexican,Pata Negra Mezcaleria,0.85,atlantafood|atlblog|atleats|atlfoodie,atllovesmo|patanegraatl,True,214,False,0,True,"dessert=>dessert,ice cream | drinks=>cocktail,cocktails,spirits",mexican=>mexican,food_spot=>location_present,"meal_keywords=cocktail,cocktails,spirits ; cuisine_matches=mexican ; content_type=food_spot ; location_present=True ; transcript_present=False"
3227185721718160523,CzJRFDHOTyL,2023-11-02T13:10:41+00:00,https://www.instagram.com/p/CzJRFDHOTyL/,drinks,activity,drinks,thai|seafood,,0.95,atleats|atlfood|atlfoodie|atlthaifood|hosted,atllovesmo|snapthai,True,176,False,0,False,"dinner=>dinner,date night | drinks=>bar,drink,drinks,margarita","thai=>thai | seafood=>oyster,lobster,shrimp,fish",activity=>experience,"meal_keywords=bar,drink,drinks,margarita ; cuisine_matches=seafood,thai ; content_type=activity ; location_present=False ; transcript_present=False"
3261978718234010136,C1E4FyNOOIY,2023-12-20T13:17:38+00:00,https://www.instagram.com/p/C1E4FyNOOIY/,drinks,food_spot,drinks,,"Atlanta, Georgia",0.95,atlanta|atlcocktails|atleats|atlfoodie,atlantabeltline|atllovesmo|ladybirdatlanta|rangerstationatl,True,182,False,0,True,"dessert=>dessert | drinks=>cocktail,cocktails,bar,drink",,food_spot=>location_present,"meal_keywords=cocktail,cocktails,bar,drink ; content_type=food_spot ; location_present=True ; transcript_present=False"
3182953459820885973,CwsH07FOXfV,2023-09-02T12:28:32+00:00,https://www.instagram.com/p/CwsH07FOXfV/,drinks,food_spot,drinks,vegan,Breaker Breaker,0.95,atlantabeltline|atldrinks|atleats|atlfoodie|atlvegan,atllovesmo|breakerbreaker_atl|muchachoatl,True,92,False,0,True,"lunch=>sandwich | drinks=>cocktail,drink,drinks,gin",vegan=>vegan,food_spot=>location_present,"meal_keywords=cocktail,drink,drinks,gin ; cuisine_matches=vegan ; content_type=food_spot ; location_present=True ; transcript_present=False"
3140187970929841836,CuUMFJ3Olas,2023-07-05T12:20:16+00:00,https://www.instagram.com/p/CuUMFJ3Olas/,drinks,food_spot,drinks,mexican|coffee_cafe,PERC Atlanta,0.7,atlantacoffee|atlantacoffeeshops|atlblog|atlcoffee,atllovesmo|percatlanta,True,99,False,0,True,drinks=>gin,"mexican=>taco | coffee_cafe=>coffee,latte",food_spot=>location_present,"meal_keywords=gin ; cuisine_matches=coffee_cafe,mexican ; content_type=food_spot ; location_present=True ; transcript_present=False"
3703602885036917980,DNl1zOPvMTc,2025-08-20T21:06:33+00:00,https://www.instagram.com/p/DNl1zOPvMTc/,dinner,food_spot,dinner,,"Atlanta, Georgia",0.85,atlblog|atldatenight|atlfoodie,atllovesmo|austin_mcewen.|lazybettyatl,True,206,False,0,True,"dinner=>dinner,date night,tasting menu | dessert=>dessert | drinks=>cocktail,cocktails,bar",,food_spot=>location_present,"meal_keywords=dinner,date night,tasting menu ; content_type=food_spot ; location_present=True ; transcript_present=False"
3716707047150008611,DOUZV4PkTkj,2025-09-07T23:08:41+00:00,https://www.instagram.com/p/DOUZV4PkTkj/,dinner,food_spot,dinner,italian,"Atlanta, Georgia",0.75,,atllovesmo|gigisitaliankitchen,True,90,False,0,True,"dinner=>dinner,date night",italian=>italian,food_spot=>location_present,"meal_keywords=dinner,date night ; cuisine_matches=italian ; content_type=food_spot ; location_present=True ; transcript_present=False"
3765221636195843421,DRAwSEOEX1d,2025-11-13T21:30:44+00:00,https://www.instagram.com/p/DRAwSEOEX1d/,event,event,drinks,,"Atlanta, Georgia",0.95,atlblog|atleats|eclipsenights|tapasandmusic,eclipsediluna|restoexp,True,211,False,0,True,"dinner=>dinner,date night | drinks=>cocktail,cocktails,martini,shot,shots",,event=>live music,event_keywords=live music ; content_type=event ; location_present=True ; transcript_present=False
3309088486751914852,C3sPnJHLstk,2024-02-23T13:16:17+00:00,https://www.instagram.com/p/C3sPnJHLstk/,event,event,drinks,,"Brookhaven, Georgia",0.7,atlantablog|atleats|atlfoodie|chopt|choptgives|sponsored,atllovesmo|choptsalad|foodwellalliance,True,163,False,0,True,drinks=>bar,,event=>market,event_keywords=market ; content_type=event ; location_present=True ; transcript_present=False
3212186763795539431,CyT-tfAPqXn,2023-10-12T20:29:43+00:00,https://www.instagram.com/p/CyT-tfAPqXn/,event,event,drinks,coffee_cafe,"Atlanta, Georgia",0.75,atlantaflowers|atlblog|atlcoffeeshops|atlnails|thingstodoinatl,atllovesmo|fincatofilter|jjsflowershop|lacquer_nailbar,True,316,False,0,True,drinks=>bar,"coffee_cafe=>coffee,latte","event=>event,ticket","event_keywords=event,ticket ; cuisine_matches=coffee_cafe ; content_type=event ; location_present=True ; transcript_present=False"
3723133707210586878,DOrOmF1kfr-,2025-09-16T19:59:06+00:00,https://www.instagram.com/p/DOrOmF1kfr-/,dinner,food_spot,dinner,bakery,"Alpharetta, Georgia",0.75,atlblog|atleats,atllovesmo|mozaika_mezze,True,189,False,0,True,"dinner=>dinner,date night | dessert=>dessert | drinks=>cocktail,wine",bakery=>bread,food_spot=>location_present,"meal_keywords=dinner,date night ; cuisine_matches=bakery ; content_type=food_spot ; location_present=True ; transcript_present=False"
3723878707565288862,DOt3_RfEd2e,2025-09-17T20:31:22+00:00,https://www.instagram.com/p/DOt3_RfEd2e/,event,event,drinks,,"Atlanta, Georgia",0.8,,georgiaaquarium,True,330,False,0,True,"dinner=>date night | drinks=>cocktail,wine",,"event=>event,live music,ticket","event_keywords=event,live music,ticket ; content_type=event ; location_present=True ; transcript_present=False"
3140926279918118744,CuWz89sNWdY,2023-07-06T12:56:03+00:00,https://www.instagram.com/p/CuWz89sNWdY/,drinks,food_spot,drinks,mediterranean,Yalda,0.7,atlantafood|atldatenight|atlfoodie|sandyspringsga,atllovesmo|yalda.atl,True,83,False,0,True,drinks=>cocktail,mediterranean=>mediterranean,food_spot=>location_present,meal_keywords=cocktail ; cuisine_matches=mediterranean ; content_type=food_spot ; location_present=True ; transcript_present=False
3738434550960871123,DPhlmrCEdbT,2025-10-07T22:31:19+00:00,https://www.instagram.com/p/DPhlmrCEdbT/,drinks,activity,drinks,coffee_cafe,,0.85,,beerwildheaven|chromeyellowatl|decaturpackagestore|radioroasterscoffee|switchyards,True,278,False,0,False,"drinks=>beer,drink,drinks",coffee_cafe=>coffee,activity=>park,"meal_keywords=beer,drink,drinks ; cuisine_matches=coffee_cafe ; content_type=activity ; location_present=False ; transcript_present=False"
3702170456560666143,DNgwGpRPoYf,2025-08-18T21:48:21+00:00,https://www.instagram.com/p/DNgwGpRPoYf/,event,event,dinner,,"Atlanta, Georgia",0.7,atlblog|atldatenight|atleats,atllovesmo|littlesparrowatlanta,True,133,False,0,True,dinner=>date night | dessert=>dessert | drinks=>rum,,event=>seasonal,event_keywords=seasonal ; content_type=event ; location_present=True ; transcript_present=False
3615946725702605052,DIubGOQPZj8,2025-04-21T22:30:06+00:00,https://www.instagram.com/p/DIubGOQPZj8/,event,event,unknown,,"Atlanta, Georgia",0.7,atlblog|atldatenight|atleats|thingstodoinatlanta,atlantabeltline|atllovesmo|poncecitymarket|scoutlivingpcm,True,234,False,0,True,,,event=>market,event_keywords=market ; content_type=event ; location_present=True ; transcript_present=False
3134419873187013675,Ct_skSOPKQr,2023-06-27T13:20:07+00:00,https://www.instagram.com/p/Ct_skSOPKQr/,drinks,food_spot,drinks,seafood,"Atlanta, Georgia",0.85,atlantabloggers|atlantabrewery|atltaproom|thingstodoinatlanta,atllovesmo|biggerstaffbrewing|mercedesbenzstadium|reformationbrewery|statefarmarena|wildleapatl,True,107,True,31,True,"drinks=>brewery,drink,drinks",seafood=>oyster,food_spot=>location_present,"meal_keywords=brewery,drink,drinks ; cuisine_matches=seafood ; content_type=food_spot ; location_present=True ; transcript_present=True"
3711328465283715380,DOBSZNiCBE0,2025-08-31T12:55:43+00:00,https://www.instagram.com/p/DOBSZNiCBE0/,unknown,food_spot,unknown,mexican|coffee_cafe,"Suwanee, Georgia",0.7,atlantacoffee|atlblog|atlcoffee|atleats|suwanee,atllovesmo|warmwavescoffee,True,155,False,0,True,,"mexican=>taco | coffee_cafe=>coffee,espresso,latte,matcha",food_spot=>location_present,"cuisine_matches=coffee_cafe,mexican ; content_type=food_spot ; location_present=True ; transcript_present=False"
3275760503128442179,C111tJmOcVD,2024-01-08T13:48:29+00:00,https://www.instagram.com/p/C111tJmOcVD/,dessert,food_spot,dessert,vegan,"Atlanta, Georgia",0.95,atlantadesserts|atlcookies|atleats|atlfoodie,atllovesmo|chattahoocheefoodworks|munstercravings_atl|munstercravings_atl.|theworksatl,True,150,False,0,True,"dessert=>dessert,cake,cookie,sweet tooth",vegan=>vegan,food_spot=>location_present,"meal_keywords=dessert,cake,cookie,sweet tooth ; cuisine_matches=vegan ; content_type=food_spot ; location_present=True ; transcript_present=False"
3175016054534357422,CwP7EeWrsGu,2023-08-22T13:38:07+00:00,https://www.instagram.com/p/CwP7EeWrsGu/,drinks,food_spot,drinks,american|seafood|vegan,"Atlanta, Georgia",0.85,atlantaeats|atlantafood|atlbeltline|atleats|atlfoodie|hosted|wheretoeatinatlanta,atllovesmo|breakerbreaker_atl|buenavidatapas|bullyboyatl,True,236,False,0,True,"lunch=>sandwich | drinks=>cocktail,cocktails,bar","american=>southern | seafood=>seafood,oyster | vegan=>vegan",food_spot=>location_present,"meal_keywords=cocktail,cocktails,bar ; cuisine_matches=american,seafood,vegan ; content_type=food_spot ; location_present=True ; transcript_present=False"
3264897786423298507,C1PPz0TuEnL,2023-12-24T13:56:19+00:00,https://www.instagram.com/p/C1PPz0TuEnL/,event,event,drinks,japanese|seafood,"Atlanta, Georgia",0.85,atlantafoodie|atlantaomakase|atleats|atlomakase|michelinstar|omakase,atllovesmo|mujoatl|resy,True,263,False,0,True,"dessert=>dessert | drinks=>cocktail,drink,gin","japanese=>omakase | seafood=>crab,fish",event=>seasonal,"event_keywords=seasonal ; cuisine_matches=japanese,seafood ; content_type=event ; location_present=True ; transcript_present=False"
3349637904924077847,C58Te1pLu8X,2024-04-19T12:13:59+00:00,https://www.instagram.com/p/C58Te1pLu8X/,event,event,drinks,american,"Atlanta, Georgia",0.75,atlantafoodie|atldatenight|atlfood|michelinrestaurant|openhandatlanta,beardfoundation|michelinguide|millerunionatl|millerunionatl.|openhandatlanta,True,190,False,0,True,"drinks=>wine,gin",american=>southern,event=>seasonal,event_keywords=seasonal ; cuisine_matches=american ; content_type=event ; location_present=True ; transcript_present=False
3681585570934862865,DMXnpIlxrQR,2025-07-21T12:01:16+00:00,https://www.instagram.com/p/DMXnpIlxrQR/,drinks,food_spot,drinks,italian|seafood|coffee_cafe,"Roswell, Georgia",0.95,atlblog|atleats|atlfoodie|roswell|roswellga|thingstodoinatlanta,atllovesmo|basksteakhouse,True,174,False,0,True,"dessert=>dessert | drinks=>cocktail,cocktails,wine,martini",italian=>gnocchi | seafood=>seafood | coffee_cafe=>espresso,food_spot=>location_present,"meal_keywords=cocktail,cocktails,wine,martini ; cuisine_matches=coffee_cafe,italian,seafood ; content_type=food_spot ; location_present=True ; transcript_present=False"
3557211939148917206,DFdwWlnv-nW,2025-01-30T21:32:33+00:00,https://www.instagram.com/p/DFdwWlnv-nW/,drinks,food_spot,drinks,mexican|coffee_cafe,"Atlanta, Georgia",0.95,atlblog|atldatenight|atleats|atlfoodie,atlanticstation|atllovesmo|azoteacantina|regalmovies.,True,178,False,0,True,"drinks=>cocktail,cocktails,bourbon,tequila,rum","mexican=>taco,burrito,birria | coffee_cafe=>coffee,espresso",food_spot=>location_present,"meal_keywords=cocktail,cocktails,bourbon,tequila,rum ; cuisine_matches=coffee_cafe,mexican ; content_type=food_spot ; location_present=True ; transcript_present=False"
3499695045928554228,DCRahoixA70,2024-11-12T12:57:14+00:00,https://www.instagram.com/p/DCRahoixA70/,drinks,food_spot,drinks,,"Atlanta, Georgia",0.7,atlantajewelry|atlblog|ddpartner|diamonds,atllovesmo|diamondsdirect,True,163,False,0,True,drinks=>bar,,food_spot=>location_present,meal_keywords=bar ; content_type=food_spot ; location_present=True ; transcript_present=False
3701526032285552041,DNedlCZPc2p,2025-08-18T00:24:14+00:00,https://www.instagram.com/p/DNedlCZPc2p/,dinner,food_spot,dinner,seafood,"Atlanta, Georgia",0.7,atlblog|atleats|atlfoodie,atllovesmo|chopslobsterbar,True,74,False,0,True,dinner=>date night | drinks=>bar,seafood=>lobster,food_spot=>location_present,meal_keywords=date night ; cuisine_matches=seafood ; content_type=food_spot ; location_present=True ; transcript_present=False
3195251320647119738,CxX0CWfRPN6,2023-09-19T11:43:19+00:00,https://www.instagram.com/p/CxX0CWfRPN6/,drinks,food_spot,drinks,,"Atlanta, Georgia",0.95,atlantablog|atlcocktails|atleats|hosted|thingstodoinatl,asw.exchange|aswdistillery|atlantawestend|atllovesmo|batteryatl|batteryatl.|leeandwhite,True,297,False,0,True,"drinks=>cocktail,cocktails,liquor,spirits,bar,drink,whiskey,vodka,rum",,food_spot=>location_present,"meal_keywords=cocktail,cocktails,liquor,spirits,bar,drink,whiskey,vodka,rum ; content_type=food_spot ; location_present=True ; transcript_present=False"
3016358814639144815,CncQlxNrz9v,2023-01-15T15:54:42+00:00,https://www.instagram.com/p/CncQlxNrz9v/,unknown,food_spot,unknown,mexican,Pollo Primo,0.7,,polloprimoatl,True,27,True,3,True,,mexican=>taco,food_spot=>location_present,cuisine_matches=mexican ; content_type=food_spot ; location_present=True ; transcript_present=True
3367325655770137595,C67JNfTPQP7,2024-05-13T21:44:39+00:00,https://www.instagram.com/p/C67JNfTPQP7/,event,event,drinks,vegan,"Atlanta, Georgia",0.75,atlfoodie|atlpickleball|malkorganics|mlpatlanta|thingstodoinatlanta|wearemlp,lifetimepeachtree.|majorleaguepb|malkorganics,True,182,False,0,True,"drinks=>drink,gin",vegan=>plant-based,event=>market,event_keywords=market ; cuisine_matches=vegan ; content_type=event ; location_present=True ; transcript_present=False
3275084578832531981,C1zcBKCrEIN,2024-01-07T15:16:07+00:00,https://www.instagram.com/p/C1zcBKCrEIN/,event,event,drinks,coffee_cafe,"Atlanta, Georgia",0.7,atlanta|atlcoffee|atlcoffeeshops|atleats|pecanmilk,atllovesmo|drinktreehouse|grantparkmarket|spillerpark|therounds.co,True,270,False,0,True,drinks=>drink,"coffee_cafe=>coffee,latte,matcha",event=>market,event_keywords=market ; cuisine_matches=coffee_cafe ; content_type=event ; location_present=True ; transcript_present=False
3329347547384531292,C40N_RnrElc,2024-03-22T12:23:51+00:00,https://www.instagram.com/p/C40N_RnrElc/,drinks,food_spot,drinks,,"Atlanta, Georgia",0.75,atlantablog|atlhealthandwellness|mobilesauna,atllovesmo|meltmobilesauna|richandfitclub.,True,252,False,0,True,"drinks=>gin,rum",,food_spot=>location_present,"meal_keywords=gin,rum ; content_type=food_spot ; location_present=True ; transcript_present=False"
3408351264105654679,C9M5WqexWmX,2024-07-09T12:14:19+00:00,https://www.instagram.com/p/C9M5WqexWmX/,event,event,drinks,mexican|bakery|coffee_cafe,"Atlanta, Georgia",0.75,atlantacoffee|atlblog|atlcoffeeshops|atleats,atlantawestend.|atllovesmo|colettebread.|portraitcoffee,True,238,False,0,True,"drinks=>drink,drinks","mexican=>taco | bakery=>bread | coffee_cafe=>coffee,latte","event=>event,seasonal","event_keywords=event,seasonal ; cuisine_matches=bakery,coffee_cafe,mexican ; content_type=event ; location_present=True ; transcript_present=False"
3839850548602936993,DVJ47rEER6h,2026-02-24T20:51:05+00:00,https://www.instagram.com/p/DVJ47rEER6h/,drinks,food_spot,drinks,italian|japanese,"Atlanta, Georgia",0.85,,atllovesmo|fumatl|kinjoroom|krogbar_pizza_|starmetalsatl|theinterlockatl,True,134,False,0,True,"dinner=>date night | drinks=>cocktail,cocktails,bar","italian=>italian,pasta,pizza | japanese=>sushi",food_spot=>location_present,"meal_keywords=cocktail,cocktails,bar ; cuisine_matches=italian,japanese ; content_type=food_spot ; location_present=True ; transcript_present=False"
3314154818203708244,C3-Pj99rmtU,2024-03-01T13:02:48+00:00,https://www.instagram.com/p/C3-Pj99rmtU/,event,event,lunch,american|bbq,"Atlanta, Georgia",0.75,atlantabbq|atlantapopupshop|atlbbq|atleats|atlfoodie,atlantawestend.|atljerkking|atllovesmo|boggssocial,True,201,False,0,True,lunch=>sandwich,"american=>american | bbq=>bbq,smoked,brisket","event=>event,popup","event_keywords=event,popup ; cuisine_matches=american,bbq ; content_type=event ; location_present=True ; transcript_present=False"
3841371990091999118,DVPS3j3kaeO,2026-02-26T23:11:25+00:00,https://www.instagram.com/p/DVPS3j3kaeO/,event,event,unknown,,"Atlanta, Georgia",0.7,,closefriendsati|closefriendsatl|parktavern,True,98,False,0,True,,,event=>festival,event_keywords=festival ; content_type=event ; location_present=True ; transcript_present=False
3706957807566901758,DNxwnxVYtH-,2025-08-25T12:12:27+00:00,https://www.instagram.com/p/DNxwnxVYtH-/,event,event,unknown,,"Atlanta, Georgia",0.7,atlartscene|atlblog|atlcreatives|fitfolabs,atllovesmo|byvtrubb|deathbymom|emeraldvision|fitfolabs|jordanjust|nickchase.1|sammmmm.a|stifficc|thejuanantonio_|zlisterr,True,308,False,0,True,,,event=>event,event_keywords=event ; content_type=event ; location_present=True ; transcript_present=False
3311256416340019791,C3z8iq4LgpP,2024-02-26T13:04:07+00:00,https://www.instagram.com/p/C3z8iq4LgpP/,event,event,drinks,,Ponce City Market,0.7,atlanta|atlblog|atlhealthcare|onemedical|sponsored,onemedical,True,235,False,0,True,drinks=>rum,,event=>event,event_keywords=event ; content_type=event ; location_present=True ; transcript_present=False
3829781132800513712,DUmHaY0EVaw,2026-02-10T23:23:36+00:00,https://www.instagram.com/p/DUmHaY0EVaw/,drinks,food_spot,drinks,bbq,"Atlanta, Georgia",0.75,,atllovesmo|bona_fide_deluxe,True,87,False,0,True,"lunch=>sandwich | dinner=>date night | drinks=>wine,bar",bbq=>smoked,food_spot=>location_present,"meal_keywords=wine,bar ; cuisine_matches=bbq ; content_type=food_spot ; location_present=True ; transcript_present=False"
3252527032755078761,C0jTBqJuMZp,2023-12-07T12:17:53+00:00,https://www.instagram.com/p/C0jTBqJuMZp/,brunch,food_spot,brunch,mexican|coffee_cafe,Bellwood Coffee,0.7,109|atlantacoffee|atlcoffee|atleats,atl_bucketlist|bellwoodcoffee|riversideatl.,True,68,False,0,True,brunch=>brunch,mexican=>taco | coffee_cafe=>coffee,food_spot=>location_present,"meal_keywords=brunch ; cuisine_matches=coffee_cafe,mexican ; content_type=food_spot ; location_present=True ; transcript_present=False"
3490252790159576005,DBv3mulxwvF,2024-10-30T12:24:40+00:00,https://www.instagram.com/p/DBv3mulxwvF/,event,event,drinks,mexican|bbq,"Atlanta, Georgia",0.85,atlblog|atleats|atlfoodie,atlanticstation.|azoteacantina|azoteacantina.,True,162,False,0,True,"dinner=>date night | drinks=>cocktail,happy hour,margarita","mexican=>taco,burrito,birria | bbq=>brisket",event=>live music,"event_keywords=live music ; cuisine_matches=bbq,mexican ; content_type=event ; location_present=True ; transcript_present=False"
3611540167707125990,DIexKXUPOjm,2025-04-15T20:33:10+00:00,https://www.instagram.com/p/DIexKXUPOjm/,drinks,food_spot,drinks,american|coffee_cafe,"Atlanta, Georgia",0.95,atlblog|atldatenight|atleats,brassicaatlanta|waatlanta,True,240,False,0,True,"dinner=>dinner,date night | drinks=>cocktail,cocktails,martini,gin",american=>southern | coffee_cafe=>espresso,food_spot=>location_present,"meal_keywords=cocktail,cocktails,martini,gin ; cuisine_matches=american,coffee_cafe ; content_type=food_spot ; location_present=True ; transcript_present=False"
3322828893394474318,C4dD0YALpVO,2024-03-13T12:15:44+00:00,https://www.instagram.com/p/C4dD0YALpVO/,event,event,drinks,,"Cobb County, Georgia",0.75,atlantablog|atlbrewery|atleats|cobbaletrail|tapintocobb,aswdistillery|batteryatl|terrapinbreweryandtaproomatl|travelcobb.,True,153,False,0,True,"drinks=>wine,brewery",,event=>event,event_keywords=event ; content_type=event ; location_present=True ; transcript_present=False
3129318021549923740,Cttkiknth2c,2023-06-20T12:24:59+00:00,https://www.instagram.com/p/Cttkiknth2c/,drinks,food_spot,drinks,japanese,O-ku Atlanta,0.75,atlantafood|atlantasushi|atlfood|atlfoodie|atlsushi,atllovesmo|okuatlanta,True,56,False,0,True,"dinner=>date night | drinks=>drink,happy hour",japanese=>sushi,food_spot=>location_present,"meal_keywords=drink,happy hour ; cuisine_matches=japanese ; content_type=food_spot ; location_present=True ; transcript_present=False"
3321401585190540789,C4X_STps5X1,2024-03-11T13:06:12+00:00,https://www.instagram.com/p/C4X_STps5X1/,event,event,drinks,mexican,"Atlanta, Georgia",0.8,atlart|atlblog|atlevents|thingstodoinatlanta,_artandb_|atllovesmo|mysticdistrictmarket|paintnsitatl|westside_motor_lounge|westsideartsctr,True,226,False,0,True,"drinks=>bar,drink",mexican=>taco,"event=>event,market,ticket","event_keywords=event,market,ticket ; cuisine_matches=mexican ; content_type=event ; location_present=True ; transcript_present=False"
3141686086342408403,CuZgtmkOfjT,2023-07-07T14:02:05+00:00,https://www.instagram.com/p/CuZgtmkOfjT/,drinks,food_spot,drinks,italian,Edgewood Ave,0.75,oldfourthward,atllovesmo|biggerstaffbrewing|chromeyellowtradingco|fetchparko4w|gabeergarden|lloydspizzaparty|mambozombi,True,55,False,0,True,"drinks=>beer,bar",italian=>pizza,food_spot=>location_present,"meal_keywords=beer,bar ; cuisine_matches=italian ; content_type=food_spot ; location_present=True ; transcript_present=False"
3164084580881503611,CvpFimKu5V7,2023-08-07T11:39:56+00:00,https://www.instagram.com/p/CvpFimKu5V7/,unknown,food_spot,unknown,coffee_cafe,"Atlanta, Georgia",0.7,atlanta|atlantaplants|atlblog|atlcafe|atlplants|atlshop,bellwoodcoffee|florafaunaatl|goatcityplantdesign|thekrogdistrictatl|thevictorianatlanta,True,92,False,0,True,,"coffee_cafe=>coffee,cafe",food_spot=>location_present,cuisine_matches=coffee_cafe ; content_type=food_spot ; location_present=True ; transcript_present=False
3352540651776329925,C6GnfXUL0jF,2024-04-23T12:25:57+00:00,https://www.instagram.com/p/C6GnfXUL0jF/,drinks,food_spot,drinks,,King of Pops,0.95,atleats|atlpatios|kingofpops|thingstodoinatlanta,kingofpops|nataliesoj,True,197,False,0,True,"drinks=>cocktail,mocktail,drink,margarita",,food_spot=>location_present,"meal_keywords=cocktail,mocktail,drink,margarita ; content_type=food_spot ; location_present=True ; transcript_present=False"
3730145498826359503,DPEI5FqEULP,2025-09-26T12:05:16+00:00,https://www.instagram.com/p/DPEI5FqEULP/,dinner,activity,dinner,american|chinese|seafood,,0.65,atlblog|atleats|marietta,atllovesmo|hongkongstarga,True,153,False,0,False,dinner=>dinner,"american=>american | chinese=>chinese,dim sum,dumpling,szechuan | seafood=>shrimp",activity=>walk,"meal_keywords=dinner ; cuisine_matches=american,chinese,seafood ; content_type=activity ; location_present=False ; transcript_present=False"
3738846691626949908,DPjDUG8EZ0U,2025-10-08T12:12:45+00:00,https://www.instagram.com/p/DPjDUG8EZ0U/,event,event,drinks,thai|indian|seafood|bakery,"Atlanta, Georgia",0.95,atlblog|atleats,atllovesmo|tipsythaiger,True,274,False,0,True,"dinner=>date night | dessert=>dessert,ice cream | drinks=>cocktail,cocktails,drink,drinks","thai=>thai,green curry | indian=>curry | seafood=>oyster,crab,fish | bakery=>bread","event=>market,seasonal","event_keywords=market,seasonal ; cuisine_matches=bakery,indian,seafood,thai ; content_type=event ; location_present=True ; transcript_present=False"
3700529018911858407,DNa64lVRB7n,2025-08-16T15:18:22+00:00,https://www.instagram.com/p/DNa64lVRB7n/,drinks,food_spot,drinks,,"Atlanta, Georgia",0.75,atlblog|atlpickleball|pdbatl|thingstodoinatlanta,pdbatl.,True,224,False,0,True,"drinks=>bar,gin",,food_spot=>location_present,"meal_keywords=bar,gin ; content_type=food_spot ; location_present=True ; transcript_present=False"
3217722197329722197,CynpUpNujtV,2023-10-20T11:55:56+00:00,https://www.instagram.com/p/CynpUpNujtV/,drinks,food_spot,drinks,american,Craft Burger by Shane,0.7,alpharettafoodie|atleats|atlfoodie|hosted|sponsored,craftburgerbyshane,True,130,False,0,True,drinks=>bar,american=>burger,food_spot=>location_present,meal_keywords=bar ; cuisine_matches=american ; content_type=food_spot ; location_present=True ; transcript_present=False
3494888042823417160,DCAViiCP_1I,2024-11-05T21:46:13+00:00,https://www.instagram.com/p/DCAViiCP_1I/,unknown,food_spot,unknown,,"Atlanta, Georgia",0.7,atlanta|atlblog|atlvet|bondvet|bondvetpartner,bondvetclinic,True,209,False,0,True,,,food_spot=>location_present,content_type=food_spot ; location_present=True ; transcript_present=False
3357614994357076762,C6YpQxHLcMa,2024-04-30T12:13:09+00:00,https://www.instagram.com/p/C6YpQxHLcMa/,event,event,dessert,korean,"Alpharetta, Georgia",0.8,atleats|atlfoodie|awesomealpharetta|tasteofalpharetta|thingstodoinatl,awesomealpharetta|foundationsocialeatery|jangsujang.atl.|tasteofalpharetta,True,276,False,0,True,dessert=>dessert,"korean=>korean,bibimbap","event=>festival,event,ticket","event_keywords=festival,event,ticket ; cuisine_matches=korean ; content_type=event ; location_present=True ; transcript_present=False"
3792810291076609690,DSixN1UETaa,2025-12-21T23:09:01+00:00,https://www.instagram.com/p/DSixN1UETaa/,drinks,food_spot,drinks,italian|japanese|indian|seafood|bbq|bakery,"Atlanta, Georgia",0.85,,atllovesmo|avize.atl,True,294,False,0,True,"dinner=>dinner | dessert=>dessert | drinks=>wine,bar,gin","italian=>risotto | japanese=>japanese | indian=>curry | seafood=>oyster,lobster | bbq=>smoked | bakery=>bread",food_spot=>location_present,"meal_keywords=wine,bar,gin ; cuisine_matches=bakery,bbq,indian,italian,japanese,seafood ; content_type=food_spot ; location_present=True ; transcript_present=False"
3820302323453907103,DUEcLjsEdCf,2026-01-28T21:36:07+00:00,https://www.instagram.com/p/DUEcLjsEdCf/,drinks,food_spot,drinks,italian|coffee_cafe,"Atlanta, Georgia",0.7,atlblog|atleats|mistero1|mistero1pizza,mistero1pizza.,True,244,False,0,True,drinks=>gin,italian=>pizza | coffee_cafe=>coffee,food_spot=>location_present,"meal_keywords=gin ; cuisine_matches=coffee_cafe,italian ; content_type=food_spot ; location_present=True ; transcript_present=False"
3789876849133305610,DSYWOonET8K,2025-12-17T21:57:21+00:00,https://www.instagram.com/p/DSYWOonET8K/,unknown,food_spot,unknown,italian,"Atlanta, Georgia",0.7,,atllovesmo|mistero1pizza,True,119,False,0,True,,italian=>pizza,food_spot=>location_present,cuisine_matches=italian ; content_type=food_spot ; location_present=True ; transcript_present=False
3594729993219217954,DHjC-IVRhoi,2025-03-23T15:54:20+00:00,https://www.instagram.com/p/DHjC-IVRhoi/,unknown,activity,unknown,coffee_cafe,,0.65,atlblog|sandysprings|thingstodoinatlanta,welloworksatlanta,True,305,False,0,False,,coffee_cafe=>coffee,activity=>park,cuisine_matches=coffee_cafe ; content_type=activity ; location_present=False ; transcript_present=False
3749239303986819182,DQH-UhcETBu,2025-10-22T20:30:35+00:00,https://www.instagram.com/p/DQH-UhcETBu/,event,event,drinks,mediterranean,"Atlanta, Georgia",0.75,atlblog|atldatenight,fernbankmuseum,True,143,False,0,True,"drinks=>cocktail,cocktails",mediterranean=>mediterranean,event=>live music,event_keywords=live music ; cuisine_matches=mediterranean ; content_type=event ; location_present=True ; transcript_present=False
3473244989645743998,DAzceqBvWd-,2024-10-07T01:05:24+00:00,https://www.instagram.com/p/DAzceqBvWd-/,event,event,drinks,,"Atlanta, Georgia",0.8,atlblog|atldatenight|atlfoodie|thingstodoinatlanta,emilydeeisroyaltee|geexella|gummythunk|ilovecharlita|jarvis.hammer|jesscronindesigns|jordywonderland|lilpassatchey|mysticdistrictmarket|naomi.wav|pixietwixt|saliva_godiva|sudiemusic|westside_motor_lounge,True,127,False,0,True,"drinks=>drink,drinks",,"event=>event,market,live music","event_keywords=event,market,live music ; content_type=event ; location_present=True ; transcript_present=False"
3156118275691872565,CvMyNmTu4E1,2023-07-27T11:51:23+00:00,https://www.instagram.com/p/CvMyNmTu4E1/,unknown,food_spot,unknown,mexican|coffee_cafe,FiNCA TO FiLTER,0.7,atlantacoffee|atlantafoodie|atlcoffee|atlcoffeeshops,atllovesmo|fincatofilter|leeandwhite.|wildheavenwestend,True,86,False,0,True,,"mexican=>taco | coffee_cafe=>coffee,latte",food_spot=>location_present,"cuisine_matches=coffee_cafe,mexican ; content_type=food_spot ; location_present=True ; transcript_present=False"
3680226671702937360,DMSyqjDxY8Q,2025-07-19T15:00:41+00:00,https://www.instagram.com/p/DMSyqjDxY8Q/,drinks,food_spot,drinks,,Rowell,0.95,atlantafoodie|atlblog|atleats|roswellga,atllovesmo|fromtheearthbrewing,True,141,False,0,True,"drinks=>cocktail,cocktails,bar,drink,rum",,food_spot=>location_present,"meal_keywords=cocktail,cocktails,bar,drink,rum ; content_type=food_spot ; location_present=True ; transcript_present=False"
3161176910100947969,Cvewaauu-QB,2023-08-03T11:21:57+00:00,https://www.instagram.com/p/Cvewaauu-QB/,dessert,food_spot,dessert,mexican|coffee_cafe,Krog Street Market,0.75,atlantacoffeeshops|atlantafood|atlcoffee|atldonut|atlfoodie|atlsweets,atllovesmo|thekrogdistrictatl|thesaltydonut,True,124,False,0,True,"dessert=>cake,donut","mexican=>taco | coffee_cafe=>coffee,latte",food_spot=>location_present,"meal_keywords=cake,donut ; cuisine_matches=coffee_cafe,mexican ; content_type=food_spot ; location_present=True ; transcript_present=False"
3653321243064975044,DKzNFB_Rr7E,2025-06-12T12:04:28+00:00,https://www.instagram.com/p/DKzNFB_Rr7E/,drinks,food_spot,drinks,american,"Atlanta, Georgia",0.95,atlblog|atleats|atlfoodie,atllovesmo|avize.atl|bar.avize|resy,True,199,False,0,True,"dinner=>dinner | drinks=>cocktail,cocktails,bar,happy hour,martini","american=>burger,hot dog",food_spot=>location_present,"meal_keywords=cocktail,cocktails,bar,happy hour,martini ; cuisine_matches=american ; content_type=food_spot ; location_present=True ; transcript_present=False"
3283706808811194749,C2SEfHduQl9,2024-01-19T12:46:48+00:00,https://www.instagram.com/p/C2SEfHduQl9/,event,event,drinks,,"Atlanta, Georgia",0.7,atlantaliving|atldental|dentisty|selfcare|sponsored,hello_tend|poncecitymarket,True,212,False,0,True,drinks=>drink,,event=>market,event_keywords=market ; content_type=event ; location_present=True ; transcript_present=False
3764500500390686541,DQ-MUKKkS9N,2025-11-12T21:39:15+00:00,https://www.instagram.com/p/DQ-MUKKkS9N/,event,event,unknown,,"Atlanta, Georgia",0.75,,scaddotedu|scadfash,True,303,False,0,True,,,"event=>event,ticket","event_keywords=event,ticket ; content_type=event ; location_present=True ; transcript_present=False"
3501487617956789684,DCXyG_Vvj20,2024-11-15T00:18:47+00:00,https://www.instagram.com/p/DCXyG_Vvj20/,event,event,drinks,,"Atlanta, Georgia",0.8,420fest2025|atlblog|sweetwater420fest|thingstodoinatlanta,420fest|atllovesmo|sweetwaterbrew,True,203,False,0,True,drinks=>beer,,"event=>festival,event,ticket","event_keywords=festival,event,ticket ; content_type=event ; location_present=True ; transcript_present=False"
3823040527248495157,DUOKxqskZI1,2026-02-01T16:06:46+00:00,https://www.instagram.com/p/DUOKxqskZI1/,drinks,food_spot,drinks,coffee_cafe,"Atlanta, Georgia",0.7,,switchyards,True,185,False,0,True,drinks=>beer,"coffee_cafe=>coffee,latte",food_spot=>location_present,meal_keywords=beer ; cuisine_matches=coffee_cafe ; content_type=food_spot ; location_present=True ; transcript_present=False
3419523613659699433,C90lpv1Pxjp,2024-07-24T22:18:35+00:00,https://www.instagram.com/p/C90lpv1Pxjp/,dessert,food_spot,dessert,,"Atlanta, Georgia",0.75,atlblog|atleats|atlfood|tiffstreats,tiffstreats,True,149,False,0,True,"lunch=>sandwich | dessert=>ice cream,cookie",,food_spot=>location_present,"meal_keywords=ice cream,cookie ; content_type=food_spot ; location_present=True ; transcript_present=False"
3144521768186208448,CujleNFOODA,2023-07-11T11:56:50+00:00,https://www.instagram.com/p/CujleNFOODA/,event,event,unknown,japanese,MUJŌ,0.7,atlantafoodie|atlfoodscene|atlomakase|omakase|omakasesushi,atllovesmo|chef_yang__|mujoatl,True,92,False,0,True,,"japanese=>sushi,omakase",event=>seasonal,event_keywords=seasonal ; cuisine_matches=japanese ; content_type=event ; location_present=True ; transcript_present=False
3831169389115281291,DUrDELQkQ-L,2026-02-12T21:17:35+00:00,https://www.instagram.com/p/DUrDELQkQ-L/,unknown,food_spot,unknown,,"Atlanta, Georgia",0.7,,lumivita_buckhead,True,221,False,0,True,,,food_spot=>location_present,content_type=food_spot ; location_present=True ; transcript_present=False
3504053568405878887,DCg5ie6xbhn,2024-11-18T13:18:34+00:00,https://www.instagram.com/p/DCg5ie6xbhn/,drinks,food_spot,drinks,,"Atlanta, Georgia",0.7,atlblog|atlfacials|hydrafacial,facefoundrie,True,148,False,0,True,drinks=>rum,,food_spot=>location_present,meal_keywords=rum ; content_type=food_spot ; location_present=True ; transcript_present=False
3819489455401701228,DUBjWxUkY9s,2026-01-27T18:32:40+00:00,https://www.instagram.com/p/DUBjWxUkY9s/,event,event,drinks,seafood,"Atlanta, Georgia",0.7,,breakaway|breakawayatl|centerparcatl.,True,107,False,0,True,drinks=>gin,seafood=>fish,event=>ticket,event_keywords=ticket ; cuisine_matches=seafood ; content_type=event ; location_present=True ; transcript_present=False
3754321073254011503,DQaBx_4EZJv,2025-10-29T20:35:25+00:00,https://www.instagram.com/p/DQaBx_4EZJv/,dessert,food_spot,dessert,mediterranean|seafood,"Atlanta, Georgia",0.7,1|atlblog|hosted,greatgreekgrill|greatgreekgrillcumberlandga,True,238,False,0,True,dessert=>dessert,"mediterranean=>mediterranean,falafel,gyro | seafood=>seafood",food_spot=>location_present,"meal_keywords=dessert ; cuisine_matches=mediterranean,seafood ; content_type=food_spot ; location_present=True ; transcript_present=False"
2960843287667168125,CkXB0htAFN9,2022-10-31T01:34:19+00:00,https://www.instagram.com/p/CkXB0htAFN9/,drinks,food_spot,drinks,japanese|vegan,wagamama,0.7,,gazoakley|wagamamausa,True,82,True,8,True,drinks=>cocktail,"japanese=>japanese,ramen | vegan=>vegan",food_spot=>location_present,"meal_keywords=cocktail ; cuisine_matches=japanese,vegan ; content_type=food_spot ; location_present=True ; transcript_present=True"
3365691518390038483,C61VpqRLu_T,2024-05-11T15:43:25+00:00,https://www.instagram.com/p/C61VpqRLu_T/,event,event,unknown,,"Atlanta, Georgia",0.7,atlblog|atlfestival|atlfoodie|redbull|shakyknees|shakykneesfest,atllovesmo|redbull|shakykneesfest,True,101,False,0,True,,,event=>festival,event_keywords=festival ; content_type=event ; location_present=True ; transcript_present=False
3348921211725703880,C55whlFrmrI,2024-04-18T12:34:11+00:00,https://www.instagram.com/p/C55whlFrmrI/,event,event,dinner,,Cooks & Soldiers,0.7,atlantafood|atldatenight|atlfoodie|atlwine,atllovesmo|bodegas_vizcarra|celiavizcarrawines|cooksatl|opentable,True,223,False,0,True,dinner=>dinner | dessert=>dessert | drinks=>wine,,event=>seasonal,event_keywords=seasonal ; content_type=event ; location_present=True ; transcript_present=False
3304019602235902649,C3aPFKiMsq5,2024-02-16T13:27:41+00:00,https://www.instagram.com/p/C3aPFKiMsq5/,drinks,food_spot,drinks,,FACE FOUNDRIÉ,0.75,atlanta|atlbeauty|atlblog|atlselfcare|hosted,atllovesmo|facefoundrie,True,229,False,0,True,"drinks=>bar,gin",,food_spot=>location_present,"meal_keywords=bar,gin ; content_type=food_spot ; location_present=True ; transcript_present=False"
3454011481069495521,C_vHSRTRKTh,2024-09-10T12:12:05+00:00,https://www.instagram.com/p/C_vHSRTRKTh/,event,event,drinks,coffee_cafe,"Atlanta, Georgia",0.95,wonderfulpistachiospartner,atlworldwidegallery|burlesbar|cat_eye_creative|hotelclermont|spillerpark|wonderfulpistachios,True,362,False,0,True,"drinks=>cocktail,cocktails,bar,gin | snack=>snack",coffee_cafe=>cafe,"event=>market,live music","event_keywords=market,live music ; cuisine_matches=coffee_cafe ; content_type=event ; location_present=True ; transcript_present=False"
3729671570978882242,DPCdIh9EcLC,2025-09-25T20:19:24+00:00,https://www.instagram.com/p/DPCdIh9EcLC/,unknown,food_spot,unknown,,"Atlanta, Georgia",0.7,atlblog|thingstodoinatlanta,atllovesmo|mackenziewood|spacesalonatl|sunlessglowbyla,True,86,False,0,True,,,food_spot=>location_present,content_type=food_spot ; location_present=True ; transcript_present=False
3662296724119784696,DLTF3eHPIz4,2025-06-24T21:19:24+00:00,https://www.instagram.com/p/DLTF3eHPIz4/,event,event,drinks,italian|seafood|coffee_cafe,"Atlanta, Georgia",0.95,atlblog|atleats|atlfoodie,atllovesmo|littletartbakeshop|staplehouse|talatmarketatl,True,188,False,0,True,"dinner=>date night | drinks=>drink,happy hour,martini,gin","italian=>pizza | seafood=>oyster | coffee_cafe=>coffee,latte","event=>market,seasonal","event_keywords=market,seasonal ; cuisine_matches=coffee_cafe,italian,seafood ; content_type=event ; location_present=True ; transcript_present=False"
3138713530702068547,CuO81OZNXtD,2023-07-03T11:31:14+00:00,https://www.instagram.com/p/CuO81OZNXtD/,dinner,food_spot,dinner,,Mission + Market,0.7,atlantafood|atlantafoodie|atldatenight|atlfinest|hosted,atllovesmo|ianwinslade.|jenisicecreams|missionandmkt,True,84,False,0,True,dinner=>date night | dessert=>dessert,,food_spot=>location_present,meal_keywords=date night ; content_type=food_spot ; location_present=True ; transcript_present=False
3814510269046007303,DTv3OEqkSYH,2026-01-20T21:38:34+00:00,https://www.instagram.com/p/DTv3OEqkSYH/,lunch,food_spot,lunch,,"Atlanta, Georgia",0.7,,amandaleathomasaesthetic|ayamedicalspa|colonysquareatl|lushnailbar_colonysquare.|sweetgreen,True,156,False,0,True,lunch=>lunch | drinks=>bar,,food_spot=>location_present,meal_keywords=lunch ; content_type=food_spot ; location_present=True ; transcript_present=False
3326463278891131356,C4p-LpQr-Hc,2024-03-18T12:49:04+00:00,https://www.instagram.com/p/C4p-LpQr-Hc/,unknown,food_spot,unknown,,"Atlanta, Georgia",0.7,atlantablog|atlhealthandwellness|atljuice|bamboojuices|serenbe,bamboojuices,True,190,False,0,True,,,food_spot=>location_present,content_type=food_spot ; location_present=True ; transcript_present=False
3668125023924519305,DLnzEZSvgGJ,2025-07-02T22:17:46+00:00,https://www.instagram.com/p/DLnzEZSvgGJ/,drinks,food_spot,drinks,italian|coffee_cafe,"Atlanta, Georgia",0.95,atlbar|atldatenight|atlvinyl|thingstodoinatlanta,atllovesmo|lloydspizzaparty|stereoatl,True,110,False,0,True,"dinner=>date night | drinks=>cocktail,cocktails,wine,bar","italian=>pizza | coffee_cafe=>coffee,latte",food_spot=>location_present,"meal_keywords=cocktail,cocktails,wine,bar ; cuisine_matches=coffee_cafe,italian ; content_type=food_spot ; location_present=True ; transcript_present=False"
3354712403188917904,C6OVSgbrCaQ,2024-04-26T12:03:07+00:00,https://www.instagram.com/p/C6OVSgbrCaQ/,event,event,breakfast,american,"Atlanta, Georgia",0.75,ad|atlantafoodie|atleats|breakfastathome|breakfastideas|mcdonaldsbagel|mcdonaldsbagels|mcdonaldsbagelsareback|mcdonaldsbreakfast,mcdonalds,True,145,False,0,True,"breakfast=>breakfast,bagel",american=>american,"event=>market,limited time","event_keywords=market,limited time ; cuisine_matches=american ; content_type=event ; location_present=True ; transcript_present=False"
3677965117548698114,DMKwcmnxJoC,2025-07-16T12:11:16+00:00,https://www.instagram.com/p/DMKwcmnxJoC/,event,event,unknown,american,"Atlanta, Georgia",0.7,atlblog|marburgeratlanta|marburgerfarmantiqueshow|thingstodoinatlanta,downtownatlanta.|marburgerfarm,True,204,False,0,True,,"american=>american,burger,southern",event=>ticket,event_keywords=ticket ; cuisine_matches=american ; content_type=event ; location_present=True ; transcript_present=False
3672889617063305214,DL4uaWcR1_-,2025-07-09T12:03:37+00:00,https://www.instagram.com/p/DL4uaWcR1_-/,event,event,drinks,,"Atlanta, Georgia",0.7,atlblog|atldatenight|atlfoodie|atlmusic|thingstodoinatlanta,atllovesmo|fitfolabs|madace.jpg,True,194,False,0,True,drinks=>gin,,event=>concert,event_keywords=concert ; content_type=event ; location_present=True ; transcript_present=False
3272859248869743515,C1riCWAu5ub,2024-01-04T13:35:40+00:00,https://www.instagram.com/p/C1riCWAu5ub/,event,event,drinks,,Georgia World Congress Center,0.95,ad|atlboatshow|atlboatshow24|discoverboating|seeyououthere|thingstodoinatlanta,afranks3|atlantaboatshow|atllovesmo|discoverboating|gwcca_atl|progressive|thricegroove,True,236,False,0,True,"drinks=>cocktail,drink,drinks,happy hour",,"event=>event,live music,ticket","event_keywords=event,live music,ticket ; content_type=event ; location_present=True ; transcript_present=False"
3618041997421286467,DI13gcGvZRD,2025-04-24T19:51:48+00:00,https://www.instagram.com/p/DI13gcGvZRD/,drinks,food_spot,drinks,,"Atlanta, Georgia",0.7,atlblog|atltravel|wander|wanderpartner,wander,True,116,False,0,True,drinks=>gin,,food_spot=>location_present,meal_keywords=gin ; content_type=food_spot ; location_present=True ; transcript_present=False
3664984412992807802,DLco-fbx6N6,2025-06-28T14:17:16+00:00,https://www.instagram.com/p/DLco-fbx6N6/,breakfast,food_spot,breakfast,seafood|coffee_cafe,Serenbe,0.7,,bamboojuices.|blueeyeddaisybakeshop|halsaserenbe.|innatserenbe|serenbe|serenbefarmhouse,True,241,False,0,True,breakfast=>breakfast | lunch=>lunch | dessert=>cake | drinks=>gin,seafood=>crab | coffee_cafe=>coffee,food_spot=>location_present,"meal_keywords=breakfast ; cuisine_matches=coffee_cafe,seafood ; content_type=food_spot ; location_present=True ; transcript_present=False"
3083929440983474287,CrMUXy6MGBv,2023-04-18T21:34:01+00:00,https://www.instagram.com/p/CrMUXy6MGBv/,drinks,food_spot,drinks,italian,"Atlanta, Georgia",0.85,atlarcade|atldatenight|atlgamenight|atlgamers|atlsocialclub,highnoonsunsips|slingshotsocialatl,True,114,True,14,True,"dinner=>date night | drinks=>gin,shot,shots",italian=>pizza,food_spot=>location_present,"meal_keywords=gin,shot,shots ; cuisine_matches=italian ; content_type=food_spot ; location_present=True ; transcript_present=True"
3650484053838462084,DKpH-fnRPyE,2025-06-08T14:09:53+00:00,https://www.instagram.com/p/DKpH-fnRPyE/,breakfast,food_spot,breakfast,mexican,"Atlanta, Georgia",0.75,atlblog|atlfoodie|thingstodoinatlanta,atllovesmo|breakerbreaker_atl,True,111,False,0,True,"breakfast=>breakfast,pancake | brunch=>brunch | lunch=>sandwich | dessert=>cake | drinks=>cocktail",mexican=>burrito,food_spot=>location_present,"meal_keywords=breakfast,pancake ; cuisine_matches=mexican ; content_type=food_spot ; location_present=True ; transcript_present=False"
3679405336902809484,DMP36jaxLeM,2025-07-18T11:52:10+00:00,https://www.instagram.com/p/DMP36jaxLeM/,drinks,food_spot,drinks,japanese|seafood|bakery,"Atlanta, Georgia",0.95,atlantafood|atlblog|atleats|atlfoodie,atllovesmo|brushatl|buckheadrestaurantweek|buckheadvillagedistrict.|carmelatl|lebilboquetatlanta|livablebuckhead,True,214,False,0,True,"lunch=>lunch | dinner=>dinner,date night | dessert=>dessert | drinks=>cocktail,cocktails,bar,drink",japanese=>sushi | seafood=>seafood | bakery=>pastry,food_spot=>location_present,"meal_keywords=cocktail,cocktails,bar,drink ; cuisine_matches=bakery,japanese,seafood ; content_type=food_spot ; location_present=True ; transcript_present=False"
3773937242545970626,DRft-1Kkd3C,2025-11-25T22:07:53+00:00,https://www.instagram.com/p/DRft-1Kkd3C/,drinks,food_spot,drinks,american,"Atlanta, Georgia",0.85,,2chainz|atlhawks|statefarmarena.|yfnlucci,True,188,False,0,True,"dinner=>dinner | dessert=>dessert | drinks=>bar,drink,drinks",american=>hot dog,food_spot=>location_present,"meal_keywords=bar,drink,drinks ; cuisine_matches=american ; content_type=food_spot ; location_present=True ; transcript_present=False"
3681156864403123249,DMWGKohPSwx,2025-07-20T21:52:29+00:00,https://www.instagram.com/p/DMWGKohPSwx/,event,event,dinner,,"Atlanta, Georgia",0.7,atlblog|atlhomes|atlrealestate,williammarkdesigns|yahoo.com,True,287,False,0,True,dinner=>dinner,,event=>market,event_keywords=market ; content_type=event ; location_present=True ; transcript_present=False
3670833851862957827,DLxa_B5xT8D,2025-07-06T16:02:28+00:00,https://www.instagram.com/p/DLxa_B5xT8D/,drinks,food_spot,drinks,japanese|thai|seafood,"Atlanta, Georgia",0.85,atlanta|atleats|atlfood|atlfoodie|atlthai|hosted,atllovesmo|tikithai_atl,True,162,False,0,True,"dinner=>dinner,date night | drinks=>cocktail,cocktails,martini","japanese=>sushi | thai=>thai | seafood=>lobster,shrimp",food_spot=>location_present,"meal_keywords=cocktail,cocktails,martini ; cuisine_matches=japanese,seafood,thai ; content_type=food_spot ; location_present=True ; transcript_present=False"
3111216191675196082,CstQqR0PmKy,2023-05-26T12:58:41+00:00,https://www.instagram.com/p/CstQqR0PmKy/,event,event,drinks,mexican|coffee_cafe,Chrome Yellow Trading Co.,0.75,atlanta|atlantacoffee|atlcoffee|atlcoffeeshops,chromeyellowtradingco,True,55,True,1,True,"drinks=>drink,drinks",mexican=>taco | coffee_cafe=>coffee,event=>seasonal,"event_keywords=seasonal ; cuisine_matches=coffee_cafe,mexican ; content_type=event ; location_present=True ; transcript_present=True"
3784793383446369774,DSGSYeQkdXu,2025-12-10T21:36:51+00:00,https://www.instagram.com/p/DSGSYeQkdXu/,event,event,dinner,,"Atlanta, Georgia",0.7,,atllovesmo|encorebroadway|thefoxtheatre.,True,162,False,0,True,dinner=>date night,,event=>ticket,event_keywords=ticket ; content_type=event ; location_present=True ; transcript_present=False
3763786441592756039,DQ7p9PFkVdH,2025-11-11T22:01:30+00:00,https://www.instagram.com/p/DQ7p9PFkVdH/,event,event,unknown,,"Atlanta, Georgia",0.8,atlblog|atleats,atllovesmo|georgiafestivaloftrees,True,193,False,0,True,,,"event=>festival,event,ticket","event_keywords=festival,event,ticket ; content_type=event ; location_present=True ; transcript_present=False"
3640365787296197898,DKFLWVkRm0K,2025-05-25T15:05:50+00:00,https://www.instagram.com/p/DKFLWVkRm0K/,drinks,food_spot,drinks,seafood|bbq|coffee_cafe,"Atlanta, Georgia",0.95,atlblog|atlbrunch|atleats|atlfoodie,atllovesmo|drinkninedot|peckish_atl|prattpullmandistrict,True,280,False,0,True,"breakfast=>bagel | brunch=>brunch | lunch=>sandwich | dessert=>dessert,cake | drinks=>cocktail,cocktails,mocktail,drink,bourbon",seafood=>fish | bbq=>smoked | coffee_cafe=>coffee,food_spot=>location_present,"meal_keywords=cocktail,cocktails,mocktail,drink,bourbon ; cuisine_matches=bbq,coffee_cafe,seafood ; content_type=food_spot ; location_present=True ; transcript_present=False"
3673139186421830539,DL5nKEBPZOL,2025-07-09T20:19:37+00:00,https://www.instagram.com/p/DL5nKEBPZOL/,drinks,food_spot,drinks,,"Atlanta, Georgia",0.95,atlblog|cobbcounty|explorega|mlballstargame|travelcobb,batteryatl|kftbatteryatl|mlb|pheast_atl|pokeburribattery|propaganda.atl|smyrnastoutbrothers|travelcobb,True,198,False,0,True,"drinks=>cocktail,cocktails,beer,drink",,food_spot=>location_present,"meal_keywords=cocktail,cocktails,beer,drink ; content_type=food_spot ; location_present=True ; transcript_present=False"
2922139196257755080,CiNhh3pMF_I,2022-09-07T15:56:16+00:00,https://www.instagram.com/p/CiNhh3pMF_I/,event,event,unknown,italian|vegan,Double Zero,0.7,atlanta|atlantaeats|atlantafoodie|atlantapizza|atlblog|atlbucketlist|atlfoodie|atlpizza|atlvegan|atlveganglutenfree|doublezero|eatatlanta|freshmadedaily|pizza|plantbased|plantbasedlifestyle|veganatlanta|veganfood|vegansofatlanta|weloveatl,doublezeroatl,True,98,False,0,True,,"italian=>pasta,pizza | vegan=>vegan",event=>market,"event_keywords=market ; cuisine_matches=italian,vegan ; content_type=event ; location_present=True ; transcript_present=False"
3031642466768401863,CoSjsLduDXH,2023-02-05T18:01:32+00:00,https://www.instagram.com/p/CoSjsLduDXH/,dessert,food_spot,dessert,,"Atlanta, Georgia",0.7,,,True,12,False,0,True,dessert=>cookie,,food_spot=>location_present,meal_keywords=cookie ; content_type=food_spot ; location_present=True ; transcript_present=False
2907200455241903615,ChYc2k5jC3_,2022-08-18T01:15:48+00:00,https://www.instagram.com/p/ChYc2k5jC3_/,unknown,food_spot,unknown,,"Atlanta, Georgia",0.7,arangeofpossibilites|stoveshelf,stoveshelf,True,59,True,223,True,,,food_spot=>location_present,content_type=food_spot ; location_present=True ; transcript_present=True
3663022270814551661,DLVq1kIPv5t,2025-06-25T21:23:32+00:00,https://www.instagram.com/p/DLVq1kIPv5t/,dinner,food_spot,dinner,,"Atlanta, Georgia",0.7,atlantafoodie|atlblog,atllovesmo|mollysanyourceramicsstudio,True,112,False,0,True,dinner=>date night,,food_spot=>location_present,meal_keywords=date night ; content_type=food_spot ; location_present=True ; transcript_present=False
3651878237678037362,DKuE-ifx2ly,2025-06-10T12:25:28+00:00,https://www.instagram.com/p/DKuE-ifx2ly/,dinner,food_spot,dinner,italian|seafood|bakery,"Atlanta, Georgia",0.7,atlblog|atldatenight|atlfoodie,atllovesmo|pendolinoatl,True,141,False,0,True,dinner=>date night,"italian=>italian,pasta | seafood=>shrimp | bakery=>bread",food_spot=>location_present,"meal_keywords=date night ; cuisine_matches=bakery,italian,seafood ; content_type=food_spot ; location_present=True ; transcript_present=False"
3095674106473407392,Cr2CzLAuOOg,2023-05-05T02:23:23+00:00,https://www.instagram.com/p/Cr2CzLAuOOg/,dinner,food_spot,dinner,,"Atlanta, Georgia",0.7,atlantafood|atlfood|atlfoodie|tinylousatl,hotelclermont|tinylousatl,True,74,True,15,True,dinner=>date night,,food_spot=>location_present,meal_keywords=date night ; content_type=food_spot ; location_present=True ; transcript_present=True
3073231310820474678,CqmT5gyD_82,2023-04-04T03:10:23+00:00,https://www.instagram.com/p/CqmT5gyD_82/,drinks,mixed,drinks,,,0.75,atlantafoodphotography|atlfoodphotographer|behindthescenesphotoshoot|foodphotography,,True,30,False,0,False,"drinks=>shot,shots",,,"meal_keywords=shot,shots ; content_type=mixed ; location_present=False ; transcript_present=False"
3676776151507615018,DMGiG3tPT0q,2025-07-14T20:47:49+00:00,https://www.instagram.com/p/DMGiG3tPT0q/,unknown,food_spot,unknown,italian|coffee_cafe,"Atlanta, Georgia",0.7,atlblog|atlliving|thingstodoinatlanta,stellastarmetals,True,216,False,0,True,,italian=>italian | coffee_cafe=>coffee,food_spot=>location_present,"cuisine_matches=coffee_cafe,italian ; content_type=food_spot ; location_present=True ; transcript_present=False"
2978283951905275634,ClU_XmBj37y,2022-11-24T03:05:51+00:00,https://www.instagram.com/p/ClU_XmBj37y/,drinks,mixed,drinks,,,0.75,atlantacreative|atlantacreatives|atlcreativemedia|behindthescenes|behindthescenesphotoshoot|creativemedia|foodphotography|foodphotographyatl|noodlepull,wagamamausa,True,44,True,1,False,"drinks=>shot,shots",,,"meal_keywords=shot,shots ; content_type=mixed ; location_present=False ; transcript_present=True"
3678949361825201742,DMOQPPiPb5O,2025-07-17T20:43:04+00:00,https://www.instagram.com/p/DMOQPPiPb5O/,drinks,food_spot,drinks,mexican|seafood|vegan,"Roswell, Georgia",0.7,atlblog|atleats,acrossthecoastseafood.|prettylittletacosroswell|roswelljunction|roswelljunction.,True,134,False,0,True,drinks=>bar,"mexican=>taco,birria | seafood=>seafood | vegan=>vegan",food_spot=>location_present,"meal_keywords=bar ; cuisine_matches=mexican,seafood,vegan ; content_type=food_spot ; location_present=True ; transcript_present=False"
3659375066182642569,DLItjwHvOuJ,2025-06-20T20:34:13+00:00,https://www.instagram.com/p/DLItjwHvOuJ/,drinks,food_spot,drinks,italian,"Atlanta, Georgia",0.75,1|atlblog|atleats|atlfoodie,varasanospizzeria,True,198,False,0,True,"drinks=>wine,gin",italian=>pizza,food_spot=>location_present,"meal_keywords=wine,gin ; cuisine_matches=italian ; content_type=food_spot ; location_present=True ; transcript_present=False"
3644711325818837567,DKUnaPsRlo_,2025-05-31T15:08:25+00:00,https://www.instagram.com/p/DKUnaPsRlo_/,drinks,food_spot,drinks,mexican,"Atlanta, Georgia",0.95,atlblog|atleats|atlfoodie,atllovesmo|zocalo,True,227,False,0,True,"dinner=>date night | drinks=>margarita,tequila,shot,shots","mexican=>mexican,birria",food_spot=>location_present,"meal_keywords=margarita,tequila,shot,shots ; cuisine_matches=mexican ; content_type=food_spot ; location_present=True ; transcript_present=False"
3017274120578308493,CnfgtOTDJmN,2023-01-16T22:16:11+00:00,https://www.instagram.com/p/CnfgtOTDJmN/,event,event,drinks,,"Atlanta, Georgia",0.85,,freakitikibar,True,45,True,8,True,"drinks=>bar,drink,drinks",,event=>event,event_keywords=event ; content_type=event ; location_present=True ; transcript_present=True
2951292363088134960,Cj1GMSCMQMw,2022-10-17T21:19:31+00:00,https://www.instagram.com/p/Cj1GMSCMQMw/,unknown,mixed,unknown,,,0.45,,lebonnosh,True,11,True,17,False,,,,content_type=mixed ; location_present=False ; transcript_present=True
3077355483032193664,Cq09oHdvAqA,2023-04-09T19:43:20+00:00,https://www.instagram.com/p/Cq09oHdvAqA/,event,event,drinks,,Rina,0.7,atlantafoodscene|atlbeltline|atlfoodie,poncecitymarket|rina.atl,True,32,True,36,True,drinks=>drink,,event=>market,event_keywords=market ; content_type=event ; location_present=True ; transcript_present=True
3672218522979061279,DL2V0pXxs4f,2025-07-08T13:55:15+00:00,https://www.instagram.com/p/DL2V0pXxs4f/,event,event,drinks,,"Atlanta, Georgia",0.75,atlblog|atleats|atlfoodie,barblancatlanta|opentable,True,89,False,0,True,"dinner=>date night | dessert=>dessert | drinks=>cocktail,bar",,event=>ticket,event_keywords=ticket ; content_type=event ; location_present=True ; transcript_present=False
2907963069324788063,ChbKQEnDwFf,2022-08-19T02:30:46+00:00,https://www.instagram.com/p/ChbKQEnDwFf/,drinks,food_spot,drinks,coffee_cafe,"Atlanta, Georgia",0.85,boardnight|cocktails|espresso|espressomartini|girlsnight|martini|powerpointnight,godiva|kahlua,True,30,True,2,True,"drinks=>cocktail,cocktails,martini",coffee_cafe=>espresso,food_spot=>location_present,"meal_keywords=cocktail,cocktails,martini ; cuisine_matches=coffee_cafe ; content_type=food_spot ; location_present=True ; transcript_present=True"
3073079768621819724,CqlxcSHJKdM,2023-04-03T22:08:26+00:00,https://www.instagram.com/p/CqlxcSHJKdM/,drinks,mixed,drinks,bakery,,0.75,atlantabrunchspot|atlantafood|atlbrunch,hotelclermont|tinylousatl|tinylousatl.,True,92,True,40,False,"brunch=>brunch | dessert=>cake | drinks=>drink,gin",bakery=>pastry,,"meal_keywords=drink,gin ; cuisine_matches=bakery ; content_type=mixed ; location_present=False ; transcript_present=True"
3631120927904575697,DJkVT7UPTDR,2025-05-12T21:00:53+00:00,https://www.instagram.com/p/DJkVT7UPTDR/,drinks,food_spot,drinks,american|bbq|bakery|coffee_cafe,"Atlanta, Georgia",0.95,atlblog|atleats|atlfoodie,atllovesmo|avize.atl|bar.avize|redactedbasementdrinkparlor|sammysatl|summerhill_atl.,True,222,False,0,True,"lunch=>sandwich | dinner=>dinner | drinks=>cocktail,cocktails,bar,drink,gin","american=>burger | bbq=>smoked | bakery=>bakery,bread | coffee_cafe=>latte,matcha",food_spot=>location_present,"meal_keywords=cocktail,cocktails,bar,drink,gin ; cuisine_matches=american,bakery,bbq,coffee_cafe ; content_type=food_spot ; location_present=True ; transcript_present=False"
3067105937157093648,CqQjJmAvXkQ,2023-03-26T16:22:06+00:00,https://www.instagram.com/p/CqQjJmAvXkQ/,unknown,food_spot,unknown,italian|seafood,Lloyd's,0.7,atlantafood|atlfoodies|atlpizza,lloydspizzaparty,True,40,True,1,True,,italian=>pizza | seafood=>crab,food_spot=>location_present,"cuisine_matches=italian,seafood ; content_type=food_spot ; location_present=True ; transcript_present=True"
3660654263379753267,DLNQahWRPkz,2025-06-22T14:53:54+00:00,https://www.instagram.com/p/DLNQahWRPkz/,lunch,food_spot,lunch,bakery|coffee_cafe,"Atlanta, Georgia",0.75,atlanta|atlantabrunch|atlbreakfast|atlcoffee,academycoffeeatl|atllovesmo|kinshipbutcher_atl,True,197,False,0,True,"breakfast=>breakfast | brunch=>brunch | lunch=>lunch,sandwich | dinner=>date night | drinks=>wine",bakery=>bread | coffee_cafe=>coffee,food_spot=>location_present,"meal_keywords=lunch,sandwich ; cuisine_matches=bakery,coffee_cafe ; content_type=food_spot ; location_present=True ; transcript_present=False"
3657965745427330231,DLDtHb4vjS3,2025-06-18T22:00:16+00:00,https://www.instagram.com/p/DLDtHb4vjS3/,event,event,drinks,,"Atlanta, Georgia",0.75,atlblog,atllovesmo|fernbankmuseum,True,155,False,0,True,"drinks=>drink,drinks",,event=>live music,event_keywords=live music ; content_type=event ; location_present=True ; transcript_present=False
2981910596108965184,Clh3-NpDFVA,2022-11-29T03:13:42+00:00,https://www.instagram.com/p/Clh3-NpDFVA/,unknown,mixed,unknown,,,0.45,atlanta|atlantafacial|atlesthetician|atlfacial|atlfacials|atlfoodie|atllifestyle|atlselfcare|cleanyourdirtyface|cleanyourdirtyfacepartner|facials|icequeen,cleanyourdirtyface|cleanyourdirtyface.com,True,146,True,1,False,,,,content_type=mixed ; location_present=False ; transcript_present=True
2916949088744374695,Ch7Fb3WggGn,2022-08-31T12:04:23+00:00,https://www.instagram.com/p/Ch7Fb3WggGn/,drinks,food_spot,drinks,italian,Bulla Gastrobar,0.75,atlanta|atlantaeats|atlantafoodie|atlantatapas|atlantatapasrestaurants|atlblog|atlbucketlist|atldining|atleats|atlfoodie|atloutdoordining|bullagastrobar|eatatlanta|girlsnightatlanta|pasta|spanishtapas|tapas|weloveatl,bullagastrobar,True,118,True,17,True,"drinks=>bar,happy hour",italian=>pasta,food_spot=>location_present,"meal_keywords=bar,happy hour ; cuisine_matches=italian ; content_type=food_spot ; location_present=True ; transcript_present=True"
2878912188617338785,Cfz82HmFC-h,2022-07-10T00:34:50+00:00,https://www.instagram.com/p/Cfz82HmFC-h/,drinks,mixed,drinks,italian|bakery,,0.75,,stceciliaatl,True,48,True,3,False,"dinner=>date night | drinks=>cocktail,cocktails",italian=>pasta | bakery=>bread,,"meal_keywords=cocktail,cocktails ; cuisine_matches=bakery,italian ; content_type=mixed ; location_present=False ; transcript_present=True"
2992653094153625521,CmICiIlAB-x,2022-12-13T23:01:13+00:00,https://www.instagram.com/p/CmICiIlAB-x/,lunch,mixed,lunch,italian,,0.75,,sunnysidepizzeria,True,92,True,12,False,"lunch=>lunch,sandwich",italian=>pizza,,"meal_keywords=lunch,sandwich ; cuisine_matches=italian ; content_type=mixed ; location_present=False ; transcript_present=True"
3627533195307386262,DJXlji9PAWW,2025-05-07T22:09:27+00:00,https://www.instagram.com/p/DJXlji9PAWW/,drinks,food_spot,drinks,italian|coffee_cafe,"Atlanta, Georgia",0.85,atlblog|atleats|atlfoodie|atllatenight,atllovesmo|calypso_wav|mjqofficial|thefriskywhiskeratl|underground_atlanta|utopialoungeatl,True,171,False,0,True,"dessert=>donut | drinks=>drink,martini,vodka",italian=>pasta | coffee_cafe=>espresso,food_spot=>location_present,"meal_keywords=drink,martini,vodka ; cuisine_matches=coffee_cafe,italian ; content_type=food_spot ; location_present=True ; transcript_present=False"
3655764264368322427,DK74jq4Pbd7,2025-06-15T20:58:29+00:00,https://www.instagram.com/p/DK74jq4Pbd7/,event,event,unknown,,"Atlanta, Georgia",0.75,atlblog|atldatenight|thingstodoinatlanta,atllovesmo|dnd_atl|tesseraeatl,True,216,False,0,True,,,"event=>event,ticket","event_keywords=event,ticket ; content_type=event ; location_present=True ; transcript_present=False"
3665795259390317219,DLfhV2_RVKj,2025-06-29T17:08:47+00:00,https://www.instagram.com/p/DLfhV2_RVKj/,drinks,food_spot,drinks,,"Atlanta, Georgia",0.85,atlblog|atlfoodie|thingstodoinatlanta,itp_atlanta.|itpkitchenandbar,True,82,False,0,True,"drinks=>bar,drink,drinks",,food_spot=>location_present,"meal_keywords=bar,drink,drinks ; content_type=food_spot ; location_present=True ; transcript_present=False"
3079498342934256413,Cq8k21RABsd,2023-04-12T18:42:19+00:00,https://www.instagram.com/p/Cq8k21RABsd/,drinks,food_spot,drinks,,"Atlanta, Georgia",0.7,,leandrafthouse,True,5,False,0,True,drinks=>cocktail,,food_spot=>location_present,meal_keywords=cocktail ; content_type=food_spot ; location_present=True ; transcript_present=False
3075689635003654925,CqvC21lvmMN,2023-04-07T12:35:37+00:00,https://www.instagram.com/p/CqvC21lvmMN/,event,event,drinks,,Hotel Clermont,0.85,,hotelclermont|poncecitymarket,True,50,False,0,True,"drinks=>cocktail,cocktails,bar",,event=>market,event_keywords=market ; content_type=event ; location_present=True ; transcript_present=False
2860523396332475855,Ceynt-OF1XP,2022-06-14T15:37:53+00:00,https://www.instagram.com/p/Ceynt-OF1XP/,unknown,food_spot,unknown,mexican|vegan,West End,0.7,atlanta|atlantaeats|atlantafoodie|atlantatoday|atlantavegan|atlblog|atlbucketlist|atlfoodie|atlvegan|baeeatsworld|eatatlanta|eatnorthamerica|food|foodiesofinstagram|foodphotography|foodpics|foodstagram|forkyeahfoodies|globaleats|hotlanta|microinfluencer|tasteofmyatlanta|thefoodieinitiave|theloserfam|weloveatl,calaveritasatl|metatl,True,78,True,4,True,,"mexican=>mexican,taco,quesadilla,birria | vegan=>vegan",food_spot=>location_present,"cuisine_matches=mexican,vegan ; content_type=food_spot ; location_present=True ; transcript_present=True"
2876046840687392135,CfpxV0YjnWH,2022-07-06T01:48:20+00:00,https://www.instagram.com/p/CfpxV0YjnWH/,drinks,food_spot,drinks,seafood,Bellyard,0.85,,bellyardhotel|drawbaratl,True,41,True,11,True,"dinner=>date night | drinks=>bar,drink,drinks",seafood=>fish,food_spot=>location_present,"meal_keywords=bar,drink,drinks ; cuisine_matches=seafood ; content_type=food_spot ; location_present=True ; transcript_present=True"
3645616540348089795,DKX1O2avIXD,2025-06-01T21:07:20+00:00,https://www.instagram.com/p/DKX1O2avIXD/,unknown,food_spot,unknown,bakery,"Atlanta, Georgia",0.7,atlblog|atleats|atlfoodie|atlwings,atllovesmo|thebando_atl,True,187,False,0,True,,bakery=>bread,food_spot=>location_present,cuisine_matches=bakery ; content_type=food_spot ; location_present=True ; transcript_present=False
3671680325978474201,DL0bc2WvMbZ,2025-07-07T20:22:53+00:00,https://www.instagram.com/p/DL0bc2WvMbZ/,drinks,food_spot,drinks,coffee_cafe,"Atlanta, Georgia",0.95,atlantabeltline|atlblog|atleats|mlballstargame|thingstodoinatlanta,atlantabeltline|atlantabeltline.|atllovesmo|boonesatl|burlesbar|eltesoroatl|hopcityatl|leeandwhite|mlb|mondaynightgarage.|sidesaddlewine.|thevictorianatlanta.,True,245,False,0,True,"lunch=>lunch | dinner=>dinner | drinks=>cocktail,cocktails,wine,bar,drink",coffee_cafe=>coffee,food_spot=>location_present,"meal_keywords=cocktail,cocktails,wine,bar,drink ; cuisine_matches=coffee_cafe ; content_type=food_spot ; location_present=True ; transcript_present=False"
2845354611736797541,Cd8uvGsl2Fl,2022-05-24T17:18:54+00:00,https://www.instagram.com/p/Cd8uvGsl2Fl/,drinks,food_spot,drinks,,Wrecking Bar Brewpub,0.75,atlanta|atlantabeer|atlantaeats|atlantafoodie|atlantatoday|atlbeer|atlblog|atlbrewpub|atlbucketlist|atlfoodie|brews|cheese|eatatlanta|eatnorthamerica|fondue|food|foodiesofinstagram|foodphotography|foodpics|foodstagram|forkyeahfoodies|globaleats|microinfluencer|pretzel|thefoodieinitiave|theloserfam|weloveatl,wreckingbarbrewpub,True,75,True,11,True,"drinks=>beer,bar",,food_spot=>location_present,"meal_keywords=beer,bar ; content_type=food_spot ; location_present=True ; transcript_present=True"
3046827039630160366,CpIgQy9NfHu,2023-02-26T16:48:42+00:00,https://www.instagram.com/p/CpIgQy9NfHu/,drinks,mixed,drinks,coffee_cafe,,0.65,,brashcoffee|chattahoocheefoodworks,True,34,False,0,False,drinks=>drink,"coffee_cafe=>coffee,latte",,meal_keywords=drink ; cuisine_matches=coffee_cafe ; content_type=mixed ; location_present=False ; transcript_present=False
3661605887035608125,DLQoyd8PIw9,2025-06-23T22:24:34+00:00,https://www.instagram.com/p/DLQoyd8PIw9/,event,event,dessert,american|mexican,"Atlanta, Georgia",0.7,atlblog|atldatenight|atleats,atllovesmo|chefjoeyward|georgiaboyatlanta|southernbelleatlanta,True,174,False,0,True,dessert=>ice cream,"american=>burger,hot dog,southern | mexican=>mexican",event=>limited time,"event_keywords=limited time ; cuisine_matches=american,mexican ; content_type=event ; location_present=True ; transcript_present=False"
3631850698640974082,DJm7PfRv-EC,2025-05-13T21:11:43+00:00,https://www.instagram.com/p/DJm7PfRv-EC/,dinner,food_spot,dinner,italian|seafood|bakery|coffee_cafe,"Atlanta, Georgia",0.7,atlblog|atldatenight|atleats|atlfoodie,atllovesmo|stceciliaatl,True,103,False,0,True,dinner=>date night | dessert=>gelato | drinks=>martini,"italian=>pasta | seafood=>crab,fish | bakery=>bread | coffee_cafe=>espresso",food_spot=>location_present,"meal_keywords=date night ; cuisine_matches=bakery,coffee_cafe,italian,seafood ; content_type=food_spot ; location_present=True ; transcript_present=False"
2913452048587500969,ChuqTO6MS2p,2022-08-26T16:16:30+00:00,https://www.instagram.com/p/ChuqTO6MS2p/,unknown,food_spot,unknown,,"Atlanta, Georgia",0.7,atlanta|atlantaeats|atlantafoodie|atlantatoday|atlblog|atlbucketlist|atlfoodie|atlrooftop|baeeatsworld|eatatlanta|eatnorthamerica|food|foodiesofinstagram|foodphotography|foodpics|foodstagram|forkyeahfoodies|globaleats|microinfluencer|thefoodieinitiave|theloserfam|weloveatl,spacemanatl,True,41,True,27,True,,,food_spot=>location_present,content_type=food_spot ; location_present=True ; transcript_present=True
2843850481734025292,Cd3YvIeFIBM,2022-05-22T15:30:42+00:00,https://www.instagram.com/p/Cd3YvIeFIBM/,breakfast,food_spot,breakfast,mediterranean|coffee_cafe,Daily Chew ATL,0.7,atlanta|atlantaeats|atlantafoodie|atlantatoday|atlblog|atlbreakfast|atlbucketlist|atlcoffee|atlfoodie|atlneighborhoodcafe|eatatlanta|eatnorthamerica|food|foodiesofinstagram|foodphotography|foodpics|foodstagram|forkyeahfoodies|globaleats|microinfluencer|thefoodieinitiave|theloserfam|weloveatl,dailychewatl,True,79,True,53,True,breakfast=>breakfast | snack=>quick bite,"mediterranean=>hummus | coffee_cafe=>coffee,cafe",food_spot=>location_present,"meal_keywords=breakfast ; cuisine_matches=coffee_cafe,mediterranean ; content_type=food_spot ; location_present=True ; transcript_present=True"
3642038750063436507,DKLHvJjvSLb,2025-05-27T22:33:00+00:00,https://www.instagram.com/p/DKLHvJjvSLb/,drinks,food_spot,drinks,mexican,"Atlanta, Georgia",0.75,atlblog|atleats|atlfoodie|lawrencevillefood|lawrencevillega,rrealtacos,True,136,False,0,True,"drinks=>bar,margarita","mexican=>taco,quesadilla,birria",food_spot=>location_present,"meal_keywords=bar,margarita ; cuisine_matches=mexican ; content_type=food_spot ; location_present=True ; transcript_present=False"
3659918084393047392,DLKpBtPRpVg,2025-06-21T14:31:32+00:00,https://www.instagram.com/p/DLKpBtPRpVg/,dinner,food_spot,dinner,,"Atlanta, Georgia",0.85,atlblog|atldatenight|atlfoodie,atllovesmo|lazybettyatl,True,196,False,0,True,"dinner=>dinner,date night,tasting menu | dessert=>dessert | drinks=>cocktail,cocktails,bar",,food_spot=>location_present,"meal_keywords=dinner,date night,tasting menu ; content_type=food_spot ; location_present=True ; transcript_present=False"
3656491742858792190,DK-d94BP0z-,2025-06-16T21:03:56+00:00,https://www.instagram.com/p/DK-d94BP0z-/,drinks,food_spot,drinks,mexican|italian,"Atlanta, Georgia",0.75,atlblog|atleats|atlfood|watermelon,rrealtacos,True,108,False,0,True,"drinks=>drink,margarita","mexican=>taco,birria | italian=>pizza",food_spot=>location_present,"meal_keywords=drink,margarita ; cuisine_matches=italian,mexican ; content_type=food_spot ; location_present=True ; transcript_present=False"
3649298069200990703,DKk6UJWPnHv,2025-06-06T22:52:24+00:00,https://www.instagram.com/p/DKk6UJWPnHv/,drinks,food_spot,drinks,,"Atlanta, Georgia",0.85,atlantafoodie|atlblog|atlfoodie|thingstodoinatlanta,97estoria,True,110,False,0,True,"lunch=>lunch | drinks=>cocktail,drink,drinks",,food_spot=>location_present,"meal_keywords=cocktail,drink,drinks ; content_type=food_spot ; location_present=True ; transcript_present=False"
3639628385795639071,DKCjru5xwcf,2025-05-24T14:39:50+00:00,https://www.instagram.com/p/DKCjru5xwcf/,lunch,food_spot,lunch,seafood|bakery|coffee_cafe,"Atlanta, Georgia",0.7,atlblog|atleats|atlfoodie,atllovesmo|brushatl|cuddlefishatl|momocafeatl,True,140,False,0,True,lunch=>lunch | dessert=>cake | drinks=>bar,"seafood=>fish | bakery=>pastry | coffee_cafe=>coffee,cafe,latte",food_spot=>location_present,"meal_keywords=lunch ; cuisine_matches=bakery,coffee_cafe,seafood ; content_type=food_spot ; location_present=True ; transcript_present=False"
3667357618084289808,DLlElK6PJ0Q,2025-07-01T20:52:32+00:00,https://www.instagram.com/p/DLlElK6PJ0Q/,drinks,food_spot,drinks,,"Atlanta, Georgia",0.7,atlblog|atleats|dubaichocolateshake|shakeshackpartner,,True,117,False,0,True,drinks=>bar,,food_spot=>location_present,meal_keywords=bar ; content_type=food_spot ; location_present=True ; transcript_present=False
3633271077846567783,DJr-Mufvstn,2025-05-15T20:08:35+00:00,https://www.instagram.com/p/DJr-Mufvstn/,drinks,food_spot,drinks,italian,"Atlanta, Georgia",0.95,atlbeltline|atlblog|atleats|atlfoodie,atlantabeltline|newrealmbrewing,True,137,False,0,True,"drinks=>cocktail,cocktails,beer,bar,drink",italian=>pizza,food_spot=>location_present,"meal_keywords=cocktail,cocktails,beer,bar,drink ; cuisine_matches=italian ; content_type=food_spot ; location_present=True ; transcript_present=False"
2854688748431817552,Ced5Eq6lTtQ,2022-06-06T14:24:11+00:00,https://www.instagram.com/p/Ced5Eq6lTtQ/,unknown,food_spot,unknown,italian,Storico Fresco Alimentari e Ristorante,0.7,atlanta|atlantaeats|atlantafoodie|atlantatoday|atlblog|atlbucketlist|atlfoodie|atlpasta|baeeatsworld|eatatlanta|eatnorthamerica|food|foodiesofinstagram|foodphotography|foodpics|foodstagram|forkyeahfoodies|freshpasta|globaleats|microinfluencer|pasta|thefoodieinitiave|theloserfam|weloveatl,storicofresco,True,52,True,6,True,,italian=>pasta,food_spot=>location_present,cuisine_matches=italian ; content_type=food_spot ; location_present=True ; transcript_present=True
3654958884541407841,DK5Bb2dv6Jh,2025-06-14T18:20:32+00:00,https://www.instagram.com/p/DK5Bb2dv6Jh/,event,event,unknown,,"Atlanta, Georgia",0.7,atlanta|atlblog|instax_capturethejoytour,fujifilm_instax_northamerica,True,69,False,0,True,,,event=>event,event_keywords=event ; content_type=event ; location_present=True ; transcript_present=False
2894006710091293137,Cgpk8UMlqHR,2022-07-30T20:22:59+00:00,https://www.instagram.com/p/Cgpk8UMlqHR/,drinks,food_spot,drinks,american,"Atlanta, Georgia",0.7,,grindhouseburgers,True,7,True,20,True,drinks=>drink,american=>burger,food_spot=>location_present,meal_keywords=drink ; cuisine_matches=american ; content_type=food_spot ; location_present=True ; transcript_present=True
2867311657381862839,CfKvMK-lR23,2022-06-24T00:23:34+00:00,https://www.instagram.com/p/CfKvMK-lR23/,drinks,food_spot,drinks,mexican,"Atlanta, Georgia",0.75,atlanta|atlantaeats|atlantafoodie|atlantatoday|atlblog|atlbucketlist|atlfoodie|baeeatsworld|bartaco|eatatlanta|eatnorthamerica|food|foodiesofinstagram|foodphotography|foodpics|foodstagram|forkyeahfoodies|globaleats|margarita|microinfluencer|taco|thefoodieinitiave|theloserfam|weloveatl,bartacolife,True,53,True,1,True,"drinks=>bar,margarita",mexican=>taco,food_spot=>location_present,"meal_keywords=bar,margarita ; cuisine_matches=mexican ; content_type=food_spot ; location_present=True ; transcript_present=True"
3654039424930754906,DK1wX8-RTFa,2025-06-13T11:58:55+00:00,https://www.instagram.com/p/DK1wX8-RTFa/,unknown,food_spot,unknown,coffee_cafe,"Atlanta, Georgia",0.7,atlantaeats|atlblog|thingstodoinatlanta,conlecheatl|flowcoffeeatl,True,87,False,0,True,,coffee_cafe=>coffee,food_spot=>location_present,cuisine_matches=coffee_cafe ; content_type=food_spot ; location_present=True ; transcript_present=False
2889775649014422146,Cgai6RgFBqC,2022-07-25T00:20:20+00:00,https://www.instagram.com/p/Cgai6RgFBqC/,event,event,unknown,coffee_cafe,"Atlanta, Georgia",0.7,,pulpflavors,True,63,True,14,True,,coffee_cafe=>matcha,event=>market,event_keywords=market ; cuisine_matches=coffee_cafe ; content_type=event ; location_present=True ; transcript_present=True
3647783870478146567,DKfiBp5P9wH,2025-06-04T20:42:40+00:00,https://www.instagram.com/p/DKfiBp5P9wH/,drinks,food_spot,drinks,american|seafood|bbq|coffee_cafe,"Atlanta, Georgia",0.85,atlantaeats|atlblog|atleats|atlfoodie,atllovesmo|beetlecatatl,True,118,False,0,True,"brunch=>brunch | lunch=>lunch | dessert=>donut | drinks=>cocktail,drink,drinks","american=>burger,fried chicken | seafood=>lobster,shrimp,fish | bbq=>smoked | coffee_cafe=>coffee",food_spot=>location_present,"meal_keywords=cocktail,drink,drinks ; cuisine_matches=american,bbq,coffee_cafe,seafood ; content_type=food_spot ; location_present=True ; transcript_present=False"
3635314713396987146,DJzO3iax0UK,2025-05-18T15:57:16+00:00,https://www.instagram.com/p/DJzO3iax0UK/,drinks,food_spot,drinks,japanese,"Atlanta, Georgia",0.95,atlblog|atleats|atlfoodie,atllovesmo|tigersunatl,True,132,False,0,True,"dinner=>date night | drinks=>cocktail,cocktails,drink,drinks",japanese=>omakase,food_spot=>location_present,"meal_keywords=cocktail,cocktails,drink,drinks ; cuisine_matches=japanese ; content_type=food_spot ; location_present=True ; transcript_present=False"
3643475541975027691,DKQObOTPs_r,2025-05-29T22:02:45+00:00,https://www.instagram.com/p/DKQObOTPs_r/,event,event,drinks,,"Atlanta, Georgia",0.75,atlantaeats|atlblog|atlparty|rewindatlanta|thingstodoinatlanta,districtatlanta|rewindyourera,True,271,False,0,True,drinks=>gin,,"event=>event,ticket","event_keywords=event,ticket ; content_type=event ; location_present=True ; transcript_present=False"
3600723980119368614,DH4V2HpPuOm,2025-03-31T22:22:49+00:00,https://www.instagram.com/p/DH4V2HpPuOm/,unknown,food_spot,unknown,,"Atlanta, Georgia",0.7,atlblog|atleats|thingstodoinatlanta,atllovesmo,True,26,False,0,True,,,food_spot=>location_present,content_type=food_spot ; location_present=True ; transcript_present=False
3605747287407350520,DIKMA3HvlL4,2025-04-07T20:43:14+00:00,https://www.instagram.com/p/DIKMA3HvlL4/,drinks,food_spot,drinks,italian,"Atlanta, Georgia",0.7,atlblog|extraordinarypizza|mistero1|mistero1pizza,mistero1pizza|mistero1pizza.,True,209,False,0,True,drinks=>gin,italian=>pizza,food_spot=>location_present,meal_keywords=gin ; cuisine_matches=italian ; content_type=food_spot ; location_present=True ; transcript_present=False
3531595905369630764,DECv8PFx-gs,2024-12-26T13:17:40+00:00,https://www.instagram.com/p/DECv8PFx-gs/,dinner,food_spot,dinner,,"Atlanta, Georgia",0.7,atlantafood|atlblog|atleats|martinimo,atllovesmo|avize.atl|besobuckhead|brasseriemargotatl|casabalamatl|ela.atlanta|elektraatl|ilpremioatlanta|lamoon_atl|luckystaratl|nadairatl|paintedpickleatl|pendolinoatl|tigersunatl,True,90,False,0,True,dinner=>date night | drinks=>martini,,food_spot=>location_present,meal_keywords=date night ; content_type=food_spot ; location_present=True ; transcript_present=False
3626725412303710957,DJUt4waPqrt,2025-05-06T19:23:01+00:00,https://www.instagram.com/p/DJUt4waPqrt/,unknown,food_spot,unknown,,"Atlanta, Georgia",0.7,atlantafoodie|atlblog|atleats,atllovesmo,True,47,False,0,True,,,food_spot=>location_present,content_type=food_spot ; location_present=True ; transcript_present=False
3537723505304718962,DEYhMjPPM5y,2025-01-04T00:12:07+00:00,https://www.instagram.com/p/DEYhMjPPM5y/,drinks,food_spot,drinks,coffee_cafe,"Atlanta, Georgia",0.7,atlantafood|atlblog|atlcoffee|atleats,atllovesmo|barpremioatlanta|bellwoodcoffee|brashcoffee|butecoatl|conlecheatl|dailydoseatl|daydreamercafe|fincatofilter|foxtailcoffeeco|littletartbakeshop|luckystaratl|mezcla.atl|opocoffee|percatlanta|portraitcoffee|prevailcoffee|spillerpark|stereoatl|thevictorianatlanta|warmwavescoffee,True,94,False,0,True,drinks=>bar,"coffee_cafe=>coffee,cafe",food_spot=>location_present,meal_keywords=bar ; cuisine_matches=coffee_cafe ; content_type=food_spot ; location_present=True ; transcript_present=False
3588088787395566649,DHLc73bRlw5,2025-03-14T11:58:56+00:00,https://www.instagram.com/p/DHLc73bRlw5/,drinks,food_spot,drinks,coffee_cafe,"Atlanta, Georgia",0.7,atlblog|atleats|espressomartini|martinimo,atllovesmo,True,111,False,0,True,drinks=>martini,"coffee_cafe=>espresso,latte",food_spot=>location_present,meal_keywords=martini ; cuisine_matches=coffee_cafe ; content_type=food_spot ; location_present=True ; transcript_present=False
3431586215512980279,C-fcXtPxzs3,2024-08-10T13:36:16+00:00,https://www.instagram.com/p/C-fcXtPxzs3/,dinner,food_spot,dinner,,"Atlanta, Georgia",0.7,,cakingwithcandy|lamoon_atl,True,176,False,0,True,dinner=>dinner | dessert=>cake | drinks=>martini,,food_spot=>location_present,meal_keywords=dinner ; content_type=food_spot ; location_present=True ; transcript_present=False
3628182848982206550,DJZ5RQFv8hW,2025-05-08T19:38:41+00:00,https://www.instagram.com/p/DJZ5RQFv8hW/,event,event,unknown,bakery|coffee_cafe,"Atlanta, Georgia",0.75,atlanta|atlblog|atlthingstodoinatlanta,atlantajazzfestival|atllovesmo|breakawayatl|closefriendsatl|coffeewasblack|colettebread|getroeme.|highmuseumofart|press.shop|taylorgoesemo|theritual.atl,True,151,False,0,True,,bakery=>bread | coffee_cafe=>coffee,"event=>festival,market","event_keywords=festival,market ; cuisine_matches=bakery,coffee_cafe ; content_type=event ; location_present=True ; transcript_present=False"
3836052549330360352,DU8ZXgmkVgg,2026-02-19T14:58:40+00:00,https://www.instagram.com/p/DU8ZXgmkVgg/,drinks,food_spot,drinks,coffee_cafe,"Atlanta, Georgia",0.85,,bansheelatenight|chef_tableware|common.coffee.cocktails|florafaunaatl|spacequeen_atl,True,85,False,0,True,"drinks=>cocktail,cocktails,drink",coffee_cafe=>coffee,food_spot=>location_present,"meal_keywords=cocktail,cocktails,drink ; cuisine_matches=coffee_cafe ; content_type=food_spot ; location_present=True ; transcript_present=False"
3563553462019318437,DF0SP5BxmKl,2025-02-08T15:31:38+00:00,https://www.instagram.com/p/DF0SP5BxmKl/,dinner,food_spot,dinner,japanese|seafood,"Atlanta, Georgia",0.7,atlbeltline|atleats|atlfoodie,atlantabeltline|atllovesmo|thekrogdistrictatl|yujiatlanta,True,105,False,0,True,dinner=>date night | drinks=>bar,japanese=>sushi | seafood=>seafood,food_spot=>location_present,"meal_keywords=date night ; cuisine_matches=japanese,seafood ; content_type=food_spot ; location_present=True ; transcript_present=False"
3743924658472323697,DP1F6QGEYpx,2025-10-15T12:17:00+00:00,https://www.instagram.com/p/DP1F6QGEYpx/,unknown,food_spot,unknown,,"Atlanta, Georgia",0.7,atlblog,,True,42,False,0,True,,,food_spot=>location_present,content_type=food_spot ; location_present=True ; transcript_present=False
3759346159228893717,DQr4Wn4kToV,2025-11-05T18:56:46+00:00,https://www.instagram.com/p/DQr4Wn4kToV/,unknown,food_spot,unknown,,"Atlanta, Georgia",0.7,,atllovesmo,True,28,False,0,True,,,food_spot=>location_present,content_type=food_spot ; location_present=True ; transcript_present=False
3814325484596097499,DTvNNGvEfHb,2026-01-20T15:30:52+00:00,https://www.instagram.com/p/DTvNNGvEfHb/,unknown,food_spot,unknown,,"Atlanta, Georgia",0.7,,,True,25,False,0,True,,,food_spot=>location_present,content_type=food_spot ; location_present=True ; transcript_present=False
3764353427213209581,DQ9q39mEU_t,2025-11-12T16:45:19+00:00,https://www.instagram.com/p/DQ9q39mEU_t/,drinks,food_spot,drinks,italian|coffee_cafe,"Atlanta, Georgia",0.7,,atlhawks|atllovesmo|bellwoodcoffee|drinkninedot|gigisitaliankitchen.|polloprimoatl,True,48,False,0,True,drinks=>drink,italian=>italian | coffee_cafe=>coffee,food_spot=>location_present,"meal_keywords=drink ; cuisine_matches=coffee_cafe,italian ; content_type=food_spot ; location_present=True ; transcript_present=False"
3576531289752695600,DGiZEI9x3Mw,2025-02-26T13:16:15+00:00,https://www.instagram.com/p/DGiZEI9x3Mw/,event,event,unknown,,"Atlanta, Georgia",0.75,atlblog|atlfestivals|shakyknees|thingstodoinatl,atllovesmo|bilmuriband|blink182|mychemicalromance|shakykneesfest,True,147,False,0,True,,,"event=>festival,ticket","event_keywords=festival,ticket ; content_type=event ; location_present=True ; transcript_present=False"
3803415912876417521,DTIcp8UESHx,2026-01-05T14:15:30+00:00,https://www.instagram.com/p/DTIcp8UESHx/,event,event,unknown,,"Atlanta, Georgia",0.7,,atllovesmo,True,23,False,0,True,,,event=>event,event_keywords=event ; content_type=event ; location_present=True ; transcript_present=False
3811408367806673417,DTk17eBEXIJ,2026-01-16T14:55:05+00:00,https://www.instagram.com/p/DTk17eBEXIJ/,dinner,food_spot,dinner,,"Atlanta, Georgia",0.7,,atllovesmo,True,70,False,0,True,dinner=>date night | drinks=>wine,,food_spot=>location_present,meal_keywords=date night ; content_type=food_spot ; location_present=True ; transcript_present=False
3717954195049005482,DOY06RPEcGq,2025-09-09T16:18:19+00:00,https://www.instagram.com/p/DOY06RPEcGq/,event,event,unknown,,"Atlanta, Georgia",0.75,atlblog,,True,37,False,0,True,,,"event=>festival,event","event_keywords=festival,event ; content_type=event ; location_present=True ; transcript_present=False"
3413027504372170401,C9dgm6mvb6h,2024-07-15T23:03:25+00:00,https://www.instagram.com/p/C9dgm6mvb6h/,event,event,dinner,,"Atlanta, Georgia",0.75,atlantaopen|atlanticstation|atldatenight|atltennis|thingstodoinatlanta,atlantaopentennis|atlanticstation|atlanticstation.|benshelton|johnrisner,True,196,False,0,True,dinner=>date night | drinks=>drink,,"event=>event,ticket","event_keywords=event,ticket ; content_type=event ; location_present=True ; transcript_present=False"
3734554027624581555,DPTzRoDEUmz,2025-10-02T13:59:14+00:00,https://www.instagram.com/p/DPTzRoDEUmz/,drinks,food_spot,drinks,,"Atlanta, Georgia",0.75,,,True,56,False,0,True,"dinner=>date night | drinks=>drink,drinks",,food_spot=>location_present,"meal_keywords=drink,drinks ; content_type=food_spot ; location_present=True ; transcript_present=False"
3815956956218231054,DT1AKJFkYkO,2026-01-22T21:32:19+00:00,https://www.instagram.com/p/DT1AKJFkYkO/,unknown,food_spot,unknown,,"Atlanta, Georgia",0.7,,atllovesmo,True,28,False,0,True,,,food_spot=>location_present,content_type=food_spot ; location_present=True ; transcript_present=False
3646275320635251943,DKaLBXXvNzn,2025-06-02T18:45:12+00:00,https://www.instagram.com/p/DKaLBXXvNzn/,unknown,food_spot,unknown,,"Atlanta, Georgia",0.7,atlanta|atlblog|atlthingstodo,,True,66,False,0,True,,,food_spot=>location_present,content_type=food_spot ; location_present=True ; transcript_present=False
3465203100623308014,DAW39xPPATu,2024-09-25T22:47:01+00:00,https://www.instagram.com/p/DAW39xPPATu/,event,event,unknown,,"Atlanta, Georgia",0.7,atlblog|thingstodoinatlanta|zooatl,atllovesmo|zooatl,True,196,False,0,True,,,event=>ticket,event_keywords=ticket ; content_type=event ; location_present=True ; transcript_present=False
3778064808542292259,DRuYe0jkUkj,2025-12-01T14:47:23+00:00,https://www.instagram.com/p/DRuYe0jkUkj/,unknown,food_spot,unknown,,"Atlanta, Georgia",0.7,,atllovesmo,True,23,False,0,True,,,food_spot=>location_present,content_type=food_spot ; location_present=True ; transcript_present=False
3623181676588284097,DJIIInVv7jB,2025-05-01T22:02:15+00:00,https://www.instagram.com/p/DJIIInVv7jB/,lunch,food_spot,lunch,seafood|bakery|coffee_cafe,"Dunwoody, Georgia",0.7,atlblog|atleats|atlfoodie,atllovesmo|brushatl|cuddlefishatl|momocafeatl,True,130,False,0,True,lunch=>lunch | dessert=>cake,"seafood=>fish | bakery=>pastry | coffee_cafe=>cafe,latte",food_spot=>location_present,"meal_keywords=lunch ; cuisine_matches=bakery,coffee_cafe,seafood ; content_type=food_spot ; location_present=True ; transcript_present=False"
3691839811293189472,DM8DL-HxpVg,2025-08-04T15:33:42+00:00,https://www.instagram.com/p/DM8DL-HxpVg/,event,event,unknown,,"Atlanta, Georgia",0.7,atlanta|atlblog|atleats|atlevents,atllovesmo,True,54,False,0,True,,,event=>event,event_keywords=event ; content_type=event ; location_present=True ; transcript_present=False
3591713159066904501,DHYVBalR2e1,2025-03-19T11:59:55+00:00,https://www.instagram.com/p/DHYVBalR2e1/,drinks,food_spot,drinks,seafood,"Atlanta, Georgia",0.75,atlblog|atleats|atlfoodie,atllovesmo|theoptimistatl,True,118,False,0,True,"drinks=>cocktail,cocktails","seafood=>seafood,fish",food_spot=>location_present,"meal_keywords=cocktail,cocktails ; cuisine_matches=seafood ; content_type=food_spot ; location_present=True ; transcript_present=False"
3821529141678784879,DUIzIHMkUFv,2026-01-30T14:03:15+00:00,https://www.instagram.com/p/DUIzIHMkUFv/,unknown,food_spot,unknown,,"Atlanta, Georgia",0.7,atlthingstodo,,True,24,False,0,True,,,food_spot=>location_present,content_type=food_spot ; location_present=True ; transcript_present=False
3651167187739486468,DKrjTZoxikE,2025-06-09T12:44:28+00:00,https://www.instagram.com/p/DKrjTZoxikE/,event,event,unknown,,"Atlanta, Georgia",0.75,atlanta|atlblog|juneteenth|thingstodoinatl,atllovesmo,True,68,False,0,True,,,"event=>festival,market","event_keywords=festival,market ; content_type=event ; location_present=True ; transcript_present=False"
3784685599908245733,DSF54BBETDl,2025-12-10T18:01:43+00:00,https://www.instagram.com/p/DSF54BBETDl/,unknown,food_spot,unknown,,"Atlanta, Georgia",0.7,,,True,11,False,0,True,,,food_spot=>location_present,content_type=food_spot ; location_present=True ; transcript_present=False
3569576818627180171,DGJrzRAvfaL,2025-02-16T22:58:58+00:00,https://www.instagram.com/p/DGJrzRAvfaL/,drinks,food_spot,drinks,american,"Atlanta, Georgia",0.7,atlblog|atleats|atlfoodie,bestbiteswithj|breakerbreaker_atl|gabeergarden|malskitchenatl,True,99,False,0,True,drinks=>beer,american=>burger,food_spot=>location_present,meal_keywords=beer ; cuisine_matches=american ; content_type=food_spot ; location_present=True ; transcript_present=False
3609907734860037123,DIY9_VwRHwD,2025-04-13T14:29:18+00:00,https://www.instagram.com/p/DIY9_VwRHwD/,unknown,food_spot,unknown,mexican|coffee_cafe,"Atlanta, Georgia",0.7,atlblog|atlcoffee|atleats,atlantacoffeeshops|atllovesmo,True,65,False,0,True,,"mexican=>taco | coffee_cafe=>coffee,latte",food_spot=>location_present,"cuisine_matches=coffee_cafe,mexican ; content_type=food_spot ; location_present=True ; transcript_present=False"
3805849726701663739,DTRGCmEkfX7,2026-01-08T22:51:03+00:00,https://www.instagram.com/p/DTRGCmEkfX7/,dinner,food_spot,dinner,italian,"Atlanta, Georgia",0.7,,atllovesmo|krogbar_pizza_,True,95,False,0,True,dinner=>date night | drinks=>bar,italian=>pizza,food_spot=>location_present,meal_keywords=date night ; cuisine_matches=italian ; content_type=food_spot ; location_present=True ; transcript_present=False
3797616475814042714,DSz2BBqERxa,2025-12-28T14:13:03+00:00,https://www.instagram.com/p/DSz2BBqERxa/,unknown,food_spot,unknown,,"Atlanta, Georgia",0.7,,,True,24,False,0,True,,,food_spot=>location_present,content_type=food_spot ; location_present=True ; transcript_present=False
3768887346440795164,DRNxxK7EXQc,2025-11-18T22:53:24+00:00,https://www.instagram.com/p/DRNxxK7EXQc/,drinks,food_spot,drinks,thai|mediterranean,"Atlanta, Georgia",0.7,,atllovesmo|eliseartscenter|highmuseumofart|lokeeatl|mozaika_mezze|tipsythaiger|truthbetoldlounge,True,126,False,0,True,drinks=>wine,thai=>thai | mediterranean=>mediterranean,food_spot=>location_present,"meal_keywords=wine ; cuisine_matches=mediterranean,thai ; content_type=food_spot ; location_present=True ; transcript_present=False"
3824470145968980272,DUTP1W4kUEw,2026-02-03T15:26:30+00:00,https://www.instagram.com/p/DUTP1W4kUEw/,dinner,food_spot,dinner,mediterranean,"Atlanta, Georgia",0.7,,atllovesmo|ela.atlanta,True,146,False,0,True,dinner=>date night | drinks=>cocktail,mediterranean=>mediterranean,food_spot=>location_present,meal_keywords=date night ; cuisine_matches=mediterranean ; content_type=food_spot ; location_present=True ; transcript_present=False
3686768300270287632,DMqCDxax_sQ,2025-07-28T15:37:31+00:00,https://www.instagram.com/p/DMqCDxax_sQ/,event,event,unknown,,"Atlanta, Georgia",0.7,atlblog|omfambassador2025|thingstodoinatl,onemusicfest,True,63,False,0,True,,,event=>ticket,event_keywords=ticket ; content_type=event ; location_present=True ; transcript_present=False
3668621301255569132,DLpj6LkxP7s,2025-07-03T14:42:40+00:00,https://www.instagram.com/p/DLpj6LkxP7s/,event,event,unknown,,"Atlanta, Georgia",0.7,atlantasoccer|atlblog|fifaclubworldcup|fifacwc|giftedbyfifa,atllovesmo|fifaclubworldcup|mercedesbenzstadium|ybn.nandoe,True,139,False,0,True,,,event=>ticket,event_keywords=ticket ; content_type=event ; location_present=True ; transcript_present=False
3845511194795435396,DVeAA6pkeWE,2026-03-04T16:11:19+00:00,https://www.instagram.com/p/DVeAA6pkeWE/,event,event,drinks,,"Atlanta, Georgia",0.75,,,True,56,False,0,True,drinks=>bar,,"event=>event,live music","event_keywords=event,live music ; content_type=event ; location_present=True ; transcript_present=False"
3656232405561749846,DK9jABVx7FW,2025-06-16T12:28:09+00:00,https://www.instagram.com/p/DK9jABVx7FW/,event,event,unknown,,"Atlanta, Georgia",0.75,atlblog|beauténoirfest|juneteenthatl|mariahthescientist,agenda.studios.|atllovesmo|beautenoirfest|camillerosenaturals|prattpullmandistrict,True,106,False,0,True,,,"event=>festival,ticket","event_keywords=festival,ticket ; content_type=event ; location_present=True ; transcript_present=False"
3625404892278826470,DJQBoqTPiXm,2025-05-04T23:39:23+00:00,https://www.instagram.com/p/DJQBoqTPiXm/,drinks,food_spot,drinks,japanese|seafood,"Atlanta, Georgia",0.7,atlantaeats|atlblog|atldatenight|atleats,abramsfixtures|adairparktoday|atllovesmo|omakasetable.atl|ryokou.atl,True,172,False,0,True,drinks=>cocktail,japanese=>omakase | seafood=>fish,food_spot=>location_present,"meal_keywords=cocktail ; cuisine_matches=japanese,seafood ; content_type=food_spot ; location_present=True ; transcript_present=False"
3596313037205513015,DHoq6c7vaM3,2025-03-25T20:19:03+00:00,https://www.instagram.com/p/DHoq6c7vaM3/,drinks,food_spot,drinks,,"Atlanta, Georgia",0.75,atlblog|atleats|atlfoodie,atllovesmo|chelseaolivia13|cooksatl,True,130,False,0,True,"drinks=>cocktail,cocktails",,food_spot=>location_present,"meal_keywords=cocktail,cocktails ; content_type=food_spot ; location_present=True ; transcript_present=False"
3400392742638311603,C8wny7xxdiz,2024-06-28T12:40:24+00:00,https://www.instagram.com/p/C8wny7xxdiz/,event,event,dessert,,"Atlanta, Georgia",0.75,atlantafood|atleats|atlfestival|atlfoodie,cooksatl,True,147,False,0,True,dessert=>cake,,"event=>festival,ticket","event_keywords=festival,ticket ; content_type=event ; location_present=True ; transcript_present=False"
3604111996611935351,DIEYMP4xzx3,2025-04-05T14:34:12+00:00,https://www.instagram.com/p/DIEYMP4xzx3/,event,event,drinks,,"Atlanta, Georgia",0.75,atlblog|breakawayatl|breakawayfest|thingstodoinatlanta,atllovesmo|breakaway|breakawayatl|chrislake|illenium|zedd,True,175,False,0,True,drinks=>drink,,"event=>festival,ticket","event_keywords=festival,ticket ; content_type=event ; location_present=True ; transcript_present=False"
3552157402365109702,DFLzFZaPyXG,2025-01-23T22:09:42+00:00,https://www.instagram.com/p/DFLzFZaPyXG/,event,event,drinks,,"Atlanta, Georgia",0.75,aquapass|atlblog|atldatenight|georgiaaquarium|thingstodoinatlanta,georgiaaquarium,True,211,False,0,True,"dinner=>dinner | drinks=>drink,drinks",,"event=>event,ticket","event_keywords=event,ticket ; content_type=event ; location_present=True ; transcript_present=False"
3484659745845871523,DBb_5OKPwOj,2024-10-22T19:03:54+00:00,https://www.instagram.com/p/DBb_5OKPwOj/,unknown,food_spot,unknown,bbq,"Atlanta, Georgia",0.7,atlblog|atleats|atlfoodie|gustopartner|whatsyourgusto,leeandwhite|whatsyourgusto,True,102,False,0,True,,bbq=>bbq,food_spot=>location_present,cuisine_matches=bbq ; content_type=food_spot ; location_present=True ; transcript_present=False
2831532838685192452,CdLoB1brzEE,2022-05-05T15:37:19+00:00,https://www.instagram.com/p/CdLoB1brzEE/,unknown,food_spot,unknown,vegan,"Atlanta, Georgia",0.7,,calaveritasatl|chichiveganatl|littlereyalcarbon|muchachoatl|puretaqueria|supericatexmex|taqueriadelsol,True,44,False,0,True,,vegan=>vegan,food_spot=>location_present,cuisine_matches=vegan ; content_type=food_spot ; location_present=True ; transcript_present=False
3570971447348048668,DGOo5yOPjMc,2025-02-18T21:09:51+00:00,https://www.instagram.com/p/DGOo5yOPjMc/,event,event,drinks,seafood,"Atlanta, Georgia",0.75,,atllovesmo|steamhouselounge,True,95,False,0,True,drinks=>beer,seafood=>oyster,"event=>live music,ticket","event_keywords=live music,ticket ; cuisine_matches=seafood ; content_type=event ; location_present=True ; transcript_present=False"
3653601181029920599,DK0MuqiPG9X,2025-06-12T21:20:22+00:00,https://www.instagram.com/p/DK0MuqiPG9X/,event,event,unknown,,"Atlanta, Georgia",0.7,atlantasoccer|atlblog|fifaclubworldcup|fifacwc|giftedbyfifa,alainfcae|atllovesmo|chelseafc|fcporto|fifaclubworldcup|intermiamic|lafc|mancity|mercedesbenzstadium,True,119,False,0,True,,,event=>ticket,event_keywords=ticket ; content_type=event ; location_present=True ; transcript_present=False
3275983718686078242,C12odXSPzUi,2024-01-08T21:01:53+00:00,https://www.instagram.com/p/C12odXSPzUi/,event,event,drinks,,"Atlanta, Georgia",0.95,ad|atlanta|atleats|atlevents|thingstodoinatlanta,cooksatl,True,127,False,0,True,"drinks=>wine,drink,drinks,gin,rum",,"event=>festival,event,ticket","event_keywords=festival,event,ticket ; content_type=event ; location_present=True ; transcript_present=False"
2853156501688206843,CeYcri7uMX7,2022-06-04T11:39:41+00:00,https://www.instagram.com/p/CeYcri7uMX7/,unknown,food_spot,unknown,,Hero Doughnuts & Buns Atlanta,0.7,,herodoughnuts,True,14,False,0,True,,,food_spot=>location_present,content_type=food_spot ; location_present=True ; transcript_present=False
3292438117310101805,C2xFwYLOXkt,2024-01-31T13:53:50+00:00,https://www.instagram.com/p/C2xFwYLOXkt/,drinks,food_spot,drinks,coffee_cafe,"Atlanta, Georgia",0.7,atlanta|atlblog|atlclub|switchyards|workclub,switchyards,True,244,False,0,True,drinks=>drink,coffee_cafe=>coffee,food_spot=>location_present,meal_keywords=drink ; cuisine_matches=coffee_cafe ; content_type=food_spot ; location_present=True ; transcript_present=False
3389514910827649858,C8J-dpcxZtC,2024-06-13T12:28:06+00:00,https://www.instagram.com/p/C8J-dpcxZtC/,event,event,drinks,,"Atlanta, Georgia",0.95,atlfoodie|atlzoo|onlyzooatl|thingstodoinatlanta,atllovesmo|zooatl|zooatl.,True,297,False,0,True,"dinner=>date night | drinks=>cocktail,cocktails,alcohol,mocktail,drink,drinks,happy hour | snack=>snack",,"event=>event,live music,ticket","event_keywords=event,live music,ticket ; content_type=event ; location_present=True ; transcript_present=False"
3228635958521548659,CzOa0xYus9z,2023-11-04T13:10:20+00:00,https://www.instagram.com/p/CzOa0xYus9z/,unknown,food_spot,unknown,coffee_cafe,The Krog District,0.7,,avaloninsider|heyrowan|thekrogdistrictatl,True,50,False,0,True,,coffee_cafe=>coffee,food_spot=>location_present,cuisine_matches=coffee_cafe ; content_type=food_spot ; location_present=True ; transcript_present=False
2833162150912816567,CdRafcsPXW3,2022-05-07T21:34:28+00:00,https://www.instagram.com/p/CdRafcsPXW3/,unknown,food_spot,unknown,american|italian,Grana,0.7,atlanta|atlantaeats|atlantafoodie|atlantapasta|atlantatoday|atlblog|atlbucketlist|atlfoodie|atlpasta|atlrooftop|eatatlanta|eatnorthamerica|food|foodiesofinstagram|foodphotography|foodpics|foodstagram|forkyeahfoodies|globaleats|italianfood|microinfluencer|pasta|thefoodieinitiave|theloserfam|weloveatl,grana,True,51,False,0,True,,"american=>southern | italian=>italian,pasta",food_spot=>location_present,"cuisine_matches=american,italian ; content_type=food_spot ; location_present=True ; transcript_present=False"
3654845207520093367,DK4nlofRiS3,2025-06-14T14:32:02+00:00,https://www.instagram.com/p/DK4nlofRiS3/,unknown,food_spot,unknown,,"Atlanta, Georgia",0.7,atlanta|atlaquarium|atlblog|thingstodoinatlanta,georgiaaquarium,True,59,False,0,True,,,food_spot=>location_present,content_type=food_spot ; location_present=True ; transcript_present=False
2820640865677947737,Cck7exFrzNZ,2022-04-20T14:56:55+00:00,https://www.instagram.com/p/Cck7exFrzNZ/,unknown,food_spot,unknown,vegan,Chopt Creative Salad Co.,0.7,,adventurebagsinc|choptsalad|omsom.,True,73,False,0,True,,vegan=>vegan,food_spot=>location_present,cuisine_matches=vegan ; content_type=food_spot ; location_present=True ; transcript_present=False
2838030167668450746,CditWaluGW6,2022-05-14T14:46:21+00:00,https://www.instagram.com/p/CditWaluGW6/,breakfast,food_spot,breakfast,coffee_cafe,"Atlanta, Georgia",0.7,,butecoatl|emeraldcitybagels,True,21,False,0,True,breakfast=>bagel,coffee_cafe=>latte,food_spot=>location_present,meal_keywords=bagel ; cuisine_matches=coffee_cafe ; content_type=food_spot ; location_present=True ; transcript_present=False
2836670710340187941,Cdd4PtSlPcl,2022-05-12T17:45:21+00:00,https://www.instagram.com/p/Cdd4PtSlPcl/,drinks,food_spot,drinks,,Politan Row at Colony Square,0.95,atlanta|atlantabar|atlantabeer|atlantadrinks|atlantaeats|atlantafoodie|atlantatoday|atlbeer|atlblog|atlbucketlist|atlfoodie|atlspeakeasy|cocktails|cocktailsofatlanta|eatatlanta|eatnorthamerica|food|foodiesofinstagram|foodphotography|foodpics|foodstagram|forkyeahfoodies|globaleats|microinfluencer|thefoodieinitiave|theloserfam|thirstythursday|weloveatl,jojosbeloved|politanrowatlanta,True,50,False,0,True,"drinks=>cocktail,cocktails,beer,bar,drink,drinks",,food_spot=>location_present,"meal_keywords=cocktail,cocktails,beer,bar,drink,drinks ; content_type=food_spot ; location_present=True ; transcript_present=False"
3456205825209520915,C_26OLiP9MT,2024-09-13T12:51:02+00:00,https://www.instagram.com/p/C_26OLiP9MT/,drinks,food_spot,drinks,bbq,"Atlanta, Georgia",0.75,25thanniversary|citybarbeque|cityrewards|waybackwednesday,atllovesmo|citybbq,True,226,False,0,True,"lunch=>sandwich | drinks=>bar,gin","bbq=>bbq,brisket,ribs",food_spot=>location_present,"meal_keywords=bar,gin ; cuisine_matches=bbq ; content_type=food_spot ; location_present=True ; transcript_present=False"
2748324909392941210,CYkAvGfuVCa,2022-01-10T20:18:01+00:00,https://www.instagram.com/p/CYkAvGfuVCa/,unknown,food_spot,unknown,italian,"Atlanta, Georgia",0.7,,,True,14,False,0,True,,italian=>pizza,food_spot=>location_present,cuisine_matches=italian ; content_type=food_spot ; location_present=True ; transcript_present=False
2828547155855749419,CdBBKbnOTEr,2022-05-01T12:45:18+00:00,https://www.instagram.com/p/CdBBKbnOTEr/,dessert,food_spot,dessert,mexican|coffee_cafe,Momonoki,0.7,atlanta|atlantacoffee|atlantacoffeeshops|atlantaeats|atlantafoodie|atlantamatcha|atlantatoday|atlblog|atlbucketlist|atlcoffee|atlcoffeeshops|atlfoodie|eatatlanta|eatnorthamerica|food|foodiesofinstagram|foodphotography|foodpics|foodstagram|forkyeahfoodies|globaleats|matcha|microinfluencer|thefoodieinitiave|theloserfam|weloveatl,momocafeatl,True,62,False,0,True,dessert=>donut,"mexican=>taco | coffee_cafe=>coffee,cafe,latte,matcha",food_spot=>location_present,"meal_keywords=donut ; cuisine_matches=coffee_cafe,mexican ; content_type=food_spot ; location_present=True ; transcript_present=False"
2738112902588977466,CX_uy2ButE6,2021-12-27T18:08:35+00:00,https://www.instagram.com/p/CX_uy2ButE6/,drinks,food_spot,drinks,,The Garden Room,0.75,,thegardenroomatlanta,True,44,False,0,True,"drinks=>drink,drinks",,food_spot=>location_present,"meal_keywords=drink,drinks ; content_type=food_spot ; location_present=True ; transcript_present=False"
3233071062640304879,CzeLQB-RSLv,2023-11-10T16:02:06+00:00,https://www.instagram.com/p/CzeLQB-RSLv/,dinner,food_spot,dinner,,"Atlanta, Georgia",0.7,atlanta|atleats|atlthanksgiving|sponsored,chgrestaurants|doublezeroatl|iberianpig|sugorestaurant,True,136,False,0,True,dinner=>dinner,,food_spot=>location_present,meal_keywords=dinner ; content_type=food_spot ; location_present=True ; transcript_present=False
3747722164805131636,DQClXPeEV10,2025-10-20T18:01:58+00:00,https://www.instagram.com/p/DQClXPeEV10/,drinks,food_spot,drinks,,"Atlanta, Georgia",0.7,atlblog|collegefootball,atllovesmo|saturdaysapparel,True,111,False,0,True,drinks=>gin,,food_spot=>location_present,meal_keywords=gin ; content_type=food_spot ; location_present=True ; transcript_present=False
2733292298597728538,CXumt0tOoEa,2021-12-21T02:30:54+00:00,https://www.instagram.com/p/CXumt0tOoEa/,drinks,mixed,drinks,,,0.65,,wolfmountainvineyards,True,31,True,11,False,drinks=>wine,,,meal_keywords=wine ; content_type=mixed ; location_present=False ; transcript_present=True
2848391396635623245,CeHhOJBvr9N,2022-05-28T21:52:16+00:00,https://www.instagram.com/p/CeHhOJBvr9N/,drinks,food_spot,drinks,,Reformation Brewery - Smyrna,0.85,northgamade|reformationbrewery|setbeerfree,reformationbrewery,True,90,False,0,True,"drinks=>wine,beer,brewery",,food_spot=>location_present,"meal_keywords=wine,beer,brewery ; content_type=food_spot ; location_present=True ; transcript_present=False"
2806205423620502400,CbxpPcBrLOA,2022-03-31T16:56:16+00:00,https://www.instagram.com/p/CbxpPcBrLOA/,unknown,food_spot,unknown,japanese,Yebo Beach Haus,0.7,,yebobeachhaus,True,20,False,0,True,,japanese=>sushi,food_spot=>location_present,cuisine_matches=japanese ; content_type=food_spot ; location_present=True ; transcript_present=False
2723708263374371159,CXMjjwWOblX,2021-12-07T21:09:08+00:00,https://www.instagram.com/p/CXMjjwWOblX/,drinks,food_spot,drinks,,Banshee,0.75,,banshee_eav,True,21,False,0,True,"drinks=>cocktail,cocktails",,food_spot=>location_present,"meal_keywords=cocktail,cocktails ; content_type=food_spot ; location_present=True ; transcript_present=False"
3085186194887812521,CrQyH-MOiWp,2023-04-20T15:01:16+00:00,https://www.instagram.com/p/CrQyH-MOiWp/,unknown,food_spot,unknown,,"Atlanta, Georgia",0.7,,forzastorico,True,14,False,0,True,,,food_spot=>location_present,content_type=food_spot ; location_present=True ; transcript_present=False
2376499388561544601,CD7BZpIJNWZ,2020-08-15T19:47:05+00:00,https://www.instagram.com/p/CD7BZpIJNWZ/,unknown,food_spot,unknown,,Chateau Elan Winery & Resort,0.7,,charcuterie_chick|chateau_elan,True,78,False,0,True,,,food_spot=>location_present,content_type=food_spot ; location_present=True ; transcript_present=False
2569100860003413629,COnR57Yp259,2021-05-08T13:31:50+00:00,https://www.instagram.com/p/COnR57Yp259/,unknown,food_spot,unknown,chinese|vegan,Harmony Vegetarian Chinese Restaurant,0.7,,,True,11,True,1,True,,chinese=>chinese | vegan=>vegan,food_spot=>location_present,"cuisine_matches=chinese,vegan ; content_type=food_spot ; location_present=True ; transcript_present=True"
2704035803721141894,CWGqjykvI6G,2021-11-10T17:43:28+00:00,https://www.instagram.com/p/CWGqjykvI6G/,breakfast,food_spot,breakfast,vegan,Cultivate Food and Coffee,0.7,,cultivatefood,True,28,False,0,True,breakfast=>breakfast | brunch=>brunch | drinks=>gin,vegan=>vegan,food_spot=>location_present,meal_keywords=breakfast ; cuisine_matches=vegan ; content_type=food_spot ; location_present=True ; transcript_present=False
2546277386620792796,CNWMcrZJG_c,2021-04-07T01:45:39+00:00,https://www.instagram.com/p/CNWMcrZJG_c/,unknown,food_spot,unknown,chinese|vegan,Upbeet,0.7,atlanta|atlantaeats|atlantafoodie|atlblog|atlbucketlist|atlfoodie|atlvegan|eatatlanta|hotlanta|plantbased|supportlocal|tasteofmyatlanta|veganatlanta|veganoptions|welloveatl,upbeet,True,58,False,0,True,,chinese=>chinese | vegan=>vegan,food_spot=>location_present,"cuisine_matches=chinese,vegan ; content_type=food_spot ; location_present=True ; transcript_present=False"
2594798643888606034,CQCk55opUtS,2021-06-13T00:28:44+00:00,https://www.instagram.com/p/CQCk55opUtS/,event,event,drinks,vegan,,0.7,eatnorthamerica,atlantabeerfestivals|calaveritasv,True,28,True,5,False,drinks=>beer,vegan=>vegan,event=>festival,event_keywords=festival ; cuisine_matches=vegan ; content_type=event ; location_present=False ; transcript_present=True
2622147138013131210,CRjvO3mFHHK,2021-07-20T18:05:19+00:00,https://www.instagram.com/p/CRjvO3mFHHK/,unknown,food_spot,unknown,italian|vegan,"Atlanta, Georgia",0.7,atlanta|atlantaeats|atlantafoodie|atlantavegans|atlblog|atlbucketlist|atlfoodie|atlvegan|atlvegangf|eatatlanta|hotlanta|supportlocal|tasteofmyatlanta|veganatlanta|veganoptions|welloveatl,bearpizzeria,True,59,False,0,True,,italian=>pizza | vegan=>vegan,food_spot=>location_present,"cuisine_matches=italian,vegan ; content_type=food_spot ; location_present=True ; transcript_present=False"
3118486376433801904,CtHFtZAO1qw,2023-06-05T13:42:47+00:00,https://www.instagram.com/p/CtHFtZAO1qw/,unknown,food_spot,unknown,italian,Double Zero,0.7,atlantafood|atlantapizza|atlfood|atlfoodie|atlpizza|hosted,doublezeroatl,True,35,False,0,True,,italian=>pizza,food_spot=>location_present,cuisine_matches=italian ; content_type=food_spot ; location_present=True ; transcript_present=False
2585181996240459840,CPgaVQlpdhA,2021-05-30T18:02:10+00:00,https://www.instagram.com/p/CPgaVQlpdhA/,unknown,food_spot,unknown,seafood|vegan,"Atlanta, Georgia",0.7,atlanta|atlantaeats|atlantafoodie|atlantaglutenfree|atlblog|atlbucketlist|atlfoodie|atlvegan|atlveganglutenfree|eatatlanta|hotlanta|supportlocal|tasteofmyatlanta|veganatlanta|welloveatl,wonderfultastingfood,True,54,False,0,True,,seafood=>shrimp | vegan=>vegan,food_spot=>location_present,"cuisine_matches=seafood,vegan ; content_type=food_spot ; location_present=True ; transcript_present=False"
2461271115379851825,CIoMQoAJUIx,2020-12-10T18:53:22+00:00,https://www.instagram.com/p/CIoMQoAJUIx/,unknown,food_spot,unknown,mexican|vegan,Atlanta Food Truck Park & Market,0.7,,atlfoodtruckpark|calaveritasv,True,30,False,0,True,,"mexican=>taco,quesadilla,birria | vegan=>vegan",food_spot=>location_present,"cuisine_matches=mexican,vegan ; content_type=food_spot ; location_present=True ; transcript_present=False"
2633872157812046506,CSNZMXOLbqq,2021-08-05T22:20:50+00:00,https://www.instagram.com/p/CSNZMXOLbqq/,drinks,food_spot,drinks,vegan,LEE + WHITE,0.75,,boxcaratl.,True,40,False,0,True,"dinner=>date night | drinks=>cocktail,cocktails",vegan=>vegan,food_spot=>location_present,"meal_keywords=cocktail,cocktails ; cuisine_matches=vegan ; content_type=food_spot ; location_present=True ; transcript_present=False"
2516334607610472276,CLr0P5WpOdU,2021-02-24T18:14:42+00:00,https://www.instagram.com/p/CLr0P5WpOdU/,unknown,food_spot,unknown,,Big Softie,0.7,,bigsoftieatl,True,36,False,0,True,,,food_spot=>location_present,content_type=food_spot ; location_present=True ; transcript_present=False
2634617101375931943,CSQCkt-roYn,2021-08-06T23:00:54+00:00,https://www.instagram.com/p/CSQCkt-roYn/,dessert,mixed,dessert,vegan,,0.65,,chattahoocheefoodworks|monstercookies_atl,True,16,False,0,False,dessert=>cookie,vegan=>vegan,,meal_keywords=cookie ; cuisine_matches=vegan ; content_type=mixed ; location_present=False ; transcript_present=False
2480969173306935331,CJuLFGBp4gj,2021-01-06T23:09:54+00:00,https://www.instagram.com/p/CJuLFGBp4gj/,dessert,food_spot,dessert,vegan|coffee_cafe,Cafe Sunflower Buckhead,0.7,atlantafoodie|atlfoodblog|atlglutenfree|atlvegan,cafesunflower,True,33,False,0,True,dessert=>cake,vegan=>vegan | coffee_cafe=>cafe,food_spot=>location_present,"meal_keywords=cake ; cuisine_matches=coffee_cafe,vegan ; content_type=food_spot ; location_present=True ; transcript_present=False"
2515547413790766874,CLpBQt-prca,2021-02-23T16:10:41+00:00,https://www.instagram.com/p/CLpBQt-prca/,unknown,food_spot,unknown,japanese|thai|vegan,"Atlanta, Georgia",0.7,atlantavegan|atlfoodie|glutenfreeveganatlanta,eatflowerchild,True,14,False,0,True,,japanese=>ramen | thai=>thai | vegan=>vegan,food_spot=>location_present,"cuisine_matches=japanese,thai,vegan ; content_type=food_spot ; location_present=True ; transcript_present=False"
2574262659686235182,CO5nj_9Jnwu,2021-05-15T16:27:24+00:00,https://www.instagram.com/p/CO5nj_9Jnwu/,unknown,food_spot,unknown,,Atlanta Food Truck Park & Market,0.7,,atlfoodtruckpark,True,12,False,0,True,,,food_spot=>location_present,content_type=food_spot ; location_present=True ; transcript_present=False
2553281547052888765,CNvFAoHpbK9,2021-04-16T17:41:40+00:00,https://www.instagram.com/p/CNvFAoHpbK9/,unknown,food_spot,unknown,vegan,Bold Monk Brewing Co.,0.7,atlanta|atlantaeats|atlantafoodie|atlblog|atlbucketlist|atlfoodie|eatatlanta|limitedveganoptions|tasteofmyatlanta|welloveatl,boldmonkbrewing,True,31,False,0,True,,vegan=>vegan,food_spot=>location_present,cuisine_matches=vegan ; content_type=food_spot ; location_present=True ; transcript_present=False
2578646250553827879,CPJMRpFp2In,2021-05-21T17:36:49+00:00,https://www.instagram.com/p/CPJMRpFp2In/,unknown,food_spot,unknown,american|vegan,"Atlanta, Georgia",0.7,atlanta|atlantaeats|atlantafoodie|atlblog|atlbucketlist|atlfoodie|atlvegan|eatatlanta|hotlanta|supportlocal|tasteofmyatlanta|veganatlanta|welloveatl,fauxrealburger,True,47,False,0,True,,american=>burger | vegan=>vegan,food_spot=>location_present,"cuisine_matches=american,vegan ; content_type=food_spot ; location_present=True ; transcript_present=False"
2559702473088899616,COF49ZfJxog,2021-04-25T14:18:55+00:00,https://www.instagram.com/p/COF49ZfJxog/,unknown,food_spot,unknown,,The Betty,0.7,,stjulep,True,19,False,0,True,,,food_spot=>location_present,content_type=food_spot ; location_present=True ; transcript_present=False
