post_id,permalink,baseline_category,baseline_confidence,refined_category,refined_confidence,change_type,confidence_delta,baseline_entities,refined_entities,baseline_meal_type,refined_meal_type,baseline_content_type,refined_content_type,baseline_cuisines,refined_cuisines,needs_review,category_adjustment_reason,human_permalink,human_cuisine,human_meal_type,human_content_type,is_hand_labeled,join_status
3248917998831581298,https://www.instagram.com/p/C0WebTYurhy/,event,0.7,event,0.63,CONFIDENCE_UPDATED,-0.07,"{""meal_type"": ""drinks"", ""cuisines"": [""coffee_cafe""], ""content_type"": ""event"", ""location"": {""name"": ""Underground Atlanta"", ""slug"": ""underground-atlanta""}, ""signals"": {""meal_evidence"": {""drinks"": [""bar""]}, ""cuisine_evidence"": {""coffee_cafe"": [""coffee"", ""cafe""]}, ""content_evidence"": {""event"": [""event""]}}, ""metadata"": {""hashtags"": [""atlanta"", ""atlcatcafe"", ""atllounge"", ""atlunderground"", ""thingstodoinatl""], ""mentions"": [""atllovesmo"", ""thefriskywhiskeratl"", ""thefriskywhiskeratl."", ""underground_atlanta""], ""likes"": 122977, ""comments"": 1258, ""video_views"": 740786}}","{""meal_type"": ""drinks"", ""cuisines"": [""coffee_cafe""], ""content_type"": ""event"", ""location"": {""name"": ""Underground Atlanta"", ""slug"": null}, ""signals"": {""meal_evidence"": {""embedding_label"": ""dinner"", ""embedding_similarity"": 0.154, ""baseline_label"": ""drinks"", ""baseline_confidence"": 0.7, ""override"": false, ""reason"": ""weak_embedding_match_keep_baseline""}, ""cuisine_evidence"": {""embedding_cuisines"": [], ""embedding_similarities"": {}, ""baseline_cuisines"": [""coffee_cafe""], ""newly_detected"": [], ""removed"": [""coffee_cafe""], ""reason"": ""no_strong_embedding_matches_keep_baseline""}, ""content_evidence"": {""embedding_label"": ""food_spot"", ""embedding_similarity"": 0.244, ""second_label"": ""mixed"", ""second_similarity"": 0.196, ""margin"": 0.047, ""baseline_label"": ""event"", ""baseline_confidence"": 0.7, ""override"": false, ""reason"": ""weak_embedding_match_keep_baseline""}}, ""metadata"": {""hashtags"": [""atlanta"", ""atlcatcafe"", ""atllounge"", ""atlunderground"", ""thingstodoinatl""], ""mentions"": [""atllovesmo"", ""thefriskywhiskeratl"", ""thefriskywhiskeratl."", ""underground_atlanta""], ""refined_from"": ""rules-food-events-v1""}, ""refinement"": {""meal_type_evidence"": {""embedding_label"": ""dinner"", ""embedding_similarity"": 0.154, ""baseline_label"": ""drinks"", ""baseline_confidence"": 0.7, ""override"": false, ""reason"": ""weak_embedding_match_keep_baseline""}, ""cuisine_evidence"": {""embedding_cuisines"": [], ""embedding_similarities"": {}, ""baseline_cuisines"": [""coffee_cafe""], ""newly_detected"": [], ""removed"": [""coffee_cafe""], ""reason"": ""no_strong_embedding_matches_keep_baseline""}, ""content_type_evidence"": {""embedding_label"": ""food_spot"", ""embedding_similarity"": 0.244, ""second_label"": ""mixed"", ""second_similarity"": 0.196, ""margin"": 0.047, ""baseline_label"": ""event"", ""baseline_confidence"": 0.7, ""override"": false, ""reason"": ""weak_embedding_match_keep_baseline""}, ""needs_review"": true, ""category_adjustment_reason"": ""none""}}",drinks,drinks,event,event,coffee_cafe,coffee_cafe,True,none,https://www.instagram.com/p/C0WebTYurhy/,unknown,drinks,,TRUE,matched
3235182008116223322,https://www.instagram.com/p/CzlrOVJgJ1a/,drinks,0.95,drinks,0.831,CONFIDENCE_UPDATED,-0.119,"{""meal_type"": ""drinks"", ""cuisines"": [], ""content_type"": ""food_spot"", ""location"": {""name"": ""Chido & Padre's"", ""slug"": ""chido-padres""}, ""signals"": {""meal_evidence"": {""drinks"": [""cocktail"", ""cocktails"", ""bar"", ""gin""], ""snack"": [""small bites""]}, ""cuisine_evidence"": {}, ""content_evidence"": {""food_spot"": [""location_present""]}}, ""metadata"": {""hashtags"": [""atlanta"", ""atlchristmas"", ""atleats"", ""hosted""], ""mentions"": [""atllovesmo"", ""chidoandpadres"", ""theblindpigparlourbar""], ""likes"": 34855, ""comments"": 204, ""video_views"": 469103}}","{""meal_type"": ""drinks"", ""cuisines"": [], ""content_type"": ""food_spot"", ""location"": {""name"": ""Chido & Padre's"", ""slug"": null}, ""signals"": {""meal_evidence"": {""embedding_label"": ""snack"", ""embedding_similarity"": 0.302, ""baseline_label"": ""drinks"", ""baseline_confidence"": 0.95, ""override"": false, ""reason"": ""embedding_disagrees_but_baseline_sufficient""}, ""cuisine_evidence"": {""embedding_cuisines"": [], ""embedding_similarities"": {}, ""baseline_cuisines"": [], ""newly_detected"": [], ""removed"": [], ""reason"": ""no_strong_embedding_matches_keep_baseline""}, ""content_evidence"": {""embedding_label"": ""food_spot"", ""embedding_similarity"": 0.235, ""second_label"": ""event"", ""second_similarity"": 0.228, ""margin"": 0.007, ""baseline_label"": ""food_spot"", ""baseline_confidence"": 0.95, ""override"": false, ""reason"": ""weak_embedding_match_keep_baseline""}}, ""metadata"": {""hashtags"": [""atlanta"", ""atlchristmas"", ""atleats"", ""hosted""], ""mentions"": [""atllovesmo"", ""chidoandpadres"", ""theblindpigparlourbar""], ""refined_from"": ""rules-food-events-v1""}, ""refinement"": {""meal_type_evidence"": {""embedding_label"": ""snack"", ""embedding_similarity"": 0.302, ""baseline_label"": ""drinks"", ""baseline_confidence"": 0.95, ""override"": false, ""reason"": ""embedding_disagrees_but_baseline_sufficient""}, ""cuisine_evidence"": {""embedding_cuisines"": [], ""embedding_similarities"": {}, ""baseline_cuisines"": [], ""newly_detected"": [], ""removed"": [], ""reason"": ""no_strong_embedding_matches_keep_baseline""}, ""content_type_evidence"": {""embedding_label"": ""food_spot"", ""embedding_similarity"": 0.235, ""second_label"": ""event"", ""second_similarity"": 0.228, ""margin"": 0.007, ""baseline_label"": ""food_spot"", ""baseline_confidence"": 0.95, ""override"": false, ""reason"": ""weak_embedding_match_keep_baseline""}, ""needs_review"": false, ""category_adjustment_reason"": ""none""}}",drinks,drinks,food_spot,food_spot,,,False,none,https://www.instagram.com/p/CzlrOVJgJ1a/,,drinks,,TRUE,matched
3222102468103602375,https://www.instagram.com/p/Cy3NR-ROYDH/,drinks,0.7,drinks,0.613,CONFIDENCE_UPDATED,-0.087,"{""meal_type"": ""drinks"", ""cuisines"": [""italian""], ""content_type"": ""food_spot"", ""location"": {""name"": ""Pielands Sub & Slice"", ""slug"": ""pielands-sub-slice""}, ""signals"": {""meal_evidence"": {""drinks"": [""gin""]}, ""cuisine_evidence"": {""italian"": [""pizza""]}, ""content_evidence"": {""food_spot"": [""location_present""]}}, ""metadata"": {""hashtags"": [""atlantapizza"", ""atleats"", ""atlfoodie"", ""pielands"", ""pielandsatl"", ""virginiahighland""], ""mentions"": [""atllovesmo"", ""pielandspizza"", ""sayimafoodie"", ""virginiahighlanddistrict""], ""likes"": 46228, ""comments"": 468, ""video_views"": 445021}}","{""meal_type"": ""drinks"", ""cuisines"": [""italian""], ""content_type"": ""food_spot"", ""location"": {""name"": ""Pielands Sub & Slice"", ""slug"": null}, ""signals"": {""meal_evidence"": {""embedding_label"": ""snack"", ""embedding_similarity"": 0.304, ""baseline_label"": ""drinks"", ""baseline_confidence"": 0.7, ""override"": false, ""reason"": ""embedding_disagrees_but_baseline_sufficient""}, ""cuisine_evidence"": {""embedding_cuisines"": [], ""embedding_similarities"": {}, ""baseline_cuisines"": [""italian""], ""newly_detected"": [], ""removed"": [""italian""], ""reason"": ""no_strong_embedding_matches_keep_baseline""}, ""content_evidence"": {""embedding_label"": ""food_spot"", ""embedding_similarity"": 0.354, ""second_label"": ""event"", ""second_similarity"": 0.102, ""margin"": 0.252, ""baseline_label"": ""food_spot"", ""baseline_confidence"": 0.7, ""override"": false, ""reason"": ""weak_embedding_match_keep_baseline""}}, ""metadata"": {""hashtags"": [""atlantapizza"", ""atleats"", ""atlfoodie"", ""pielands"", ""pielandsatl"", ""virginiahighland""], ""mentions"": [""atllovesmo"", ""pielandspizza"", ""sayimafoodie"", ""virginiahighlanddistrict""], ""refined_from"": ""rules-food-events-v1""}, ""refinement"": {""meal_type_evidence"": {""embedding_label"": ""snack"", ""embedding_similarity"": 0.304, ""baseline_label"": ""drinks"", ""baseline_confidence"": 0.7, ""override"": false, ""reason"": ""embedding_disagrees_but_baseline_sufficient""}, ""cuisine_evidence"": {""embedding_cuisines"": [], ""embedding_similarities"": {}, ""baseline_cuisines"": [""italian""], ""newly_detected"": [], ""removed"": [""italian""], ""reason"": ""no_strong_embedding_matches_keep_baseline""}, ""content_type_evidence"": {""embedding_label"": ""food_spot"", ""embedding_similarity"": 0.354, ""second_label"": ""event"", ""second_similarity"": 0.102, ""margin"": 0.252, ""baseline_label"": ""food_spot"", ""baseline_confidence"": 0.7, ""override"": false, ""reason"": ""weak_embedding_match_keep_baseline""}, ""needs_review"": false, ""category_adjustment_reason"": ""none""}}",drinks,drinks,food_spot,food_spot,italian,italian,False,none,https://www.instagram.com/p/Cy3NR-ROYDH/,italian,all_day,,TRUE,matched
3515204314861577664,https://www.instagram.com/p/DDIg7M0PqXA/,event,0.95,event,0.831,CONFIDENCE_UPDATED,-0.119,"{""meal_type"": ""drinks"", ""cuisines"": [""italian"", ""japanese"", ""seafood""], ""content_type"": ""event"", ""location"": {""name"": ""Atlanta, Georgia"", ""slug"": ""atlanta-georgia""}, ""signals"": {""meal_evidence"": {""dinner"": [""date night""], ""drinks"": [""cocktail"", ""cocktails"", ""bar"", ""drink"", ""drinks"", ""gin""]}, ""cuisine_evidence"": {""italian"": [""pasta""], ""japanese"": [""omakase""], ""seafood"": [""seafood""]}, ""content_evidence"": {""event"": [""live music""]}}, ""metadata"": {""hashtags"": [""atlblog"", ""atleats"", ""atlfoodie"", ""thingstodoinatlanta""], ""mentions"": [""atllovesmo"", ""forthatlanta"", ""ilpremioatlanta"", ""resy."", ""tigersunatl"", ""twourbanlicks""], ""likes"": 63486, ""comments"": 261, ""video_views"": 339786}}","{""meal_type"": ""drinks"", ""cuisines"": [""mexican""], ""content_type"": ""event"", ""location"": {""name"": ""Atlanta, Georgia"", ""slug"": null}, ""signals"": {""meal_evidence"": {""embedding_label"": ""snack"", ""embedding_similarity"": 0.426, ""baseline_label"": ""drinks"", ""baseline_confidence"": 0.95, ""override"": false, ""reason"": ""embedding_disagrees_but_baseline_sufficient""}, ""cuisine_evidence"": {""embedding_cuisines"": [""mexican""], ""embedding_similarities"": {""mexican"": 0.416}, ""baseline_cuisines"": [""italian"", ""japanese"", ""seafood""], ""newly_detected"": [""mexican""], ""removed"": [""italian"", ""japanese"", ""seafood""], ""reason"": ""embedding_refined_cuisine_list""}, ""content_evidence"": {""embedding_label"": ""food_spot"", ""embedding_similarity"": 0.494, ""second_label"": ""mixed"", ""second_similarity"": 0.272, ""margin"": 0.222, ""baseline_label"": ""event"", ""baseline_confidence"": 0.95, ""override"": false, ""reason"": ""embedding_disagrees_but_baseline_acceptable""}}, ""metadata"": {""hashtags"": [""atlblog"", ""atleats"", ""atlfoodie"", ""thingstodoinatlanta""], ""mentions"": [""atllovesmo"", ""forthatlanta"", ""ilpremioatlanta"", ""resy."", ""tigersunatl"", ""twourbanlicks""], ""refined_from"": ""rules-food-events-v1""}, ""refinement"": {""meal_type_evidence"": {""embedding_label"": ""snack"", ""embedding_similarity"": 0.426, ""baseline_label"": ""drinks"", ""baseline_confidence"": 0.95, ""override"": false, ""reason"": ""embedding_disagrees_but_baseline_sufficient""}, ""cuisine_evidence"": {""embedding_cuisines"": [""mexican""], ""embedding_similarities"": {""mexican"": 0.416}, ""baseline_cuisines"": [""italian"", ""japanese"", ""seafood""], ""newly_detected"": [""mexican""], ""removed"": [""italian"", ""japanese"", ""seafood""], ""reason"": ""embedding_refined_cuisine_list""}, ""content_type_evidence"": {""embedding_label"": ""food_spot"", ""embedding_similarity"": 0.494, ""second_label"": ""mixed"", ""second_similarity"": 0.272, ""margin"": 0.222, ""baseline_label"": ""event"", ""baseline_confidence"": 0.95, ""override"": false, ""reason"": ""embedding_disagrees_but_baseline_acceptable""}, ""needs_review"": false, ""category_adjustment_reason"": ""none""}}",drinks,drinks,event,event,italian|japanese|seafood,mexican,False,none,https://www.instagram.com/p/DDIg7M0PqXA/,unknown,dinner,,TRUE,matched
3208403754369499955,https://www.instagram.com/p/CyGijc7OUMz/,event,0.85,event,0.765,CONFIDENCE_UPDATED,-0.085,"{""meal_type"": ""drinks"", ""cuisines"": [], ""content_type"": ""event"", ""location"": {""name"": ""Underground Atlanta"", ""slug"": ""underground-atlanta""}, ""signals"": {""meal_evidence"": {""drinks"": [""bar"", ""drink"", ""drinks""]}, ""cuisine_evidence"": {}, ""content_evidence"": {""event"": [""popup""]}}, ""metadata"": {""hashtags"": [""atlantapopup"", ""atldrinks"", ""atleats"", ""thingstodoinatlanta""], ""mentions"": [""atlhauntedunderground"", ""atllovesmo"", ""underground_atlanta""], ""likes"": 38686, ""comments"": 326, ""video_views"": 337131}}","{""meal_type"": ""drinks"", ""cuisines"": [], ""content_type"": ""event"", ""location"": {""name"": ""Underground Atlanta"", ""slug"": null}, ""signals"": {""meal_evidence"": {""embedding_label"": ""drinks"", ""embedding_similarity"": 0.215, ""baseline_label"": ""drinks"", ""baseline_confidence"": 0.85, ""override"": false, ""reason"": ""weak_embedding_match_keep_baseline""}, ""cuisine_evidence"": {""embedding_cuisines"": [], ""embedding_similarities"": {}, ""baseline_cuisines"": [], ""newly_detected"": [], ""removed"": [], ""reason"": ""no_strong_embedding_matches_keep_baseline""}, ""content_evidence"": {""embedding_label"": ""activity"", ""embedding_similarity"": 0.328, ""second_label"": ""event"", ""second_similarity"": 0.292, ""margin"": 0.036, ""baseline_label"": ""event"", ""baseline_confidence"": 0.85, ""override"": false, ""reason"": ""weak_embedding_match_keep_baseline""}}, ""metadata"": {""hashtags"": [""atlantapopup"", ""atldrinks"", ""atleats"", ""thingstodoinatlanta""], ""mentions"": [""atlhauntedunderground"", ""atllovesmo"", ""underground_atlanta""], ""refined_from"": ""rules-food-events-v1""}, ""refinement"": {""meal_type_evidence"": {""embedding_label"": ""drinks"", ""embedding_similarity"": 0.215, ""baseline_label"": ""drinks"", ""baseline_confidence"": 0.85, ""override"": false, ""reason"": ""weak_embedding_match_keep_baseline""}, ""cuisine_evidence"": {""embedding_cuisines"": [], ""embedding_similarities"": {}, ""baseline_cuisines"": [], ""newly_detected"": [], ""removed"": [], ""reason"": ""no_strong_embedding_matches_keep_baseline""}, ""content_type_evidence"": {""embedding_label"": ""activity"", ""embedding_similarity"": 0.328, ""second_label"": ""event"", ""second_similarity"": 0.292, ""margin"": 0.036, ""baseline_label"": ""event"", ""baseline_confidence"": 0.85, ""override"": false, ""reason"": ""weak_embedding_match_keep_baseline""}, ""needs_review"": true, ""category_adjustment_reason"": ""none""}}",drinks,drinks,event,event,,,True,none,https://www.instagram.com/p/CyGijc7OUMz/,,drinks,,TRUE,matched
3325791131734472803,https://www.instagram.com/p/C4nlWncLXhj/,event,0.85,event,0.744,CONFIDENCE_UPDATED,-0.106,"{""meal_type"": ""drinks"", ""cuisines"": [], ""content_type"": ""event"", ""location"": {""name"": ""Pullman Rail Yard"", ""slug"": ""pullman-rail-yard""}, ""signals"": {""meal_evidence"": {""drinks"": [""cocktail"", ""drink"", ""drinks""], ""snack"": [""snack""]}, ""cuisine_evidence"": {}, ""content_evidence"": {""event"": [""event"", ""market""]}}, ""metadata"": {""hashtags"": [""atlantafood"", ""atleats"", ""atlfoodie"", ""atlmarket""], ""mentions"": [""abuelitasflans"", ""atllovesmo"", ""bakesbycr.ena"", ""bandoverdeatl"", ""blameitonthealcohall"", ""chefsmarketatl"", ""chispas.snacks.atl"", ""nobichaatl"", ""omigaitsbowlshi"", ""peckish_atl"", ""prattpullmandistrict"", ""senpainoodlesupply"", ""slaythegluten"", ""thesweetstopcart"", ""wethreegirlsgranola""], ""likes"": 49017, ""comments"": 381, ""video_views"": 329551}}","{""meal_type"": ""drinks"", ""cuisines"": [], ""content_type"": ""event"", ""location"": {""name"": ""Pullman Rail Yard"", ""slug"": null}, ""signals"": {""meal_evidence"": {""embedding_label"": ""snack"", ""embedding_similarity"": 0.468, ""baseline_label"": ""drinks"", ""baseline_confidence"": 0.85, ""override"": false, ""reason"": ""embedding_disagrees_but_baseline_sufficient""}, ""cuisine_evidence"": {""embedding_cuisines"": [], ""embedding_similarities"": {}, ""baseline_cuisines"": [], ""newly_detected"": [], ""removed"": [], ""reason"": ""no_strong_embedding_matches_keep_baseline""}, ""content_evidence"": {""embedding_label"": ""food_spot"", ""embedding_similarity"": 0.446, ""second_label"": ""event"", ""second_similarity"": 0.309, ""margin"": 0.137, ""baseline_label"": ""event"", ""baseline_confidence"": 0.85, ""override"": false, ""reason"": ""embedding_disagrees_but_baseline_acceptable""}}, ""metadata"": {""hashtags"": [""atlantafood"", ""atleats"", ""atlfoodie"", ""atlmarket""], ""mentions"": [""abuelitasflans"", ""atllovesmo"", ""bakesbycr.ena"", ""bandoverdeatl"", ""blameitonthealcohall"", ""chefsmarketatl"", ""chispas.snacks.atl"", ""nobichaatl"", ""omigaitsbowlshi"", ""peckish_atl"", ""prattpullmandistrict"", ""senpainoodlesupply"", ""slaythegluten"", ""thesweetstopcart"", ""wethreegirlsgranola""], ""refined_from"": ""rules-food-events-v1""}, ""refinement"": {""meal_type_evidence"": {""embedding_label"": ""snack"", ""embedding_similarity"": 0.468, ""baseline_label"": ""drinks"", ""baseline_confidence"": 0.85, ""override"": false, ""reason"": ""embedding_disagrees_but_baseline_sufficient""}, ""cuisine_evidence"": {""embedding_cuisines"": [], ""embedding_similarities"": {}, ""baseline_cuisines"": [], ""newly_detected"": [], ""removed"": [], ""reason"": ""no_strong_embedding_matches_keep_baseline""}, ""content_type_evidence"": {""embedding_label"": ""food_spot"", ""embedding_similarity"": 0.446, ""second_label"": ""event"", ""second_similarity"": 0.309, ""margin"": 0.137, ""baseline_label"": ""event"", ""baseline_confidence"": 0.85, ""override"": false, ""reason"": ""embedding_disagrees_but_baseline_acceptable""}, ""needs_review"": false, ""category_adjustment_reason"": ""none""}}",drinks,drinks,event,event,,,False,none,https://www.instagram.com/p/C4nlWncLXhj/,,,event,TRUE,matched
3304773946065312881,https://www.instagram.com/p/C3c6mT-MFxx/,dinner,0.7,dinner,0.63,CONFIDENCE_UPDATED,-0.07,"{""meal_type"": ""dinner"", ""cuisines"": [], ""content_type"": ""food_spot"", ""location"": {""name"": ""The Pullman Yard"", ""slug"": ""the-pullman-yard""}, ""signals"": {""meal_evidence"": {""dinner"": [""date night""]}, ""cuisine_evidence"": {}, ""content_evidence"": {""food_spot"": [""location_present""]}}, ""metadata"": {""hashtags"": [""atlblog"", ""atldatenight"", ""balloonmuseum"", ""thingstodoinatlanta""], ""mentions"": [""atllovesmo"", ""balloon_museum"", ""prattpullmandistrict.""], ""likes"": 89425, ""comments"": 360, ""video_views"": 315524}}","{""meal_type"": ""dinner"", ""cuisines"": [], ""content_type"": ""food_spot"", ""location"": {""name"": ""The Pullman Yard"", ""slug"": null}, ""signals"": {""meal_evidence"": {""embedding_label"": ""dessert"", ""embedding_similarity"": 0.143, ""baseline_label"": ""dinner"", ""baseline_confidence"": 0.7, ""override"": false, ""reason"": ""weak_embedding_match_keep_baseline""}, ""cuisine_evidence"": {""embedding_cuisines"": [], ""embedding_similarities"": {}, ""baseline_cuisines"": [], ""newly_detected"": [], ""removed"": [], ""reason"": ""no_strong_embedding_matches_keep_baseline""}, ""content_evidence"": {""embedding_label"": ""activity"", ""embedding_similarity"": 0.42, ""second_label"": ""event"", ""second_similarity"": 0.309, ""margin"": 0.111, ""baseline_label"": ""food_spot"", ""baseline_confidence"": 0.7, ""override"": false, ""reason"": ""embedding_disagrees_but_baseline_acceptable""}}, ""metadata"": {""hashtags"": [""atlblog"", ""atldatenight"", ""balloonmuseum"", ""thingstodoinatlanta""], ""mentions"": [""atllovesmo"", ""balloon_museum"", ""prattpullmandistrict.""], ""refined_from"": ""rules-food-events-v1""}, ""refinement"": {""meal_type_evidence"": {""embedding_label"": ""dessert"", ""embedding_similarity"": 0.143, ""baseline_label"": ""dinner"", ""baseline_confidence"": 0.7, ""override"": false, ""reason"": ""weak_embedding_match_keep_baseline""}, ""cuisine_evidence"": {""embedding_cuisines"": [], ""embedding_similarities"": {}, ""baseline_cuisines"": [], ""newly_detected"": [], ""removed"": [], ""reason"": ""no_strong_embedding_matches_keep_baseline""}, ""content_type_evidence"": {""embedding_label"": ""activity"", ""embedding_similarity"": 0.42, ""second_label"": ""event"", ""second_similarity"": 0.309, ""margin"": 0.111, ""baseline_label"": ""food_spot"", ""baseline_confidence"": 0.7, ""override"": false, ""reason"": ""embedding_disagrees_but_baseline_acceptable""}, ""needs_review"": false, ""category_adjustment_reason"": ""none""}}",dinner,dinner,food_spot,food_spot,,,False,none,https://www.instagram.com/p/C3c6mT-MFxx/,,,,TRUE,matched
3317051010474361880,https://www.instagram.com/p/C4IiFHNLMQY/,drinks,0.85,drinks,0.744,CONFIDENCE_UPDATED,-0.106,"{""meal_type"": ""drinks"", ""cuisines"": [""chinese"", ""indian"", ""coffee_cafe""], ""content_type"": ""food_spot"", ""location"": {""name"": ""Nathu’s Sweets Decatur"", ""slug"": ""nathus-sweets-decatur""}, ""signals"": {""meal_evidence"": {""dessert"": [""dessert""], ""drinks"": [""drink"", ""drinks"", ""gin""], ""snack"": [""street food""]}, ""cuisine_evidence"": {""chinese"": [""chinese""], ""indian"": [""indian"", ""naan""], ""coffee_cafe"": [""latte""]}, ""content_evidence"": {""food_spot"": [""location_present""]}}, ""metadata"": {""hashtags"": [""atlantaeats"", ""atlantaindianrestaurants"", ""atlblog"", ""atlfoodie"", ""atlvegeterianrestaurants"", ""nathusweets""], ""mentions"": [""atllovesmo"", ""nathusweetsdecatur"", ""wearezenshi""], ""likes"": 32002, ""comments"": 260, ""video_views"": 315053}}","{""meal_type"": ""drinks"", ""cuisines"": [""american""], ""content_type"": ""food_spot"", ""location"": {""name"": ""Nathu’s Sweets Decatur"", ""slug"": null}, ""signals"": {""meal_evidence"": {""embedding_label"": ""dinner"", ""embedding_similarity"": 0.361, ""baseline_label"": ""drinks"", ""baseline_confidence"": 0.85, ""override"": false, ""reason"": ""embedding_disagrees_but_baseline_sufficient""}, ""cuisine_evidence"": {""embedding_cuisines"": [""american""], ""embedding_similarities"": {""american"": 0.433}, ""baseline_cuisines"": [""chinese"", ""coffee_cafe"", ""indian""], ""newly_detected"": [""american""], ""removed"": [""chinese"", ""coffee_cafe"", ""indian""], ""reason"": ""embedding_refined_cuisine_list""}, ""content_evidence"": {""embedding_label"": ""food_spot"", ""embedding_similarity"": 0.317, ""second_label"": ""mixed"", ""second_similarity"": 0.23, ""margin"": 0.087, ""baseline_label"": ""food_spot"", ""baseline_confidence"": 0.85, ""override"": false, ""reason"": ""weak_embedding_match_keep_baseline""}}, ""metadata"": {""hashtags"": [""atlantaeats"", ""atlantaindianrestaurants"", ""atlblog"", ""atlfoodie"", ""atlvegeterianrestaurants"", ""nathusweets""], ""mentions"": [""atllovesmo"", ""nathusweetsdecatur"", ""wearezenshi""], ""refined_from"": ""rules-food-events-v1""}, ""refinement"": {""meal_type_evidence"": {""embedding_label"": ""dinner"", ""embedding_similarity"": 0.361, ""baseline_label"": ""drinks"", ""baseline_confidence"": 0.85, ""override"": false, ""reason"": ""embedding_disagrees_but_baseline_sufficient""}, ""cuisine_evidence"": {""embedding_cuisines"": [""american""], ""embedding_similarities"": {""american"": 0.433}, ""baseline_cuisines"": [""chinese"", ""coffee_cafe"", ""indian""], ""newly_detected"": [""american""], ""removed"": [""chinese"", ""coffee_cafe"", ""indian""], ""reason"": ""embedding_refined_cuisine_list""}, ""content_type_evidence"": {""embedding_label"": ""food_spot"", ""embedding_similarity"": 0.317, ""second_label"": ""mixed"", ""second_similarity"": 0.23, ""margin"": 0.087, ""baseline_label"": ""food_spot"", ""baseline_confidence"": 0.85, ""override"": false, ""reason"": ""weak_embedding_match_keep_baseline""}, ""needs_review"": false, ""category_adjustment_reason"": ""none""}}",drinks,drinks,food_spot,food_spot,chinese|indian|coffee_cafe,american,False,none,https://www.instagram.com/p/C4IiFHNLMQY/,,,,TRUE,matched
3170602262639729469,https://www.instagram.com/p/CwAPfWUsNs9/,event,0.75,event,0.656,CONFIDENCE_UPDATED,-0.094,"{""meal_type"": ""drinks"", ""cuisines"": [""japanese""], ""content_type"": ""event"", ""location"": {""name"": ""Sandy Springs, Georgia"", ""slug"": ""sandy-springs-georgia""}, ""signals"": {""meal_evidence"": {""drinks"": [""drink"", ""drinks""]}, ""cuisine_evidence"": {""japanese"": [""ramen""]}, ""content_evidence"": {""event"": [""limited time""]}}, ""metadata"": {""hashtags"": [""atlantafood"", ""atlfood"", ""atlfoodie"", ""atlramen"", ""hosted"", ""sandyspringsga""], ""mentions"": [""atllovesmo"", ""kyuramen.official""], ""likes"": 51941, ""comments"": 255, ""video_views"": 314396}}","{""meal_type"": ""drinks"", ""cuisines"": [""japanese""], ""content_type"": ""event"", ""location"": {""name"": ""Sandy Springs, Georgia"", ""slug"": null}, ""signals"": {""meal_evidence"": {""embedding_label"": ""snack"", ""embedding_similarity"": 0.397, ""baseline_label"": ""drinks"", ""baseline_confidence"": 0.75, ""override"": false, ""reason"": ""embedding_disagrees_but_baseline_sufficient""}, ""cuisine_evidence"": {""embedding_cuisines"": [], ""embedding_similarities"": {}, ""baseline_cuisines"": [""japanese""], ""newly_detected"": [], ""removed"": [""japanese""], ""reason"": ""no_strong_embedding_matches_keep_baseline""}, ""content_evidence"": {""embedding_label"": ""food_spot"", ""embedding_similarity"": 0.347, ""second_label"": ""mixed"", ""second_similarity"": 0.272, ""margin"": 0.075, ""baseline_label"": ""event"", ""baseline_confidence"": 0.75, ""override"": false, ""reason"": ""weak_embedding_match_keep_baseline""}}, ""metadata"": {""hashtags"": [""atlantafood"", ""atlfood"", ""atlfoodie"", ""atlramen"", ""hosted"", ""sandyspringsga""], ""mentions"": [""atllovesmo"", ""kyuramen.official""], ""refined_from"": ""rules-food-events-v1""}, ""refinement"": {""meal_type_evidence"": {""embedding_label"": ""snack"", ""embedding_similarity"": 0.397, ""baseline_label"": ""drinks"", ""baseline_confidence"": 0.75, ""override"": false, ""reason"": ""embedding_disagrees_but_baseline_sufficient""}, ""cuisine_evidence"": {""embedding_cuisines"": [], ""embedding_similarities"": {}, ""baseline_cuisines"": [""japanese""], ""newly_detected"": [], ""removed"": [""japanese""], ""reason"": ""no_strong_embedding_matches_keep_baseline""}, ""content_type_evidence"": {""embedding_label"": ""food_spot"", ""embedding_similarity"": 0.347, ""second_label"": ""mixed"", ""second_similarity"": 0.272, ""margin"": 0.075, ""baseline_label"": ""event"", ""baseline_confidence"": 0.75, ""override"": false, ""reason"": ""weak_embedding_match_keep_baseline""}, ""needs_review"": true, ""category_adjustment_reason"": ""none""}}",drinks,drinks,event,event,japanese,japanese,True,none,https://www.instagram.com/p/CwAPfWUsNs9/,,,,TRUE,matched
3452617631616910965,https://www.instagram.com/p/C_qKXF1xsZ1/,event,0.85,event,0.765,CONFIDENCE_UPDATED,-0.085,"{""meal_type"": ""drinks"", ""cuisines"": [], ""content_type"": ""event"", ""location"": {""name"": ""Atlanta, Georgia"", ""slug"": ""atlanta-georgia""}, ""signals"": {""meal_evidence"": {""dinner"": [""date night""], ""drinks"": [""bar"", ""drink"", ""drinks""]}, ""cuisine_evidence"": {}, ""content_evidence"": {""event"": [""ticket""]}}, ""metadata"": {""hashtags"": [""atlblog"", ""atldatenight"", ""atlhalloween"", ""thingstodoinatlanta""], ""mentions"": [""atllovesmo"", ""hauntedundergroundatl"", ""underground_atlanta""], ""likes"": 42975, ""comments"": 322, ""video_views"": 313247}}","{""meal_type"": ""drinks"", ""cuisines"": [], ""content_type"": ""event"", ""location"": {""name"": ""Atlanta, Georgia"", ""slug"": null}, ""signals"": {""meal_evidence"": {""embedding_label"": ""drinks"", ""embedding_similarity"": 0.264, ""baseline_label"": ""drinks"", ""baseline_confidence"": 0.85, ""override"": false, ""reason"": ""weak_embedding_match_keep_baseline""}, ""cuisine_evidence"": {""embedding_cuisines"": [], ""embedding_similarities"": {}, ""baseline_cuisines"": [], ""newly_detected"": [], ""removed"": [], ""reason"": ""no_strong_embedding_matches_keep_baseline""}, ""content_evidence"": {""embedding_label"": ""activity"", ""embedding_similarity"": 0.317, ""second_label"": ""event"", ""second_similarity"": 0.303, ""margin"": 0.014, ""baseline_label"": ""event"", ""baseline_confidence"": 0.85, ""override"": false, ""reason"": ""weak_embedding_match_keep_baseline""}}, ""metadata"": {""hashtags"": [""atlblog"", ""atldatenight"", ""atlhalloween"", ""thingstodoinatlanta""], ""mentions"": [""atllovesmo"", ""hauntedundergroundatl"", ""underground_atlanta""], ""refined_from"": ""rules-food-events-v1""}, ""refinement"": {""meal_type_evidence"": {""embedding_label"": ""drinks"", ""embedding_similarity"": 0.264, ""baseline_label"": ""drinks"", ""baseline_confidence"": 0.85, ""override"": false, ""reason"": ""weak_embedding_match_keep_baseline""}, ""cuisine_evidence"": {""embedding_cuisines"": [], ""embedding_similarities"": {}, ""baseline_cuisines"": [], ""newly_detected"": [], ""removed"": [], ""reason"": ""no_strong_embedding_matches_keep_baseline""}, ""content_type_evidence"": {""embedding_label"": ""activity"", ""embedding_similarity"": 0.317, ""second_label"": ""event"", ""second_similarity"": 0.303, ""margin"": 0.014, ""baseline_label"": ""event"", ""baseline_confidence"": 0.85, ""override"": false, ""reason"": ""weak_embedding_match_keep_baseline""}, ""needs_review"": true, ""category_adjustment_reason"": ""none""}}",drinks,drinks,event,event,,,True,none,https://www.instagram.com/p/C_qKXF1xsZ1/,,,,TRUE,matched
3272116487350388346,https://www.instagram.com/p/C1o5JvcOAZ6/,event,0.95,event,0.888,CONFIDENCE_UPDATED,-0.062,"{""meal_type"": ""drinks"", ""cuisines"": [], ""content_type"": ""event"", ""location"": {""name"": ""Atlanta, Georgia"", ""slug"": ""atlanta-georgia""}, ""signals"": {""meal_evidence"": {""drinks"": [""beer"", ""drink"", ""drinks"", ""tequila""]}, ""cuisine_evidence"": {}, ""content_evidence"": {""event"": [""event""]}}, ""metadata"": {""hashtags"": [""atlanta"", ""atldatenight"", ""atldrinks"", ""atlfoodie""], ""mentions"": [""atllovesmo"", ""blameitonthealcohall"", ""desertdoor."", ""fever_us"", ""prattpullmandistrict"", ""theempirestripsback"", ""wickedweedbrewing""], ""likes"": 49103, ""comments"": 154, ""video_views"": 286307}}","{""meal_type"": ""drinks"", ""cuisines"": [], ""content_type"": ""event"", ""location"": {""name"": ""Atlanta, Georgia"", ""slug"": null}, ""signals"": {""meal_evidence"": {""embedding_label"": ""drinks"", ""embedding_similarity"": 0.371, ""baseline_label"": ""drinks"", ""baseline_confidence"": 0.95, ""override"": false, ""reason"": ""embedding_agrees_boost_baseline""}, ""cuisine_evidence"": {""embedding_cuisines"": [], ""embedding_similarities"": {}, ""baseline_cuisines"": [], ""newly_detected"": [], ""removed"": [], ""reason"": ""no_strong_embedding_matches_keep_baseline""}, ""content_evidence"": {""embedding_label"": ""food_spot"", ""embedding_similarity"": 0.425, ""second_label"": ""activity"", ""second_similarity"": 0.379, ""margin"": 0.047, ""baseline_label"": ""event"", ""baseline_confidence"": 0.95, ""override"": false, ""reason"": ""embedding_disagrees_but_baseline_acceptable""}}, ""metadata"": {""hashtags"": [""atlanta"", ""atldatenight"", ""atldrinks"", ""atlfoodie""], ""mentions"": [""atllovesmo"", ""blameitonthealcohall"", ""desertdoor."", ""fever_us"", ""prattpullmandistrict"", ""theempirestripsback"", ""wickedweedbrewing""], ""refined_from"": ""rules-food-events-v1""}, ""refinement"": {""meal_type_evidence"": {""embedding_label"": ""drinks"", ""embedding_similarity"": 0.371, ""baseline_label"": ""drinks"", ""baseline_confidence"": 0.95, ""override"": false, ""reason"": ""embedding_agrees_boost_baseline""}, ""cuisine_evidence"": {""embedding_cuisines"": [], ""embedding_similarities"": {}, ""baseline_cuisines"": [], ""newly_detected"": [], ""removed"": [], ""reason"": ""no_strong_embedding_matches_keep_baseline""}, ""content_type_evidence"": {""embedding_label"": ""food_spot"", ""embedding_similarity"": 0.425, ""second_label"": ""activity"", ""second_similarity"": 0.379, ""margin"": 0.047, ""baseline_label"": ""event"", ""baseline_confidence"": 0.95, ""override"": false, ""reason"": ""embedding_disagrees_but_baseline_acceptable""}, ""needs_review"": false, ""category_adjustment_reason"": ""none""}}",drinks,drinks,event,event,,,False,none,https://www.instagram.com/p/C1o5JvcOAZ6/,,,,TRUE,matched
3385152091680342742,https://www.instagram.com/p/C76eeRfRwLW/,event,0.85,event,0.744,CONFIDENCE_UPDATED,-0.106,"{""meal_type"": ""drinks"", ""cuisines"": [""japanese"", ""korean"", ""bbq""], ""content_type"": ""event"", ""location"": {""name"": ""Atlanta, Georgia"", ""slug"": ""atlanta-georgia""}, ""signals"": {""meal_evidence"": {""dinner"": [""dinner""], ""dessert"": [""ice cream""], ""drinks"": [""bar"", ""drink"", ""drinks""]}, ""cuisine_evidence"": {""japanese"": [""ramen""], ""korean"": [""korean"", ""kimchi"", ""kbbq""], ""bbq"": [""bbq"", ""barbecue""]}, ""content_evidence"": {""event"": [""grand opening""]}}, ""metadata"": {""hashtags"": [""atlantafoodie"", ""atleats"", ""atlfood"", ""atlkoreanbbq""], ""mentions"": [""atllovesmo"", ""chowwonalpharetta""], ""likes"": 22366, ""comments"": 724, ""video_views"": 281936}}","{""meal_type"": ""drinks"", ""cuisines"": [""american"", ""korean""], ""content_type"": ""event"", ""location"": {""name"": ""Atlanta, Georgia"", ""slug"": null}, ""signals"": {""meal_evidence"": {""embedding_label"": ""snack"", ""embedding_similarity"": 0.412, ""baseline_label"": ""drinks"", ""baseline_confidence"": 0.85, ""override"": false, ""reason"": ""embedding_disagrees_but_baseline_sufficient""}, ""cuisine_evidence"": {""embedding_cuisines"": [""american"", ""korean""], ""embedding_similarities"": {""american"": 0.434, ""korean"": 0.516}, ""baseline_cuisines"": [""bbq"", ""japanese"", ""korean""], ""newly_detected"": [""american""], ""removed"": [""bbq"", ""japanese""], ""reason"": ""embedding_refined_cuisine_list""}, ""content_evidence"": {""embedding_label"": ""food_spot"", ""embedding_similarity"": 0.371, ""second_label"": ""event"", ""second_similarity"": 0.272, ""margin"": 0.099, ""baseline_label"": ""event"", ""baseline_confidence"": 0.85, ""override"": false, ""reason"": ""weak_embedding_match_keep_baseline""}}, ""metadata"": {""hashtags"": [""atlantafoodie"", ""atleats"", ""atlfood"", ""atlkoreanbbq""], ""mentions"": [""atllovesmo"", ""chowwonalpharetta""], ""refined_from"": ""rules-food-events-v1""}, ""refinement"": {""meal_type_evidence"": {""embedding_label"": ""snack"", ""embedding_similarity"": 0.412, ""baseline_label"": ""drinks"", ""baseline_confidence"": 0.85, ""override"": false, ""reason"": ""embedding_disagrees_but_baseline_sufficient""}, ""cuisine_evidence"": {""embedding_cuisines"": [""american"", ""korean""], ""embedding_similarities"": {""american"": 0.434, ""korean"": 0.516}, ""baseline_cuisines"": [""bbq"", ""japanese"", ""korean""], ""newly_detected"": [""american""], ""removed"": [""bbq"", ""japanese""], ""reason"": ""embedding_refined_cuisine_list""}, ""content_type_evidence"": {""embedding_label"": ""food_spot"", ""embedding_similarity"": 0.371, ""second_label"": ""event"", ""second_similarity"": 0.272, ""margin"": 0.099, ""baseline_label"": ""event"", ""baseline_confidence"": 0.85, ""override"": false, ""reason"": ""weak_embedding_match_keep_baseline""}, ""needs_review"": true, ""category_adjustment_reason"": ""none""}}",drinks,drinks,event,event,japanese|korean|bbq,american|korean,True,none,https://www.instagram.com/p/C76eeRfRwLW/,,,,TRUE,matched
3171338812587781150,https://www.instagram.com/p/CwC29j6tCwe/,drinks,0.85,drinks,0.795,CONFIDENCE_UPDATED,-0.055,"{""meal_type"": ""drinks"", ""cuisines"": [""italian""], ""content_type"": ""food_spot"", ""location"": {""name"": ""Atlanta, Georgia"", ""slug"": ""atlanta-georgia""}, ""signals"": {""meal_evidence"": {""drinks"": [""cocktail"", ""cocktails"", ""beer""]}, ""cuisine_evidence"": {""italian"": [""pasta""]}, ""content_evidence"": {""food_spot"": [""location_present""]}}, ""metadata"": {""hashtags"": [""atlantaeats"", ""atlfoodie"", ""harrypotter"", ""thingstodoinatlanta""], ""mentions"": [""atllovesmo"", ""eatamoreatl""], ""likes"": 44501, ""comments"": 247, ""video_views"": 269715}}","{""meal_type"": ""drinks"", ""cuisines"": [""italian""], ""content_type"": ""food_spot"", ""location"": {""name"": ""Atlanta, Georgia"", ""slug"": null}, ""signals"": {""meal_evidence"": {""embedding_label"": ""drinks"", ""embedding_similarity"": 0.344, ""baseline_label"": ""drinks"", ""baseline_confidence"": 0.85, ""override"": false, ""reason"": ""embedding_agrees_boost_baseline""}, ""cuisine_evidence"": {""embedding_cuisines"": [], ""embedding_similarities"": {}, ""baseline_cuisines"": [""italian""], ""newly_detected"": [], ""removed"": [""italian""], ""reason"": ""no_strong_embedding_matches_keep_baseline""}, ""content_evidence"": {""embedding_label"": ""food_spot"", ""embedding_similarity"": 0.335, ""second_label"": ""event"", ""second_similarity"": 0.298, ""margin"": 0.037, ""baseline_label"": ""food_spot"", ""baseline_confidence"": 0.85, ""override"": false, ""reason"": ""weak_embedding_match_keep_baseline""}}, ""metadata"": {""hashtags"": [""atlantaeats"", ""atlfoodie"", ""harrypotter"", ""thingstodoinatlanta""], ""mentions"": [""atllovesmo"", ""eatamoreatl""], ""refined_from"": ""rules-food-events-v1""}, ""refinement"": {""meal_type_evidence"": {""embedding_label"": ""drinks"", ""embedding_similarity"": 0.344, ""baseline_label"": ""drinks"", ""baseline_confidence"": 0.85, ""override"": false, ""reason"": ""embedding_agrees_boost_baseline""}, ""cuisine_evidence"": {""embedding_cuisines"": [], ""embedding_similarities"": {}, ""baseline_cuisines"": [""italian""], ""newly_detected"": [], ""removed"": [""italian""], ""reason"": ""no_strong_embedding_matches_keep_baseline""}, ""content_type_evidence"": {""embedding_label"": ""food_spot"", ""embedding_similarity"": 0.335, ""second_label"": ""event"", ""second_similarity"": 0.298, ""margin"": 0.037, ""baseline_label"": ""food_spot"", ""baseline_confidence"": 0.85, ""override"": false, ""reason"": ""weak_embedding_match_keep_baseline""}, ""needs_review"": false, ""category_adjustment_reason"": ""none""}}",drinks,drinks,food_spot,food_spot,italian,italian,False,none,https://www.instagram.com/p/CwC29j6tCwe/,,,,TRUE,matched
3289522123696571084,https://www.instagram.com/p/C2muvFfuQLM/,drinks,0.75,drinks,0.656,CONFIDENCE_UPDATED,-0.094,"{""meal_type"": ""drinks"", ""cuisines"": [], ""content_type"": ""food_spot"", ""location"": {""name"": ""Atlanta, Georgia"", ""slug"": ""atlanta-georgia""}, ""signals"": {""meal_evidence"": {""dinner"": [""date night""], ""drinks"": [""drink"", ""drinks""]}, ""cuisine_evidence"": {}, ""content_evidence"": {""food_spot"": [""location_present""]}}, ""metadata"": {""hashtags"": [""atldatenight"", ""atleats"", ""atlfun"", ""thingstodoinatlanta""], ""mentions"": [""atlantamagazine"", ""atllovesmo"", ""your3rdspot""], ""likes"": 44232, ""comments"": 1299, ""video_views"": 268973}}","{""meal_type"": ""drinks"", ""cuisines"": [], ""content_type"": ""food_spot"", ""location"": {""name"": ""Atlanta, Georgia"", ""slug"": null}, ""signals"": {""meal_evidence"": {""embedding_label"": ""dinner"", ""embedding_similarity"": 0.33, ""baseline_label"": ""drinks"", ""baseline_confidence"": 0.75, ""override"": false, ""reason"": ""embedding_disagrees_but_baseline_sufficient""}, ""cuisine_evidence"": {""embedding_cuisines"": [], ""embedding_similarities"": {}, ""baseline_cuisines"": [], ""newly_detected"": [], ""removed"": [], ""reason"": ""no_strong_embedding_matches_keep_baseline""}, ""content_evidence"": {""embedding_label"": ""food_spot"", ""embedding_similarity"": 0.38, ""second_label"": ""event"", ""second_similarity"": 0.295, ""margin"": 0.085, ""baseline_label"": ""food_spot"", ""baseline_confidence"": 0.75, ""override"": false, ""reason"": ""weak_embedding_match_keep_baseline""}}, ""metadata"": {""hashtags"": [""atldatenight"", ""atleats"", ""atlfun"", ""thingstodoinatlanta""], ""mentions"": [""atlantamagazine"", ""atllovesmo"", ""your3rdspot""], ""refined_from"": ""rules-food-events-v1""}, ""refinement"": {""meal_type_evidence"": {""embedding_label"": ""dinner"", ""embedding_similarity"": 0.33, ""baseline_label"": ""drinks"", ""baseline_confidence"": 0.75, ""override"": false, ""reason"": ""embedding_disagrees_but_baseline_sufficient""}, ""cuisine_evidence"": {""embedding_cuisines"": [], ""embedding_similarities"": {}, ""baseline_cuisines"": [], ""newly_detected"": [], ""removed"": [], ""reason"": ""no_strong_embedding_matches_keep_baseline""}, ""content_type_evidence"": {""embedding_label"": ""food_spot"", ""embedding_similarity"": 0.38, ""second_label"": ""event"", ""second_similarity"": 0.295, ""margin"": 0.085, ""baseline_label"": ""food_spot"", ""baseline_confidence"": 0.75, ""override"": false, ""reason"": ""weak_embedding_match_keep_baseline""}, ""needs_review"": false, ""category_adjustment_reason"": ""none""}}",drinks,drinks,food_spot,food_spot,,,False,none,https://www.instagram.com/p/C2muvFfuQLM/,,,,TRUE,matched
3517940714744638836,https://www.instagram.com/p/DDSPHDzPO10/,lunch,0.7,lunch,0.613,CONFIDENCE_UPDATED,-0.087,"{""meal_type"": ""lunch"", ""cuisines"": [], ""content_type"": ""food_spot"", ""location"": {""name"": ""Decatur, Georgia"", ""slug"": ""decatur-georgia""}, ""signals"": {""meal_evidence"": {""lunch"": [""sandwich""], ""dinner"": [""date night""], ""drinks"": [""bar""]}, ""cuisine_evidence"": {}, ""content_evidence"": {""food_spot"": [""location_present""]}}, ""metadata"": {""hashtags"": [""atlblog"", ""atleats"", ""thingstodoinatlanta""], ""mentions"": [""atllovesmo"", ""independent_distilling"", ""mothers.best"", ""zabs.""], ""likes"": 32350, ""comments"": 211, ""video_views"": 267598}}","{""meal_type"": ""lunch"", ""cuisines"": [""american""], ""content_type"": ""food_spot"", ""location"": {""name"": ""Decatur, Georgia"", ""slug"": null}, ""signals"": {""meal_evidence"": {""embedding_label"": ""snack"", ""embedding_similarity"": 0.431, ""baseline_label"": ""lunch"", ""baseline_confidence"": 0.7, ""override"": false, ""reason"": ""embedding_disagrees_but_baseline_sufficient""}, ""cuisine_evidence"": {""embedding_cuisines"": [""american""], ""embedding_similarities"": {""american"": 0.477}, ""baseline_cuisines"": [], ""newly_detected"": [""american""], ""removed"": [], ""reason"": ""embedding_refined_cuisine_list""}, ""content_evidence"": {""embedding_label"": ""food_spot"", ""embedding_similarity"": 0.395, ""second_label"": ""mixed"", ""second_similarity"": 0.192, ""margin"": 0.204, ""baseline_label"": ""food_spot"", ""baseline_confidence"": 0.7, ""override"": false, ""reason"": ""weak_embedding_match_keep_baseline""}}, ""metadata"": {""hashtags"": [""atlblog"", ""atleats"", ""thingstodoinatlanta""], ""mentions"": [""atllovesmo"", ""independent_distilling"", ""mothers.best"", ""zabs.""], ""refined_from"": ""rules-food-events-v1""}, ""refinement"": {""meal_type_evidence"": {""embedding_label"": ""snack"", ""embedding_similarity"": 0.431, ""baseline_label"": ""lunch"", ""baseline_confidence"": 0.7, ""override"": false, ""reason"": ""embedding_disagrees_but_baseline_sufficient""}, ""cuisine_evidence"": {""embedding_cuisines"": [""american""], ""embedding_similarities"": {""american"": 0.477}, ""baseline_cuisines"": [], ""newly_detected"": [""american""], ""removed"": [], ""reason"": ""embedding_refined_cuisine_list""}, ""content_type_evidence"": {""embedding_label"": ""food_spot"", ""embedding_similarity"": 0.395, ""second_label"": ""mixed"", ""second_similarity"": 0.192, ""margin"": 0.204, ""baseline_label"": ""food_spot"", ""baseline_confidence"": 0.7, ""override"": false, ""reason"": ""weak_embedding_match_keep_baseline""}, ""needs_review"": false, ""category_adjustment_reason"": ""none""}}",lunch,lunch,food_spot,food_spot,,american,False,none,https://www.instagram.com/p/DDSPHDzPO10/,,,,TRUE,matched
3264203916932816963,https://www.instagram.com/p/C1MyCr_OCBD/,drinks,0.85,drinks,0.777,CONFIDENCE_UPDATED,-0.073,"{""meal_type"": ""drinks"", ""cuisines"": [""bakery""], ""content_type"": ""food_spot"", ""location"": {""name"": ""Atlanta, Georgia"", ""slug"": ""atlanta-georgia""}, ""signals"": {""meal_evidence"": {""dinner"": [""dinner"", ""date night""], ""dessert"": [""dessert""], ""drinks"": [""cocktail"", ""cocktails"", ""bar""]}, ""cuisine_evidence"": {""bakery"": [""bread""]}, ""content_evidence"": {""food_spot"": [""location_present""]}}, ""metadata"": {""hashtags"": [""atlantafood"", ""atldatenight"", ""atleats"", ""atlfoodie""], ""mentions"": [""atllovesmo"", ""barblancatlanta"", ""littlesparrowatlanta.""], ""likes"": 23741, ""comments"": 178, ""video_views"": 260461}}","{""meal_type"": ""drinks"", ""cuisines"": [""american"", ""mexican""], ""content_type"": ""food_spot"", ""location"": {""name"": ""Atlanta, Georgia"", ""slug"": null}, ""signals"": {""meal_evidence"": {""embedding_label"": ""dinner"", ""embedding_similarity"": 0.413, ""baseline_label"": ""drinks"", ""baseline_confidence"": 0.85, ""override"": false, ""reason"": ""embedding_disagrees_but_baseline_sufficient""}, ""cuisine_evidence"": {""embedding_cuisines"": [""american"", ""mexican""], ""embedding_similarities"": {""american"": 0.469, ""mexican"": 0.4}, ""baseline_cuisines"": [""bakery""], ""newly_detected"": [""american"", ""mexican""], ""removed"": [""bakery""], ""reason"": ""embedding_refined_cuisine_list""}, ""content_evidence"": {""embedding_label"": ""food_spot"", ""embedding_similarity"": 0.471, ""second_label"": ""mixed"", ""second_similarity"": 0.25, ""margin"": 0.222, ""baseline_label"": ""food_spot"", ""baseline_confidence"": 0.85, ""override"": false, ""reason"": ""embedding_agrees_boost_baseline""}}, ""metadata"": {""hashtags"": [""atlantafood"", ""atldatenight"", ""atleats"", ""atlfoodie""], ""mentions"": [""atllovesmo"", ""barblancatlanta"", ""littlesparrowatlanta.""], ""refined_from"": ""rules-food-events-v1""}, ""refinement"": {""meal_type_evidence"": {""embedding_label"": ""dinner"", ""embedding_similarity"": 0.413, ""baseline_label"": ""drinks"", ""baseline_confidence"": 0.85, ""override"": false, ""reason"": ""embedding_disagrees_but_baseline_sufficient""}, ""cuisine_evidence"": {""embedding_cuisines"": [""american"", ""mexican""], ""embedding_similarities"": {""american"": 0.469, ""mexican"": 0.4}, ""baseline_cuisines"": [""bakery""], ""newly_detected"": [""american"", ""mexican""], ""removed"": [""bakery""], ""reason"": ""embedding_refined_cuisine_list""}, ""content_type_evidence"": {""embedding_label"": ""food_spot"", ""embedding_similarity"": 0.471, ""second_label"": ""mixed"", ""second_similarity"": 0.25, ""margin"": 0.222, ""baseline_label"": ""food_spot"", ""baseline_confidence"": 0.85, ""override"": false, ""reason"": ""embedding_agrees_boost_baseline""}, ""needs_review"": false, ""category_adjustment_reason"": ""none""}}",drinks,drinks,food_spot,food_spot,bakery,american|mexican,False,none,https://www.instagram.com/p/C1MyCr_OCBD/,,,,TRUE,matched
3724350301316124561,https://www.instagram.com/p/DOvjN3ZEQ-R/,event,0.7,event,0.656,CONFIDENCE_UPDATED,-0.044,"{""meal_type"": ""drinks"", ""cuisines"": [], ""content_type"": ""event"", ""location"": {""name"": ""Atlanta, Georgia"", ""slug"": ""atlanta-georgia""}, ""signals"": {""meal_evidence"": {""drinks"": [""bar""]}, ""cuisine_evidence"": {}, ""content_evidence"": {""event"": [""live music""]}}, ""metadata"": {""hashtags"": [""atlblog"", ""atleats""], ""mentions"": [""atllovesmo"", ""roaring.social""], ""likes"": 36818, ""comments"": 203, ""video_views"": 246009}}","{""meal_type"": ""drinks"", ""cuisines"": [], ""content_type"": ""event"", ""location"": {""name"": ""Atlanta, Georgia"", ""slug"": null}, ""signals"": {""meal_evidence"": {""embedding_label"": ""drinks"", ""embedding_similarity"": 0.352, ""baseline_label"": ""drinks"", ""baseline_confidence"": 0.7, ""override"": false, ""reason"": ""embedding_agrees_boost_baseline""}, ""cuisine_evidence"": {""embedding_cuisines"": [], ""embedding_similarities"": {}, ""baseline_cuisines"": [], ""newly_detected"": [], ""removed"": [], ""reason"": ""no_strong_embedding_matches_keep_baseline""}, ""content_evidence"": {""embedding_label"": ""food_spot"", ""embedding_similarity"": 0.339, ""second_label"": ""activity"", ""second_similarity"": 0.275, ""margin"": 0.064, ""baseline_label"": ""event"", ""baseline_confidence"": 0.7, ""override"": false, ""reason"": ""weak_embedding_match_keep_baseline""}}, ""metadata"": {""hashtags"": [""atlblog"", ""atleats""], ""mentions"": [""atllovesmo"", ""roaring.social""], ""refined_from"": ""rules-food-events-v1""}, ""refinement"": {""meal_type_evidence"": {""embedding_label"": ""drinks"", ""embedding_similarity"": 0.352, ""baseline_label"": ""drinks"", ""baseline_confidence"": 0.7, ""override"": false, ""reason"": ""embedding_agrees_boost_baseline""}, ""cuisine_evidence"": {""embedding_cuisines"": [], ""embedding_similarities"": {}, ""baseline_cuisines"": [], ""newly_detected"": [], ""removed"": [], ""reason"": ""no_strong_embedding_matches_keep_baseline""}, ""content_type_evidence"": {""embedding_label"": ""food_spot"", ""embedding_similarity"": 0.339, ""second_label"": ""activity"", ""second_similarity"": 0.275, ""margin"": 0.064, ""baseline_label"": ""event"", ""baseline_confidence"": 0.7, ""override"": false, ""reason"": ""weak_embedding_match_keep_baseline""}, ""needs_review"": true, ""category_adjustment_reason"": ""none""}}",drinks,drinks,event,event,,,True,none,https://www.instagram.com/p/DOvjN3ZEQ-R/,,,,TRUE,matched
3164771760698992431,https://www.instagram.com/p/CvrhyYPpqcv/,drinks,0.75,drinks,0.686,CONFIDENCE_UPDATED,-0.064,"{""meal_type"": ""drinks"", ""cuisines"": [""thai"", ""seafood""], ""content_type"": ""food_spot"", ""location"": {""name"": ""Atlanta, Georgia"", ""slug"": ""atlanta-georgia""}, ""signals"": {""meal_evidence"": {""drinks"": [""liquor"", ""bar""]}, ""cuisine_evidence"": {""thai"": [""thai""], ""seafood"": [""lobster"", ""shrimp""]}, ""content_evidence"": {""food_spot"": [""location_present""]}}, ""metadata"": {""hashtags"": [""atlantafood"", ""atlantathai"", ""atlfood"", ""atlfoodie"", ""midtownatl""], ""mentions"": [""atllovesmo"", ""bar_of_thailand"", ""piedmontpark""], ""likes"": 35918, ""comments"": 187, ""video_views"": 238473}}","{""meal_type"": ""drinks"", ""cuisines"": [""american"", ""thai""], ""content_type"": ""food_spot"", ""location"": {""name"": ""Atlanta, Georgia"", ""slug"": null}, ""signals"": {""meal_evidence"": {""embedding_label"": ""snack"", ""embedding_similarity"": 0.457, ""baseline_label"": ""drinks"", ""baseline_confidence"": 0.75, ""override"": false, ""reason"": ""embedding_disagrees_but_baseline_sufficient""}, ""cuisine_evidence"": {""embedding_cuisines"": [""american"", ""thai""], ""embedding_similarities"": {""american"": 0.47, ""thai"": 0.451}, ""baseline_cuisines"": [""seafood"", ""thai""], ""newly_detected"": [""american""], ""removed"": [""seafood""], ""reason"": ""embedding_refined_cuisine_list""}, ""content_evidence"": {""embedding_label"": ""food_spot"", ""embedding_similarity"": 0.434, ""second_label"": ""mixed"", ""second_similarity"": 0.249, ""margin"": 0.185, ""baseline_label"": ""food_spot"", ""baseline_confidence"": 0.75, ""override"": false, ""reason"": ""embedding_agrees_boost_baseline""}}, ""metadata"": {""hashtags"": [""atlantafood"", ""atlantathai"", ""atlfood"", ""atlfoodie"", ""midtownatl""], ""mentions"": [""atllovesmo"", ""bar_of_thailand"", ""piedmontpark""], ""refined_from"": ""rules-food-events-v1""}, ""refinement"": {""meal_type_evidence"": {""embedding_label"": ""snack"", ""embedding_similarity"": 0.457, ""baseline_label"": ""drinks"", ""baseline_confidence"": 0.75, ""override"": false, ""reason"": ""embedding_disagrees_but_baseline_sufficient""}, ""cuisine_evidence"": {""embedding_cuisines"": [""american"", ""thai""], ""embedding_similarities"": {""american"": 0.47, ""thai"": 0.451}, ""baseline_cuisines"": [""seafood"", ""thai""], ""newly_detected"": [""american""], ""removed"": [""seafood""], ""reason"": ""embedding_refined_cuisine_list""}, ""content_type_evidence"": {""embedding_label"": ""food_spot"", ""embedding_similarity"": 0.434, ""second_label"": ""mixed"", ""second_similarity"": 0.249, ""margin"": 0.185, ""baseline_label"": ""food_spot"", ""baseline_confidence"": 0.75, ""override"": false, ""reason"": ""embedding_agrees_boost_baseline""}, ""needs_review"": false, ""category_adjustment_reason"": ""none""}}",drinks,drinks,food_spot,food_spot,thai|seafood,american|thai,False,none,https://www.instagram.com/p/CvrhyYPpqcv/,,,,TRUE,matched
3176403958872996187,https://www.instagram.com/p/CwU2pI_xPlb/,dessert,0.85,dessert,0.798,CONFIDENCE_UPDATED,-0.052,"{""meal_type"": ""dessert"", ""cuisines"": [""vegan"", ""coffee_cafe""], ""content_type"": ""food_spot"", ""location"": {""name"": ""Atlanta, Georgia"", ""slug"": ""atlanta-georgia""}, ""signals"": {""meal_evidence"": {""lunch"": [""sandwich""], ""dessert"": [""dessert"", ""ice cream"", ""cake""], ""drinks"": [""rum""]}, ""cuisine_evidence"": {""vegan"": [""vegan""], ""coffee_cafe"": [""matcha""]}, ""content_evidence"": {""food_spot"": [""location_present""]}}, ""metadata"": {""hashtags"": [""atlantafood"", ""atldesserts"", ""atleats"", ""atlsweets""], ""mentions"": [""atllovesmo"", ""bigsoftieatl"", ""lisas.creperie"", ""millasmacarons"", ""summerhill_atl""], ""likes"": 32931, ""comments"": 134, ""video_views"": 231538}}","{""meal_type"": ""dessert"", ""cuisines"": [""coffee_cafe"", ""vegan""], ""content_type"": ""food_spot"", ""location"": {""name"": ""Atlanta, Georgia"", ""slug"": null}, ""signals"": {""meal_evidence"": {""embedding_label"": ""dessert"", ""embedding_similarity"": 0.482, ""baseline_label"": ""dessert"", ""baseline_confidence"": 0.85, ""override"": false, ""reason"": ""embedding_agrees_boost_baseline""}, ""cuisine_evidence"": {""embedding_cuisines"": [], ""embedding_similarities"": {}, ""baseline_cuisines"": [""coffee_cafe"", ""vegan""], ""newly_detected"": [], ""removed"": [""coffee_cafe"", ""vegan""], ""reason"": ""no_strong_embedding_matches_keep_baseline""}, ""content_evidence"": {""embedding_label"": ""food_spot"", ""embedding_similarity"": 0.392, ""second_label"": ""mixed"", ""second_similarity"": 0.223, ""margin"": 0.169, ""baseline_label"": ""food_spot"", ""baseline_confidence"": 0.85, ""override"": false, ""reason"": ""weak_embedding_match_keep_baseline""}}, ""metadata"": {""hashtags"": [""atlantafood"", ""atldesserts"", ""atleats"", ""atlsweets""], ""mentions"": [""atllovesmo"", ""bigsoftieatl"", ""lisas.creperie"", ""millasmacarons"", ""summerhill_atl""], ""refined_from"": ""rules-food-events-v1""}, ""refinement"": {""meal_type_evidence"": {""embedding_label"": ""dessert"", ""embedding_similarity"": 0.482, ""baseline_label"": ""dessert"", ""baseline_confidence"": 0.85, ""override"": false, ""reason"": ""embedding_agrees_boost_baseline""}, ""cuisine_evidence"": {""embedding_cuisines"": [], ""embedding_similarities"": {}, ""baseline_cuisines"": [""coffee_cafe"", ""vegan""], ""newly_detected"": [], ""removed"": [""coffee_cafe"", ""vegan""], ""reason"": ""no_strong_embedding_matches_keep_baseline""}, ""content_type_evidence"": {""embedding_label"": ""food_spot"", ""embedding_similarity"": 0.392, ""second_label"": ""mixed"", ""second_similarity"": 0.223, ""margin"": 0.169, ""baseline_label"": ""food_spot"", ""baseline_confidence"": 0.85, ""override"": false, ""reason"": ""weak_embedding_match_keep_baseline""}, ""needs_review"": false, ""category_adjustment_reason"": ""none""}}",dessert,dessert,food_spot,food_spot,vegan|coffee_cafe,coffee_cafe|vegan,False,none,https://www.instagram.com/p/CwU2pI_xPlb/,,,,TRUE,matched
3241691627386450997,https://www.instagram.com/p/Cz8zVwhujQ1/,event,0.75,event,0.675,CONFIDENCE_UPDATED,-0.075,"{""meal_type"": ""drinks"", ""cuisines"": [], ""content_type"": ""event"", ""location"": {""name"": ""Roaring Social Alpharetta"", ""slug"": ""roaring-social-alpharetta""}, ""signals"": {""meal_evidence"": {""drinks"": [""drink"", ""drinks""]}, ""cuisine_evidence"": {}, ""content_evidence"": {""event"": [""live music""]}}, ""metadata"": {""hashtags"": [""alpharetta"", ""atldrinks"", ""atleats"", ""thingstodoinatlanta""], ""mentions"": [""alphacitycenter"", ""atllovesmo"", ""roaring.social""], ""likes"": 21265, ""comments"": 244, ""video_views"": 218657}}","{""meal_type"": ""drinks"", ""cuisines"": [], ""content_type"": ""event"", ""location"": {""name"": ""Roaring Social Alpharetta"", ""slug"": null}, ""signals"": {""meal_evidence"": {""embedding_label"": ""drinks"", ""embedding_similarity"": 0.234, ""baseline_label"": ""drinks"", ""baseline_confidence"": 0.75, ""override"": false, ""reason"": ""weak_embedding_match_keep_baseline""}, ""cuisine_evidence"": {""embedding_cuisines"": [], ""embedding_similarities"": {}, ""baseline_cuisines"": [], ""newly_detected"": [], ""removed"": [], ""reason"": ""no_strong_embedding_matches_keep_baseline""}, ""content_evidence"": {""embedding_label"": ""food_spot"", ""embedding_similarity"": 0.383, ""second_label"": ""event"", ""second_similarity"": 0.327, ""margin"": 0.056, ""baseline_label"": ""event"", ""baseline_confidence"": 0.75, ""override"": false, ""reason"": ""weak_embedding_match_keep_baseline""}}, ""metadata"": {""hashtags"": [""alpharetta"", ""atldrinks"", ""atleats"", ""thingstodoinatlanta""], ""mentions"": [""alphacitycenter"", ""atllovesmo"", ""roaring.social""], ""refined_from"": ""rules-food-events-v1""}, ""refinement"": {""meal_type_evidence"": {""embedding_label"": ""drinks"", ""embedding_similarity"": 0.234, ""baseline_label"": ""drinks"", ""baseline_confidence"": 0.75, ""override"": false, ""reason"": ""weak_embedding_match_keep_baseline""}, ""cuisine_evidence"": {""embedding_cuisines"": [], ""embedding_similarities"": {}, ""baseline_cuisines"": [], ""newly_detected"": [], ""removed"": [], ""reason"": ""no_strong_embedding_matches_keep_baseline""}, ""content_type_evidence"": {""embedding_label"": ""food_spot"", ""embedding_similarity"": 0.383, ""second_label"": ""event"", ""second_similarity"": 0.327, ""margin"": 0.056, ""baseline_label"": ""event"", ""baseline_confidence"": 0.75, ""override"": false, ""reason"": ""weak_embedding_match_keep_baseline""}, ""needs_review"": true, ""category_adjustment_reason"": ""none""}}",drinks,drinks,event,event,,,True,none,https://www.instagram.com/p/Cz8zVwhujQ1/,,,,TRUE,matched
3267047231143287564,https://www.instagram.com/p/C1W4iWsuBsM/,drinks,0.95,drinks,0.855,CONFIDENCE_UPDATED,-0.095,"{""meal_type"": ""drinks"", ""cuisines"": [""mexican""], ""content_type"": ""food_spot"", ""location"": {""name"": ""Pickle and Social Gwinnett"", ""slug"": ""pickle-and-social-gwinnett""}, ""signals"": {""meal_evidence"": {""lunch"": [""sandwich""], ""drinks"": [""cocktail"", ""cocktails"", ""bar"", ""drink""]}, ""cuisine_evidence"": {""mexican"": [""taco""]}, ""content_evidence"": {""food_spot"": [""location_present""]}}, ""metadata"": {""hashtags"": [""atlblog"", ""atleats"", ""bufordga"", ""gwinnett"", ""pickleball"", ""thingstodoinatlanta""], ""mentions"": [""atllovesmo"", ""pickleandsocial"", ""topgolf""], ""likes"": 18945, ""comments"": 248, ""video_views"": 214209}}","{""meal_type"": ""drinks"", ""cuisines"": [""mexican""], ""content_type"": ""food_spot"", ""location"": {""name"": ""Pickle and Social Gwinnett"", ""slug"": null}, ""signals"": {""meal_evidence"": {""embedding_label"": ""snack"", ""embedding_similarity"": 0.273, ""baseline_label"": ""drinks"", ""baseline_confidence"": 0.95, ""override"": false, ""reason"": ""weak_embedding_match_keep_baseline""}, ""cuisine_evidence"": {""embedding_cuisines"": [], ""embedding_similarities"": {}, ""baseline_cuisines"": [""mexican""], ""newly_detected"": [], ""removed"": [""mexican""], ""reason"": ""no_strong_embedding_matches_keep_baseline""}, ""content_evidence"": {""embedding_label"": ""food_spot"", ""embedding_similarity"": 0.333, ""second_label"": ""mixed"", ""second_similarity"": 0.257, ""margin"": 0.076, ""baseline_label"": ""food_spot"", ""baseline_confidence"": 0.95, ""override"": false, ""reason"": ""weak_embedding_match_keep_baseline""}}, ""metadata"": {""hashtags"": [""atlblog"", ""atleats"", ""bufordga"", ""gwinnett"", ""pickleball"", ""thingstodoinatlanta""], ""mentions"": [""atllovesmo"", ""pickleandsocial"", ""topgolf""], ""refined_from"": ""rules-food-events-v1""}, ""refinement"": {""meal_type_evidence"": {""embedding_label"": ""snack"", ""embedding_similarity"": 0.273, ""baseline_label"": ""drinks"", ""baseline_confidence"": 0.95, ""override"": false, ""reason"": ""weak_embedding_match_keep_baseline""}, ""cuisine_evidence"": {""embedding_cuisines"": [], ""embedding_similarities"": {}, ""baseline_cuisines"": [""mexican""], ""newly_detected"": [], ""removed"": [""mexican""], ""reason"": ""no_strong_embedding_matches_keep_baseline""}, ""content_type_evidence"": {""embedding_label"": ""food_spot"", ""embedding_similarity"": 0.333, ""second_label"": ""mixed"", ""second_similarity"": 0.257, ""margin"": 0.076, ""baseline_label"": ""food_spot"", ""baseline_confidence"": 0.95, ""override"": false, ""reason"": ""weak_embedding_match_keep_baseline""}, ""needs_review"": false, ""category_adjustment_reason"": ""none""}}",drinks,drinks,food_spot,food_spot,mexican,mexican,False,none,https://www.instagram.com/p/C1W4iWsuBsM/,,,,TRUE,matched
3435895736741848248,https://www.instagram.com/p/C-uwPfpxuS4/,drinks,0.75,drinks,0.675,CONFIDENCE_UPDATED,-0.075,"{""meal_type"": ""drinks"", ""cuisines"": [""american""], ""content_type"": ""food_spot"", ""location"": {""name"": ""Atlanta, Georgia"", ""slug"": ""atlanta-georgia""}, ""signals"": {""meal_evidence"": {""dinner"": [""date night""], ""drinks"": [""bar"", ""margarita""]}, ""cuisine_evidence"": {""american"": [""southern""]}, ""content_evidence"": {""food_spot"": [""location_present""]}}, ""metadata"": {""hashtags"": [""atlantahotels"", ""atlblog"", ""atlfood"", ""thingstodoinatlanta""], ""mentions"": [""aparium"", ""atllovesmo"", ""hotelgranada_atlanta"", ""opentable""], ""likes"": 24054, ""comments"": 214, ""video_views"": 212705}}","{""meal_type"": ""drinks"", ""cuisines"": [""american""], ""content_type"": ""food_spot"", ""location"": {""name"": ""Atlanta, Georgia"", ""slug"": null}, ""signals"": {""meal_evidence"": {""embedding_label"": ""dinner"", ""embedding_similarity"": 0.293, ""baseline_label"": ""drinks"", ""baseline_confidence"": 0.75, ""override"": false, ""reason"": ""weak_embedding_match_keep_baseline""}, ""cuisine_evidence"": {""embedding_cuisines"": [], ""embedding_similarities"": {}, ""baseline_cuisines"": [""american""], ""newly_detected"": [], ""removed"": [""american""], ""reason"": ""no_strong_embedding_matches_keep_baseline""}, ""content_evidence"": {""embedding_label"": ""food_spot"", ""embedding_similarity"": 0.343, ""second_label"": ""event"", ""second_similarity"": 0.235, ""margin"": 0.107, ""baseline_label"": ""food_spot"", ""baseline_confidence"": 0.75, ""override"": false, ""reason"": ""weak_embedding_match_keep_baseline""}}, ""metadata"": {""hashtags"": [""atlantahotels"", ""atlblog"", ""atlfood"", ""thingstodoinatlanta""], ""mentions"": [""aparium"", ""atllovesmo"", ""hotelgranada_atlanta"", ""opentable""], ""refined_from"": ""rules-food-events-v1""}, ""refinement"": {""meal_type_evidence"": {""embedding_label"": ""dinner"", ""embedding_similarity"": 0.293, ""baseline_label"": ""drinks"", ""baseline_confidence"": 0.75, ""override"": false, ""reason"": ""weak_embedding_match_keep_baseline""}, ""cuisine_evidence"": {""embedding_cuisines"": [], ""embedding_similarities"": {}, ""baseline_cuisines"": [""american""], ""newly_detected"": [], ""removed"": [""american""], ""reason"": ""no_strong_embedding_matches_keep_baseline""}, ""content_type_evidence"": {""embedding_label"": ""food_spot"", ""embedding_similarity"": 0.343, ""second_label"": ""event"", ""second_similarity"": 0.235, ""margin"": 0.107, ""baseline_label"": ""food_spot"", ""baseline_confidence"": 0.75, ""override"": false, ""reason"": ""weak_embedding_match_keep_baseline""}, ""needs_review"": false, ""category_adjustment_reason"": ""none""}}",drinks,drinks,food_spot,food_spot,american,american,False,none,https://www.instagram.com/p/C-uwPfpxuS4/,,,,TRUE,matched
3336206765128672698,https://www.instagram.com/p/C5MlmB8v-W6/,drinks,0.95,drinks,0.922,CONFIDENCE_UPDATED,-0.028,"{""meal_type"": ""drinks"", ""cuisines"": [""american"", ""mexican"", ""seafood"", ""coffee_cafe""], ""content_type"": ""food_spot"", ""location"": {""name"": ""Atlanta, Georgia"", ""slug"": ""atlanta-georgia""}, ""signals"": {""meal_evidence"": {""brunch"": [""brunch""], ""dinner"": [""dinner""], ""dessert"": [""dessert""], ""drinks"": [""cocktail"", ""cocktails"", ""margarita"", ""martini""]}, ""cuisine_evidence"": {""american"": [""southern""], ""mexican"": [""mexican"", ""taco"", ""quesadilla"", ""birria""], ""seafood"": [""fish""], ""coffee_cafe"": [""coffee"", ""espresso"", ""latte""]}, ""content_evidence"": {""food_spot"": [""location_present""]}}, ""metadata"": {""hashtags"": [""atlantacoffee"", ""atlcoffeeshop"", ""atleats"", ""atlfoodie"", ""decaturfood""], ""mentions"": [""atlantacoffeeshops"", ""atllovesmo"", ""katherine_boggs"", ""lachiquiada_decatur""], ""likes"": 31594, ""comments"": 164, ""video_views"": 205268}}","{""meal_type"": ""drinks"", ""cuisines"": [""mexican""], ""content_type"": ""food_spot"", ""location"": {""name"": ""Atlanta, Georgia"", ""slug"": null}, ""signals"": {""meal_evidence"": {""embedding_label"": ""drinks"", ""embedding_similarity"": 0.366, ""baseline_label"": ""drinks"", ""baseline_confidence"": 0.95, ""override"": false, ""reason"": ""embedding_agrees_boost_baseline""}, ""cuisine_evidence"": {""embedding_cuisines"": [""mexican""], ""embedding_similarities"": {""mexican"": 0.521}, ""baseline_cuisines"": [""american"", ""coffee_cafe"", ""mexican"", ""seafood""], ""newly_detected"": [], ""removed"": [""american"", ""coffee_cafe"", ""seafood""], ""reason"": ""embedding_refined_cuisine_list""}, ""content_evidence"": {""embedding_label"": ""food_spot"", ""embedding_similarity"": 0.415, ""second_label"": ""mixed"", ""second_similarity"": 0.191, ""margin"": 0.223, ""baseline_label"": ""food_spot"", ""baseline_confidence"": 0.95, ""override"": false, ""reason"": ""embedding_agrees_boost_baseline""}}, ""metadata"": {""hashtags"": [""atlantacoffee"", ""atlcoffeeshop"", ""atleats"", ""atlfoodie"", ""decaturfood""], ""mentions"": [""atlantacoffeeshops"", ""atllovesmo"", ""katherine_boggs"", ""lachiquiada_decatur""], ""refined_from"": ""rules-food-events-v1""}, ""refinement"": {""meal_type_evidence"": {""embedding_label"": ""drinks"", ""embedding_similarity"": 0.366, ""baseline_label"": ""drinks"", ""baseline_confidence"": 0.95, ""override"": false, ""reason"": ""embedding_agrees_boost_baseline""}, ""cuisine_evidence"": {""embedding_cuisines"": [""mexican""], ""embedding_similarities"": {""mexican"": 0.521}, ""baseline_cuisines"": [""american"", ""coffee_cafe"", ""mexican"", ""seafood""], ""newly_detected"": [], ""removed"": [""american"", ""coffee_cafe"", ""seafood""], ""reason"": ""embedding_refined_cuisine_list""}, ""content_type_evidence"": {""embedding_label"": ""food_spot"", ""embedding_similarity"": 0.415, ""second_label"": ""mixed"", ""second_similarity"": 0.191, ""margin"": 0.223, ""baseline_label"": ""food_spot"", ""baseline_confidence"": 0.95, ""override"": false, ""reason"": ""embedding_agrees_boost_baseline""}, ""needs_review"": false, ""category_adjustment_reason"": ""none""}}",drinks,drinks,food_spot,food_spot,american|mexican|seafood|coffee_cafe,mexican,False,none,https://www.instagram.com/p/C5MlmB8v-W6/,,,,TRUE,matched
3271412754551567687,https://www.instagram.com/p/C1mZJFMunVH/,unknown,0.7,unknown,0.613,CONFIDENCE_UPDATED,-0.087,"{""meal_type"": ""unknown"", ""cuisines"": [""mexican"", ""coffee_cafe""], ""content_type"": ""food_spot"", ""location"": {""name"": ""Portrait Coffee"", ""slug"": ""portrait-coffee""}, ""signals"": {""meal_evidence"": {}, ""cuisine_evidence"": {""mexican"": [""taco""], ""coffee_cafe"": [""coffee"", ""latte""]}, ""content_evidence"": {""food_spot"": [""location_present""]}}, ""metadata"": {""hashtags"": [""atlantacoffee"", ""atlantaeats"", ""atlcoffee"", ""atlfoodie""], ""mentions"": [""atlantawestend"", ""atllovesmo"", ""portraitcoffee""], ""likes"": 22264, ""comments"": 252, ""video_views"": 204388}}","{""meal_type"": ""unknown"", ""cuisines"": [""coffee_cafe""], ""content_type"": ""food_spot"", ""location"": {""name"": ""Portrait Coffee"", ""slug"": null}, ""signals"": {""meal_evidence"": {""embedding_label"": ""snack"", ""embedding_similarity"": 0.343, ""baseline_label"": ""unknown"", ""baseline_confidence"": 0.7, ""override"": false, ""reason"": ""embedding_disagrees_but_baseline_sufficient""}, ""cuisine_evidence"": {""embedding_cuisines"": [""coffee_cafe""], ""embedding_similarities"": {""coffee_cafe"": 0.439}, ""baseline_cuisines"": [""coffee_cafe"", ""mexican""], ""newly_detected"": [], ""removed"": [""mexican""], ""reason"": ""embedding_refined_cuisine_list""}, ""content_evidence"": {""embedding_label"": ""food_spot"", ""embedding_similarity"": 0.369, ""second_label"": ""mixed"", ""second_similarity"": 0.184, ""margin"": 0.184, ""baseline_label"": ""food_spot"", ""baseline_confidence"": 0.7, ""override"": false, ""reason"": ""weak_embedding_match_keep_baseline""}}, ""metadata"": {""hashtags"": [""atlantacoffee"", ""atlantaeats"", ""atlcoffee"", ""atlfoodie""], ""mentions"": [""atlantawestend"", ""atllovesmo"", ""portraitcoffee""], ""refined_from"": ""rules-food-events-v1""}, ""refinement"": {""meal_type_evidence"": {""embedding_label"": ""snack"", ""embedding_similarity"": 0.343, ""baseline_label"": ""unknown"", ""baseline_confidence"": 0.7, ""override"": false, ""reason"": ""embedding_disagrees_but_baseline_sufficient""}, ""cuisine_evidence"": {""embedding_cuisines"": [""coffee_cafe""], ""embedding_similarities"": {""coffee_cafe"": 0.439}, ""baseline_cuisines"": [""coffee_cafe"", ""mexican""], ""newly_detected"": [], ""removed"": [""mexican""], ""reason"": ""embedding_refined_cuisine_list""}, ""content_type_evidence"": {""embedding_label"": ""food_spot"", ""embedding_similarity"": 0.369, ""second_label"": ""mixed"", ""second_similarity"": 0.184, ""margin"": 0.184, ""baseline_label"": ""food_spot"", ""baseline_confidence"": 0.7, ""override"": false, ""reason"": ""weak_embedding_match_keep_baseline""}, ""needs_review"": false, ""category_adjustment_reason"": ""none""}}",unknown,unknown,food_spot,food_spot,mexican|coffee_cafe,coffee_cafe,False,none,https://www.instagram.com/p/C1mZJFMunVH/,,,,TRUE,matched
3231560684961028308,https://www.instagram.com/p/CzYz1JJOFjU/,drinks,0.7,drinks,0.613,CONFIDENCE_UPDATED,-0.087,"{""meal_type"": ""drinks"", ""cuisines"": [""american"", ""bakery""], ""content_type"": ""food_spot"", ""location"": {""name"": ""Evergreen Butcher And Baker"", ""slug"": ""evergreen-butcher-and-baker""}, ""signals"": {""meal_evidence"": {""drinks"": [""drink""]}, ""cuisine_evidence"": {""american"": [""burger""], ""bakery"": [""bakery"", ""bread""]}, ""content_evidence"": {""food_spot"": [""location_present""]}}, ""metadata"": {""hashtags"": [""atlantafood"", ""atlfood"", ""atlfoodie""], ""mentions"": [""atllovesmo"", ""evergreenbutcherandbaker"", ""kirkwoodneighbors.""], ""likes"": 16159, ""comments"": 207, ""video_views"": 199826}}","{""meal_type"": ""drinks"", ""cuisines"": [""american"", ""bakery""], ""content_type"": ""food_spot"", ""location"": {""name"": ""Evergreen Butcher And Baker"", ""slug"": null}, ""signals"": {""meal_evidence"": {""embedding_label"": ""snack"", ""embedding_similarity"": 0.357, ""baseline_label"": ""drinks"", ""baseline_confidence"": 0.7, ""override"": false, ""reason"": ""embedding_disagrees_but_baseline_sufficient""}, ""cuisine_evidence"": {""embedding_cuisines"": [], ""embedding_similarities"": {}, ""baseline_cuisines"": [""american"", ""bakery""], ""newly_detected"": [], ""removed"": [""american"", ""bakery""], ""reason"": ""no_strong_embedding_matches_keep_baseline""}, ""content_evidence"": {""embedding_label"": ""food_spot"", ""embedding_similarity"": 0.364, ""second_label"": ""mixed"", ""second_similarity"": 0.179, ""margin"": 0.185, ""baseline_label"": ""food_spot"", ""baseline_confidence"": 0.7, ""override"": false, ""reason"": ""weak_embedding_match_keep_baseline""}}, ""metadata"": {""hashtags"": [""atlantafood"", ""atlfood"", ""atlfoodie""], ""mentions"": [""atllovesmo"", ""evergreenbutcherandbaker"", ""kirkwoodneighbors.""], ""refined_from"": ""rules-food-events-v1""}, ""refinement"": {""meal_type_evidence"": {""embedding_label"": ""snack"", ""embedding_similarity"": 0.357, ""baseline_label"": ""drinks"", ""baseline_confidence"": 0.7, ""override"": false, ""reason"": ""embedding_disagrees_but_baseline_sufficient""}, ""cuisine_evidence"": {""embedding_cuisines"": [], ""embedding_similarities"": {}, ""baseline_cuisines"": [""american"", ""bakery""], ""newly_detected"": [], ""removed"": [""american"", ""bakery""], ""reason"": ""no_strong_embedding_matches_keep_baseline""}, ""content_type_evidence"": {""embedding_label"": ""food_spot"", ""embedding_similarity"": 0.364, ""second_label"": ""mixed"", ""second_similarity"": 0.179, ""margin"": 0.185, ""baseline_label"": ""food_spot"", ""baseline_confidence"": 0.7, ""override"": false, ""reason"": ""weak_embedding_match_keep_baseline""}, ""needs_review"": false, ""category_adjustment_reason"": ""none""}}",drinks,drinks,food_spot,food_spot,american|bakery,american|bakery,False,none,https://www.instagram.com/p/CzYz1JJOFjU/,,,,TRUE,matched
3313422007259649008,https://www.instagram.com/p/C37o8KlrFPw/,drinks,0.75,drinks,0.656,CONFIDENCE_UPDATED,-0.094,"{""meal_type"": ""drinks"", ""cuisines"": [], ""content_type"": ""food_spot"", ""location"": {""name"": ""Little Sparrow"", ""slug"": ""little-sparrow""}, ""signals"": {""meal_evidence"": {""dinner"": [""dinner""], ""dessert"": [""ice cream""], ""drinks"": [""cocktail"", ""bar""]}, ""cuisine_evidence"": {}, ""content_evidence"": {""food_spot"": [""location_present""]}}, ""metadata"": {""hashtags"": [""atlantafoodie"", ""atlbar"", ""atldatenight"", ""atleats""], ""mentions"": [""atllovesmo"", ""littlesparrowatlanta""], ""likes"": 24392, ""comments"": 202, ""video_views"": 197326}}","{""meal_type"": ""drinks"", ""cuisines"": [], ""content_type"": ""food_spot"", ""location"": {""name"": ""Little Sparrow"", ""slug"": null}, ""signals"": {""meal_evidence"": {""embedding_label"": ""dinner"", ""embedding_similarity"": 0.362, ""baseline_label"": ""drinks"", ""baseline_confidence"": 0.75, ""override"": false, ""reason"": ""embedding_disagrees_but_baseline_sufficient""}, ""cuisine_evidence"": {""embedding_cuisines"": [], ""embedding_similarities"": {}, ""baseline_cuisines"": [], ""newly_detected"": [], ""removed"": [], ""reason"": ""no_strong_embedding_matches_keep_baseline""}, ""content_evidence"": {""embedding_label"": ""food_spot"", ""embedding_similarity"": 0.361, ""second_label"": ""mixed"", ""second_similarity"": 0.187, ""margin"": 0.174, ""baseline_label"": ""food_spot"", ""baseline_confidence"": 0.75, ""override"": false, ""reason"": ""weak_embedding_match_keep_baseline""}}, ""metadata"": {""hashtags"": [""atlantafoodie"", ""atlbar"", ""atldatenight"", ""atleats""], ""mentions"": [""atllovesmo"", ""littlesparrowatlanta""], ""refined_from"": ""rules-food-events-v1""}, ""refinement"": {""meal_type_evidence"": {""embedding_label"": ""dinner"", ""embedding_similarity"": 0.362, ""baseline_label"": ""drinks"", ""baseline_confidence"": 0.75, ""override"": false, ""reason"": ""embedding_disagrees_but_baseline_sufficient""}, ""cuisine_evidence"": {""embedding_cuisines"": [], ""embedding_similarities"": {}, ""baseline_cuisines"": [], ""newly_detected"": [], ""removed"": [], ""reason"": ""no_strong_embedding_matches_keep_baseline""}, ""content_type_evidence"": {""embedding_label"": ""food_spot"", ""embedding_similarity"": 0.361, ""second_label"": ""mixed"", ""second_similarity"": 0.187, ""margin"": 0.174, ""baseline_label"": ""food_spot"", ""baseline_confidence"": 0.75, ""override"": false, ""reason"": ""weak_embedding_match_keep_baseline""}, ""needs_review"": false, ""category_adjustment_reason"": ""none""}}",drinks,drinks,food_spot,food_spot,,,False,none,https://www.instagram.com/p/C37o8KlrFPw/,,,,TRUE,matched
3310554927107814633,https://www.instagram.com/p/C3xdCqHrjTp/,event,0.85,event,0.744,CONFIDENCE_UPDATED,-0.106,"{""meal_type"": ""drinks"", ""cuisines"": [""italian""], ""content_type"": ""event"", ""location"": {""name"": ""Atlanta, Georgia"", ""slug"": ""atlanta-georgia""}, ""signals"": {""meal_evidence"": {""dinner"": [""dinner"", ""date night""], ""drinks"": [""cocktail"", ""cocktails"", ""bar""]}, ""cuisine_evidence"": {""italian"": [""pizza""]}, ""content_evidence"": {""event"": [""event"", ""live music"", ""ticket""]}}, ""metadata"": {""hashtags"": [""atlantafoodie"", ""atlblog"", ""atleats"", ""thingstodoinatlanta""], ""mentions"": [""atllovesmo"", ""fernbankmuseum"", ""lloydspizzaparty"", ""pickyourleisure"", ""stereoatl"", ""thefriskywhiskeratl"", ""underground_atlanta""], ""likes"": 37593, ""comments"": 115, ""video_views"": 192473}}","{""meal_type"": ""drinks"", ""cuisines"": [""italian""], ""content_type"": ""event"", ""location"": {""name"": ""Atlanta, Georgia"", ""slug"": null}, ""signals"": {""meal_evidence"": {""embedding_label"": ""dinner"", ""embedding_similarity"": 0.311, ""baseline_label"": ""drinks"", ""baseline_confidence"": 0.85, ""override"": false, ""reason"": ""embedding_disagrees_but_baseline_sufficient""}, ""cuisine_evidence"": {""embedding_cuisines"": [], ""embedding_similarities"": {}, ""baseline_cuisines"": [""italian""], ""newly_detected"": [], ""removed"": [""italian""], ""reason"": ""no_strong_embedding_matches_keep_baseline""}, ""content_evidence"": {""embedding_label"": ""food_spot"", ""embedding_similarity"": 0.417, ""second_label"": ""activity"", ""second_similarity"": 0.382, ""margin"": 0.035, ""baseline_label"": ""event"", ""baseline_confidence"": 0.85, ""override"": false, ""reason"": ""embedding_disagrees_but_baseline_acceptable""}}, ""metadata"": {""hashtags"": [""atlantafoodie"", ""atlblog"", ""atleats"", ""thingstodoinatlanta""], ""mentions"": [""atllovesmo"", ""fernbankmuseum"", ""lloydspizzaparty"", ""pickyourleisure"", ""stereoatl"", ""thefriskywhiskeratl"", ""underground_atlanta""], ""refined_from"": ""rules-food-events-v1""}, ""refinement"": {""meal_type_evidence"": {""embedding_label"": ""dinner"", ""embedding_similarity"": 0.311, ""baseline_label"": ""drinks"", ""baseline_confidence"": 0.85, ""override"": false, ""reason"": ""embedding_disagrees_but_baseline_sufficient""}, ""cuisine_evidence"": {""embedding_cuisines"": [], ""embedding_similarities"": {}, ""baseline_cuisines"": [""italian""], ""newly_detected"": [], ""removed"": [""italian""], ""reason"": ""no_strong_embedding_matches_keep_baseline""}, ""content_type_evidence"": {""embedding_label"": ""food_spot"", ""embedding_similarity"": 0.417, ""second_label"": ""activity"", ""second_similarity"": 0.382, ""margin"": 0.035, ""baseline_label"": ""event"", ""baseline_confidence"": 0.85, ""override"": false, ""reason"": ""embedding_disagrees_but_baseline_acceptable""}, ""needs_review"": true, ""category_adjustment_reason"": ""none""}}",drinks,drinks,event,event,italian,italian,True,none,https://www.instagram.com/p/C3xdCqHrjTp/,,,,TRUE,matched
3458641535271102884,https://www.instagram.com/p/C__kCbTPumk/,event,0.75,event,0.675,CONFIDENCE_UPDATED,-0.075,"{""meal_type"": ""drinks"", ""cuisines"": [], ""content_type"": ""event"", ""location"": {""name"": ""The Caverns"", ""slug"": ""the-caverns""}, ""signals"": {""meal_evidence"": {""drinks"": [""drink""]}, ""cuisine_evidence"": {}, ""content_evidence"": {""event"": [""concert"", ""live music""]}}, ""metadata"": {""hashtags"": [], ""mentions"": [""atllovesmo"", ""biggigantic"", ""thecavernstn""], ""likes"": 27723, ""comments"": 131, ""video_views"": 191656}}","{""meal_type"": ""drinks"", ""cuisines"": [], ""content_type"": ""event"", ""location"": {""name"": ""The Caverns"", ""slug"": null}, ""signals"": {""meal_evidence"": {""embedding_label"": ""snack"", ""embedding_similarity"": 0.116, ""baseline_label"": ""drinks"", ""baseline_confidence"": 0.75, ""override"": false, ""reason"": ""weak_embedding_match_keep_baseline""}, ""cuisine_evidence"": {""embedding_cuisines"": [], ""embedding_similarities"": {}, ""baseline_cuisines"": [], ""newly_detected"": [], ""removed"": [], ""reason"": ""no_strong_embedding_matches_keep_baseline""}, ""content_evidence"": {""embedding_label"": ""activity"", ""embedding_similarity"": 0.35, ""second_label"": ""food_spot"", ""second_similarity"": 0.337, ""margin"": 0.013, ""baseline_label"": ""event"", ""baseline_confidence"": 0.75, ""override"": false, ""reason"": ""weak_embedding_match_keep_baseline""}}, ""metadata"": {""hashtags"": [], ""mentions"": [""atllovesmo"", ""biggigantic"", ""thecavernstn""], ""refined_from"": ""rules-food-events-v1""}, ""refinement"": {""meal_type_evidence"": {""embedding_label"": ""snack"", ""embedding_similarity"": 0.116, ""baseline_label"": ""drinks"", ""baseline_confidence"": 0.75, ""override"": false, ""reason"": ""weak_embedding_match_keep_baseline""}, ""cuisine_evidence"": {""embedding_cuisines"": [], ""embedding_similarities"": {}, ""baseline_cuisines"": [], ""newly_detected"": [], ""removed"": [], ""reason"": ""no_strong_embedding_matches_keep_baseline""}, ""content_type_evidence"": {""embedding_label"": ""activity"", ""embedding_similarity"": 0.35, ""second_label"": ""food_spot"", ""second_similarity"": 0.337, ""margin"": 0.013, ""baseline_label"": ""event"", ""baseline_confidence"": 0.75, ""override"": false, ""reason"": ""weak_embedding_match_keep_baseline""}, ""needs_review"": true, ""category_adjustment_reason"": ""none""}}",drinks,drinks,event,event,,,True,none,https://www.instagram.com/p/C__kCbTPumk/,,,,TRUE,matched
3707211554234698032,https://www.instagram.com/p/DNyqURVYgkw/,unknown,0.7,unknown,0.63,CONFIDENCE_UPDATED,-0.07,"{""meal_type"": ""unknown"", ""cuisines"": [], ""content_type"": ""food_spot"", ""location"": {""name"": ""Atlanta, Georgia"", ""slug"": ""atlanta-georgia""}, ""signals"": {""meal_evidence"": {}, ""cuisine_evidence"": {}, ""content_evidence"": {""food_spot"": [""location_present""]}}, ""metadata"": {""hashtags"": [""atlblog"", ""atldaycation"", ""resportpasspartner""], ""mentions"": [""resortpass"", ""resortpass.""], ""likes"": 10559, ""comments"": 150, ""video_views"": 185976}}","{""meal_type"": ""unknown"", ""cuisines"": [], ""content_type"": ""food_spot"", ""location"": {""name"": ""Atlanta, Georgia"", ""slug"": null}, ""signals"": {""meal_evidence"": {""embedding_label"": ""snack"", ""embedding_similarity"": 0.132, ""baseline_label"": ""unknown"", ""baseline_confidence"": 0.7, ""override"": false, ""reason"": ""weak_embedding_match_keep_baseline""}, ""cuisine_evidence"": {""embedding_cuisines"": [], ""embedding_similarities"": {}, ""baseline_cuisines"": [], ""newly_detected"": [], ""removed"": [], ""reason"": ""no_strong_embedding_matches_keep_baseline""}, ""content_evidence"": {""embedding_label"": ""activity"", ""embedding_similarity"": 0.22, ""second_label"": ""food_spot"", ""second_similarity"": 0.134, ""margin"": 0.086, ""baseline_label"": ""food_spot"", ""baseline_confidence"": 0.7, ""override"": false, ""reason"": ""weak_embedding_match_keep_baseline""}}, ""metadata"": {""hashtags"": [""atlblog"", ""atldaycation"", ""resportpasspartner""], ""mentions"": [""resortpass"", ""resortpass.""], ""refined_from"": ""rules-food-events-v1""}, ""refinement"": {""meal_type_evidence"": {""embedding_label"": ""snack"", ""embedding_similarity"": 0.132, ""baseline_label"": ""unknown"", ""baseline_confidence"": 0.7, ""override"": false, ""reason"": ""weak_embedding_match_keep_baseline""}, ""cuisine_evidence"": {""embedding_cuisines"": [], ""embedding_similarities"": {}, ""baseline_cuisines"": [], ""newly_detected"": [], ""removed"": [], ""reason"": ""no_strong_embedding_matches_keep_baseline""}, ""content_type_evidence"": {""embedding_label"": ""activity"", ""embedding_similarity"": 0.22, ""second_label"": ""food_spot"", ""second_similarity"": 0.134, ""margin"": 0.086, ""baseline_label"": ""food_spot"", ""baseline_confidence"": 0.7, ""override"": false, ""reason"": ""weak_embedding_match_keep_baseline""}, ""needs_review"": true, ""category_adjustment_reason"": ""none""}}",unknown,unknown,food_spot,food_spot,,,True,none,https://www.instagram.com/p/DNyqURVYgkw/,,,,TRUE,matched
3485911987744218038,https://www.instagram.com/p/DBgcnvTxRu2/,dessert,0.85,dessert,0.744,CONFIDENCE_UPDATED,-0.106,"{""meal_type"": ""dessert"", ""cuisines"": [], ""content_type"": ""food_spot"", ""location"": {""name"": ""Atlanta, Georgia"", ""slug"": ""atlanta-georgia""}, ""signals"": {""meal_evidence"": {""dessert"": [""dessert"", ""cake"", ""cookie""]}, ""cuisine_evidence"": {}, ""content_evidence"": {""food_spot"": [""location_present""]}}, ""metadata"": {""hashtags"": [""birthdayswithedible"", ""ediblepartner""], ""mentions"": [""ediblearrangements""], ""likes"": 1685, ""comments"": 131, ""video_views"": 182856}}","{""meal_type"": ""dessert"", ""cuisines"": [], ""content_type"": ""food_spot"", ""location"": {""name"": ""Atlanta, Georgia"", ""slug"": null}, ""signals"": {""meal_evidence"": {""embedding_label"": ""snack"", ""embedding_similarity"": 0.422, ""baseline_label"": ""dessert"", ""baseline_confidence"": 0.85, ""override"": false, ""reason"": ""embedding_disagrees_but_baseline_sufficient""}, ""cuisine_evidence"": {""embedding_cuisines"": [], ""embedding_similarities"": {}, ""baseline_cuisines"": [], ""newly_detected"": [], ""removed"": [], ""reason"": ""no_strong_embedding_matches_keep_baseline""}, ""content_evidence"": {""embedding_label"": ""food_spot"", ""embedding_similarity"": 0.299, ""second_label"": ""event"", ""second_similarity"": 0.222, ""margin"": 0.077, ""baseline_label"": ""food_spot"", ""baseline_confidence"": 0.85, ""override"": false, ""reason"": ""weak_embedding_match_keep_baseline""}}, ""metadata"": {""hashtags"": [""birthdayswithedible"", ""ediblepartner""], ""mentions"": [""ediblearrangements""], ""refined_from"": ""rules-food-events-v1""}, ""refinement"": {""meal_type_evidence"": {""embedding_label"": ""snack"", ""embedding_similarity"": 0.422, ""baseline_label"": ""dessert"", ""baseline_confidence"": 0.85, ""override"": false, ""reason"": ""embedding_disagrees_but_baseline_sufficient""}, ""cuisine_evidence"": {""embedding_cuisines"": [], ""embedding_similarities"": {}, ""baseline_cuisines"": [], ""newly_detected"": [], ""removed"": [], ""reason"": ""no_strong_embedding_matches_keep_baseline""}, ""content_type_evidence"": {""embedding_label"": ""food_spot"", ""embedding_similarity"": 0.299, ""second_label"": ""event"", ""second_similarity"": 0.222, ""margin"": 0.077, ""baseline_label"": ""food_spot"", ""baseline_confidence"": 0.85, ""override"": false, ""reason"": ""weak_embedding_match_keep_baseline""}, ""needs_review"": false, ""category_adjustment_reason"": ""none""}}",dessert,dessert,food_spot,food_spot,,,False,none,https://www.instagram.com/p/DBgcnvTxRu2/,,,,TRUE,matched
3390246066565119106,https://www.instagram.com/p/C8MktXSx3yC/,event,0.85,event,0.744,CONFIDENCE_UPDATED,-0.106,"{""meal_type"": ""drinks"", ""cuisines"": [], ""content_type"": ""event"", ""location"": {""name"": ""Atlanta, Georgia"", ""slug"": ""atlanta-georgia""}, ""signals"": {""meal_evidence"": {""drinks"": [""cocktail"", ""drink"", ""drinks""]}, ""cuisine_evidence"": {}, ""content_evidence"": {""event"": [""event"", ""market""]}}, ""metadata"": {""hashtags"": [""atlantafood"", ""atleats"", ""atlfoodie"", ""atlmarket""], ""mentions"": [""atllovesmo"", ""blameitonthealcohall"", ""chefsmarketatl"", ""prattpullmandistrict""], ""likes"": 32308, ""comments"": 203, ""video_views"": 177669}}","{""meal_type"": ""drinks"", ""cuisines"": [""american""], ""content_type"": ""event"", ""location"": {""name"": ""Atlanta, Georgia"", ""slug"": null}, ""signals"": {""meal_evidence"": {""embedding_label"": ""snack"", ""embedding_similarity"": 0.363, ""baseline_label"": ""drinks"", ""baseline_confidence"": 0.85, ""override"": false, ""reason"": ""embedding_disagrees_but_baseline_sufficient""}, ""cuisine_evidence"": {""embedding_cuisines"": [""american""], ""embedding_similarities"": {""american"": 0.403}, ""baseline_cuisines"": [], ""newly_detected"": [""american""], ""removed"": [], ""reason"": ""embedding_refined_cuisine_list""}, ""content_evidence"": {""embedding_label"": ""food_spot"", ""embedding_similarity"": 0.461, ""second_label"": ""event"", ""second_similarity"": 0.35, ""margin"": 0.111, ""baseline_label"": ""event"", ""baseline_confidence"": 0.85, ""override"": false, ""reason"": ""embedding_disagrees_but_baseline_acceptable""}}, ""metadata"": {""hashtags"": [""atlantafood"", ""atleats"", ""atlfoodie"", ""atlmarket""], ""mentions"": [""atllovesmo"", ""blameitonthealcohall"", ""chefsmarketatl"", ""prattpullmandistrict""], ""refined_from"": ""rules-food-events-v1""}, ""refinement"": {""meal_type_evidence"": {""embedding_label"": ""snack"", ""embedding_similarity"": 0.363, ""baseline_label"": ""drinks"", ""baseline_confidence"": 0.85, ""override"": false, ""reason"": ""embedding_disagrees_but_baseline_sufficient""}, ""cuisine_evidence"": {""embedding_cuisines"": [""american""], ""embedding_similarities"": {""american"": 0.403}, ""baseline_cuisines"": [], ""newly_detected"": [""american""], ""removed"": [], ""reason"": ""embedding_refined_cuisine_list""}, ""content_type_evidence"": {""embedding_label"": ""food_spot"", ""embedding_similarity"": 0.461, ""second_label"": ""event"", ""second_similarity"": 0.35, ""margin"": 0.111, ""baseline_label"": ""event"", ""baseline_confidence"": 0.85, ""override"": false, ""reason"": ""embedding_disagrees_but_baseline_acceptable""}, ""needs_review"": false, ""category_adjustment_reason"": ""none""}}",drinks,drinks,event,event,,american,False,none,https://www.instagram.com/p/C8MktXSx3yC/,,,,TRUE,matched
3348194738651834132,https://www.instagram.com/p/C53LWAULKcU/,drinks,0.75,drinks,0.675,CONFIDENCE_UPDATED,-0.075,"{""meal_type"": ""drinks"", ""cuisines"": [], ""content_type"": ""activity"", ""location"": {""name"": null, ""slug"": null}, ""signals"": {""meal_evidence"": {""dinner"": [""dinner""], ""drinks"": [""cocktail"", ""cocktails""]}, ""cuisine_evidence"": {}, ""content_evidence"": {""activity"": [""walk""]}}, ""metadata"": {""hashtags"": [""atlantafoodie"", ""atldatenight"", ""atleats"", ""atlrooftop""], ""mentions"": [""atllovesmo"", ""buckheadvillagedistrict"", ""tesseraeatl"", ""thompsonbuckhead"", ""yeppacoatl""], ""likes"": 22789, ""comments"": 139, ""video_views"": 170869}}","{""meal_type"": ""drinks"", ""cuisines"": [], ""content_type"": ""food_spot"", ""location"": {""name"": null, ""slug"": null}, ""signals"": {""meal_evidence"": {""embedding_label"": ""dinner"", ""embedding_similarity"": 0.245, ""baseline_label"": ""drinks"", ""baseline_confidence"": 0.75, ""override"": false, ""reason"": ""weak_embedding_match_keep_baseline""}, ""cuisine_evidence"": {""embedding_cuisines"": [], ""embedding_similarities"": {}, ""baseline_cuisines"": [], ""newly_detected"": [], ""removed"": [], ""reason"": ""no_strong_embedding_matches_keep_baseline""}, ""content_evidence"": {""embedding_label"": ""food_spot"", ""embedding_similarity"": 0.354, ""second_label"": ""activity"", ""second_similarity"": 0.232, ""margin"": 0.122, ""baseline_label"": ""activity"", ""baseline_confidence"": 0.75, ""override"": false, ""reason"": ""weak_embedding_match_keep_baseline""}}, ""metadata"": {""hashtags"": [""atlantafoodie"", ""atldatenight"", ""atleats"", ""atlrooftop""], ""mentions"": [""atllovesmo"", ""buckheadvillagedistrict"", ""tesseraeatl"", ""thompsonbuckhead"", ""yeppacoatl""], ""refined_from"": ""rules-food-events-v1""}, ""refinement"": {""meal_type_evidence"": {""embedding_label"": ""dinner"", ""embedding_similarity"": 0.245, ""baseline_label"": ""drinks"", ""baseline_confidence"": 0.75, ""override"": false, ""reason"": ""weak_embedding_match_keep_baseline""}, ""cuisine_evidence"": {""embedding_cuisines"": [], ""embedding_similarities"": {}, ""baseline_cuisines"": [], ""newly_detected"": [], ""removed"": [], ""reason"": ""no_strong_embedding_matches_keep_baseline""}, ""content_type_evidence"": {""embedding_label"": ""food_spot"", ""embedding_similarity"": 0.354, ""second_label"": ""activity"", ""second_similarity"": 0.232, ""margin"": 0.122, ""baseline_label"": ""activity"", ""baseline_confidence"": 0.75, ""override"": false, ""reason"": ""weak_embedding_match_keep_baseline""}, ""needs_review"": true, ""category_adjustment_reason"": ""activity_to_food_spot_due_food_signals""}}",drinks,drinks,activity,food_spot,,,True,activity_to_food_spot_due_food_signals,https://www.instagram.com/p/C53LWAULKcU/,,,,TRUE,matched
3160469224732468723,https://www.instagram.com/p/CvcPgPXu6Xz/,event,0.7,event,0.63,CONFIDENCE_UPDATED,-0.07,"{""meal_type"": ""dinner"", ""cuisines"": [], ""content_type"": ""event"", ""location"": {""name"": ""Museum of Illusions - Atlanta"", ""slug"": ""museum-of-illusions-atlanta""}, ""signals"": {""meal_evidence"": {""dinner"": [""date night""], ""drinks"": [""drink""]}, ""cuisine_evidence"": {}, ""content_evidence"": {""event"": [""ticket""]}}, ""metadata"": {""hashtags"": [""atlantafoodie"", ""atldateideas"", ""atldatenight"", ""hosted"", ""moiatlanta"", ""museumofillusions"", ""thingstodoinatlanta""], ""mentions"": [""amerisbankamphitheatre"", ""atlanticstation"", ""atlanticstation."", ""atllovesmo"", ""cadencebankamp"", ""lakewoodamp"", ""livenationatl"", ""museumofillusions_atlanta"", ""paintedduckatl"", ""paintedpickleatl"", ""thepaintedpinatl"", ""tickpick""], ""likes"": 27575, ""comments"": 90, ""video_views"": 169369}}","{""meal_type"": ""dinner"", ""cuisines"": [], ""content_type"": ""event"", ""location"": {""name"": ""Museum of Illusions - Atlanta"", ""slug"": null}, ""signals"": {""meal_evidence"": {""embedding_label"": ""dinner"", ""embedding_similarity"": 0.24, ""baseline_label"": ""dinner"", ""baseline_confidence"": 0.7, ""override"": false, ""reason"": ""weak_embedding_match_keep_baseline""}, ""cuisine_evidence"": {""embedding_cuisines"": [], ""embedding_similarities"": {}, ""baseline_cuisines"": [], ""newly_detected"": [], ""removed"": [], ""reason"": ""no_strong_embedding_matches_keep_baseline""}, ""content_evidence"": {""embedding_label"": ""activity"", ""embedding_similarity"": 0.398, ""second_label"": ""food_spot"", ""second_similarity"": 0.302, ""margin"": 0.096, ""baseline_label"": ""event"", ""baseline_confidence"": 0.7, ""override"": false, ""reason"": ""weak_embedding_match_keep_baseline""}}, ""metadata"": {""hashtags"": [""atlantafoodie"", ""atldateideas"", ""atldatenight"", ""hosted"", ""moiatlanta"", ""museumofillusions"", ""thingstodoinatlanta""], ""mentions"": [""amerisbankamphitheatre"", ""atlanticstation"", ""atlanticstation."", ""atllovesmo"", ""cadencebankamp"", ""lakewoodamp"", ""livenationatl"", ""museumofillusions_atlanta"", ""paintedduckatl"", ""paintedpickleatl"", ""thepaintedpinatl"", ""tickpick""], ""refined_from"": ""rules-food-events-v1""}, ""refinement"": {""meal_type_evidence"": {""embedding_label"": ""dinner"", ""embedding_similarity"": 0.24, ""baseline_label"": ""dinner"", ""baseline_confidence"": 0.7, ""override"": false, ""reason"": ""weak_embedding_match_keep_baseline""}, ""cuisine_evidence"": {""embedding_cuisines"": [], ""embedding_similarities"": {}, ""baseline_cuisines"": [], ""newly_detected"": [], ""removed"": [], ""reason"": ""no_strong_embedding_matches_keep_baseline""}, ""content_type_evidence"": {""embedding_label"": ""activity"", ""embedding_similarity"": 0.398, ""second_label"": ""food_spot"", ""second_similarity"": 0.302, ""margin"": 0.096, ""baseline_label"": ""event"", ""baseline_confidence"": 0.7, ""override"": false, ""reason"": ""weak_embedding_match_keep_baseline""}, ""needs_review"": true, ""category_adjustment_reason"": ""none""}}",dinner,dinner,event,event,,,True,none,https://www.instagram.com/p/CvcPgPXu6Xz/,,,,TRUE,matched
3133685587106958329,https://www.instagram.com/p/Ct9FnBBRYv5/,drinks,0.95,drinks,0.887,CONFIDENCE_UPDATED,-0.063,"{""meal_type"": ""drinks"", ""cuisines"": [], ""content_type"": ""food_spot"", ""location"": {""name"": ""Georgia Beer Garden"", ""slug"": ""georgia-beer-garden""}, ""signals"": {""meal_evidence"": {""drinks"": [""beer"", ""bar"", ""drink"", ""drinks""]}, ""cuisine_evidence"": {}, ""content_evidence"": {""food_spot"": [""location_present""]}}, ""metadata"": {""hashtags"": [""atlantabars"", ""atlantafoodie"", ""atlbar"", ""atlspeakeasy""], ""mentions"": [""atllovesmo"", ""gabeergarden"", ""mambozombi""], ""likes"": 18764, ""comments"": 144, ""video_views"": 168107}}","{""meal_type"": ""drinks"", ""cuisines"": [], ""content_type"": ""food_spot"", ""location"": {""name"": ""Georgia Beer Garden"", ""slug"": null}, ""signals"": {""meal_evidence"": {""embedding_label"": ""drinks"", ""embedding_similarity"": 0.315, ""baseline_label"": ""drinks"", ""baseline_confidence"": 0.95, ""override"": false, ""reason"": ""embedding_agrees_boost_baseline""}, ""cuisine_evidence"": {""embedding_cuisines"": [], ""embedding_similarities"": {}, ""baseline_cuisines"": [], ""newly_detected"": [], ""removed"": [], ""reason"": ""no_strong_embedding_matches_keep_baseline""}, ""content_evidence"": {""embedding_label"": ""food_spot"", ""embedding_similarity"": 0.284, ""second_label"": ""event"", ""second_similarity"": 0.248, ""margin"": 0.036, ""baseline_label"": ""food_spot"", ""baseline_confidence"": 0.95, ""override"": false, ""reason"": ""weak_embedding_match_keep_baseline""}}, ""metadata"": {""hashtags"": [""atlantabars"", ""atlantafoodie"", ""atlbar"", ""atlspeakeasy""], ""mentions"": [""atllovesmo"", ""gabeergarden"", ""mambozombi""], ""refined_from"": ""rules-food-events-v1""}, ""refinement"": {""meal_type_evidence"": {""embedding_label"": ""drinks"", ""embedding_similarity"": 0.315, ""baseline_label"": ""drinks"", ""baseline_confidence"": 0.95, ""override"": false, ""reason"": ""embedding_agrees_boost_baseline""}, ""cuisine_evidence"": {""embedding_cuisines"": [], ""embedding_similarities"": {}, ""baseline_cuisines"": [], ""newly_detected"": [], ""removed"": [], ""reason"": ""no_strong_embedding_matches_keep_baseline""}, ""content_type_evidence"": {""embedding_label"": ""food_spot"", ""embedding_similarity"": 0.284, ""second_label"": ""event"", ""second_similarity"": 0.248, ""margin"": 0.036, ""baseline_label"": ""food_spot"", ""baseline_confidence"": 0.95, ""override"": false, ""reason"": ""weak_embedding_match_keep_baseline""}, ""needs_review"": false, ""category_adjustment_reason"": ""none""}}",drinks,drinks,food_spot,food_spot,,,False,none,https://www.instagram.com/p/Ct9FnBBRYv5/,,,,TRUE,matched
3469969775537407719,https://www.instagram.com/p/DAnzyBMP8bn/,drinks,0.95,drinks,0.888,CONFIDENCE_UPDATED,-0.062,"{""meal_type"": ""drinks"", ""cuisines"": [""mexican""], ""content_type"": ""food_spot"", ""location"": {""name"": ""Atlanta, Georgia"", ""slug"": ""atlanta-georgia""}, ""signals"": {""meal_evidence"": {""dinner"": [""date night""], ""drinks"": [""cocktail"", ""cocktails"", ""bar"", ""tequila"", ""shot"", ""shots""]}, ""cuisine_evidence"": {""mexican"": [""taco"", ""birria""]}, ""content_evidence"": {""food_spot"": [""location_present""]}}, ""metadata"": {""hashtags"": [""atlblog"", ""atldatenight"", ""atleats"", ""atlfoodie"", ""rrealtacos""], ""mentions"": [""rrealtacos""], ""likes"": 24869, ""comments"": 182, ""video_views"": 165144}}","{""meal_type"": ""drinks"", ""cuisines"": [""mexican""], ""content_type"": ""food_spot"", ""location"": {""name"": ""Atlanta, Georgia"", ""slug"": null}, ""signals"": {""meal_evidence"": {""embedding_label"": ""drinks"", ""embedding_similarity"": 0.369, ""baseline_label"": ""drinks"", ""baseline_confidence"": 0.95, ""override"": false, ""reason"": ""embedding_agrees_boost_baseline""}, ""cuisine_evidence"": {""embedding_cuisines"": [], ""embedding_similarities"": {}, ""baseline_cuisines"": [""mexican""], ""newly_detected"": [], ""removed"": [""mexican""], ""reason"": ""no_strong_embedding_matches_keep_baseline""}, ""content_evidence"": {""embedding_label"": ""food_spot"", ""embedding_similarity"": 0.291, ""second_label"": ""activity"", ""second_similarity"": 0.248, ""margin"": 0.043, ""baseline_label"": ""food_spot"", ""baseline_confidence"": 0.95, ""override"": false, ""reason"": ""weak_embedding_match_keep_baseline""}}, ""metadata"": {""hashtags"": [""atlblog"", ""atldatenight"", ""atleats"", ""atlfoodie"", ""rrealtacos""], ""mentions"": [""rrealtacos""], ""refined_from"": ""rules-food-events-v1""}, ""refinement"": {""meal_type_evidence"": {""embedding_label"": ""drinks"", ""embedding_similarity"": 0.369, ""baseline_label"": ""drinks"", ""baseline_confidence"": 0.95, ""override"": false, ""reason"": ""embedding_agrees_boost_baseline""}, ""cuisine_evidence"": {""embedding_cuisines"": [], ""embedding_similarities"": {}, ""baseline_cuisines"": [""mexican""], ""newly_detected"": [], ""removed"": [""mexican""], ""reason"": ""no_strong_embedding_matches_keep_baseline""}, ""content_type_evidence"": {""embedding_label"": ""food_spot"", ""embedding_similarity"": 0.291, ""second_label"": ""activity"", ""second_similarity"": 0.248, ""margin"": 0.043, ""baseline_label"": ""food_spot"", ""baseline_confidence"": 0.95, ""override"": false, ""reason"": ""weak_embedding_match_keep_baseline""}, ""needs_review"": false, ""category_adjustment_reason"": ""none""}}",drinks,drinks,food_spot,food_spot,mexican,mexican,False,none,https://www.instagram.com/p/DAnzyBMP8bn/,,,,TRUE,matched
3269980823997859116,https://www.instagram.com/p/C1hTjv8u0Us/,drinks,0.95,drinks,0.866,CONFIDENCE_UPDATED,-0.084,"{""meal_type"": ""drinks"", ""cuisines"": [""seafood""], ""content_type"": ""food_spot"", ""location"": {""name"": ""Atlanta, Georgia"", ""slug"": ""atlanta-georgia""}, ""signals"": {""meal_evidence"": {""dinner"": [""dinner"", ""date night""], ""drinks"": [""cocktail"", ""cocktails"", ""bar"", ""margarita"", ""tequila"", ""gin""]}, ""cuisine_evidence"": {""seafood"": [""lobster""]}, ""content_evidence"": {""food_spot"": [""location_present""]}}, ""metadata"": {""hashtags"": [""atlantafoodie"", ""atldatenight"", ""atleats""], ""mentions"": [""atllovesmo"", ""chicheriamx"", ""cookingwithashkan"", ""theworksatl"", ""verdureatlanta"", ""yalda.atl""], ""likes"": 23482, ""comments"": 109, ""video_views"": 162283}}","{""meal_type"": ""drinks"", ""cuisines"": [""mexican""], ""content_type"": ""food_spot"", ""location"": {""name"": ""Atlanta, Georgia"", ""slug"": null}, ""signals"": {""meal_evidence"": {""embedding_label"": ""dinner"", ""embedding_similarity"": 0.523, ""baseline_label"": ""drinks"", ""baseline_confidence"": 0.95, ""override"": false, ""reason"": ""embedding_disagrees_but_baseline_sufficient""}, ""cuisine_evidence"": {""embedding_cuisines"": [""mexican""], ""embedding_similarities"": {""mexican"": 0.42}, ""baseline_cuisines"": [""seafood""], ""newly_detected"": [""mexican""], ""removed"": [""seafood""], ""reason"": ""embedding_refined_cuisine_list""}, ""content_evidence"": {""embedding_label"": ""food_spot"", ""embedding_similarity"": 0.455, ""second_label"": ""mixed"", ""second_similarity"": 0.315, ""margin"": 0.139, ""baseline_label"": ""food_spot"", ""baseline_confidence"": 0.95, ""override"": false, ""reason"": ""embedding_agrees_boost_baseline""}}, ""metadata"": {""hashtags"": [""atlantafoodie"", ""atldatenight"", ""atleats""], ""mentions"": [""atllovesmo"", ""chicheriamx"", ""cookingwithashkan"", ""theworksatl"", ""verdureatlanta"", ""yalda.atl""], ""refined_from"": ""rules-food-events-v1""}, ""refinement"": {""meal_type_evidence"": {""embedding_label"": ""dinner"", ""embedding_similarity"": 0.523, ""baseline_label"": ""drinks"", ""baseline_confidence"": 0.95, ""override"": false, ""reason"": ""embedding_disagrees_but_baseline_sufficient""}, ""cuisine_evidence"": {""embedding_cuisines"": [""mexican""], ""embedding_similarities"": {""mexican"": 0.42}, ""baseline_cuisines"": [""seafood""], ""newly_detected"": [""mexican""], ""removed"": [""seafood""], ""reason"": ""embedding_refined_cuisine_list""}, ""content_type_evidence"": {""embedding_label"": ""food_spot"", ""embedding_similarity"": 0.455, ""second_label"": ""mixed"", ""second_similarity"": 0.315, ""margin"": 0.139, ""baseline_label"": ""food_spot"", ""baseline_confidence"": 0.95, ""override"": false, ""reason"": ""embedding_agrees_boost_baseline""}, ""needs_review"": false, ""category_adjustment_reason"": ""none""}}",drinks,drinks,food_spot,food_spot,seafood,mexican,False,none,https://www.instagram.com/p/C1hTjv8u0Us/,,,,TRUE,matched
3340252016733353523,https://www.instagram.com/p/C5a9YMFrHYz/,drinks,0.85,drinks,0.744,CONFIDENCE_UPDATED,-0.106,"{""meal_type"": ""drinks"", ""cuisines"": [""italian"", ""seafood""], ""content_type"": ""activity"", ""location"": {""name"": null, ""slug"": null}, ""signals"": {""meal_evidence"": {""dinner"": [""dinner"", ""date night""], ""drinks"": [""cocktail"", ""cocktails"", ""gin""]}, ""cuisine_evidence"": {""italian"": [""pasta""], ""seafood"": [""lobster""]}, ""content_evidence"": {""activity"": [""show"", ""park""]}}, ""metadata"": {""hashtags"": [""atlantafoodie"", ""atldatenight"", ""atleats"", ""atlfoodie""], ""mentions"": [""flashsquaddancers."", ""tulumatl""], ""likes"": 21819, ""comments"": 174, ""video_views"": 160220}}","{""meal_type"": ""drinks"", ""cuisines"": [""american""], ""content_type"": ""food_spot"", ""location"": {""name"": null, ""slug"": null}, ""signals"": {""meal_evidence"": {""embedding_label"": ""dinner"", ""embedding_similarity"": 0.421, ""baseline_label"": ""drinks"", ""baseline_confidence"": 0.85, ""override"": false, ""reason"": ""embedding_disagrees_but_baseline_sufficient""}, ""cuisine_evidence"": {""embedding_cuisines"": [""american""], ""embedding_similarities"": {""american"": 0.408}, ""baseline_cuisines"": [""italian"", ""seafood""], ""newly_detected"": [""american""], ""removed"": [""italian"", ""seafood""], ""reason"": ""embedding_refined_cuisine_list""}, ""content_evidence"": {""embedding_label"": ""food_spot"", ""embedding_similarity"": 0.374, ""second_label"": ""mixed"", ""second_similarity"": 0.284, ""margin"": 0.09, ""baseline_label"": ""activity"", ""baseline_confidence"": 0.85, ""override"": false, ""reason"": ""weak_embedding_match_keep_baseline""}}, ""metadata"": {""hashtags"": [""atlantafoodie"", ""atldatenight"", ""atleats"", ""atlfoodie""], ""mentions"": [""flashsquaddancers."", ""tulumatl""], ""refined_from"": ""rules-food-events-v1""}, ""refinement"": {""meal_type_evidence"": {""embedding_label"": ""dinner"", ""embedding_similarity"": 0.421, ""baseline_label"": ""drinks"", ""baseline_confidence"": 0.85, ""override"": false, ""reason"": ""embedding_disagrees_but_baseline_sufficient""}, ""cuisine_evidence"": {""embedding_cuisines"": [""american""], ""embedding_similarities"": {""american"": 0.408}, ""baseline_cuisines"": [""italian"", ""seafood""], ""newly_detected"": [""american""], ""removed"": [""italian"", ""seafood""], ""reason"": ""embedding_refined_cuisine_list""}, ""content_type_evidence"": {""embedding_label"": ""food_spot"", ""embedding_similarity"": 0.374, ""second_label"": ""mixed"", ""second_similarity"": 0.284, ""margin"": 0.09, ""baseline_label"": ""activity"", ""baseline_confidence"": 0.85, ""override"": false, ""reason"": ""weak_embedding_match_keep_baseline""}, ""needs_review"": true, ""category_adjustment_reason"": ""activity_to_food_spot_due_food_signals""}}",drinks,drinks,activity,food_spot,italian|seafood,american,True,activity_to_food_spot_due_food_signals,https://www.instagram.com/p/C5a9YMFrHYz/,,,,TRUE,matched
3550788921421956926,https://www.instagram.com/p/DFG77YNv4c-/,drinks,0.7,drinks,0.63,CONFIDENCE_UPDATED,-0.07,"{""meal_type"": ""drinks"", ""cuisines"": [], ""content_type"": ""food_spot"", ""location"": {""name"": ""Atlanta, Georgia"", ""slug"": ""atlanta-georgia""}, ""signals"": {""meal_evidence"": {""drinks"": [""bar""]}, ""cuisine_evidence"": {}, ""content_evidence"": {""food_spot"": [""location_present""]}}, ""metadata"": {""hashtags"": [""atlblog"", ""atleats"", ""thingstodoinatlanta""], ""mentions"": [""atllovesmo"", ""mjqofficial"", ""underground_atlanta.""], ""likes"": 25173, ""comments"": 356, ""video_views"": 159154}}","{""meal_type"": ""drinks"", ""cuisines"": [""mexican""], ""content_type"": ""food_spot"", ""location"": {""name"": ""Atlanta, Georgia"", ""slug"": null}, ""signals"": {""meal_evidence"": {""embedding_label"": ""dinner"", ""embedding_similarity"": 0.237, ""baseline_label"": ""drinks"", ""baseline_confidence"": 0.7, ""override"": false, ""reason"": ""weak_embedding_match_keep_baseline""}, ""cuisine_evidence"": {""embedding_cuisines"": [""mexican""], ""embedding_similarities"": {""mexican"": 0.402}, ""baseline_cuisines"": [], ""newly_detected"": [""mexican""], ""removed"": [], ""reason"": ""embedding_refined_cuisine_list""}, ""content_evidence"": {""embedding_label"": ""food_spot"", ""embedding_similarity"": 0.28, ""second_label"": ""activity"", ""second_similarity"": 0.274, ""margin"": 0.006, ""baseline_label"": ""food_spot"", ""baseline_confidence"": 0.7, ""override"": false, ""reason"": ""weak_embedding_match_keep_baseline""}}, ""metadata"": {""hashtags"": [""atlblog"", ""atleats"", ""thingstodoinatlanta""], ""mentions"": [""atllovesmo"", ""mjqofficial"", ""underground_atlanta.""], ""refined_from"": ""rules-food-events-v1""}, ""refinement"": {""meal_type_evidence"": {""embedding_label"": ""dinner"", ""embedding_similarity"": 0.237, ""baseline_label"": ""drinks"", ""baseline_confidence"": 0.7, ""override"": false, ""reason"": ""weak_embedding_match_keep_baseline""}, ""cuisine_evidence"": {""embedding_cuisines"": [""mexican""], ""embedding_similarities"": {""mexican"": 0.402}, ""baseline_cuisines"": [], ""newly_detected"": [""mexican""], ""removed"": [], ""reason"": ""embedding_refined_cuisine_list""}, ""content_type_evidence"": {""embedding_label"": ""food_spot"", ""embedding_similarity"": 0.28, ""second_label"": ""activity"", ""second_similarity"": 0.274, ""margin"": 0.006, ""baseline_label"": ""food_spot"", ""baseline_confidence"": 0.7, ""override"": false, ""reason"": ""weak_embedding_match_keep_baseline""}, ""needs_review"": false, ""category_adjustment_reason"": ""none""}}",drinks,drinks,food_spot,food_spot,,mexican,False,none,https://www.instagram.com/p/DFG77YNv4c-/,,,,TRUE,matched
3249653604733787641,https://www.instagram.com/p/C0ZFrxxOZ35/,event,0.95,event,0.889,CONFIDENCE_UPDATED,-0.061,"{""meal_type"": ""drinks"", ""cuisines"": [""italian""], ""content_type"": ""event"", ""location"": {""name"": ""Underground Atlanta"", ""slug"": ""underground-atlanta""}, ""signals"": {""meal_evidence"": {""dinner"": [""date night""], ""drinks"": [""bar"", ""drink"", ""drinks"", ""shot""]}, ""cuisine_evidence"": {""italian"": [""pizza""]}, ""content_evidence"": {""event"": [""popup"", ""ticket""]}}, ""metadata"": {""hashtags"": [""atlantachristmas"", ""atlbars"", ""atlchristmas"", ""atlfoodie"", ""atlpopup""], ""mentions"": [""atllovesmo"", ""bigxpopup"", ""dolospizza.co"", ""future_atlanta"", ""masquerade_atl"", ""thefriskywhiskeratl"", ""thepigalle"", ""underground_atlanta"", ""underground_atlanta."", ""urlocal_ronster""], ""likes"": 19143, ""comments"": 178, ""video_views"": 157232}}","{""meal_type"": ""drinks"", ""cuisines"": [""italian""], ""content_type"": ""event"", ""location"": {""name"": ""Underground Atlanta"", ""slug"": null}, ""signals"": {""meal_evidence"": {""embedding_label"": ""drinks"", ""embedding_similarity"": 0.395, ""baseline_label"": ""drinks"", ""baseline_confidence"": 0.95, ""override"": false, ""reason"": ""embedding_agrees_boost_baseline""}, ""cuisine_evidence"": {""embedding_cuisines"": [], ""embedding_similarities"": {}, ""baseline_cuisines"": [""italian""], ""newly_detected"": [], ""removed"": [""italian""], ""reason"": ""no_strong_embedding_matches_keep_baseline""}, ""content_evidence"": {""embedding_label"": ""event"", ""embedding_similarity"": 0.372, ""second_label"": ""activity"", ""second_similarity"": 0.347, ""margin"": 0.025, ""baseline_label"": ""event"", ""baseline_confidence"": 0.95, ""override"": false, ""reason"": ""weak_embedding_match_keep_baseline""}}, ""metadata"": {""hashtags"": [""atlantachristmas"", ""atlbars"", ""atlchristmas"", ""atlfoodie"", ""atlpopup""], ""mentions"": [""atllovesmo"", ""bigxpopup"", ""dolospizza.co"", ""future_atlanta"", ""masquerade_atl"", ""thefriskywhiskeratl"", ""thepigalle"", ""underground_atlanta"", ""underground_atlanta."", ""urlocal_ronster""], ""refined_from"": ""rules-food-events-v1""}, ""refinement"": {""meal_type_evidence"": {""embedding_label"": ""drinks"", ""embedding_similarity"": 0.395, ""baseline_label"": ""drinks"", ""baseline_confidence"": 0.95, ""override"": false, ""reason"": ""embedding_agrees_boost_baseline""}, ""cuisine_evidence"": {""embedding_cuisines"": [], ""embedding_similarities"": {}, ""baseline_cuisines"": [""italian""], ""newly_detected"": [], ""removed"": [""italian""], ""reason"": ""no_strong_embedding_matches_keep_baseline""}, ""content_type_evidence"": {""embedding_label"": ""event"", ""embedding_similarity"": 0.372, ""second_label"": ""activity"", ""second_similarity"": 0.347, ""margin"": 0.025, ""baseline_label"": ""event"", ""baseline_confidence"": 0.95, ""override"": false, ""reason"": ""weak_embedding_match_keep_baseline""}, ""needs_review"": false, ""category_adjustment_reason"": ""none""}}",drinks,drinks,event,event,italian,italian,False,none,https://www.instagram.com/p/C0ZFrxxOZ35/,,,,TRUE,matched
3132275621619144153,https://www.instagram.com/p/Ct4FBUVOZXZ/,event,0.75,event,0.675,CONFIDENCE_UPDATED,-0.075,"{""meal_type"": ""drinks"", ""cuisines"": [], ""content_type"": ""event"", ""location"": {""name"": ""West End"", ""slug"": ""west-end""}, ""signals"": {""meal_evidence"": {""drinks"": [""bar"", ""drink""]}, ""cuisine_evidence"": {}, ""content_evidence"": {""event"": [""event""]}}, ""metadata"": {""hashtags"": [""atlanta"", ""atlantafoodie"", ""atldrink"", ""atlfood"", ""atlfoodie"", ""atlwestend""], ""mentions"": [""aswdistillery"", ""atllovesmo"", ""leandrafthouse"", ""mondaynightgarage""], ""likes"": 11099, ""comments"": 127, ""video_views"": 150967}}","{""meal_type"": ""drinks"", ""cuisines"": [], ""content_type"": ""event"", ""location"": {""name"": ""West End"", ""slug"": null}, ""signals"": {""meal_evidence"": {""embedding_label"": ""dinner"", ""embedding_similarity"": 0.254, ""baseline_label"": ""drinks"", ""baseline_confidence"": 0.75, ""override"": false, ""reason"": ""weak_embedding_match_keep_baseline""}, ""cuisine_evidence"": {""embedding_cuisines"": [], ""embedding_similarities"": {}, ""baseline_cuisines"": [], ""newly_detected"": [], ""removed"": [], ""reason"": ""no_strong_embedding_matches_keep_baseline""}, ""content_evidence"": {""embedding_label"": ""food_spot"", ""embedding_similarity"": 0.335, ""second_label"": ""activity"", ""second_similarity"": 0.26, ""margin"": 0.075, ""baseline_label"": ""event"", ""baseline_confidence"": 0.75, ""override"": false, ""reason"": ""weak_embedding_match_keep_baseline""}}, ""metadata"": {""hashtags"": [""atlanta"", ""atlantafoodie"", ""atldrink"", ""atlfood"", ""atlfoodie"", ""atlwestend""], ""mentions"": [""aswdistillery"", ""atllovesmo"", ""leandrafthouse"", ""mondaynightgarage""], ""refined_from"": ""rules-food-events-v1""}, ""refinement"": {""meal_type_evidence"": {""embedding_label"": ""dinner"", ""embedding_similarity"": 0.254, ""baseline_label"": ""drinks"", ""baseline_confidence"": 0.75, ""override"": false, ""reason"": ""weak_embedding_match_keep_baseline""}, ""cuisine_evidence"": {""embedding_cuisines"": [], ""embedding_similarities"": {}, ""baseline_cuisines"": [], ""newly_detected"": [], ""removed"": [], ""reason"": ""no_strong_embedding_matches_keep_baseline""}, ""content_type_evidence"": {""embedding_label"": ""food_spot"", ""embedding_similarity"": 0.335, ""second_label"": ""activity"", ""second_similarity"": 0.26, ""margin"": 0.075, ""baseline_label"": ""event"", ""baseline_confidence"": 0.75, ""override"": false, ""reason"": ""weak_embedding_match_keep_baseline""}, ""needs_review"": true, ""category_adjustment_reason"": ""none""}}",drinks,drinks,event,event,,,True,none,https://www.instagram.com/p/Ct4FBUVOZXZ/,,,,TRUE,matched
3741063647302113035,https://www.instagram.com/p/DPq7ZDzkdcL/,dinner,0.7,dinner,0.63,CONFIDENCE_UPDATED,-0.07,"{""meal_type"": ""dinner"", ""cuisines"": [], ""content_type"": ""food_spot"", ""location"": {""name"": ""Atlanta, Georgia"", ""slug"": ""atlanta-georgia""}, ""signals"": {""meal_evidence"": {""dinner"": [""date night""]}, ""cuisine_evidence"": {}, ""content_evidence"": {""food_spot"": [""location_present""]}}, ""metadata"": {""hashtags"": [""atlblog"", ""atldatenight"", ""highmuseumofart""], ""mentions"": [""highmuseumofart""], ""likes"": 24136, ""comments"": 246, ""video_views"": 149111}}","{""meal_type"": ""dinner"", ""cuisines"": [], ""content_type"": ""food_spot"", ""location"": {""name"": ""Atlanta, Georgia"", ""slug"": null}, ""signals"": {""meal_evidence"": {""embedding_label"": ""drinks"", ""embedding_similarity"": 0.169, ""baseline_label"": ""dinner"", ""baseline_confidence"": 0.7, ""override"": false, ""reason"": ""weak_embedding_match_keep_baseline""}, ""cuisine_evidence"": {""embedding_cuisines"": [], ""embedding_similarities"": {}, ""baseline_cuisines"": [], ""newly_detected"": [], ""removed"": [], ""reason"": ""no_strong_embedding_matches_keep_baseline""}, ""content_evidence"": {""embedding_label"": ""activity"", ""embedding_similarity"": 0.377, ""second_label"": ""event"", ""second_similarity"": 0.25, ""margin"": 0.127, ""baseline_label"": ""food_spot"", ""baseline_confidence"": 0.7, ""override"": false, ""reason"": ""weak_embedding_match_keep_baseline""}}, ""metadata"": {""hashtags"": [""atlblog"", ""atldatenight"", ""highmuseumofart""], ""mentions"": [""highmuseumofart""], ""refined_from"": ""rules-food-events-v1""}, ""refinement"": {""meal_type_evidence"": {""embedding_label"": ""drinks"", ""embedding_similarity"": 0.169, ""baseline_label"": ""dinner"", ""baseline_confidence"": 0.7, ""override"": false, ""reason"": ""weak_embedding_match_keep_baseline""}, ""cuisine_evidence"": {""embedding_cuisines"": [], ""embedding_similarities"": {}, ""baseline_cuisines"": [], ""newly_detected"": [], ""removed"": [], ""reason"": ""no_strong_embedding_matches_keep_baseline""}, ""content_type_evidence"": {""embedding_label"": ""activity"", ""embedding_similarity"": 0.377, ""second_label"": ""event"", ""second_similarity"": 0.25, ""margin"": 0.127, ""baseline_label"": ""food_spot"", ""baseline_confidence"": 0.7, ""override"": false, ""reason"": ""weak_embedding_match_keep_baseline""}, ""needs_review"": true, ""category_adjustment_reason"": ""none""}}",dinner,dinner,food_spot,food_spot,,,True,none,https://www.instagram.com/p/DPq7ZDzkdcL/,,,,TRUE,matched
3137257350486105472,https://www.instagram.com/p/CuJxvA4tR2A/,event,0.7,event,0.63,CONFIDENCE_UPDATED,-0.07,"{""meal_type"": ""unknown"", ""cuisines"": [], ""content_type"": ""event"", ""location"": {""name"": ""Atlanta, Georgia"", ""slug"": ""atlanta-georgia""}, ""signals"": {""meal_evidence"": {}, ""cuisine_evidence"": {}, ""content_evidence"": {""event"": [""event""]}}, ""metadata"": {""hashtags"": [""atlantablog"", ""atlevents"", ""atlhost"", ""atlpoolparty"", ""electricevents""], ""mentions"": [""atlantacreativemedia"", ""atllovesmo"", ""eastsideswimandsocial"", ""electriceventsatl"", ""electrichospitality""], ""likes"": 9719, ""comments"": 80, ""video_views"": 147832}}","{""meal_type"": ""unknown"", ""cuisines"": [], ""content_type"": ""event"", ""location"": {""name"": ""Atlanta, Georgia"", ""slug"": null}, ""signals"": {""meal_evidence"": {""embedding_label"": ""drinks"", ""embedding_similarity"": 0.192, ""baseline_label"": ""unknown"", ""baseline_confidence"": 0.7, ""override"": false, ""reason"": ""weak_embedding_match_keep_baseline""}, ""cuisine_evidence"": {""embedding_cuisines"": [], ""embedding_similarities"": {}, ""baseline_cuisines"": [], ""newly_detected"": [], ""removed"": [], ""reason"": ""no_strong_embedding_matches_keep_baseline""}, ""content_evidence"": {""embedding_label"": ""food_spot"", ""embedding_similarity"": 0.33, ""second_label"": ""event"", ""second_similarity"": 0.306, ""margin"": 0.024, ""baseline_label"": ""event"", ""baseline_confidence"": 0.7, ""override"": false, ""reason"": ""weak_embedding_match_keep_baseline""}}, ""metadata"": {""hashtags"": [""atlantablog"", ""atlevents"", ""atlhost"", ""atlpoolparty"", ""electricevents""], ""mentions"": [""atlantacreativemedia"", ""atllovesmo"", ""eastsideswimandsocial"", ""electriceventsatl"", ""electrichospitality""], ""refined_from"": ""rules-food-events-v1""}, ""refinement"": {""meal_type_evidence"": {""embedding_label"": ""drinks"", ""embedding_similarity"": 0.192, ""baseline_label"": ""unknown"", ""baseline_confidence"": 0.7, ""override"": false, ""reason"": ""weak_embedding_match_keep_baseline""}, ""cuisine_evidence"": {""embedding_cuisines"": [], ""embedding_similarities"": {}, ""baseline_cuisines"": [], ""newly_detected"": [], ""removed"": [], ""reason"": ""no_strong_embedding_matches_keep_baseline""}, ""content_type_evidence"": {""embedding_label"": ""food_spot"", ""embedding_similarity"": 0.33, ""second_label"": ""event"", ""second_similarity"": 0.306, ""margin"": 0.024, ""baseline_label"": ""event"", ""baseline_confidence"": 0.7, ""override"": false, ""reason"": ""weak_embedding_match_keep_baseline""}, ""needs_review"": true, ""category_adjustment_reason"": ""none""}}",unknown,unknown,event,event,,,True,none,https://www.instagram.com/p/CuJxvA4tR2A/,,,,TRUE,matched
3594000529908568046,https://www.instagram.com/p/DHgdHCrxA_u/,event,0.75,event,0.675,CONFIDENCE_UPDATED,-0.075,"{""meal_type"": ""drinks"", ""cuisines"": [], ""content_type"": ""event"", ""location"": {""name"": ""Atlanta, Georgia"", ""slug"": ""atlanta-georgia""}, ""signals"": {""meal_evidence"": {""dinner"": [""date night""], ""drinks"": [""drink"", ""drinks""]}, ""cuisine_evidence"": {}, ""content_evidence"": {""event"": [""event""]}}, ""metadata"": {""hashtags"": [""atlblog"", ""atldatenight"", ""thingstodoinatlanta""], ""mentions"": [""atllovesmo"", ""elijahakeem_tattoos"", ""inkorporated.tattoos"", ""official_drinkandink"", ""thebeaconlive""], ""likes"": 24285, ""comments"": 139, ""video_views"": 145576}}","{""meal_type"": ""drinks"", ""cuisines"": [], ""content_type"": ""event"", ""location"": {""name"": ""Atlanta, Georgia"", ""slug"": null}, ""signals"": {""meal_evidence"": {""embedding_label"": ""drinks"", ""embedding_similarity"": 0.276, ""baseline_label"": ""drinks"", ""baseline_confidence"": 0.75, ""override"": false, ""reason"": ""weak_embedding_match_keep_baseline""}, ""cuisine_evidence"": {""embedding_cuisines"": [], ""embedding_similarities"": {}, ""baseline_cuisines"": [], ""newly_detected"": [], ""removed"": [], ""reason"": ""no_strong_embedding_matches_keep_baseline""}, ""content_evidence"": {""embedding_label"": ""activity"", ""embedding_similarity"": 0.211, ""second_label"": ""food_spot"", ""second_similarity"": 0.204, ""margin"": 0.007, ""baseline_label"": ""event"", ""baseline_confidence"": 0.75, ""override"": false, ""reason"": ""weak_embedding_match_keep_baseline""}}, ""metadata"": {""hashtags"": [""atlblog"", ""atldatenight"", ""thingstodoinatlanta""], ""mentions"": [""atllovesmo"", ""elijahakeem_tattoos"", ""inkorporated.tattoos"", ""official_drinkandink"", ""thebeaconlive""], ""refined_from"": ""rules-food-events-v1""}, ""refinement"": {""meal_type_evidence"": {""embedding_label"": ""drinks"", ""embedding_similarity"": 0.276, ""baseline_label"": ""drinks"", ""baseline_confidence"": 0.75, ""override"": false, ""reason"": ""weak_embedding_match_keep_baseline""}, ""cuisine_evidence"": {""embedding_cuisines"": [], ""embedding_similarities"": {}, ""baseline_cuisines"": [], ""newly_detected"": [], ""removed"": [], ""reason"": ""no_strong_embedding_matches_keep_baseline""}, ""content_type_evidence"": {""embedding_label"": ""activity"", ""embedding_similarity"": 0.211, ""second_label"": ""food_spot"", ""second_similarity"": 0.204, ""margin"": 0.007, ""baseline_label"": ""event"", ""baseline_confidence"": 0.75, ""override"": false, ""reason"": ""weak_embedding_match_keep_baseline""}, ""needs_review"": true, ""category_adjustment_reason"": ""none""}}",drinks,drinks,event,event,,,True,none,https://www.instagram.com/p/DHgdHCrxA_u/,,,,TRUE,matched
3144020926562862336,https://www.instagram.com/p/Cuhzl_-LIUA/,drinks,0.75,drinks,0.675,CONFIDENCE_UPDATED,-0.075,"{""meal_type"": ""drinks"", ""cuisines"": [""american""], ""content_type"": ""food_spot"", ""location"": {""name"": ""Atlanta, Georgia"", ""slug"": ""atlanta-georgia""}, ""signals"": {""meal_evidence"": {""dinner"": [""date night""], ""drinks"": [""drink"", ""drinks""]}, ""cuisine_evidence"": {""american"": [""burger""]}, ""content_evidence"": {""food_spot"": [""location_present""]}}, ""metadata"": {""hashtags"": [""atl"", ""atlanta"", ""atldatenight"", ""whattodoinatlanta""], ""mentions"": [""atllovesmo"", ""bansheelatenight"", ""fultonpublicart"", ""heartbreakers.atl"", ""revery_vr"", ""screamin_weenies_eav"", ""underground_atlanta""], ""likes"": 14573, ""comments"": 80, ""video_views"": 145521}}","{""meal_type"": ""drinks"", ""cuisines"": [""american""], ""content_type"": ""food_spot"", ""location"": {""name"": ""Atlanta, Georgia"", ""slug"": null}, ""signals"": {""meal_evidence"": {""embedding_label"": ""dinner"", ""embedding_similarity"": 0.282, ""baseline_label"": ""drinks"", ""baseline_confidence"": 0.75, ""override"": false, ""reason"": ""weak_embedding_match_keep_baseline""}, ""cuisine_evidence"": {""embedding_cuisines"": [], ""embedding_similarities"": {}, ""baseline_cuisines"": [""american""], ""newly_detected"": [], ""removed"": [""american""], ""reason"": ""no_strong_embedding_matches_keep_baseline""}, ""content_evidence"": {""embedding_label"": ""event"", ""embedding_similarity"": 0.285, ""second_label"": ""food_spot"", ""second_similarity"": 0.279, ""margin"": 0.006, ""baseline_label"": ""food_spot"", ""baseline_confidence"": 0.75, ""override"": false, ""reason"": ""weak_embedding_match_keep_baseline""}}, ""metadata"": {""hashtags"": [""atl"", ""atlanta"", ""atldatenight"", ""whattodoinatlanta""], ""mentions"": [""atllovesmo"", ""bansheelatenight"", ""fultonpublicart"", ""heartbreakers.atl"", ""revery_vr"", ""screamin_weenies_eav"", ""underground_atlanta""], ""refined_from"": ""rules-food-events-v1""}, ""refinement"": {""meal_type_evidence"": {""embedding_label"": ""dinner"", ""embedding_similarity"": 0.282, ""baseline_label"": ""drinks"", ""baseline_confidence"": 0.75, ""override"": false, ""reason"": ""weak_embedding_match_keep_baseline""}, ""cuisine_evidence"": {""embedding_cuisines"": [], ""embedding_similarities"": {}, ""baseline_cuisines"": [""american""], ""newly_detected"": [], ""removed"": [""american""], ""reason"": ""no_strong_embedding_matches_keep_baseline""}, ""content_type_evidence"": {""embedding_label"": ""event"", ""embedding_similarity"": 0.285, ""second_label"": ""food_spot"", ""second_similarity"": 0.279, ""margin"": 0.006, ""baseline_label"": ""food_spot"", ""baseline_confidence"": 0.75, ""override"": false, ""reason"": ""weak_embedding_match_keep_baseline""}, ""needs_review"": true, ""category_adjustment_reason"": ""none""}}",drinks,drinks,food_spot,food_spot,american,american,True,none,https://www.instagram.com/p/Cuhzl_-LIUA/,,,,TRUE,matched
3301155809403180728,https://www.instagram.com/p/C3QD7fnsZa4/,drinks,0.95,drinks,0.922,CONFIDENCE_UPDATED,-0.028,"{""meal_type"": ""drinks"", ""cuisines"": [""seafood""], ""content_type"": ""food_spot"", ""location"": {""name"": ""Bar Diver"", ""slug"": ""bar-diver""}, ""signals"": {""meal_evidence"": {""breakfast"": [""eggs""], ""dinner"": [""dinner"", ""date night""], ""drinks"": [""cocktail"", ""cocktails"", ""bar"", ""drink"", ""drinks""], ""snack"": [""small bites""]}, ""cuisine_evidence"": {""seafood"": [""shrimp""]}, ""content_evidence"": {""food_spot"": [""location_present""]}}, ""metadata"": {""hashtags"": [""atlanta"", ""atlblog"", ""atldatenight"", ""atleats""], ""mentions"": [""atllovesmo"", ""bardiveratl"", ""girldiveratl"", ""westsidepaper.atl""], ""likes"": 17821, ""comments"": 163, ""video_views"": 144943}}","{""meal_type"": ""drinks"", ""cuisines"": [""seafood""], ""content_type"": ""food_spot"", ""location"": {""name"": ""Bar Diver"", ""slug"": null}, ""signals"": {""meal_evidence"": {""embedding_label"": ""drinks"", ""embedding_similarity"": 0.387, ""baseline_label"": ""drinks"", ""baseline_confidence"": 0.95, ""override"": false, ""reason"": ""embedding_agrees_boost_baseline""}, ""cuisine_evidence"": {""embedding_cuisines"": [], ""embedding_similarities"": {}, ""baseline_cuisines"": [""seafood""], ""newly_detected"": [], ""removed"": [""seafood""], ""reason"": ""no_strong_embedding_matches_keep_baseline""}, ""content_evidence"": {""embedding_label"": ""food_spot"", ""embedding_similarity"": 0.411, ""second_label"": ""event"", ""second_similarity"": 0.215, ""margin"": 0.196, ""baseline_label"": ""food_spot"", ""baseline_confidence"": 0.95, ""override"": false, ""reason"": ""embedding_agrees_boost_baseline""}}, ""metadata"": {""hashtags"": [""atlanta"", ""atlblog"", ""atldatenight"", ""atleats""], ""mentions"": [""atllovesmo"", ""bardiveratl"", ""girldiveratl"", ""westsidepaper.atl""], ""refined_from"": ""rules-food-events-v1""}, ""refinement"": {""meal_type_evidence"": {""embedding_label"": ""drinks"", ""embedding_similarity"": 0.387, ""baseline_label"": ""drinks"", ""baseline_confidence"": 0.95, ""override"": false, ""reason"": ""embedding_agrees_boost_baseline""}, ""cuisine_evidence"": {""embedding_cuisines"": [], ""embedding_similarities"": {}, ""baseline_cuisines"": [""seafood""], ""newly_detected"": [], ""removed"": [""seafood""], ""reason"": ""no_strong_embedding_matches_keep_baseline""}, ""content_type_evidence"": {""embedding_label"": ""food_spot"", ""embedding_similarity"": 0.411, ""second_label"": ""event"", ""second_similarity"": 0.215, ""margin"": 0.196, ""baseline_label"": ""food_spot"", ""baseline_confidence"": 0.95, ""override"": false, ""reason"": ""embedding_agrees_boost_baseline""}, ""needs_review"": false, ""category_adjustment_reason"": ""none""}}",drinks,drinks,food_spot,food_spot,seafood,seafood,False,none,https://www.instagram.com/p/C3QD7fnsZa4/,,,,TRUE,matched
3205741585597698751,https://www.instagram.com/p/Cx9FPzDP5K_/,event,0.75,event,0.656,CONFIDENCE_UPDATED,-0.094,"{""meal_type"": ""lunch"", ""cuisines"": [""american"", ""japanese"", ""thai"", ""seafood"", ""bakery""], ""content_type"": ""event"", ""location"": {""name"": ""Atlanta, Georgia"", ""slug"": ""atlanta-georgia""}, ""signals"": {""meal_evidence"": {""lunch"": [""sandwich""]}, ""cuisine_evidence"": {""american"": [""burger"", ""southern""], ""japanese"": [""ramen""], ""thai"": [""thai""], ""seafood"": [""seafood""], ""bakery"": [""bread""]}, ""content_evidence"": {""event"": [""event"", ""market""]}}, ""metadata"": {""hashtags"": [""atlantaeats"", ""atleats"", ""atlfood"", ""atlfoodie""], ""mentions"": [""atlantawestend"", ""atljerkking"", ""atllovesmo"", ""boggssocial"", ""evergreenbutcherandbaker"", ""fraziesmeatandmarket"", ""fripperssausages"", ""kirkwoodneighbors"", ""myahsenpai"", ""riversideatl"", ""senpainoodlesupply"", ""therestaurantjunkie"", ""walkandeatandwalk""], ""likes"": 12943, ""comments"": 104, ""video_views"": 143472}}","{""meal_type"": ""lunch"", ""cuisines"": [""american""], ""content_type"": ""event"", ""location"": {""name"": ""Atlanta, Georgia"", ""slug"": null}, ""signals"": {""meal_evidence"": {""embedding_label"": ""snack"", ""embedding_similarity"": 0.461, ""baseline_label"": ""lunch"", ""baseline_confidence"": 0.75, ""override"": false, ""reason"": ""embedding_disagrees_but_baseline_sufficient""}, ""cuisine_evidence"": {""embedding_cuisines"": [""american""], ""embedding_similarities"": {""american"": 0.526}, ""baseline_cuisines"": [""american"", ""bakery"", ""japanese"", ""seafood"", ""thai""], ""newly_detected"": [], ""removed"": [""bakery"", ""japanese"", ""seafood"", ""thai""], ""reason"": ""embedding_refined_cuisine_list""}, ""content_evidence"": {""embedding_label"": ""food_spot"", ""embedding_similarity"": 0.399, ""second_label"": ""mixed"", ""second_similarity"": 0.17, ""margin"": 0.229, ""baseline_label"": ""event"", ""baseline_confidence"": 0.75, ""override"": false, ""reason"": ""weak_embedding_match_keep_baseline""}}, ""metadata"": {""hashtags"": [""atlantaeats"", ""atleats"", ""atlfood"", ""atlfoodie""], ""mentions"": [""atlantawestend"", ""atljerkking"", ""atllovesmo"", ""boggssocial"", ""evergreenbutcherandbaker"", ""fraziesmeatandmarket"", ""fripperssausages"", ""kirkwoodneighbors"", ""myahsenpai"", ""riversideatl"", ""senpainoodlesupply"", ""therestaurantjunkie"", ""walkandeatandwalk""], ""refined_from"": ""rules-food-events-v1""}, ""refinement"": {""meal_type_evidence"": {""embedding_label"": ""snack"", ""embedding_similarity"": 0.461, ""baseline_label"": ""lunch"", ""baseline_confidence"": 0.75, ""override"": false, ""reason"": ""embedding_disagrees_but_baseline_sufficient""}, ""cuisine_evidence"": {""embedding_cuisines"": [""american""], ""embedding_similarities"": {""american"": 0.526}, ""baseline_cuisines"": [""american"", ""bakery"", ""japanese"", ""seafood"", ""thai""], ""newly_detected"": [], ""removed"": [""bakery"", ""japanese"", ""seafood"", ""thai""], ""reason"": ""embedding_refined_cuisine_list""}, ""content_type_evidence"": {""embedding_label"": ""food_spot"", ""embedding_similarity"": 0.399, ""second_label"": ""mixed"", ""second_similarity"": 0.17, ""margin"": 0.229, ""baseline_label"": ""event"", ""baseline_confidence"": 0.75, ""override"": false, ""reason"": ""weak_embedding_match_keep_baseline""}, ""needs_review"": true, ""category_adjustment_reason"": ""none""}}",lunch,lunch,event,event,american|japanese|thai|seafood|bakery,american,True,none,https://www.instagram.com/p/Cx9FPzDP5K_/,,,,TRUE,matched
3267756321360546831,https://www.instagram.com/p/C1ZZw-bO4wP/,drinks,0.95,drinks,0.867,CONFIDENCE_UPDATED,-0.083,"{""meal_type"": ""drinks"", ""cuisines"": [""american"", ""mexican"", ""seafood""], ""content_type"": ""food_spot"", ""location"": {""name"": ""Wahoo! Grill"", ""slug"": ""wahoo-grill""}, ""signals"": {""meal_evidence"": {""dinner"": [""dinner""], ""dessert"": [""dessert""], ""drinks"": [""cocktail"", ""cocktails"", ""alcohol"", ""wine"", ""beer"", ""bar"", ""happy hour"", ""gin""]}, ""cuisine_evidence"": {""american"": [""burger""], ""mexican"": [""taco""], ""seafood"": [""seafood"", ""oyster"", ""crab"", ""fish""]}, ""content_evidence"": {""food_spot"": [""location_present""]}}, ""metadata"": {""hashtags"": [""atlanta"", ""atlblog"", ""atleats"", ""atlfoodie"", ""atlhappyhour""], ""mentions"": [""atllovesmo"", ""lure.atl"", ""rwbyatl"", ""wahoo_grill"", ""wahoowine""], ""likes"": 20281, ""comments"": 113, ""video_views"": 143116}}","{""meal_type"": ""drinks"", ""cuisines"": [""american""], ""content_type"": ""food_spot"", ""location"": {""name"": ""Wahoo! Grill"", ""slug"": null}, ""signals"": {""meal_evidence"": {""embedding_label"": ""snack"", ""embedding_similarity"": 0.461, ""baseline_label"": ""drinks"", ""baseline_confidence"": 0.95, ""override"": false, ""reason"": ""embedding_disagrees_but_baseline_sufficient""}, ""cuisine_evidence"": {""embedding_cuisines"": [""american""], ""embedding_similarities"": {""american"": 0.459}, ""baseline_cuisines"": [""american"", ""mexican"", ""seafood""], ""newly_detected"": [], ""removed"": [""mexican"", ""seafood""], ""reason"": ""embedding_refined_cuisine_list""}, ""content_evidence"": {""embedding_label"": ""food_spot"", ""embedding_similarity"": 0.481, ""second_label"": ""mixed"", ""second_similarity"": 0.285, ""margin"": 0.196, ""baseline_label"": ""food_spot"", ""baseline_confidence"": 0.95, ""override"": false, ""reason"": ""embedding_agrees_boost_baseline""}}, ""metadata"": {""hashtags"": [""atlanta"", ""atlblog"", ""atleats"", ""atlfoodie"", ""atlhappyhour""], ""mentions"": [""atllovesmo"", ""lure.atl"", ""rwbyatl"", ""wahoo_grill"", ""wahoowine""], ""refined_from"": ""rules-food-events-v1""}, ""refinement"": {""meal_type_evidence"": {""embedding_label"": ""snack"", ""embedding_similarity"": 0.461, ""baseline_label"": ""drinks"", ""baseline_confidence"": 0.95, ""override"": false, ""reason"": ""embedding_disagrees_but_baseline_sufficient""}, ""cuisine_evidence"": {""embedding_cuisines"": [""american""], ""embedding_similarities"": {""american"": 0.459}, ""baseline_cuisines"": [""american"", ""mexican"", ""seafood""], ""newly_detected"": [], ""removed"": [""mexican"", ""seafood""], ""reason"": ""embedding_refined_cuisine_list""}, ""content_type_evidence"": {""embedding_label"": ""food_spot"", ""embedding_similarity"": 0.481, ""second_label"": ""mixed"", ""second_similarity"": 0.285, ""margin"": 0.196, ""baseline_label"": ""food_spot"", ""baseline_confidence"": 0.95, ""override"": false, ""reason"": ""embedding_agrees_boost_baseline""}, ""needs_review"": false, ""category_adjustment_reason"": ""none""}}",drinks,drinks,food_spot,food_spot,american|mexican|seafood,american,False,none,https://www.instagram.com/p/C1ZZw-bO4wP/,,,,TRUE,matched
3311976979345916506,https://www.instagram.com/p/C32gYPeL0Ja/,drinks,0.7,drinks,0.63,CONFIDENCE_UPDATED,-0.07,"{""meal_type"": ""drinks"", ""cuisines"": [], ""content_type"": ""food_spot"", ""location"": {""name"": ""Atlanta, Georgia"", ""slug"": ""atlanta-georgia""}, ""signals"": {""meal_evidence"": {""drinks"": [""gin""]}, ""cuisine_evidence"": {}, ""content_evidence"": {""food_spot"": [""location_present""]}}, ""metadata"": {""hashtags"": [""atlblog"", ""atleats"", ""atlgames"", ""thingstodoinatlanta""], ""mentions"": [""activategames"", ""atllovesmo""], ""likes"": 24918, ""comments"": 131, ""video_views"": 139312}}","{""meal_type"": ""drinks"", ""cuisines"": [], ""content_type"": ""food_spot"", ""location"": {""name"": ""Atlanta, Georgia"", ""slug"": null}, ""signals"": {""meal_evidence"": {""embedding_label"": ""snack"", ""embedding_similarity"": 0.129, ""baseline_label"": ""drinks"", ""baseline_confidence"": 0.7, ""override"": false, ""reason"": ""weak_embedding_match_keep_baseline""}, ""cuisine_evidence"": {""embedding_cuisines"": [], ""embedding_similarities"": {}, ""baseline_cuisines"": [], ""newly_detected"": [], ""removed"": [], ""reason"": ""no_strong_embedding_matches_keep_baseline""}, ""content_evidence"": {""embedding_label"": ""activity"", ""embedding_similarity"": 0.33, ""second_label"": ""mixed"", ""second_similarity"": 0.236, ""margin"": 0.093, ""baseline_label"": ""food_spot"", ""baseline_confidence"": 0.7, ""override"": false, ""reason"": ""weak_embedding_match_keep_baseline""}}, ""metadata"": {""hashtags"": [""atlblog"", ""atleats"", ""atlgames"", ""thingstodoinatlanta""], ""mentions"": [""activategames"", ""atllovesmo""], ""refined_from"": ""rules-food-events-v1""}, ""refinement"": {""meal_type_evidence"": {""embedding_label"": ""snack"", ""embedding_similarity"": 0.129, ""baseline_label"": ""drinks"", ""baseline_confidence"": 0.7, ""override"": false, ""reason"": ""weak_embedding_match_keep_baseline""}, ""cuisine_evidence"": {""embedding_cuisines"": [], ""embedding_similarities"": {}, ""baseline_cuisines"": [], ""newly_detected"": [], ""removed"": [], ""reason"": ""no_strong_embedding_matches_keep_baseline""}, ""content_type_evidence"": {""embedding_label"": ""activity"", ""embedding_similarity"": 0.33, ""second_label"": ""mixed"", ""second_similarity"": 0.236, ""margin"": 0.093, ""baseline_label"": ""food_spot"", ""baseline_confidence"": 0.7, ""override"": false, ""reason"": ""weak_embedding_match_keep_baseline""}, ""needs_review"": true, ""category_adjustment_reason"": ""none""}}",drinks,drinks,food_spot,food_spot,,,True,none,https://www.instagram.com/p/C32gYPeL0Ja/,,,,TRUE,matched
3262700013028516632,https://www.instagram.com/p/C1HcGAVOiMY/,drinks,0.85,drinks,0.775,CONFIDENCE_UPDATED,-0.075,"{""meal_type"": ""drinks"", ""cuisines"": [""indian"", ""seafood""], ""content_type"": ""food_spot"", ""location"": {""name"": ""Tabla Atlanta"", ""slug"": ""tabla-atlanta""}, ""signals"": {""meal_evidence"": {""dinner"": [""date night""], ""dessert"": [""dessert""], ""drinks"": [""cocktail"", ""cocktails"", ""bar""]}, ""cuisine_evidence"": {""indian"": [""curry"", ""naan""], ""seafood"": [""fish""]}, ""content_evidence"": {""food_spot"": [""location_present""]}}, ""metadata"": {""hashtags"": [""atlantafood"", ""atldatenight"", ""atleats"", ""atlfoodie"", ""hosted""], ""mentions"": [""atllovesmo"", ""tablaatlanta""], ""likes"": 12185, ""comments"": 212, ""video_views"": 137642}}","{""meal_type"": ""drinks"", ""cuisines"": [""american""], ""content_type"": ""food_spot"", ""location"": {""name"": ""Tabla Atlanta"", ""slug"": null}, ""signals"": {""meal_evidence"": {""embedding_label"": ""dinner"", ""embedding_similarity"": 0.417, ""baseline_label"": ""drinks"", ""baseline_confidence"": 0.85, ""override"": false, ""reason"": ""embedding_disagrees_but_baseline_sufficient""}, ""cuisine_evidence"": {""embedding_cuisines"": [""american""], ""embedding_similarities"": {""american"": 0.477}, ""baseline_cuisines"": [""indian"", ""seafood""], ""newly_detected"": [""american""], ""removed"": [""indian"", ""seafood""], ""reason"": ""embedding_refined_cuisine_list""}, ""content_evidence"": {""embedding_label"": ""food_spot"", ""embedding_similarity"": 0.403, ""second_label"": ""mixed"", ""second_similarity"": 0.263, ""margin"": 0.14, ""baseline_label"": ""food_spot"", ""baseline_confidence"": 0.85, ""override"": false, ""reason"": ""embedding_agrees_boost_baseline""}}, ""metadata"": {""hashtags"": [""atlantafood"", ""atldatenight"", ""atleats"", ""atlfoodie"", ""hosted""], ""mentions"": [""atllovesmo"", ""tablaatlanta""], ""refined_from"": ""rules-food-events-v1""}, ""refinement"": {""meal_type_evidence"": {""embedding_label"": ""dinner"", ""embedding_similarity"": 0.417, ""baseline_label"": ""drinks"", ""baseline_confidence"": 0.85, ""override"": false, ""reason"": ""embedding_disagrees_but_baseline_sufficient""}, ""cuisine_evidence"": {""embedding_cuisines"": [""american""], ""embedding_similarities"": {""american"": 0.477}, ""baseline_cuisines"": [""indian"", ""seafood""], ""newly_detected"": [""american""], ""removed"": [""indian"", ""seafood""], ""reason"": ""embedding_refined_cuisine_list""}, ""content_type_evidence"": {""embedding_label"": ""food_spot"", ""embedding_similarity"": 0.403, ""second_label"": ""mixed"", ""second_similarity"": 0.263, ""margin"": 0.14, ""baseline_label"": ""food_spot"", ""baseline_confidence"": 0.85, ""override"": false, ""reason"": ""embedding_agrees_boost_baseline""}, ""needs_review"": false, ""category_adjustment_reason"": ""none""}}",drinks,drinks,food_spot,food_spot,indian|seafood,american,False,none,https://www.instagram.com/p/C1HcGAVOiMY/,,,,TRUE,matched
3205408882347991327,https://www.instagram.com/p/Cx75mVAO-Ef/,unknown,0.7,unknown,0.63,CONFIDENCE_UPDATED,-0.07,"{""meal_type"": ""unknown"", ""cuisines"": [], ""content_type"": ""food_spot"", ""location"": {""name"": ""Atlanta, Georgia"", ""slug"": ""atlanta-georgia""}, ""signals"": {""meal_evidence"": {}, ""cuisine_evidence"": {}, ""content_evidence"": {""food_spot"": [""location_present""]}}, ""metadata"": {""hashtags"": [""atlanta"", ""atlbraves"", ""atlsports"", ""baseball"", ""braves"", ""playoffs"", ""tickpick"", ""worldseries""], ""mentions"": [""braves"", ""tickpick""], ""likes"": 7564, ""comments"": 152, ""video_views"": 136694}}","{""meal_type"": ""unknown"", ""cuisines"": [], ""content_type"": ""food_spot"", ""location"": {""name"": ""Atlanta, Georgia"", ""slug"": null}, ""signals"": {""meal_evidence"": {""embedding_label"": ""breakfast"", ""embedding_similarity"": 0.087, ""baseline_label"": ""unknown"", ""baseline_confidence"": 0.7, ""override"": false, ""reason"": ""weak_embedding_match_keep_baseline""}, ""cuisine_evidence"": {""embedding_cuisines"": [], ""embedding_similarities"": {}, ""baseline_cuisines"": [], ""newly_detected"": [], ""removed"": [], ""reason"": ""no_strong_embedding_matches_keep_baseline""}, ""content_evidence"": {""embedding_label"": ""event"", ""embedding_similarity"": 0.065, ""second_label"": ""food_spot"", ""second_similarity"": 0.019, ""margin"": 0.046, ""baseline_label"": ""food_spot"", ""baseline_confidence"": 0.7, ""override"": false, ""reason"": ""weak_embedding_match_keep_baseline""}}, ""metadata"": {""hashtags"": [""atlanta"", ""atlbraves"", ""atlsports"", ""baseball"", ""braves"", ""playoffs"", ""tickpick"", ""worldseries""], ""mentions"": [""braves"", ""tickpick""], ""refined_from"": ""rules-food-events-v1""}, ""refinement"": {""meal_type_evidence"": {""embedding_label"": ""breakfast"", ""embedding_similarity"": 0.087, ""baseline_label"": ""unknown"", ""baseline_confidence"": 0.7, ""override"": false, ""reason"": ""weak_embedding_match_keep_baseline""}, ""cuisine_evidence"": {""embedding_cuisines"": [], ""embedding_similarities"": {}, ""baseline_cuisines"": [], ""newly_detected"": [], ""removed"": [], ""reason"": ""no_strong_embedding_matches_keep_baseline""}, ""content_type_evidence"": {""embedding_label"": ""event"", ""embedding_similarity"": 0.065, ""second_label"": ""food_spot"", ""second_similarity"": 0.019, ""margin"": 0.046, ""baseline_label"": ""food_spot"", ""baseline_confidence"": 0.7, ""override"": false, ""reason"": ""weak_embedding_match_keep_baseline""}, ""needs_review"": true, ""category_adjustment_reason"": ""none""}}",unknown,unknown,food_spot,food_spot,,,True,none,https://www.instagram.com/p/Cx75mVAO-Ef/,,,,TRUE,matched
3261250695943945376,https://www.instagram.com/p/C1CSjqnO_yg/,event,0.95,event,0.831,CONFIDENCE_UPDATED,-0.119,"{""meal_type"": ""drinks"", ""cuisines"": [""italian"", ""coffee_cafe""], ""content_type"": ""event"", ""location"": {""name"": ""Atlanta, Georgia"", ""slug"": ""atlanta-georgia""}, ""signals"": {""meal_evidence"": {""breakfast"": [""breakfast""], ""brunch"": [""brunch""], ""dinner"": [""date night""], ""dessert"": [""donut""], ""drinks"": [""cocktail"", ""cocktails"", ""bar"", ""drink"", ""drinks""]}, ""cuisine_evidence"": {""italian"": [""pasta"", ""pizza""], ""coffee_cafe"": [""coffee""]}, ""content_evidence"": {""event"": [""event"", ""ticket""]}}, ""metadata"": {""hashtags"": [""atlcats"", ""atldatenight"", ""atlfoodie"", ""cats"", ""feverambassador"", ""thingstodoinatlanta""], ""mentions"": [""atllovesmo"", ""blameitonthealcohall"", ""dineanddesign_atl"", ""fever_us"", ""no246atlanta"", ""piedmontpark."", ""prattpullmandistrict"", ""starwars"", ""theempirestripsback"", ""thefriskywhiskeratl"", ""underground_atlanta"", ""visitdecaturga""], ""likes"": 21443, ""comments"": 121, ""video_views"": 136053}}","{""meal_type"": ""drinks"", ""cuisines"": [""coffee_cafe"", ""italian""], ""content_type"": ""event"", ""location"": {""name"": ""Atlanta, Georgia"", ""slug"": null}, ""signals"": {""meal_evidence"": {""embedding_label"": ""dinner"", ""embedding_similarity"": 0.342, ""baseline_label"": ""drinks"", ""baseline_confidence"": 0.95, ""override"": false, ""reason"": ""embedding_disagrees_but_baseline_sufficient""}, ""cuisine_evidence"": {""embedding_cuisines"": [], ""embedding_similarities"": {}, ""baseline_cuisines"": [""coffee_cafe"", ""italian""], ""newly_detected"": [], ""removed"": [""coffee_cafe"", ""italian""], ""reason"": ""no_strong_embedding_matches_keep_baseline""}, ""content_evidence"": {""embedding_label"": ""food_spot"", ""embedding_similarity"": 0.394, ""second_label"": ""activity"", ""second_similarity"": 0.29, ""margin"": 0.104, ""baseline_label"": ""event"", ""baseline_confidence"": 0.95, ""override"": false, ""reason"": ""weak_embedding_match_keep_baseline""}}, ""metadata"": {""hashtags"": [""atlcats"", ""atldatenight"", ""atlfoodie"", ""cats"", ""feverambassador"", ""thingstodoinatlanta""], ""mentions"": [""atllovesmo"", ""blameitonthealcohall"", ""dineanddesign_atl"", ""fever_us"", ""no246atlanta"", ""piedmontpark."", ""prattpullmandistrict"", ""starwars"", ""theempirestripsback"", ""thefriskywhiskeratl"", ""underground_atlanta"", ""visitdecaturga""], ""refined_from"": ""rules-food-events-v1""}, ""refinement"": {""meal_type_evidence"": {""embedding_label"": ""dinner"", ""embedding_similarity"": 0.342, ""baseline_label"": ""drinks"", ""baseline_confidence"": 0.95, ""override"": false, ""reason"": ""embedding_disagrees_but_baseline_sufficient""}, ""cuisine_evidence"": {""embedding_cuisines"": [], ""embedding_similarities"": {}, ""baseline_cuisines"": [""coffee_cafe"", ""italian""], ""newly_detected"": [], ""removed"": [""coffee_cafe"", ""italian""], ""reason"": ""no_strong_embedding_matches_keep_baseline""}, ""content_type_evidence"": {""embedding_label"": ""food_spot"", ""embedding_similarity"": 0.394, ""second_label"": ""activity"", ""second_similarity"": 0.29, ""margin"": 0.104, ""baseline_label"": ""event"", ""baseline_confidence"": 0.95, ""override"": false, ""reason"": ""weak_embedding_match_keep_baseline""}, ""needs_review"": true, ""category_adjustment_reason"": ""none""}}",drinks,drinks,event,event,italian|coffee_cafe,coffee_cafe|italian,True,none,https://www.instagram.com/p/C1CSjqnO_yg/,,,,TRUE,matched
3353273423394488563,https://www.instagram.com/p/C6JOGmEL8Dz/,drinks,0.95,drinks,0.855,CONFIDENCE_UPDATED,-0.095,"{""meal_type"": ""drinks"", ""cuisines"": [""japanese""], ""content_type"": ""food_spot"", ""location"": {""name"": ""Painted Pickle"", ""slug"": ""painted-pickle""}, ""signals"": {""meal_evidence"": {""drinks"": [""cocktail"", ""cocktails"", ""alcohol"", ""bar"", ""drink"", ""drinks"", ""gin""]}, ""cuisine_evidence"": {""japanese"": [""sushi""]}, ""content_evidence"": {""food_spot"": [""location_present""]}}, ""metadata"": {""hashtags"": [""atlantafoodie"", ""atldatenight"", ""atleats"", ""atlpickleball"", ""thingstodoinatl""], ""mentions"": [""armouryards"", ""atllovesmo"", ""paintedpickleatl""], ""likes"": 11581, ""comments"": 116, ""video_views"": 134351}}","{""meal_type"": ""drinks"", ""cuisines"": [""japanese""], ""content_type"": ""food_spot"", ""location"": {""name"": ""Painted Pickle"", ""slug"": null}, ""signals"": {""meal_evidence"": {""embedding_label"": ""drinks"", ""embedding_similarity"": 0.239, ""baseline_label"": ""drinks"", ""baseline_confidence"": 0.95, ""override"": false, ""reason"": ""weak_embedding_match_keep_baseline""}, ""cuisine_evidence"": {""embedding_cuisines"": [], ""embedding_similarities"": {}, ""baseline_cuisines"": [""japanese""], ""newly_detected"": [], ""removed"": [""japanese""], ""reason"": ""no_strong_embedding_matches_keep_baseline""}, ""content_evidence"": {""embedding_label"": ""food_spot"", ""embedding_similarity"": 0.284, ""second_label"": ""activity"", ""second_similarity"": 0.247, ""margin"": 0.037, ""baseline_label"": ""food_spot"", ""baseline_confidence"": 0.95, ""override"": false, ""reason"": ""weak_embedding_match_keep_baseline""}}, ""metadata"": {""hashtags"": [""atlantafoodie"", ""atldatenight"", ""atleats"", ""atlpickleball"", ""thingstodoinatl""], ""mentions"": [""armouryards"", ""atllovesmo"", ""paintedpickleatl""], ""refined_from"": ""rules-food-events-v1""}, ""refinement"": {""meal_type_evidence"": {""embedding_label"": ""drinks"", ""embedding_similarity"": 0.239, ""baseline_label"": ""drinks"", ""baseline_confidence"": 0.95, ""override"": false, ""reason"": ""weak_embedding_match_keep_baseline""}, ""cuisine_evidence"": {""embedding_cuisines"": [], ""embedding_similarities"": {}, ""baseline_cuisines"": [""japanese""], ""newly_detected"": [], ""removed"": [""japanese""], ""reason"": ""no_strong_embedding_matches_keep_baseline""}, ""content_type_evidence"": {""embedding_label"": ""food_spot"", ""embedding_similarity"": 0.284, ""second_label"": ""activity"", ""second_similarity"": 0.247, ""margin"": 0.037, ""baseline_label"": ""food_spot"", ""baseline_confidence"": 0.95, ""override"": false, ""reason"": ""weak_embedding_match_keep_baseline""}, ""needs_review"": false, ""category_adjustment_reason"": ""none""}}",drinks,drinks,food_spot,food_spot,japanese,japanese,False,none,https://www.instagram.com/p/C6JOGmEL8Dz/,,,,TRUE,matched
3366363100548687191,https://www.instagram.com/p/C63uWd5L-VX/,drinks,0.85,drinks,0.744,CONFIDENCE_UPDATED,-0.106,"{""meal_type"": ""drinks"", ""cuisines"": [""italian""], ""content_type"": ""food_spot"", ""location"": {""name"": ""Atlanta, Georgia"", ""slug"": ""atlanta-georgia""}, ""signals"": {""meal_evidence"": {""breakfast"": [""breakfast""], ""brunch"": [""brunch""], ""dessert"": [""donut""], ""drinks"": [""cocktail"", ""cocktails"", ""gin""], ""snack"": [""small bites""]}, ""cuisine_evidence"": {""italian"": [""italian"", ""pasta"", ""pizza""]}, ""content_evidence"": {""food_spot"": [""location_present""]}}, ""metadata"": {""hashtags"": [""atlantafood"", ""atlbrunch"", ""atleats"", ""decaturga"", ""wheretoeatinatlanta""], ""mentions"": [""atllovesmo"", ""no246atlanta""], ""likes"": 15972, ""comments"": 1349, ""video_views"": 132357}}","{""meal_type"": ""drinks"", ""cuisines"": [""italian""], ""content_type"": ""food_spot"", ""location"": {""name"": ""Atlanta, Georgia"", ""slug"": null}, ""signals"": {""meal_evidence"": {""embedding_label"": ""brunch"", ""embedding_similarity"": 0.417, ""baseline_label"": ""drinks"", ""baseline_confidence"": 0.85, ""override"": false, ""reason"": ""embedding_disagrees_but_baseline_sufficient""}, ""cuisine_evidence"": {""embedding_cuisines"": [""italian""], ""embedding_similarities"": {""italian"": 0.406}, ""baseline_cuisines"": [""italian""], ""newly_detected"": [], ""removed"": [], ""reason"": ""embedding_confirms_baseline""}, ""content_evidence"": {""embedding_label"": ""food_spot"", ""embedding_similarity"": 0.379, ""second_label"": ""mixed"", ""second_similarity"": 0.19, ""margin"": 0.189, ""baseline_label"": ""food_spot"", ""baseline_confidence"": 0.85, ""override"": false, ""reason"": ""weak_embedding_match_keep_baseline""}}, ""metadata"": {""hashtags"": [""atlantafood"", ""atlbrunch"", ""atleats"", ""decaturga"", ""wheretoeatinatlanta""], ""mentions"": [""atllovesmo"", ""no246atlanta""], ""refined_from"": ""rules-food-events-v1""}, ""refinement"": {""meal_type_evidence"": {""embedding_label"": ""brunch"", ""embedding_similarity"": 0.417, ""baseline_label"": ""drinks"", ""baseline_confidence"": 0.85, ""override"": false, ""reason"": ""embedding_disagrees_but_baseline_sufficient""}, ""cuisine_evidence"": {""embedding_cuisines"": [""italian""], ""embedding_similarities"": {""italian"": 0.406}, ""baseline_cuisines"": [""italian""], ""newly_detected"": [], ""removed"": [], ""reason"": ""embedding_confirms_baseline""}, ""content_type_evidence"": {""embedding_label"": ""food_spot"", ""embedding_similarity"": 0.379, ""second_label"": ""mixed"", ""second_similarity"": 0.19, ""margin"": 0.189, ""baseline_label"": ""food_spot"", ""baseline_confidence"": 0.85, ""override"": false, ""reason"": ""weak_embedding_match_keep_baseline""}, ""needs_review"": false, ""category_adjustment_reason"": ""none""}}",drinks,drinks,food_spot,food_spot,italian,italian,False,none,https://www.instagram.com/p/C63uWd5L-VX/,,,,TRUE,matched
3412975998092548482,https://www.instagram.com/p/C9dU5ZpPZmC/,dinner,0.7,dinner,0.613,CONFIDENCE_UPDATED,-0.087,"{""meal_type"": ""dinner"", ""cuisines"": [], ""content_type"": ""food_spot"", ""location"": {""name"": ""Atlanta, Georgia"", ""slug"": ""atlanta-georgia""}, ""signals"": {""meal_evidence"": {""dinner"": [""date night""]}, ""cuisine_evidence"": {}, ""content_evidence"": {""food_spot"": [""location_present""]}}, ""metadata"": {""hashtags"": [""atlblog"", ""icons"", ""sponsored"", ""thingstodoinatlanta"", ""worldofcocacola""], ""mentions"": [""worldofcocacola""], ""likes"": 3333, ""comments"": 113, ""video_views"": 132137}}","{""meal_type"": ""dinner"", ""cuisines"": [], ""content_type"": ""food_spot"", ""location"": {""name"": ""Atlanta, Georgia"", ""slug"": null}, ""signals"": {""meal_evidence"": {""embedding_label"": ""drinks"", ""embedding_similarity"": 0.353, ""baseline_label"": ""dinner"", ""baseline_confidence"": 0.7, ""override"": false, ""reason"": ""embedding_disagrees_but_baseline_sufficient""}, ""cuisine_evidence"": {""embedding_cuisines"": [], ""embedding_similarities"": {}, ""baseline_cuisines"": [], ""newly_detected"": [], ""removed"": [], ""reason"": ""no_strong_embedding_matches_keep_baseline""}, ""content_evidence"": {""embedding_label"": ""food_spot"", ""embedding_similarity"": 0.276, ""second_label"": ""activity"", ""second_similarity"": 0.263, ""margin"": 0.013, ""baseline_label"": ""food_spot"", ""baseline_confidence"": 0.7, ""override"": false, ""reason"": ""weak_embedding_match_keep_baseline""}}, ""metadata"": {""hashtags"": [""atlblog"", ""icons"", ""sponsored"", ""thingstodoinatlanta"", ""worldofcocacola""], ""mentions"": [""worldofcocacola""], ""refined_from"": ""rules-food-events-v1""}, ""refinement"": {""meal_type_evidence"": {""embedding_label"": ""drinks"", ""embedding_similarity"": 0.353, ""baseline_label"": ""dinner"", ""baseline_confidence"": 0.7, ""override"": false, ""reason"": ""embedding_disagrees_but_baseline_sufficient""}, ""cuisine_evidence"": {""embedding_cuisines"": [], ""embedding_similarities"": {}, ""baseline_cuisines"": [], ""newly_detected"": [], ""removed"": [], ""reason"": ""no_strong_embedding_matches_keep_baseline""}, ""content_type_evidence"": {""embedding_label"": ""food_spot"", ""embedding_similarity"": 0.276, ""second_label"": ""activity"", ""second_similarity"": 0.263, ""margin"": 0.013, ""baseline_label"": ""food_spot"", ""baseline_confidence"": 0.7, ""override"": false, ""reason"": ""weak_embedding_match_keep_baseline""}, ""needs_review"": false, ""category_adjustment_reason"": ""none""}}",dinner,dinner,food_spot,food_spot,,,False,none,https://www.instagram.com/p/C9dU5ZpPZmC/,,,,TRUE,matched
3509365884269318991,https://www.instagram.com/p/DCzxa2mv1NP/,drinks,0.95,drinks,0.923,CONFIDENCE_UPDATED,-0.027,"{""meal_type"": ""drinks"", ""cuisines"": [""japanese""], ""content_type"": ""food_spot"", ""location"": {""name"": ""Atlanta, USA"", ""slug"": ""atlanta-usa""}, ""signals"": {""meal_evidence"": {""drinks"": [""cocktail"", ""cocktails"", ""bar"", ""drink"", ""drinks"", ""gin""]}, ""cuisine_evidence"": {""japanese"": [""omakase""]}, ""content_evidence"": {""food_spot"": [""location_present""]}}, ""metadata"": {""hashtags"": [""atlblog"", ""atldatenight"", ""atleats"", ""atlfoodie""], ""mentions"": [""atllovesmo"", ""muchachoatl"", ""resy."", ""tigersunatl""], ""likes"": 11196, ""comments"": 185, ""video_views"": 130145}}","{""meal_type"": ""drinks"", ""cuisines"": [""japanese""], ""content_type"": ""food_spot"", ""location"": {""name"": ""Atlanta, USA"", ""slug"": null}, ""signals"": {""meal_evidence"": {""embedding_label"": ""drinks"", ""embedding_similarity"": 0.353, ""baseline_label"": ""drinks"", ""baseline_confidence"": 0.95, ""override"": false, ""reason"": ""embedding_agrees_boost_baseline""}, ""cuisine_evidence"": {""embedding_cuisines"": [], ""embedding_similarities"": {}, ""baseline_cuisines"": [""japanese""], ""newly_detected"": [], ""removed"": [""japanese""], ""reason"": ""no_strong_embedding_matches_keep_baseline""}, ""content_evidence"": {""embedding_label"": ""food_spot"", ""embedding_similarity"": 0.479, ""second_label"": ""event"", ""second_similarity"": 0.372, ""margin"": 0.107, ""baseline_label"": ""food_spot"", ""baseline_confidence"": 0.95, ""override"": false, ""reason"": ""embedding_agrees_boost_baseline""}}, ""metadata"": {""hashtags"": [""atlblog"", ""atldatenight"", ""atleats"", ""atlfoodie""], ""mentions"": [""atllovesmo"", ""muchachoatl"", ""resy."", ""tigersunatl""], ""refined_from"": ""rules-food-events-v1""}, ""refinement"": {""meal_type_evidence"": {""embedding_label"": ""drinks"", ""embedding_similarity"": 0.353, ""baseline_label"": ""drinks"", ""baseline_confidence"": 0.95, ""override"": false, ""reason"": ""embedding_agrees_boost_baseline""}, ""cuisine_evidence"": {""embedding_cuisines"": [], ""embedding_similarities"": {}, ""baseline_cuisines"": [""japanese""], ""newly_detected"": [], ""removed"": [""japanese""], ""reason"": ""no_strong_embedding_matches_keep_baseline""}, ""content_type_evidence"": {""embedding_label"": ""food_spot"", ""embedding_similarity"": 0.479, ""second_label"": ""event"", ""second_similarity"": 0.372, ""margin"": 0.107, ""baseline_label"": ""food_spot"", ""baseline_confidence"": 0.95, ""override"": false, ""reason"": ""embedding_agrees_boost_baseline""}, ""needs_review"": false, ""category_adjustment_reason"": ""none""}}",drinks,drinks,food_spot,food_spot,japanese,japanese,False,none,https://www.instagram.com/p/DCzxa2mv1NP/,,,,TRUE,matched
3592710139364153769,https://www.instagram.com/p/DHb3tY1vpmp/,drinks,0.95,drinks,0.887,CONFIDENCE_UPDATED,-0.063,"{""meal_type"": ""drinks"", ""cuisines"": [""mexican"", ""japanese"", ""bbq"", ""coffee_cafe""], ""content_type"": ""food_spot"", ""location"": {""name"": ""Atlanta, Georgia"", ""slug"": ""atlanta-georgia""}, ""signals"": {""meal_evidence"": {""dinner"": [""date night""], ""drinks"": [""cocktail"", ""cocktails"", ""bar"", ""gin"", ""rum""]}, ""cuisine_evidence"": {""mexican"": [""taco""], ""japanese"": [""japanese""], ""bbq"": [""bbq""], ""coffee_cafe"": [""coffee"", ""cafe""]}, ""content_evidence"": {""food_spot"": [""location_present""]}}, ""metadata"": {""hashtags"": [""atlblog"", ""atleats"", ""atlfoodie""], ""mentions"": [""atlantacoffeeshops"", ""atllovesmo"", ""blockanddrum"", ""chamblee.ga."", ""madreselvaatl"", ""wagyuhouseatl""], ""likes"": 25811, ""comments"": 120, ""video_views"": 129438}}","{""meal_type"": ""drinks"", ""cuisines"": [""bbq"", ""coffee_cafe"", ""japanese"", ""mexican""], ""content_type"": ""food_spot"", ""location"": {""name"": ""Atlanta, Georgia"", ""slug"": null}, ""signals"": {""meal_evidence"": {""embedding_label"": ""drinks"", ""embedding_similarity"": 0.328, ""baseline_label"": ""drinks"", ""baseline_confidence"": 0.95, ""override"": false, ""reason"": ""embedding_agrees_boost_baseline""}, ""cuisine_evidence"": {""embedding_cuisines"": [], ""embedding_similarities"": {}, ""baseline_cuisines"": [""bbq"", ""coffee_cafe"", ""japanese"", ""mexican""], ""newly_detected"": [], ""removed"": [""bbq"", ""coffee_cafe"", ""japanese"", ""mexican""], ""reason"": ""no_strong_embedding_matches_keep_baseline""}, ""content_evidence"": {""embedding_label"": ""food_spot"", ""embedding_similarity"": 0.389, ""second_label"": ""event"", ""second_similarity"": 0.219, ""margin"": 0.17, ""baseline_label"": ""food_spot"", ""baseline_confidence"": 0.95, ""override"": false, ""reason"": ""weak_embedding_match_keep_baseline""}}, ""metadata"": {""hashtags"": [""atlblog"", ""atleats"", ""atlfoodie""], ""mentions"": [""atlantacoffeeshops"", ""atllovesmo"", ""blockanddrum"", ""chamblee.ga."", ""madreselvaatl"", ""wagyuhouseatl""], ""refined_from"": ""rules-food-events-v1""}, ""refinement"": {""meal_type_evidence"": {""embedding_label"": ""drinks"", ""embedding_similarity"": 0.328, ""baseline_label"": ""drinks"", ""baseline_confidence"": 0.95, ""override"": false, ""reason"": ""embedding_agrees_boost_baseline""}, ""cuisine_evidence"": {""embedding_cuisines"": [], ""embedding_similarities"": {}, ""baseline_cuisines"": [""bbq"", ""coffee_cafe"", ""japanese"", ""mexican""], ""newly_detected"": [], ""removed"": [""bbq"", ""coffee_cafe"", ""japanese"", ""mexican""], ""reason"": ""no_strong_embedding_matches_keep_baseline""}, ""content_type_evidence"": {""embedding_label"": ""food_spot"", ""embedding_similarity"": 0.389, ""second_label"": ""event"", ""second_similarity"": 0.219, ""margin"": 0.17, ""baseline_label"": ""food_spot"", ""baseline_confidence"": 0.95, ""override"": false, ""reason"": ""weak_embedding_match_keep_baseline""}, ""needs_review"": false, ""category_adjustment_reason"": ""none""}}",drinks,drinks,food_spot,food_spot,mexican|japanese|bbq|coffee_cafe,bbq|coffee_cafe|japanese|mexican,False,none,https://www.instagram.com/p/DHb3tY1vpmp/,,,,TRUE,matched
3503409727029578799,https://www.instagram.com/p/DCenJW6Pwwv/,drinks,0.85,drinks,0.776,CONFIDENCE_UPDATED,-0.074,"{""meal_type"": ""drinks"", ""cuisines"": [""american"", ""seafood"", ""coffee_cafe""], ""content_type"": ""food_spot"", ""location"": {""name"": ""Atlanta, Georgia"", ""slug"": ""atlanta-georgia""}, ""signals"": {""meal_evidence"": {""dinner"": [""dinner""], ""drinks"": [""cocktail"", ""wine"", ""martini""]}, ""cuisine_evidence"": {""american"": [""southern""], ""seafood"": [""lobster""], ""coffee_cafe"": [""espresso""]}, ""content_evidence"": {""food_spot"": [""location_present""]}}, ""metadata"": {""hashtags"": [""atlblog"", ""atldatenight"", ""atleats"", ""atlfoodie""], ""mentions"": [""chefjoeyward"", ""georgiaboyatlanta""], ""likes"": 13191, ""comments"": 160, ""video_views"": 125549}}","{""meal_type"": ""drinks"", ""cuisines"": [""american"", ""coffee_cafe"", ""seafood""], ""content_type"": ""food_spot"", ""location"": {""name"": ""Atlanta, Georgia"", ""slug"": null}, ""signals"": {""meal_evidence"": {""embedding_label"": ""dinner"", ""embedding_similarity"": 0.404, ""baseline_label"": ""drinks"", ""baseline_confidence"": 0.85, ""override"": false, ""reason"": ""embedding_disagrees_but_baseline_sufficient""}, ""cuisine_evidence"": {""embedding_cuisines"": [], ""embedding_similarities"": {}, ""baseline_cuisines"": [""american"", ""coffee_cafe"", ""seafood""], ""newly_detected"": [], ""removed"": [""american"", ""coffee_cafe"", ""seafood""], ""reason"": ""no_strong_embedding_matches_keep_baseline""}, ""content_evidence"": {""embedding_label"": ""food_spot"", ""embedding_similarity"": 0.427, ""second_label"": ""mixed"", ""second_similarity"": 0.216, ""margin"": 0.211, ""baseline_label"": ""food_spot"", ""baseline_confidence"": 0.85, ""override"": false, ""reason"": ""embedding_agrees_boost_baseline""}}, ""metadata"": {""hashtags"": [""atlblog"", ""atldatenight"", ""atleats"", ""atlfoodie""], ""mentions"": [""chefjoeyward"", ""georgiaboyatlanta""], ""refined_from"": ""rules-food-events-v1""}, ""refinement"": {""meal_type_evidence"": {""embedding_label"": ""dinner"", ""embedding_similarity"": 0.404, ""baseline_label"": ""drinks"", ""baseline_confidence"": 0.85, ""override"": false, ""reason"": ""embedding_disagrees_but_baseline_sufficient""}, ""cuisine_evidence"": {""embedding_cuisines"": [], ""embedding_similarities"": {}, ""baseline_cuisines"": [""american"", ""coffee_cafe"", ""seafood""], ""newly_detected"": [], ""removed"": [""american"", ""coffee_cafe"", ""seafood""], ""reason"": ""no_strong_embedding_matches_keep_baseline""}, ""content_type_evidence"": {""embedding_label"": ""food_spot"", ""embedding_similarity"": 0.427, ""second_label"": ""mixed"", ""second_similarity"": 0.216, ""margin"": 0.211, ""baseline_label"": ""food_spot"", ""baseline_confidence"": 0.85, ""override"": false, ""reason"": ""embedding_agrees_boost_baseline""}, ""needs_review"": false, ""category_adjustment_reason"": ""none""}}",drinks,drinks,food_spot,food_spot,american|seafood|coffee_cafe,american|coffee_cafe|seafood,False,none,https://www.instagram.com/p/DCenJW6Pwwv/,,,,TRUE,matched
3438334769111198664,https://www.instagram.com/p/C-3a0Fjv2vI/,event,0.95,event,0.891,CONFIDENCE_UPDATED,-0.059,"{""meal_type"": ""dessert"", ""cuisines"": [""coffee_cafe""], ""content_type"": ""event"", ""location"": {""name"": ""Atlanta, Georgia"", ""slug"": ""atlanta-georgia""}, ""signals"": {""meal_evidence"": {""dessert"": [""dessert"", ""ice cream"", ""cake"", ""cookie""]}, ""cuisine_evidence"": {""coffee_cafe"": [""latte""]}, ""content_evidence"": {""event"": [""seasonal""]}}, ""metadata"": {""hashtags"": [""ediblepartner""], ""mentions"": [""ediblearrangements""], ""likes"": 2116, ""comments"": 131, ""video_views"": 124691}}","{""meal_type"": ""dessert"", ""cuisines"": [""coffee_cafe""], ""content_type"": ""event"", ""location"": {""name"": ""Atlanta, Georgia"", ""slug"": null}, ""signals"": {""meal_evidence"": {""embedding_label"": ""dessert"", ""embedding_similarity"": 0.505, ""baseline_label"": ""dessert"", ""baseline_confidence"": 0.95, ""override"": false, ""reason"": ""embedding_agrees_boost_baseline""}, ""cuisine_evidence"": {""embedding_cuisines"": [], ""embedding_similarities"": {}, ""baseline_cuisines"": [""coffee_cafe""], ""newly_detected"": [], ""removed"": [""coffee_cafe""], ""reason"": ""no_strong_embedding_matches_keep_baseline""}, ""content_evidence"": {""embedding_label"": ""mixed"", ""embedding_similarity"": 0.237, ""second_label"": ""food_spot"", ""second_similarity"": 0.184, ""margin"": 0.053, ""baseline_label"": ""event"", ""baseline_confidence"": 0.95, ""override"": false, ""reason"": ""weak_embedding_match_keep_baseline""}}, ""metadata"": {""hashtags"": [""ediblepartner""], ""mentions"": [""ediblearrangements""], ""refined_from"": ""rules-food-events-v1""}, ""refinement"": {""meal_type_evidence"": {""embedding_label"": ""dessert"", ""embedding_similarity"": 0.505, ""baseline_label"": ""dessert"", ""baseline_confidence"": 0.95, ""override"": false, ""reason"": ""embedding_agrees_boost_baseline""}, ""cuisine_evidence"": {""embedding_cuisines"": [], ""embedding_similarities"": {}, ""baseline_cuisines"": [""coffee_cafe""], ""newly_detected"": [], ""removed"": [""coffee_cafe""], ""reason"": ""no_strong_embedding_matches_keep_baseline""}, ""content_type_evidence"": {""embedding_label"": ""mixed"", ""embedding_similarity"": 0.237, ""second_label"": ""food_spot"", ""second_similarity"": 0.184, ""margin"": 0.053, ""baseline_label"": ""event"", ""baseline_confidence"": 0.95, ""override"": false, ""reason"": ""weak_embedding_match_keep_baseline""}, ""needs_review"": true, ""category_adjustment_reason"": ""none""}}",dessert,dessert,event,event,coffee_cafe,coffee_cafe,True,none,https://www.instagram.com/p/C-3a0Fjv2vI/,,,,TRUE,matched
3534499116237505214,https://www.instagram.com/p/DENEDg6RMK-/,event,0.95,event,0.889,CONFIDENCE_UPDATED,-0.061,"{""meal_type"": ""drinks"", ""cuisines"": [""coffee_cafe""], ""content_type"": ""event"", ""location"": {""name"": ""Atlanta, Georgia"", ""slug"": ""atlanta-georgia""}, ""signals"": {""meal_evidence"": {""dinner"": [""date night""], ""drinks"": [""cocktail"", ""cocktails"", ""bar"", ""drink""]}, ""cuisine_evidence"": {""coffee_cafe"": [""cafe"", ""matcha""]}, ""content_evidence"": {""event"": [""event""]}}, ""metadata"": {""hashtags"": [""atlblog"", ""atldatenight"", ""atleats"", ""thingstodoinatlanta""], ""mentions"": [""atllovesmo"", ""brushatl"", ""chefjasonliang"", ""echoroomatl"", ""hotelgranada_atlanta"", ""jaredgrisham."", ""kirkgibson1"", ""luckystaratl"", ""maypeel_atlanta"", ""michelinguide"", ""resy"", ""starmetalsatl"", ""vs.thebarkeep"", ""westside_motor_lounge""], ""likes"": 17766, ""comments"": 121, ""video_views"": 123445}}","{""meal_type"": ""drinks"", ""cuisines"": [""chinese""], ""content_type"": ""event"", ""location"": {""name"": ""Atlanta, Georgia"", ""slug"": null}, ""signals"": {""meal_evidence"": {""embedding_label"": ""drinks"", ""embedding_similarity"": 0.408, ""baseline_label"": ""drinks"", ""baseline_confidence"": 0.95, ""override"": false, ""reason"": ""embedding_agrees_boost_baseline""}, ""cuisine_evidence"": {""embedding_cuisines"": [""chinese""], ""embedding_similarities"": {""chinese"": 0.4}, ""baseline_cuisines"": [""coffee_cafe""], ""newly_detected"": [""chinese""], ""removed"": [""coffee_cafe""], ""reason"": ""embedding_refined_cuisine_list""}, ""content_evidence"": {""embedding_label"": ""food_spot"", ""embedding_similarity"": 0.435, ""second_label"": ""event"", ""second_similarity"": 0.311, ""margin"": 0.124, ""baseline_label"": ""event"", ""baseline_confidence"": 0.95, ""override"": false, ""reason"": ""embedding_disagrees_but_baseline_acceptable""}}, ""metadata"": {""hashtags"": [""atlblog"", ""atldatenight"", ""atleats"", ""thingstodoinatlanta""], ""mentions"": [""atllovesmo"", ""brushatl"", ""chefjasonliang"", ""echoroomatl"", ""hotelgranada_atlanta"", ""jaredgrisham."", ""kirkgibson1"", ""luckystaratl"", ""maypeel_atlanta"", ""michelinguide"", ""resy"", ""starmetalsatl"", ""vs.thebarkeep"", ""westside_motor_lounge""], ""refined_from"": ""rules-food-events-v1""}, ""refinement"": {""meal_type_evidence"": {""embedding_label"": ""drinks"", ""embedding_similarity"": 0.408, ""baseline_label"": ""drinks"", ""baseline_confidence"": 0.95, ""override"": false, ""reason"": ""embedding_agrees_boost_baseline""}, ""cuisine_evidence"": {""embedding_cuisines"": [""chinese""], ""embedding_similarities"": {""chinese"": 0.4}, ""baseline_cuisines"": [""coffee_cafe""], ""newly_detected"": [""chinese""], ""removed"": [""coffee_cafe""], ""reason"": ""embedding_refined_cuisine_list""}, ""content_type_evidence"": {""embedding_label"": ""food_spot"", ""embedding_similarity"": 0.435, ""second_label"": ""event"", ""second_similarity"": 0.311, ""margin"": 0.124, ""baseline_label"": ""event"", ""baseline_confidence"": 0.95, ""override"": false, ""reason"": ""embedding_disagrees_but_baseline_acceptable""}, ""needs_review"": false, ""category_adjustment_reason"": ""none""}}",drinks,drinks,event,event,coffee_cafe,chinese,False,none,https://www.instagram.com/p/DENEDg6RMK-/,,,,TRUE,matched
3186563715402655059,https://www.instagram.com/p/Cw48tDmuWVT/,event,0.7,event,0.613,CONFIDENCE_UPDATED,-0.087,"{""meal_type"": ""breakfast"", ""cuisines"": [""seafood"", ""vegan"", ""coffee_cafe""], ""content_type"": ""event"", ""location"": {""name"": ""Coffee & Eggs"", ""slug"": ""coffee-eggs""}, ""signals"": {""meal_evidence"": {""breakfast"": [""eggs""], ""brunch"": [""brunch""], ""drinks"": [""gin""]}, ""cuisine_evidence"": {""seafood"": [""shrimp""], ""vegan"": [""vegan""], ""coffee_cafe"": [""coffee"", ""cafe""]}, ""content_evidence"": {""event"": [""live music""]}}, ""metadata"": {""hashtags"": [""atlantafood"", ""atlbrunch"", ""atleats"", ""atltantabrunch"", ""hosted""], ""mentions"": [""atllovesmo"", ""chancellor_s"", ""dwanbosman"", ""omnicoffeeandeggs""], ""likes"": 11883, ""comments"": 186, ""video_views"": 123044}}","{""meal_type"": ""breakfast"", ""cuisines"": [""coffee_cafe"", ""seafood"", ""vegan""], ""content_type"": ""event"", ""location"": {""name"": ""Coffee & Eggs"", ""slug"": null}, ""signals"": {""meal_evidence"": {""embedding_label"": ""snack"", ""embedding_similarity"": 0.396, ""baseline_label"": ""breakfast"", ""baseline_confidence"": 0.7, ""override"": false, ""reason"": ""embedding_disagrees_but_baseline_sufficient""}, ""cuisine_evidence"": {""embedding_cuisines"": [], ""embedding_similarities"": {}, ""baseline_cuisines"": [""coffee_cafe"", ""seafood"", ""vegan""], ""newly_detected"": [], ""removed"": [""coffee_cafe"", ""seafood"", ""vegan""], ""reason"": ""no_strong_embedding_matches_keep_baseline""}, ""content_evidence"": {""embedding_label"": ""food_spot"", ""embedding_similarity"": 0.428, ""second_label"": ""mixed"", ""second_similarity"": 0.212, ""margin"": 0.216, ""baseline_label"": ""event"", ""baseline_confidence"": 0.7, ""override"": false, ""reason"": ""embedding_disagrees_but_baseline_acceptable""}}, ""metadata"": {""hashtags"": [""atlantafood"", ""atlbrunch"", ""atleats"", ""atltantabrunch"", ""hosted""], ""mentions"": [""atllovesmo"", ""chancellor_s"", ""dwanbosman"", ""omnicoffeeandeggs""], ""refined_from"": ""rules-food-events-v1""}, ""refinement"": {""meal_type_evidence"": {""embedding_label"": ""snack"", ""embedding_similarity"": 0.396, ""baseline_label"": ""breakfast"", ""baseline_confidence"": 0.7, ""override"": false, ""reason"": ""embedding_disagrees_but_baseline_sufficient""}, ""cuisine_evidence"": {""embedding_cuisines"": [], ""embedding_similarities"": {}, ""baseline_cuisines"": [""coffee_cafe"", ""seafood"", ""vegan""], ""newly_detected"": [], ""removed"": [""coffee_cafe"", ""seafood"", ""vegan""], ""reason"": ""no_strong_embedding_matches_keep_baseline""}, ""content_type_evidence"": {""embedding_label"": ""food_spot"", ""embedding_similarity"": 0.428, ""second_label"": ""mixed"", ""second_similarity"": 0.212, ""margin"": 0.216, ""baseline_label"": ""event"", ""baseline_confidence"": 0.7, ""override"": false, ""reason"": ""embedding_disagrees_but_baseline_acceptable""}, ""needs_review"": false, ""category_adjustment_reason"": ""none""}}",breakfast,breakfast,event,event,seafood|vegan|coffee_cafe,coffee_cafe|seafood|vegan,False,none,https://www.instagram.com/p/Cw48tDmuWVT/,,,,TRUE,matched
3250353222534768038,https://www.instagram.com/p/C0bkwjnuyWm/,breakfast,0.7,breakfast,0.613,CONFIDENCE_UPDATED,-0.087,"{""meal_type"": ""breakfast"", ""cuisines"": [""italian""], ""content_type"": ""food_spot"", ""location"": {""name"": ""Double Zero"", ""slug"": ""double-zero""}, ""signals"": {""meal_evidence"": {""breakfast"": [""breakfast""], ""brunch"": [""brunch""], ""dessert"": [""donut""], ""drinks"": [""gin""], ""snack"": [""small bites""]}, ""cuisine_evidence"": {""italian"": [""pasta"", ""pizza""]}, ""content_evidence"": {""food_spot"": [""location_present""]}}, ""metadata"": {""hashtags"": [""atlantafood"", ""atlbrunch"", ""atleats"", ""decaturga"", ""wheretoeatinatlanta""], ""mentions"": [""atllovesmo"", ""no246atlanta""], ""likes"": 9035, ""comments"": 117, ""video_views"": 122369}}","{""meal_type"": ""breakfast"", ""cuisines"": [""american""], ""content_type"": ""food_spot"", ""location"": {""name"": ""Double Zero"", ""slug"": null}, ""signals"": {""meal_evidence"": {""embedding_label"": ""snack"", ""embedding_similarity"": 0.391, ""baseline_label"": ""breakfast"", ""baseline_confidence"": 0.7, ""override"": false, ""reason"": ""embedding_disagrees_but_baseline_sufficient""}, ""cuisine_evidence"": {""embedding_cuisines"": [""american""], ""embedding_similarities"": {""american"": 0.417}, ""baseline_cuisines"": [""italian""], ""newly_detected"": [""american""], ""removed"": [""italian""], ""reason"": ""embedding_refined_cuisine_list""}, ""content_evidence"": {""embedding_label"": ""food_spot"", ""embedding_similarity"": 0.332, ""second_label"": ""mixed"", ""second_similarity"": 0.207, ""margin"": 0.125, ""baseline_label"": ""food_spot"", ""baseline_confidence"": 0.7, ""override"": false, ""reason"": ""weak_embedding_match_keep_baseline""}}, ""metadata"": {""hashtags"": [""atlantafood"", ""atlbrunch"", ""atleats"", ""decaturga"", ""wheretoeatinatlanta""], ""mentions"": [""atllovesmo"", ""no246atlanta""], ""refined_from"": ""rules-food-events-v1""}, ""refinement"": {""meal_type_evidence"": {""embedding_label"": ""snack"", ""embedding_similarity"": 0.391, ""baseline_label"": ""breakfast"", ""baseline_confidence"": 0.7, ""override"": false, ""reason"": ""embedding_disagrees_but_baseline_sufficient""}, ""cuisine_evidence"": {""embedding_cuisines"": [""american""], ""embedding_similarities"": {""american"": 0.417}, ""baseline_cuisines"": [""italian""], ""newly_detected"": [""american""], ""removed"": [""italian""], ""reason"": ""embedding_refined_cuisine_list""}, ""content_type_evidence"": {""embedding_label"": ""food_spot"", ""embedding_similarity"": 0.332, ""second_label"": ""mixed"", ""second_similarity"": 0.207, ""margin"": 0.125, ""baseline_label"": ""food_spot"", ""baseline_confidence"": 0.7, ""override"": false, ""reason"": ""weak_embedding_match_keep_baseline""}, ""needs_review"": false, ""category_adjustment_reason"": ""none""}}",breakfast,breakfast,food_spot,food_spot,italian,american,False,none,https://www.instagram.com/p/C0bkwjnuyWm/,,,,TRUE,matched
3185838890476976669,https://www.instagram.com/p/Cw2X5dygTod/,event,0.95,event,0.866,CONFIDENCE_UPDATED,-0.084,"{""meal_type"": ""drinks"", ""cuisines"": [], ""content_type"": ""event"", ""location"": {""name"": ""Atlantic Station"", ""slug"": ""atlantic-station""}, ""signals"": {""meal_evidence"": {""drinks"": [""cocktail"", ""cocktails"", ""bar"", ""drink"", ""happy hour""]}, ""cuisine_evidence"": {}, ""content_evidence"": {""event"": [""event"", ""market"", ""ticket""]}}, ""metadata"": {""hashtags"": [""atlanta"", ""atlantadrink"", ""atlskate"", ""atlthingstodo"", ""hosted"", ""midnightmarket""], ""mentions"": [""atlanticstation"", ""atllovesmo"", ""gittsbajanpeppersauce"", ""midnightmarketatl"", ""sugar_shanes""], ""likes"": 12560, ""comments"": 195, ""video_views"": 120162}}","{""meal_type"": ""drinks"", ""cuisines"": [], ""content_type"": ""event"", ""location"": {""name"": ""Atlantic Station"", ""slug"": null}, ""signals"": {""meal_evidence"": {""embedding_label"": ""dinner"", ""embedding_similarity"": 0.305, ""baseline_label"": ""drinks"", ""baseline_confidence"": 0.95, ""override"": false, ""reason"": ""embedding_disagrees_but_baseline_sufficient""}, ""cuisine_evidence"": {""embedding_cuisines"": [], ""embedding_similarities"": {}, ""baseline_cuisines"": [], ""newly_detected"": [], ""removed"": [], ""reason"": ""no_strong_embedding_matches_keep_baseline""}, ""content_evidence"": {""embedding_label"": ""event"", ""embedding_similarity"": 0.425, ""second_label"": ""food_spot"", ""second_similarity"": 0.424, ""margin"": 0.0, ""baseline_label"": ""event"", ""baseline_confidence"": 0.95, ""override"": false, ""reason"": ""embedding_agrees_boost_baseline""}}, ""metadata"": {""hashtags"": [""atlanta"", ""atlantadrink"", ""atlskate"", ""atlthingstodo"", ""hosted"", ""midnightmarket""], ""mentions"": [""atlanticstation"", ""atllovesmo"", ""gittsbajanpeppersauce"", ""midnightmarketatl"", ""sugar_shanes""], ""refined_from"": ""rules-food-events-v1""}, ""refinement"": {""meal_type_evidence"": {""embedding_label"": ""dinner"", ""embedding_similarity"": 0.305, ""baseline_label"": ""drinks"", ""baseline_confidence"": 0.95, ""override"": false, ""reason"": ""embedding_disagrees_but_baseline_sufficient""}, ""cuisine_evidence"": {""embedding_cuisines"": [], ""embedding_similarities"": {}, ""baseline_cuisines"": [], ""newly_detected"": [], ""removed"": [], ""reason"": ""no_strong_embedding_matches_keep_baseline""}, ""content_type_evidence"": {""embedding_label"": ""event"", ""embedding_similarity"": 0.425, ""second_label"": ""food_spot"", ""second_similarity"": 0.424, ""margin"": 0.0, ""baseline_label"": ""event"", ""baseline_confidence"": 0.95, ""override"": false, ""reason"": ""embedding_agrees_boost_baseline""}, ""needs_review"": false, ""category_adjustment_reason"": ""none""}}",drinks,drinks,event,event,,,False,none,https://www.instagram.com/p/Cw2X5dygTod/,,,,TRUE,matched
3607917502421504601,https://www.instagram.com/p/DIR5dpWv5JZ/,dinner,0.7,dinner,0.63,CONFIDENCE_UPDATED,-0.07,"{""meal_type"": ""dinner"", ""cuisines"": [""american""], ""content_type"": ""food_spot"", ""location"": {""name"": ""Atlanta, Georgia"", ""slug"": ""atlanta-georgia""}, ""signals"": {""meal_evidence"": {""dinner"": [""date night""], ""drinks"": [""bar""]}, ""cuisine_evidence"": {""american"": [""southern""]}, ""content_evidence"": {""food_spot"": [""location_present""]}}, ""metadata"": {""hashtags"": [""atlantahotels"", ""atlblog"", ""atlfood"", ""thingstodoinatlanta""], ""mentions"": [""atllovesmo"", ""hotelgranada_atlanta"", ""maypeel_atlanta""], ""likes"": 20330, ""comments"": 168, ""video_views"": 118112}}","{""meal_type"": ""dinner"", ""cuisines"": [""american""], ""content_type"": ""food_spot"", ""location"": {""name"": ""Atlanta, Georgia"", ""slug"": null}, ""signals"": {""meal_evidence"": {""embedding_label"": ""dinner"", ""embedding_similarity"": 0.264, ""baseline_label"": ""dinner"", ""baseline_confidence"": 0.7, ""override"": false, ""reason"": ""weak_embedding_match_keep_baseline""}, ""cuisine_evidence"": {""embedding_cuisines"": [], ""embedding_similarities"": {}, ""baseline_cuisines"": [""american""], ""newly_detected"": [], ""removed"": [""american""], ""reason"": ""no_strong_embedding_matches_keep_baseline""}, ""content_evidence"": {""embedding_label"": ""food_spot"", ""embedding_similarity"": 0.381, ""second_label"": ""event"", ""second_similarity"": 0.225, ""margin"": 0.156, ""baseline_label"": ""food_spot"", ""baseline_confidence"": 0.7, ""override"": false, ""reason"": ""weak_embedding_match_keep_baseline""}}, ""metadata"": {""hashtags"": [""atlantahotels"", ""atlblog"", ""atlfood"", ""thingstodoinatlanta""], ""mentions"": [""atllovesmo"", ""hotelgranada_atlanta"", ""maypeel_atlanta""], ""refined_from"": ""rules-food-events-v1""}, ""refinement"": {""meal_type_evidence"": {""embedding_label"": ""dinner"", ""embedding_similarity"": 0.264, ""baseline_label"": ""dinner"", ""baseline_confidence"": 0.7, ""override"": false, ""reason"": ""weak_embedding_match_keep_baseline""}, ""cuisine_evidence"": {""embedding_cuisines"": [], ""embedding_similarities"": {}, ""baseline_cuisines"": [""american""], ""newly_detected"": [], ""removed"": [""american""], ""reason"": ""no_strong_embedding_matches_keep_baseline""}, ""content_type_evidence"": {""embedding_label"": ""food_spot"", ""embedding_similarity"": 0.381, ""second_label"": ""event"", ""second_similarity"": 0.225, ""margin"": 0.156, ""baseline_label"": ""food_spot"", ""baseline_confidence"": 0.7, ""override"": false, ""reason"": ""weak_embedding_match_keep_baseline""}, ""needs_review"": false, ""category_adjustment_reason"": ""none""}}",dinner,dinner,food_spot,food_spot,american,american,False,none,https://www.instagram.com/p/DIR5dpWv5JZ/,,,,TRUE,matched
3599806962239697791,https://www.instagram.com/p/DH1FVwMRnN_/,brunch,0.75,brunch,0.705,CONFIDENCE_UPDATED,-0.045,"{""meal_type"": ""brunch"", ""cuisines"": [""american"", ""seafood"", ""bakery"", ""coffee_cafe""], ""content_type"": ""food_spot"", ""location"": {""name"": ""Atlanta, Georgia"", ""slug"": ""atlanta-georgia""}, ""signals"": {""meal_evidence"": {""breakfast"": [""pancake""], ""brunch"": [""brunch"", ""mimosa""], ""lunch"": [""sandwich""], ""dessert"": [""cake""]}, ""cuisine_evidence"": {""american"": [""southern""], ""seafood"": [""crab"", ""fish""], ""bakery"": [""pastry""], ""coffee_cafe"": [""coffee""]}, ""content_evidence"": {""food_spot"": [""location_present""]}}, ""metadata"": {""hashtags"": [""atlblog"", ""atlbrunch"", ""atleats"", ""thingstodoinatlanta""], ""mentions"": [""atllovesmo"", ""morningbirdsrestaurant""], ""likes"": 15239, ""comments"": 185, ""video_views"": 117311}}","{""meal_type"": ""brunch"", ""cuisines"": [""american""], ""content_type"": ""food_spot"", ""location"": {""name"": ""Atlanta, Georgia"", ""slug"": null}, ""signals"": {""meal_evidence"": {""embedding_label"": ""brunch"", ""embedding_similarity"": 0.44, ""baseline_label"": ""brunch"", ""baseline_confidence"": 0.75, ""override"": false, ""reason"": ""embedding_agrees_boost_baseline""}, ""cuisine_evidence"": {""embedding_cuisines"": [""american""], ""embedding_similarities"": {""american"": 0.456}, ""baseline_cuisines"": [""american"", ""bakery"", ""coffee_cafe"", ""seafood""], ""newly_detected"": [], ""removed"": [""bakery"", ""coffee_cafe"", ""seafood""], ""reason"": ""embedding_refined_cuisine_list""}, ""content_evidence"": {""embedding_label"": ""food_spot"", ""embedding_similarity"": 0.343, ""second_label"": ""mixed"", ""second_similarity"": 0.277, ""margin"": 0.066, ""baseline_label"": ""food_spot"", ""baseline_confidence"": 0.75, ""override"": false, ""reason"": ""weak_embedding_match_keep_baseline""}}, ""metadata"": {""hashtags"": [""atlblog"", ""atlbrunch"", ""atleats"", ""thingstodoinatlanta""], ""mentions"": [""atllovesmo"", ""morningbirdsrestaurant""], ""refined_from"": ""rules-food-events-v1""}, ""refinement"": {""meal_type_evidence"": {""embedding_label"": ""brunch"", ""embedding_similarity"": 0.44, ""baseline_label"": ""brunch"", ""baseline_confidence"": 0.75, ""override"": false, ""reason"": ""embedding_agrees_boost_baseline""}, ""cuisine_evidence"": {""embedding_cuisines"": [""american""], ""embedding_similarities"": {""american"": 0.456}, ""baseline_cuisines"": [""american"", ""bakery"", ""coffee_cafe"", ""seafood""], ""newly_detected"": [], ""removed"": [""bakery"", ""coffee_cafe"", ""seafood""], ""reason"": ""embedding_refined_cuisine_list""}, ""content_type_evidence"": {""embedding_label"": ""food_spot"", ""embedding_similarity"": 0.343, ""second_label"": ""mixed"", ""second_similarity"": 0.277, ""margin"": 0.066, ""baseline_label"": ""food_spot"", ""baseline_confidence"": 0.75, ""override"": false, ""reason"": ""weak_embedding_match_keep_baseline""}, ""needs_review"": false, ""category_adjustment_reason"": ""none""}}",brunch,brunch,food_spot,food_spot,american|seafood|bakery|coffee_cafe,american,False,none,https://www.instagram.com/p/DH1FVwMRnN_/,,,,TRUE,matched
3333710616730762979,https://www.instagram.com/p/C5DuCSmL37j/,drinks,0.95,drinks,0.886,CONFIDENCE_UPDATED,-0.064,"{""meal_type"": ""drinks"", ""cuisines"": [""japanese"", ""chinese"", ""thai"", ""indian""], ""content_type"": ""food_spot"", ""location"": {""name"": ""Atlanta, Georgia"", ""slug"": ""atlanta-georgia""}, ""signals"": {""meal_evidence"": {""dessert"": [""cake""], ""drinks"": [""cocktail"", ""cocktails"", ""bar"", ""drink"", ""gin""]}, ""cuisine_evidence"": {""japanese"": [""ramen""], ""chinese"": [""dumpling""], ""thai"": [""thai"", ""pad thai""], ""indian"": [""curry""]}, ""content_evidence"": {""food_spot"": [""location_present""]}}, ""metadata"": {""hashtags"": [""atlantabeltline"", ""atlantafood"", ""atlblog"", ""atleats"", ""atlfoodie""], ""mentions"": [""atllovesmo"", ""eathawkers""], ""likes"": 11490, ""comments"": 213, ""video_views"": 117029}}","{""meal_type"": ""drinks"", ""cuisines"": [""indian"", ""thai""], ""content_type"": ""food_spot"", ""location"": {""name"": ""Atlanta, Georgia"", ""slug"": null}, ""signals"": {""meal_evidence"": {""embedding_label"": ""drinks"", ""embedding_similarity"": 0.306, ""baseline_label"": ""drinks"", ""baseline_confidence"": 0.95, ""override"": false, ""reason"": ""embedding_agrees_boost_baseline""}, ""cuisine_evidence"": {""embedding_cuisines"": [""indian"", ""thai""], ""embedding_similarities"": {""thai"": 0.537, ""indian"": 0.401}, ""baseline_cuisines"": [""chinese"", ""indian"", ""japanese"", ""thai""], ""newly_detected"": [], ""removed"": [""chinese"", ""japanese""], ""reason"": ""embedding_refined_cuisine_list""}, ""content_evidence"": {""embedding_label"": ""food_spot"", ""embedding_similarity"": 0.252, ""second_label"": ""mixed"", ""second_similarity"": 0.154, ""margin"": 0.098, ""baseline_label"": ""food_spot"", ""baseline_confidence"": 0.95, ""override"": false, ""reason"": ""weak_embedding_match_keep_baseline""}}, ""metadata"": {""hashtags"": [""atlantabeltline"", ""atlantafood"", ""atlblog"", ""atleats"", ""atlfoodie""], ""mentions"": [""atllovesmo"", ""eathawkers""], ""refined_from"": ""rules-food-events-v1""}, ""refinement"": {""meal_type_evidence"": {""embedding_label"": ""drinks"", ""embedding_similarity"": 0.306, ""baseline_label"": ""drinks"", ""baseline_confidence"": 0.95, ""override"": false, ""reason"": ""embedding_agrees_boost_baseline""}, ""cuisine_evidence"": {""embedding_cuisines"": [""indian"", ""thai""], ""embedding_similarities"": {""thai"": 0.537, ""indian"": 0.401}, ""baseline_cuisines"": [""chinese"", ""indian"", ""japanese"", ""thai""], ""newly_detected"": [], ""removed"": [""chinese"", ""japanese""], ""reason"": ""embedding_refined_cuisine_list""}, ""content_type_evidence"": {""embedding_label"": ""food_spot"", ""embedding_similarity"": 0.252, ""second_label"": ""mixed"", ""second_similarity"": 0.154, ""margin"": 0.098, ""baseline_label"": ""food_spot"", ""baseline_confidence"": 0.95, ""override"": false, ""reason"": ""weak_embedding_match_keep_baseline""}, ""needs_review"": false, ""category_adjustment_reason"": ""none""}}",drinks,drinks,food_spot,food_spot,japanese|chinese|thai|indian,indian|thai,False,none,https://www.instagram.com/p/C5DuCSmL37j/,,,,TRUE,matched
3307637609050739210,https://www.instagram.com/p/C3nFuF9MRIK/,event,0.85,event,0.798,CONFIDENCE_UPDATED,-0.052,"{""meal_type"": ""dinner"", ""cuisines"": [""seafood""], ""content_type"": ""event"", ""location"": {""name"": ""LEE + WHITE"", ""slug"": ""lee-white""}, ""signals"": {""meal_evidence"": {""lunch"": [""lunch""], ""dinner"": [""date night"", ""supper"", ""tasting menu""], ""drinks"": [""bar""]}, ""cuisine_evidence"": {""seafood"": [""oyster""]}, ""content_evidence"": {""event"": [""market""]}}, ""metadata"": {""hashtags"": [""atldatenight"", ""atleats"", ""atlfoodie"", ""thingstodoinatlanta""], ""mentions"": [""atllovesmo"", ""bovinoafterdark"", ""herobovinoatl"", ""hopcityatl"", ""leeandwhite"", ""resy"", ""saltyourfood_atl""], ""likes"": 8812, ""comments"": 162, ""video_views"": 113730}}","{""meal_type"": ""dinner"", ""cuisines"": [""seafood""], ""content_type"": ""event"", ""location"": {""name"": ""LEE + WHITE"", ""slug"": null}, ""signals"": {""meal_evidence"": {""embedding_label"": ""dinner"", ""embedding_similarity"": 0.485, ""baseline_label"": ""dinner"", ""baseline_confidence"": 0.85, ""override"": false, ""reason"": ""embedding_agrees_boost_baseline""}, ""cuisine_evidence"": {""embedding_cuisines"": [], ""embedding_similarities"": {}, ""baseline_cuisines"": [""seafood""], ""newly_detected"": [], ""removed"": [""seafood""], ""reason"": ""no_strong_embedding_matches_keep_baseline""}, ""content_evidence"": {""embedding_label"": ""food_spot"", ""embedding_similarity"": 0.452, ""second_label"": ""mixed"", ""second_similarity"": 0.231, ""margin"": 0.221, ""baseline_label"": ""event"", ""baseline_confidence"": 0.85, ""override"": false, ""reason"": ""embedding_disagrees_but_baseline_acceptable""}}, ""metadata"": {""hashtags"": [""atldatenight"", ""atleats"", ""atlfoodie"", ""thingstodoinatlanta""], ""mentions"": [""atllovesmo"", ""bovinoafterdark"", ""herobovinoatl"", ""hopcityatl"", ""leeandwhite"", ""resy"", ""saltyourfood_atl""], ""refined_from"": ""rules-food-events-v1""}, ""refinement"": {""meal_type_evidence"": {""embedding_label"": ""dinner"", ""embedding_similarity"": 0.485, ""baseline_label"": ""dinner"", ""baseline_confidence"": 0.85, ""override"": false, ""reason"": ""embedding_agrees_boost_baseline""}, ""cuisine_evidence"": {""embedding_cuisines"": [], ""embedding_similarities"": {}, ""baseline_cuisines"": [""seafood""], ""newly_detected"": [], ""removed"": [""seafood""], ""reason"": ""no_strong_embedding_matches_keep_baseline""}, ""content_type_evidence"": {""embedding_label"": ""food_spot"", ""embedding_similarity"": 0.452, ""second_label"": ""mixed"", ""second_similarity"": 0.231, ""margin"": 0.221, ""baseline_label"": ""event"", ""baseline_confidence"": 0.85, ""override"": false, ""reason"": ""embedding_disagrees_but_baseline_acceptable""}, ""needs_review"": false, ""category_adjustment_reason"": ""none""}}",dinner,dinner,event,event,seafood,seafood,False,none,https://www.instagram.com/p/C3nFuF9MRIK/,,,,TRUE,matched
3304840401674682705,https://www.instagram.com/p/C3dJtXlLcFR/,unknown,0.7,unknown,0.63,CONFIDENCE_UPDATED,-0.07,"{""meal_type"": ""unknown"", ""cuisines"": [], ""content_type"": ""food_spot"", ""location"": {""name"": ""Pratt Pullman District"", ""slug"": ""pratt-pullman-district""}, ""signals"": {""meal_evidence"": {}, ""cuisine_evidence"": {}, ""content_evidence"": {""food_spot"": [""location_present""]}}, ""metadata"": {""hashtags"": [], ""mentions"": [""atllovesmo"", ""balloon_museum"", ""prattpullmandistrict""], ""likes"": 11838, ""comments"": 181, ""video_views"": 113167}}","{""meal_type"": ""unknown"", ""cuisines"": [], ""content_type"": ""food_spot"", ""location"": {""name"": ""Pratt Pullman District"", ""slug"": null}, ""signals"": {""meal_evidence"": {""embedding_label"": ""drinks"", ""embedding_similarity"": 0.165, ""baseline_label"": ""unknown"", ""baseline_confidence"": 0.7, ""override"": false, ""reason"": ""weak_embedding_match_keep_baseline""}, ""cuisine_evidence"": {""embedding_cuisines"": [], ""embedding_similarities"": {}, ""baseline_cuisines"": [], ""newly_detected"": [], ""removed"": [], ""reason"": ""no_strong_embedding_matches_keep_baseline""}, ""content_evidence"": {""embedding_label"": ""activity"", ""embedding_similarity"": 0.341, ""second_label"": ""event"", ""second_similarity"": 0.212, ""margin"": 0.129, ""baseline_label"": ""food_spot"", ""baseline_confidence"": 0.7, ""override"": false, ""reason"": ""weak_embedding_match_keep_baseline""}}, ""metadata"": {""hashtags"": [], ""mentions"": [""atllovesmo"", ""balloon_museum"", ""prattpullmandistrict""], ""refined_from"": ""rules-food-events-v1""}, ""refinement"": {""meal_type_evidence"": {""embedding_label"": ""drinks"", ""embedding_similarity"": 0.165, ""baseline_label"": ""unknown"", ""baseline_confidence"": 0.7, ""override"": false, ""reason"": ""weak_embedding_match_keep_baseline""}, ""cuisine_evidence"": {""embedding_cuisines"": [], ""embedding_similarities"": {}, ""baseline_cuisines"": [], ""newly_detected"": [], ""removed"": [], ""reason"": ""no_strong_embedding_matches_keep_baseline""}, ""content_type_evidence"": {""embedding_label"": ""activity"", ""embedding_similarity"": 0.341, ""second_label"": ""event"", ""second_similarity"": 0.212, ""margin"": 0.129, ""baseline_label"": ""food_spot"", ""baseline_confidence"": 0.7, ""override"": false, ""reason"": ""weak_embedding_match_keep_baseline""}, ""needs_review"": true, ""category_adjustment_reason"": ""none""}}",unknown,unknown,food_spot,food_spot,,,True,none,https://www.instagram.com/p/C3dJtXlLcFR/,,,,TRUE,matched
3376564199622003794,https://www.instagram.com/p/C7b9z_vxUxS/,drinks,0.75,drinks,0.675,CONFIDENCE_UPDATED,-0.075,"{""meal_type"": ""drinks"", ""cuisines"": [""chinese"", ""thai"", ""seafood""], ""content_type"": ""food_spot"", ""location"": {""name"": ""Atlanta, Georgia"", ""slug"": ""atlanta-georgia""}, ""signals"": {""meal_evidence"": {""drinks"": [""gin"", ""shot""]}, ""cuisine_evidence"": {""chinese"": [""dumpling""], ""thai"": [""thai""], ""seafood"": [""lobster""]}, ""content_evidence"": {""food_spot"": [""location_present""]}}, ""metadata"": {""hashtags"": [""atlblog"", ""atleats"", ""atlfoodie"", ""atlthaifood""], ""mentions"": [""atllovesmo"", ""lamoon_atl"", ""virginiahighlanddistrict""], ""likes"": 10126, ""comments"": 118, ""video_views"": 111993}}","{""meal_type"": ""drinks"", ""cuisines"": [""american""], ""content_type"": ""food_spot"", ""location"": {""name"": ""Atlanta, Georgia"", ""slug"": null}, ""signals"": {""meal_evidence"": {""embedding_label"": ""snack"", ""embedding_similarity"": 0.299, ""baseline_label"": ""drinks"", ""baseline_confidence"": 0.75, ""override"": false, ""reason"": ""weak_embedding_match_keep_baseline""}, ""cuisine_evidence"": {""embedding_cuisines"": [""american""], ""embedding_similarities"": {""american"": 0.415}, ""baseline_cuisines"": [""chinese"", ""seafood"", ""thai""], ""newly_detected"": [""american""], ""removed"": [""chinese"", ""seafood"", ""thai""], ""reason"": ""embedding_refined_cuisine_list""}, ""content_evidence"": {""embedding_label"": ""food_spot"", ""embedding_similarity"": 0.347, ""second_label"": ""mixed"", ""second_similarity"": 0.25, ""margin"": 0.097, ""baseline_label"": ""food_spot"", ""baseline_confidence"": 0.75, ""override"": false, ""reason"": ""weak_embedding_match_keep_baseline""}}, ""metadata"": {""hashtags"": [""atlblog"", ""atleats"", ""atlfoodie"", ""atlthaifood""], ""mentions"": [""atllovesmo"", ""lamoon_atl"", ""virginiahighlanddistrict""], ""refined_from"": ""rules-food-events-v1""}, ""refinement"": {""meal_type_evidence"": {""embedding_label"": ""snack"", ""embedding_similarity"": 0.299, ""baseline_label"": ""drinks"", ""baseline_confidence"": 0.75, ""override"": false, ""reason"": ""weak_embedding_match_keep_baseline""}, ""cuisine_evidence"": {""embedding_cuisines"": [""american""], ""embedding_similarities"": {""american"": 0.415}, ""baseline_cuisines"": [""chinese"", ""seafood"", ""thai""], ""newly_detected"": [""american""], ""removed"": [""chinese"", ""seafood"", ""thai""], ""reason"": ""embedding_refined_cuisine_list""}, ""content_type_evidence"": {""embedding_label"": ""food_spot"", ""embedding_similarity"": 0.347, ""second_label"": ""mixed"", ""second_similarity"": 0.25, ""margin"": 0.097, ""baseline_label"": ""food_spot"", ""baseline_confidence"": 0.75, ""override"": false, ""reason"": ""weak_embedding_match_keep_baseline""}, ""needs_review"": false, ""category_adjustment_reason"": ""none""}}",drinks,drinks,food_spot,food_spot,chinese|thai|seafood,american,False,none,https://www.instagram.com/p/C7b9z_vxUxS/,,,,TRUE,matched
3607183790624806562,https://www.instagram.com/p/DIPSou_vRai/,event,0.85,event,0.744,CONFIDENCE_UPDATED,-0.106,"{""meal_type"": ""drinks"", ""cuisines"": [], ""content_type"": ""event"", ""location"": {""name"": ""Atlanta, Georgia"", ""slug"": ""atlanta-georgia""}, ""signals"": {""meal_evidence"": {""drinks"": [""cocktail"", ""drink"", ""drinks""]}, ""cuisine_evidence"": {}, ""content_evidence"": {""event"": [""event"", ""market""]}}, ""metadata"": {""hashtags"": [""atlantafood"", ""atleats"", ""atlfoodie"", ""atlmarket""], ""mentions"": [""atllovesmo"", ""blameitonthealcohall"", ""chefsmarketatl"", ""prattpullmandistrict""], ""likes"": 17731, ""comments"": 148, ""video_views"": 110738}}","{""meal_type"": ""drinks"", ""cuisines"": [""american""], ""content_type"": ""event"", ""location"": {""name"": ""Atlanta, Georgia"", ""slug"": null}, ""signals"": {""meal_evidence"": {""embedding_label"": ""snack"", ""embedding_similarity"": 0.362, ""baseline_label"": ""drinks"", ""baseline_confidence"": 0.85, ""override"": false, ""reason"": ""embedding_disagrees_but_baseline_sufficient""}, ""cuisine_evidence"": {""embedding_cuisines"": [""american""], ""embedding_similarities"": {""american"": 0.401}, ""baseline_cuisines"": [], ""newly_detected"": [""american""], ""removed"": [], ""reason"": ""embedding_refined_cuisine_list""}, ""content_evidence"": {""embedding_label"": ""food_spot"", ""embedding_similarity"": 0.444, ""second_label"": ""event"", ""second_similarity"": 0.33, ""margin"": 0.113, ""baseline_label"": ""event"", ""baseline_confidence"": 0.85, ""override"": false, ""reason"": ""embedding_disagrees_but_baseline_acceptable""}}, ""metadata"": {""hashtags"": [""atlantafood"", ""atleats"", ""atlfoodie"", ""atlmarket""], ""mentions"": [""atllovesmo"", ""blameitonthealcohall"", ""chefsmarketatl"", ""prattpullmandistrict""], ""refined_from"": ""rules-food-events-v1""}, ""refinement"": {""meal_type_evidence"": {""embedding_label"": ""snack"", ""embedding_similarity"": 0.362, ""baseline_label"": ""drinks"", ""baseline_confidence"": 0.85, ""override"": false, ""reason"": ""embedding_disagrees_but_baseline_sufficient""}, ""cuisine_evidence"": {""embedding_cuisines"": [""american""], ""embedding_similarities"": {""american"": 0.401}, ""baseline_cuisines"": [], ""newly_detected"": [""american""], ""removed"": [], ""reason"": ""embedding_refined_cuisine_list""}, ""content_type_evidence"": {""embedding_label"": ""food_spot"", ""embedding_similarity"": 0.444, ""second_label"": ""event"", ""second_similarity"": 0.33, ""margin"": 0.113, ""baseline_label"": ""event"", ""baseline_confidence"": 0.85, ""override"": false, ""reason"": ""embedding_disagrees_but_baseline_acceptable""}, ""needs_review"": false, ""category_adjustment_reason"": ""none""}}",drinks,drinks,event,event,,american,False,none,https://www.instagram.com/p/DIPSou_vRai/,,,,TRUE,matched
3177267599054724471,https://www.instagram.com/p/CwX7AwmA913/,event,0.8,event,0.752,CONFIDENCE_UPDATED,-0.048,"{""meal_type"": ""unknown"", ""cuisines"": [], ""content_type"": ""event"", ""location"": {""name"": ""Atlanta, Georgia"", ""slug"": ""atlanta-georgia""}, ""signals"": {""meal_evidence"": {}, ""cuisine_evidence"": {}, ""content_evidence"": {""event"": [""event"", ""live music"", ""ticket""]}}, ""metadata"": {""hashtags"": [], ""mentions"": [""atllovesmo"", ""tickpick""], ""likes"": 5649, ""comments"": 113, ""video_views"": 110235}}","{""meal_type"": ""unknown"", ""cuisines"": [], ""content_type"": ""event"", ""location"": {""name"": ""Atlanta, Georgia"", ""slug"": null}, ""signals"": {""meal_evidence"": {""embedding_label"": ""snack"", ""embedding_similarity"": 0.157, ""baseline_label"": ""unknown"", ""baseline_confidence"": 0.8, ""override"": false, ""reason"": ""weak_embedding_match_keep_baseline""}, ""cuisine_evidence"": {""embedding_cuisines"": [], ""embedding_similarities"": {}, ""baseline_cuisines"": [], ""newly_detected"": [], ""removed"": [], ""reason"": ""no_strong_embedding_matches_keep_baseline""}, ""content_evidence"": {""embedding_label"": ""event"", ""embedding_similarity"": 0.479, ""second_label"": ""activity"", ""second_similarity"": 0.27, ""margin"": 0.209, ""baseline_label"": ""event"", ""baseline_confidence"": 0.8, ""override"": false, ""reason"": ""embedding_agrees_boost_baseline""}}, ""metadata"": {""hashtags"": [], ""mentions"": [""atllovesmo"", ""tickpick""], ""refined_from"": ""rules-food-events-v1""}, ""refinement"": {""meal_type_evidence"": {""embedding_label"": ""snack"", ""embedding_similarity"": 0.157, ""baseline_label"": ""unknown"", ""baseline_confidence"": 0.8, ""override"": false, ""reason"": ""weak_embedding_match_keep_baseline""}, ""cuisine_evidence"": {""embedding_cuisines"": [], ""embedding_similarities"": {}, ""baseline_cuisines"": [], ""newly_detected"": [], ""removed"": [], ""reason"": ""no_strong_embedding_matches_keep_baseline""}, ""content_type_evidence"": {""embedding_label"": ""event"", ""embedding_similarity"": 0.479, ""second_label"": ""activity"", ""second_similarity"": 0.27, ""margin"": 0.209, ""baseline_label"": ""event"", ""baseline_confidence"": 0.8, ""override"": false, ""reason"": ""embedding_agrees_boost_baseline""}, ""needs_review"": false, ""category_adjustment_reason"": ""none""}}",unknown,unknown,event,event,,,False,none,https://www.instagram.com/p/CwX7AwmA913/,,,,TRUE,matched
3482327969681593815,https://www.instagram.com/p/DBTttaYR1XX/,drinks,0.75,drinks,0.685,CONFIDENCE_UPDATED,-0.065,"{""meal_type"": ""drinks"", ""cuisines"": [""italian"", ""coffee_cafe""], ""content_type"": ""food_spot"", ""location"": {""name"": ""Atlanta, Georgia"", ""slug"": ""atlanta-georgia""}, ""signals"": {""meal_evidence"": {""dinner"": [""date night""], ""drinks"": [""wine"", ""martini""]}, ""cuisine_evidence"": {""italian"": [""pasta"", ""gnocchi""], ""coffee_cafe"": [""espresso""]}, ""content_evidence"": {""food_spot"": [""location_present""]}}, ""metadata"": {""hashtags"": [""atlblog"", ""atldatenight"", ""atleats"", ""atlfoodie""], ""mentions"": [""atllovesmo"", ""forzastorico"", ""westsideprovisions""], ""likes"": 13181, ""comments"": 173, ""video_views"": 108770}}","{""meal_type"": ""drinks"", ""cuisines"": [""coffee_cafe"", ""italian""], ""content_type"": ""food_spot"", ""location"": {""name"": ""Atlanta, Georgia"", ""slug"": null}, ""signals"": {""meal_evidence"": {""embedding_label"": ""dinner"", ""embedding_similarity"": 0.326, ""baseline_label"": ""drinks"", ""baseline_confidence"": 0.75, ""override"": false, ""reason"": ""embedding_disagrees_but_baseline_sufficient""}, ""cuisine_evidence"": {""embedding_cuisines"": [], ""embedding_similarities"": {}, ""baseline_cuisines"": [""coffee_cafe"", ""italian""], ""newly_detected"": [], ""removed"": [""coffee_cafe"", ""italian""], ""reason"": ""no_strong_embedding_matches_keep_baseline""}, ""content_evidence"": {""embedding_label"": ""food_spot"", ""embedding_similarity"": 0.415, ""second_label"": ""mixed"", ""second_similarity"": 0.183, ""margin"": 0.232, ""baseline_label"": ""food_spot"", ""baseline_confidence"": 0.75, ""override"": false, ""reason"": ""embedding_agrees_boost_baseline""}}, ""metadata"": {""hashtags"": [""atlblog"", ""atldatenight"", ""atleats"", ""atlfoodie""], ""mentions"": [""atllovesmo"", ""forzastorico"", ""westsideprovisions""], ""refined_from"": ""rules-food-events-v1""}, ""refinement"": {""meal_type_evidence"": {""embedding_label"": ""dinner"", ""embedding_similarity"": 0.326, ""baseline_label"": ""drinks"", ""baseline_confidence"": 0.75, ""override"": false, ""reason"": ""embedding_disagrees_but_baseline_sufficient""}, ""cuisine_evidence"": {""embedding_cuisines"": [], ""embedding_similarities"": {}, ""baseline_cuisines"": [""coffee_cafe"", ""italian""], ""newly_detected"": [], ""removed"": [""coffee_cafe"", ""italian""], ""reason"": ""no_strong_embedding_matches_keep_baseline""}, ""content_type_evidence"": {""embedding_label"": ""food_spot"", ""embedding_similarity"": 0.415, ""second_label"": ""mixed"", ""second_similarity"": 0.183, ""margin"": 0.232, ""baseline_label"": ""food_spot"", ""baseline_confidence"": 0.75, ""override"": false, ""reason"": ""embedding_agrees_boost_baseline""}, ""needs_review"": false, ""category_adjustment_reason"": ""none""}}",drinks,drinks,food_spot,food_spot,italian|coffee_cafe,coffee_cafe|italian,False,none,https://www.instagram.com/p/DBTttaYR1XX/,,,,TRUE,matched
3429360995980779390,https://www.instagram.com/p/C-XiagEA59-/,dinner,0.75,dinner,0.738,CONFIDENCE_UPDATED,-0.012,"{""meal_type"": ""dinner"", ""cuisines"": [""mediterranean"", ""coffee_cafe""], ""content_type"": ""food_spot"", ""location"": {""name"": ""Atlanta, Georgia"", ""slug"": ""atlanta-georgia""}, ""signals"": {""meal_evidence"": {""dinner"": [""dinner"", ""date night""], ""drinks"": [""bar"", ""drink""]}, ""cuisine_evidence"": {""mediterranean"": [""mediterranean"", ""falafel"", ""hummus""], ""coffee_cafe"": [""cafe""]}, ""content_evidence"": {""food_spot"": [""location_present""]}}, ""metadata"": {""hashtags"": [], ""mentions"": [""atlantabeltline"", ""barpremioatlanta"", ""elektraatl"", ""forthatlanta""], ""likes"": 13493, ""comments"": 114, ""video_views"": 105083}}","{""meal_type"": ""dinner"", ""cuisines"": [""coffee_cafe"", ""mediterranean""], ""content_type"": ""food_spot"", ""location"": {""name"": ""Atlanta, Georgia"", ""slug"": null}, ""signals"": {""meal_evidence"": {""embedding_label"": ""dinner"", ""embedding_similarity"": 0.51, ""baseline_label"": ""dinner"", ""baseline_confidence"": 0.75, ""override"": false, ""reason"": ""embedding_agrees_boost_baseline""}, ""cuisine_evidence"": {""embedding_cuisines"": [], ""embedding_similarities"": {}, ""baseline_cuisines"": [""coffee_cafe"", ""mediterranean""], ""newly_detected"": [], ""removed"": [""coffee_cafe"", ""mediterranean""], ""reason"": ""no_strong_embedding_matches_keep_baseline""}, ""content_evidence"": {""embedding_label"": ""food_spot"", ""embedding_similarity"": 0.495, ""second_label"": ""event"", ""second_similarity"": 0.299, ""margin"": 0.197, ""baseline_label"": ""food_spot"", ""baseline_confidence"": 0.75, ""override"": false, ""reason"": ""embedding_agrees_boost_baseline""}}, ""metadata"": {""hashtags"": [], ""mentions"": [""atlantabeltline"", ""barpremioatlanta"", ""elektraatl"", ""forthatlanta""], ""refined_from"": ""rules-food-events-v1""}, ""refinement"": {""meal_type_evidence"": {""embedding_label"": ""dinner"", ""embedding_similarity"": 0.51, ""baseline_label"": ""dinner"", ""baseline_confidence"": 0.75, ""override"": false, ""reason"": ""embedding_agrees_boost_baseline""}, ""cuisine_evidence"": {""embedding_cuisines"": [], ""embedding_similarities"": {}, ""baseline_cuisines"": [""coffee_cafe"", ""mediterranean""], ""newly_detected"": [], ""removed"": [""coffee_cafe"", ""mediterranean""], ""reason"": ""no_strong_embedding_matches_keep_baseline""}, ""content_type_evidence"": {""embedding_label"": ""food_spot"", ""embedding_similarity"": 0.495, ""second_label"": ""event"", ""second_similarity"": 0.299, ""margin"": 0.197, ""baseline_label"": ""food_spot"", ""baseline_confidence"": 0.75, ""override"": false, ""reason"": ""embedding_agrees_boost_baseline""}, ""needs_review"": false, ""category_adjustment_reason"": ""none""}}",dinner,dinner,food_spot,food_spot,mediterranean|coffee_cafe,coffee_cafe|mediterranean,False,none,https://www.instagram.com/p/C-XiagEA59-/,,,,TRUE,matched
3604903734666583379,https://www.instagram.com/p/DIHMNjaR91T/,drinks,0.75,drinks,0.675,CONFIDENCE_UPDATED,-0.075,"{""meal_type"": ""drinks"", ""cuisines"": [], ""content_type"": ""food_spot"", ""location"": {""name"": ""Atlanta, Georgia"", ""slug"": ""atlanta-georgia""}, ""signals"": {""meal_evidence"": {""dinner"": [""date night""], ""drinks"": [""cocktail"", ""drink""]}, ""cuisine_evidence"": {}, ""content_evidence"": {""food_spot"": [""location_present""]}}, ""metadata"": {""hashtags"": [""atlblog"", ""atldance"", ""atldatenight"", ""thingstodoinatlanta""], ""mentions"": [""atllovesmo"", ""drinkninedot."", ""elmalo.atl"", ""johnnyshideaway"", ""jojosbeloved"", ""mjqofficial"", ""pisces.atl"", ""politanrow.colonysquare."", ""underground_atlanta.""], ""likes"": 24098, ""comments"": 185, ""video_views"": 104911}}","{""meal_type"": ""drinks"", ""cuisines"": [], ""content_type"": ""food_spot"", ""location"": {""name"": ""Atlanta, Georgia"", ""slug"": null}, ""signals"": {""meal_evidence"": {""embedding_label"": ""dinner"", ""embedding_similarity"": 0.269, ""baseline_label"": ""drinks"", ""baseline_confidence"": 0.75, ""override"": false, ""reason"": ""weak_embedding_match_keep_baseline""}, ""cuisine_evidence"": {""embedding_cuisines"": [], ""embedding_similarities"": {}, ""baseline_cuisines"": [], ""newly_detected"": [], ""removed"": [], ""reason"": ""no_strong_embedding_matches_keep_baseline""}, ""content_evidence"": {""embedding_label"": ""food_spot"", ""embedding_similarity"": 0.396, ""second_label"": ""activity"", ""second_similarity"": 0.336, ""margin"": 0.061, ""baseline_label"": ""food_spot"", ""baseline_confidence"": 0.75, ""override"": false, ""reason"": ""weak_embedding_match_keep_baseline""}}, ""metadata"": {""hashtags"": [""atlblog"", ""atldance"", ""atldatenight"", ""thingstodoinatlanta""], ""mentions"": [""atllovesmo"", ""drinkninedot."", ""elmalo.atl"", ""johnnyshideaway"", ""jojosbeloved"", ""mjqofficial"", ""pisces.atl"", ""politanrow.colonysquare."", ""underground_atlanta.""], ""refined_from"": ""rules-food-events-v1""}, ""refinement"": {""meal_type_evidence"": {""embedding_label"": ""dinner"", ""embedding_similarity"": 0.269, ""baseline_label"": ""drinks"", ""baseline_confidence"": 0.75, ""override"": false, ""reason"": ""weak_embedding_match_keep_baseline""}, ""cuisine_evidence"": {""embedding_cuisines"": [], ""embedding_similarities"": {}, ""baseline_cuisines"": [], ""newly_detected"": [], ""removed"": [], ""reason"": ""no_strong_embedding_matches_keep_baseline""}, ""content_type_evidence"": {""embedding_label"": ""food_spot"", ""embedding_similarity"": 0.396, ""second_label"": ""activity"", ""second_similarity"": 0.336, ""margin"": 0.061, ""baseline_label"": ""food_spot"", ""baseline_confidence"": 0.75, ""override"": false, ""reason"": ""weak_embedding_match_keep_baseline""}, ""needs_review"": false, ""category_adjustment_reason"": ""none""}}",drinks,drinks,food_spot,food_spot,,,False,none,https://www.instagram.com/p/DIHMNjaR91T/,,,,TRUE,matched
3562288058822717806,https://www.instagram.com/p/DFvyh2dvnFu/,event,0.85,event,0.795,CONFIDENCE_UPDATED,-0.055,"{""meal_type"": ""drinks"", ""cuisines"": [""japanese"", ""bbq"", ""coffee_cafe""], ""content_type"": ""event"", ""location"": {""name"": ""Atlanta, Georgia"", ""slug"": ""atlanta-georgia""}, ""signals"": {""meal_evidence"": {""dinner"": [""date night""], ""drinks"": [""cocktail"", ""cocktails"", ""bar""]}, ""cuisine_evidence"": {""japanese"": [""omakase""], ""bbq"": [""smoked""], ""coffee_cafe"": [""espresso""]}, ""content_evidence"": {""event"": [""event""]}}, ""metadata"": {""hashtags"": [""atlblog"", ""atldatenight"", ""atleats"", ""atlfoodie""], ""mentions"": [""_nocturnalhabits."", ""atllovesmo"", ""avize.atl"", ""bovinoafterdark"", ""kingofthechews"", ""resy"", ""saltyourfood_atl"", ""seventhouse"", ""thepigalle"", ""underground_atlanta""], ""likes"": 16823, ""comments"": 98, ""video_views"": 104375}}","{""meal_type"": ""drinks"", ""cuisines"": [""bbq"", ""coffee_cafe"", ""japanese""], ""content_type"": ""event"", ""location"": {""name"": ""Atlanta, Georgia"", ""slug"": null}, ""signals"": {""meal_evidence"": {""embedding_label"": ""drinks"", ""embedding_similarity"": 0.33, ""baseline_label"": ""drinks"", ""baseline_confidence"": 0.85, ""override"": false, ""reason"": ""embedding_agrees_boost_baseline""}, ""cuisine_evidence"": {""embedding_cuisines"": [], ""embedding_similarities"": {}, ""baseline_cuisines"": [""bbq"", ""coffee_cafe"", ""japanese""], ""newly_detected"": [], ""removed"": [""bbq"", ""coffee_cafe"", ""japanese""], ""reason"": ""no_strong_embedding_matches_keep_baseline""}, ""content_evidence"": {""embedding_label"": ""food_spot"", ""embedding_similarity"": 0.284, ""second_label"": ""event"", ""second_similarity"": 0.231, ""margin"": 0.053, ""baseline_label"": ""event"", ""baseline_confidence"": 0.85, ""override"": false, ""reason"": ""weak_embedding_match_keep_baseline""}}, ""metadata"": {""hashtags"": [""atlblog"", ""atldatenight"", ""atleats"", ""atlfoodie""], ""mentions"": [""_nocturnalhabits."", ""atllovesmo"", ""avize.atl"", ""bovinoafterdark"", ""kingofthechews"", ""resy"", ""saltyourfood_atl"", ""seventhouse"", ""thepigalle"", ""underground_atlanta""], ""refined_from"": ""rules-food-events-v1""}, ""refinement"": {""meal_type_evidence"": {""embedding_label"": ""drinks"", ""embedding_similarity"": 0.33, ""baseline_label"": ""drinks"", ""baseline_confidence"": 0.85, ""override"": false, ""reason"": ""embedding_agrees_boost_baseline""}, ""cuisine_evidence"": {""embedding_cuisines"": [], ""embedding_similarities"": {}, ""baseline_cuisines"": [""bbq"", ""coffee_cafe"", ""japanese""], ""newly_detected"": [], ""removed"": [""bbq"", ""coffee_cafe"", ""japanese""], ""reason"": ""no_strong_embedding_matches_keep_baseline""}, ""content_type_evidence"": {""embedding_label"": ""food_spot"", ""embedding_similarity"": 0.284, ""second_label"": ""event"", ""second_similarity"": 0.231, ""margin"": 0.053, ""baseline_label"": ""event"", ""baseline_confidence"": 0.85, ""override"": false, ""reason"": ""weak_embedding_match_keep_baseline""}, ""needs_review"": true, ""category_adjustment_reason"": ""none""}}",drinks,drinks,event,event,japanese|bbq|coffee_cafe,bbq|coffee_cafe|japanese,True,none,https://www.instagram.com/p/DFvyh2dvnFu/,,,,TRUE,matched
3441745508128112422,https://www.instagram.com/p/C_DiU3zRb8m/,event,0.95,event,0.831,CONFIDENCE_UPDATED,-0.119,"{""meal_type"": ""drinks"", ""cuisines"": [""mexican"", ""chinese""], ""content_type"": ""event"", ""location"": {""name"": ""Atlanta, Georgia"", ""slug"": ""atlanta-georgia""}, ""signals"": {""meal_evidence"": {""breakfast"": [""pancake""], ""brunch"": [""brunch""], ""dinner"": [""dinner""], ""dessert"": [""cake""], ""drinks"": [""cocktail"", ""brewery"", ""drink"", ""margarita""], ""snack"": [""snack""]}, ""cuisine_evidence"": {""mexican"": [""taco""], ""chinese"": [""dumpling""]}, ""content_evidence"": {""event"": [""event""]}}, ""metadata"": {""hashtags"": [], ""mentions"": [""dumplingfactory_atl"", ""elsantogallo"", ""elsewheregreenhouse"", ""kingofpops"", ""pancake.social"", ""westsidepaper.atl""], ""likes"": 12130, ""comments"": 129, ""video_views"": 103434}}","{""meal_type"": ""drinks"", ""cuisines"": [""chinese"", ""mexican""], ""content_type"": ""event"", ""location"": {""name"": ""Atlanta, Georgia"", ""slug"": null}, ""signals"": {""meal_evidence"": {""embedding_label"": ""dinner"", ""embedding_similarity"": 0.375, ""baseline_label"": ""drinks"", ""baseline_confidence"": 0.95, ""override"": false, ""reason"": ""embedding_disagrees_but_baseline_sufficient""}, ""cuisine_evidence"": {""embedding_cuisines"": [], ""embedding_similarities"": {}, ""baseline_cuisines"": [""chinese"", ""mexican""], ""newly_detected"": [], ""removed"": [""chinese"", ""mexican""], ""reason"": ""no_strong_embedding_matches_keep_baseline""}, ""content_evidence"": {""embedding_label"": ""food_spot"", ""embedding_similarity"": 0.465, ""second_label"": ""mixed"", ""second_similarity"": 0.307, ""margin"": 0.158, ""baseline_label"": ""event"", ""baseline_confidence"": 0.95, ""override"": false, ""reason"": ""embedding_disagrees_but_baseline_acceptable""}}, ""metadata"": {""hashtags"": [], ""mentions"": [""dumplingfactory_atl"", ""elsantogallo"", ""elsewheregreenhouse"", ""kingofpops"", ""pancake.social"", ""westsidepaper.atl""], ""refined_from"": ""rules-food-events-v1""}, ""refinement"": {""meal_type_evidence"": {""embedding_label"": ""dinner"", ""embedding_similarity"": 0.375, ""baseline_label"": ""drinks"", ""baseline_confidence"": 0.95, ""override"": false, ""reason"": ""embedding_disagrees_but_baseline_sufficient""}, ""cuisine_evidence"": {""embedding_cuisines"": [], ""embedding_similarities"": {}, ""baseline_cuisines"": [""chinese"", ""mexican""], ""newly_detected"": [], ""removed"": [""chinese"", ""mexican""], ""reason"": ""no_strong_embedding_matches_keep_baseline""}, ""content_type_evidence"": {""embedding_label"": ""food_spot"", ""embedding_similarity"": 0.465, ""second_label"": ""mixed"", ""second_similarity"": 0.307, ""margin"": 0.158, ""baseline_label"": ""event"", ""baseline_confidence"": 0.95, ""override"": false, ""reason"": ""embedding_disagrees_but_baseline_acceptable""}, ""needs_review"": false, ""category_adjustment_reason"": ""none""}}",drinks,drinks,event,event,mexican|chinese,chinese|mexican,False,none,https://www.instagram.com/p/C_DiU3zRb8m/,,,,TRUE,matched
3333737815676409885,https://www.instagram.com/p/C5D0OFlrdgd/,unknown,0.7,unknown,0.613,CONFIDENCE_UPDATED,-0.087,"{""meal_type"": ""unknown"", ""cuisines"": [], ""content_type"": ""food_spot"", ""location"": {""name"": ""Atlanta, Georgia"", ""slug"": ""atlanta-georgia""}, ""signals"": {""meal_evidence"": {}, ""cuisine_evidence"": {}, ""content_evidence"": {""food_spot"": [""location_present""]}}, ""metadata"": {""hashtags"": [], ""mentions"": [""atlantabeltline"", ""atllovesmo"", ""eathawkers""], ""likes"": 6096, ""comments"": 114, ""video_views"": 96690}}","{""meal_type"": ""unknown"", ""cuisines"": [], ""content_type"": ""food_spot"", ""location"": {""name"": ""Atlanta, Georgia"", ""slug"": null}, ""signals"": {""meal_evidence"": {""embedding_label"": ""snack"", ""embedding_similarity"": 0.309, ""baseline_label"": ""unknown"", ""baseline_confidence"": 0.7, ""override"": false, ""reason"": ""embedding_disagrees_but_baseline_sufficient""}, ""cuisine_evidence"": {""embedding_cuisines"": [], ""embedding_similarities"": {}, ""baseline_cuisines"": [], ""newly_detected"": [], ""removed"": [], ""reason"": ""no_strong_embedding_matches_keep_baseline""}, ""content_evidence"": {""embedding_label"": ""food_spot"", ""embedding_similarity"": 0.213, ""second_label"": ""event"", ""second_similarity"": 0.204, ""margin"": 0.009, ""baseline_label"": ""food_spot"", ""baseline_confidence"": 0.7, ""override"": false, ""reason"": ""weak_embedding_match_keep_baseline""}}, ""metadata"": {""hashtags"": [], ""mentions"": [""atlantabeltline"", ""atllovesmo"", ""eathawkers""], ""refined_from"": ""rules-food-events-v1""}, ""refinement"": {""meal_type_evidence"": {""embedding_label"": ""snack"", ""embedding_similarity"": 0.309, ""baseline_label"": ""unknown"", ""baseline_confidence"": 0.7, ""override"": false, ""reason"": ""embedding_disagrees_but_baseline_sufficient""}, ""cuisine_evidence"": {""embedding_cuisines"": [], ""embedding_similarities"": {}, ""baseline_cuisines"": [], ""newly_detected"": [], ""removed"": [], ""reason"": ""no_strong_embedding_matches_keep_baseline""}, ""content_type_evidence"": {""embedding_label"": ""food_spot"", ""embedding_similarity"": 0.213, ""second_label"": ""event"", ""second_similarity"": 0.204, ""margin"": 0.009, ""baseline_label"": ""food_spot"", ""baseline_confidence"": 0.7, ""override"": false, ""reason"": ""weak_embedding_match_keep_baseline""}, ""needs_review"": false, ""category_adjustment_reason"": ""none""}}",unknown,unknown,food_spot,food_spot,,,False,none,https://www.instagram.com/p/C5D0OFlrdgd/,,,,TRUE,matched
3383721395157914156,https://www.instagram.com/p/C71ZK5hRtIs/,dessert,0.75,dessert,0.707,CONFIDENCE_UPDATED,-0.043,"{""meal_type"": ""dessert"", ""cuisines"": [""bakery"", ""coffee_cafe""], ""content_type"": ""food_spot"", ""location"": {""name"": ""Atlanta, Georgia"", ""slug"": ""atlanta-georgia""}, ""signals"": {""meal_evidence"": {""dessert"": [""cake"", ""donut""]}, ""cuisine_evidence"": {""bakery"": [""bread""], ""coffee_cafe"": [""coffee"", ""latte""]}, ""content_evidence"": {""food_spot"": [""location_present""]}}, ""metadata"": {""hashtags"": [""atlblog"", ""atleats"", ""atlfoodie"", ""atlsweets""], ""mentions"": [""atllovesmo"", ""thekrogdistrictatl"", ""thesaltydonut""], ""likes"": 12270, ""comments"": 129, ""video_views"": 96671}}","{""meal_type"": ""dessert"", ""cuisines"": [""bakery""], ""content_type"": ""food_spot"", ""location"": {""name"": ""Atlanta, Georgia"", ""slug"": null}, ""signals"": {""meal_evidence"": {""embedding_label"": ""dessert"", ""embedding_similarity"": 0.515, ""baseline_label"": ""dessert"", ""baseline_confidence"": 0.75, ""override"": false, ""reason"": ""embedding_agrees_boost_baseline""}, ""cuisine_evidence"": {""embedding_cuisines"": [""bakery""], ""embedding_similarities"": {""bakery"": 0.431}, ""baseline_cuisines"": [""bakery"", ""coffee_cafe""], ""newly_detected"": [], ""removed"": [""coffee_cafe""], ""reason"": ""embedding_refined_cuisine_list""}, ""content_evidence"": {""embedding_label"": ""food_spot"", ""embedding_similarity"": 0.238, ""second_label"": ""event"", ""second_similarity"": 0.204, ""margin"": 0.034, ""baseline_label"": ""food_spot"", ""baseline_confidence"": 0.75, ""override"": false, ""reason"": ""weak_embedding_match_keep_baseline""}}, ""metadata"": {""hashtags"": [""atlblog"", ""atleats"", ""atlfoodie"", ""atlsweets""], ""mentions"": [""atllovesmo"", ""thekrogdistrictatl"", ""thesaltydonut""], ""refined_from"": ""rules-food-events-v1""}, ""refinement"": {""meal_type_evidence"": {""embedding_label"": ""dessert"", ""embedding_similarity"": 0.515, ""baseline_label"": ""dessert"", ""baseline_confidence"": 0.75, ""override"": false, ""reason"": ""embedding_agrees_boost_baseline""}, ""cuisine_evidence"": {""embedding_cuisines"": [""bakery""], ""embedding_similarities"": {""bakery"": 0.431}, ""baseline_cuisines"": [""bakery"", ""coffee_cafe""], ""newly_detected"": [], ""removed"": [""coffee_cafe""], ""reason"": ""embedding_refined_cuisine_list""}, ""content_type_evidence"": {""embedding_label"": ""food_spot"", ""embedding_similarity"": 0.238, ""second_label"": ""event"", ""second_similarity"": 0.204, ""margin"": 0.034, ""baseline_label"": ""food_spot"", ""baseline_confidence"": 0.75, ""override"": false, ""reason"": ""weak_embedding_match_keep_baseline""}, ""needs_review"": false, ""category_adjustment_reason"": ""none""}}",dessert,dessert,food_spot,food_spot,bakery|coffee_cafe,bakery,False,none,https://www.instagram.com/p/C71ZK5hRtIs/,,,,TRUE,matched
3455736103082683400,https://www.instagram.com/p/C_1Pa0tvGwI/,dinner,0.7,dinner,0.63,CONFIDENCE_UPDATED,-0.07,"{""meal_type"": ""dinner"", ""cuisines"": [], ""content_type"": ""food_spot"", ""location"": {""name"": ""Atlanta, Georgia"", ""slug"": ""atlanta-georgia""}, ""signals"": {""meal_evidence"": {""dinner"": [""date night""], ""drinks"": [""gin""]}, ""cuisine_evidence"": {}, ""content_evidence"": {""food_spot"": [""location_present""]}}, ""metadata"": {""hashtags"": [], ""mentions"": [""atlantabeltline"", ""blacksheepensemble"", ""chantellerytter""], ""likes"": 12825, ""comments"": 63, ""video_views"": 90969}}","{""meal_type"": ""dinner"", ""cuisines"": [], ""content_type"": ""food_spot"", ""location"": {""name"": ""Atlanta, Georgia"", ""slug"": null}, ""signals"": {""meal_evidence"": {""embedding_label"": ""snack"", ""embedding_similarity"": 0.259, ""baseline_label"": ""dinner"", ""baseline_confidence"": 0.7, ""override"": false, ""reason"": ""weak_embedding_match_keep_baseline""}, ""cuisine_evidence"": {""embedding_cuisines"": [], ""embedding_similarities"": {}, ""baseline_cuisines"": [], ""newly_detected"": [], ""removed"": [], ""reason"": ""no_strong_embedding_matches_keep_baseline""}, ""content_evidence"": {""embedding_label"": ""activity"", ""embedding_similarity"": 0.353, ""second_label"": ""event"", ""second_similarity"": 0.279, ""margin"": 0.074, ""baseline_label"": ""food_spot"", ""baseline_confidence"": 0.7, ""override"": false, ""reason"": ""weak_embedding_match_keep_baseline""}}, ""metadata"": {""hashtags"": [], ""mentions"": [""atlantabeltline"", ""blacksheepensemble"", ""chantellerytter""], ""refined_from"": ""rules-food-events-v1""}, ""refinement"": {""meal_type_evidence"": {""embedding_label"": ""snack"", ""embedding_similarity"": 0.259, ""baseline_label"": ""dinner"", ""baseline_confidence"": 0.7, ""override"": false, ""reason"": ""weak_embedding_match_keep_baseline""}, ""cuisine_evidence"": {""embedding_cuisines"": [], ""embedding_similarities"": {}, ""baseline_cuisines"": [], ""newly_detected"": [], ""removed"": [], ""reason"": ""no_strong_embedding_matches_keep_baseline""}, ""content_type_evidence"": {""embedding_label"": ""activity"", ""embedding_similarity"": 0.353, ""second_label"": ""event"", ""second_similarity"": 0.279, ""margin"": 0.074, ""baseline_label"": ""food_spot"", ""baseline_confidence"": 0.7, ""override"": false, ""reason"": ""weak_embedding_match_keep_baseline""}, ""needs_review"": true, ""category_adjustment_reason"": ""none""}}",dinner,dinner,food_spot,food_spot,,,True,none,https://www.instagram.com/p/C_1Pa0tvGwI/,,,,TRUE,matched
3296031458522262104,https://www.instagram.com/p/C292yX9u2pY/,drinks,0.95,drinks,0.888,CONFIDENCE_UPDATED,-0.062,"{""meal_type"": ""drinks"", ""cuisines"": [""mexican""], ""content_type"": ""food_spot"", ""location"": {""name"": ""Avenue East Cobb"", ""slug"": ""avenue-east-cobb""}, ""signals"": {""meal_evidence"": {""dinner"": [""date night""], ""drinks"": [""cocktail"", ""cocktails"", ""bar"", ""margarita""]}, ""cuisine_evidence"": {""mexican"": [""taco""]}, ""content_evidence"": {""food_spot"": [""location_present""]}}, ""metadata"": {""hashtags"": [""atlantagamers"", ""atlblogger"", ""atldatenight"", ""atleats""], ""mentions"": [""atllovesmo"", ""avenueeastcobb"", ""tinlizzyscantina"", ""tinpingamebar""], ""likes"": 11770, ""comments"": 129, ""video_views"": 90680}}","{""meal_type"": ""drinks"", ""cuisines"": [""american""], ""content_type"": ""food_spot"", ""location"": {""name"": ""Avenue East Cobb"", ""slug"": null}, ""signals"": {""meal_evidence"": {""embedding_label"": ""drinks"", ""embedding_similarity"": 0.371, ""baseline_label"": ""drinks"", ""baseline_confidence"": 0.95, ""override"": false, ""reason"": ""embedding_agrees_boost_baseline""}, ""cuisine_evidence"": {""embedding_cuisines"": [""american""], ""embedding_similarities"": {""american"": 0.402}, ""baseline_cuisines"": [""mexican""], ""newly_detected"": [""american""], ""removed"": [""mexican""], ""reason"": ""embedding_refined_cuisine_list""}, ""content_evidence"": {""embedding_label"": ""food_spot"", ""embedding_similarity"": 0.368, ""second_label"": ""activity"", ""second_similarity"": 0.322, ""margin"": 0.046, ""baseline_label"": ""food_spot"", ""baseline_confidence"": 0.95, ""override"": false, ""reason"": ""weak_embedding_match_keep_baseline""}}, ""metadata"": {""hashtags"": [""atlantagamers"", ""atlblogger"", ""atldatenight"", ""atleats""], ""mentions"": [""atllovesmo"", ""avenueeastcobb"", ""tinlizzyscantina"", ""tinpingamebar""], ""refined_from"": ""rules-food-events-v1""}, ""refinement"": {""meal_type_evidence"": {""embedding_label"": ""drinks"", ""embedding_similarity"": 0.371, ""baseline_label"": ""drinks"", ""baseline_confidence"": 0.95, ""override"": false, ""reason"": ""embedding_agrees_boost_baseline""}, ""cuisine_evidence"": {""embedding_cuisines"": [""american""], ""embedding_similarities"": {""american"": 0.402}, ""baseline_cuisines"": [""mexican""], ""newly_detected"": [""american""], ""removed"": [""mexican""], ""reason"": ""embedding_refined_cuisine_list""}, ""content_type_evidence"": {""embedding_label"": ""food_spot"", ""embedding_similarity"": 0.368, ""second_label"": ""activity"", ""second_similarity"": 0.322, ""margin"": 0.046, ""baseline_label"": ""food_spot"", ""baseline_confidence"": 0.95, ""override"": false, ""reason"": ""weak_embedding_match_keep_baseline""}, ""needs_review"": false, ""category_adjustment_reason"": ""none""}}",drinks,drinks,food_spot,food_spot,mexican,american,False,none,https://www.instagram.com/p/C292yX9u2pY/,,,,TRUE,matched
3220636913500758105,https://www.instagram.com/p/CyyADWLuSBZ/,event,0.95,event,0.893,CONFIDENCE_UPDATED,-0.057,"{""meal_type"": ""dessert"", ""cuisines"": [""bakery""], ""content_type"": ""event"", ""location"": {""name"": ""Atlanta, Georgia"", ""slug"": ""atlanta-georgia""}, ""signals"": {""meal_evidence"": {""dinner"": [""dinner"", ""date night""], ""dessert"": [""dessert"", ""ice cream"", ""cake"", ""cookie""], ""drinks"": [""wine""]}, ""cuisine_evidence"": {""bakery"": [""pastry""]}, ""content_evidence"": {""event"": [""event"", ""seasonal""]}}, ""metadata"": {""hashtags"": [""atlantaeats"", ""atlcookies"", ""atldessert"", ""atleats""], ""mentions"": [""atllovesmo"", ""chefcharmain"", ""newyorkprime"", ""sugar_shanes"", ""thebcf"", ""tinylousatl""], ""likes"": 9075, ""comments"": 86, ""video_views"": 89187}}","{""meal_type"": ""dessert"", ""cuisines"": [""bakery""], ""content_type"": ""event"", ""location"": {""name"": ""Atlanta, Georgia"", ""slug"": null}, ""signals"": {""meal_evidence"": {""embedding_label"": ""dessert"", ""embedding_similarity"": 0.554, ""baseline_label"": ""dessert"", ""baseline_confidence"": 0.95, ""override"": false, ""reason"": ""embedding_agrees_boost_baseline""}, ""cuisine_evidence"": {""embedding_cuisines"": [], ""embedding_similarities"": {}, ""baseline_cuisines"": [""bakery""], ""newly_detected"": [], ""removed"": [""bakery""], ""reason"": ""no_strong_embedding_matches_keep_baseline""}, ""content_evidence"": {""embedding_label"": ""food_spot"", ""embedding_similarity"": 0.344, ""second_label"": ""mixed"", ""second_similarity"": 0.252, ""margin"": 0.092, ""baseline_label"": ""event"", ""baseline_confidence"": 0.95, ""override"": false, ""reason"": ""weak_embedding_match_keep_baseline""}}, ""metadata"": {""hashtags"": [""atlantaeats"", ""atlcookies"", ""atldessert"", ""atleats""], ""mentions"": [""atllovesmo"", ""chefcharmain"", ""newyorkprime"", ""sugar_shanes"", ""thebcf"", ""tinylousatl""], ""refined_from"": ""rules-food-events-v1""}, ""refinement"": {""meal_type_evidence"": {""embedding_label"": ""dessert"", ""embedding_similarity"": 0.554, ""baseline_label"": ""dessert"", ""baseline_confidence"": 0.95, ""override"": false, ""reason"": ""embedding_agrees_boost_baseline""}, ""cuisine_evidence"": {""embedding_cuisines"": [], ""embedding_similarities"": {}, ""baseline_cuisines"": [""bakery""], ""newly_detected"": [], ""removed"": [""bakery""], ""reason"": ""no_strong_embedding_matches_keep_baseline""}, ""content_type_evidence"": {""embedding_label"": ""food_spot"", ""embedding_similarity"": 0.344, ""second_label"": ""mixed"", ""second_similarity"": 0.252, ""margin"": 0.092, ""baseline_label"": ""event"", ""baseline_confidence"": 0.95, ""override"": false, ""reason"": ""weak_embedding_match_keep_baseline""}, ""needs_review"": true, ""category_adjustment_reason"": ""none""}}",dessert,dessert,event,event,bakery,bakery,True,none,https://www.instagram.com/p/CyyADWLuSBZ/,,,,TRUE,matched
3704053161733213861,https://www.instagram.com/p/DNncLnGRU6l/,event,0.95,event,0.855,CONFIDENCE_UPDATED,-0.095,"{""meal_type"": ""drinks"", ""cuisines"": [""italian"", ""coffee_cafe""], ""content_type"": ""event"", ""location"": {""name"": ""Atlanta, Georgia"", ""slug"": ""atlanta-georgia""}, ""signals"": {""meal_evidence"": {""breakfast"": [""breakfast""], ""lunch"": [""sandwich""], ""drinks"": [""cocktail"", ""cocktails"", ""beer"", ""gin""]}, ""cuisine_evidence"": {""italian"": [""pizza""], ""coffee_cafe"": [""coffee""]}, ""content_evidence"": {""event"": [""grand opening""]}}, ""metadata"": {""hashtags"": [""atlblog"", ""mondaynightgarage"", ""thingstodoinatlanta""], ""mentions"": [""atlantabeltline"", ""atllovesmo"", ""mondaynight"", ""mondaynightgrove""], ""likes"": 7276, ""comments"": 136, ""video_views"": 88169}}","{""meal_type"": ""drinks"", ""cuisines"": [""coffee_cafe"", ""italian""], ""content_type"": ""event"", ""location"": {""name"": ""Atlanta, Georgia"", ""slug"": null}, ""signals"": {""meal_evidence"": {""embedding_label"": ""dinner"", ""embedding_similarity"": 0.281, ""baseline_label"": ""drinks"", ""baseline_confidence"": 0.95, ""override"": false, ""reason"": ""weak_embedding_match_keep_baseline""}, ""cuisine_evidence"": {""embedding_cuisines"": [], ""embedding_similarities"": {}, ""baseline_cuisines"": [""coffee_cafe"", ""italian""], ""newly_detected"": [], ""removed"": [""coffee_cafe"", ""italian""], ""reason"": ""no_strong_embedding_matches_keep_baseline""}, ""content_evidence"": {""embedding_label"": ""food_spot"", ""embedding_similarity"": 0.452, ""second_label"": ""event"", ""second_similarity"": 0.346, ""margin"": 0.106, ""baseline_label"": ""event"", ""baseline_confidence"": 0.95, ""override"": false, ""reason"": ""embedding_disagrees_but_baseline_acceptable""}}, ""metadata"": {""hashtags"": [""atlblog"", ""mondaynightgarage"", ""thingstodoinatlanta""], ""mentions"": [""atlantabeltline"", ""atllovesmo"", ""mondaynight"", ""mondaynightgrove""], ""refined_from"": ""rules-food-events-v1""}, ""refinement"": {""meal_type_evidence"": {""embedding_label"": ""dinner"", ""embedding_similarity"": 0.281, ""baseline_label"": ""drinks"", ""baseline_confidence"": 0.95, ""override"": false, ""reason"": ""weak_embedding_match_keep_baseline""}, ""cuisine_evidence"": {""embedding_cuisines"": [], ""embedding_similarities"": {}, ""baseline_cuisines"": [""coffee_cafe"", ""italian""], ""newly_detected"": [], ""removed"": [""coffee_cafe"", ""italian""], ""reason"": ""no_strong_embedding_matches_keep_baseline""}, ""content_type_evidence"": {""embedding_label"": ""food_spot"", ""embedding_similarity"": 0.452, ""second_label"": ""event"", ""second_similarity"": 0.346, ""margin"": 0.106, ""baseline_label"": ""event"", ""baseline_confidence"": 0.95, ""override"": false, ""reason"": ""embedding_disagrees_but_baseline_acceptable""}, ""needs_review"": false, ""category_adjustment_reason"": ""none""}}",drinks,drinks,event,event,italian|coffee_cafe,coffee_cafe|italian,False,none,https://www.instagram.com/p/DNncLnGRU6l/,,,,TRUE,matched
3196003339287291453,https://www.instagram.com/p/CxafBqbLmY9/,drinks,0.95,drinks,0.866,CONFIDENCE_UPDATED,-0.084,"{""meal_type"": ""drinks"", ""cuisines"": [""seafood""], ""content_type"": ""food_spot"", ""location"": {""name"": ""Atlanta, Georgia"", ""slug"": ""atlanta-georgia""}, ""signals"": {""meal_evidence"": {""dinner"": [""date night""], ""drinks"": [""cocktail"", ""cocktails"", ""drink"", ""margarita""]}, ""cuisine_evidence"": {""seafood"": [""lobster""]}, ""content_evidence"": {""food_spot"": [""location_present""]}}, ""metadata"": {""hashtags"": [""atlantaeats"", ""atlantafood"", ""atldatenight"", ""atleats"", ""atlfoodie"", ""hosted""], ""mentions"": [""atllovesmo"", ""chef_jean_louis_sangare"", ""verdureatlanta""], ""likes"": 11695, ""comments"": 112, ""video_views"": 86414}}","{""meal_type"": ""drinks"", ""cuisines"": [""american""], ""content_type"": ""food_spot"", ""location"": {""name"": ""Atlanta, Georgia"", ""slug"": null}, ""signals"": {""meal_evidence"": {""embedding_label"": ""dinner"", ""embedding_similarity"": 0.542, ""baseline_label"": ""drinks"", ""baseline_confidence"": 0.95, ""override"": false, ""reason"": ""embedding_disagrees_but_baseline_sufficient""}, ""cuisine_evidence"": {""embedding_cuisines"": [""american""], ""embedding_similarities"": {""american"": 0.436}, ""baseline_cuisines"": [""seafood""], ""newly_detected"": [""american""], ""removed"": [""seafood""], ""reason"": ""embedding_refined_cuisine_list""}, ""content_evidence"": {""embedding_label"": ""food_spot"", ""embedding_similarity"": 0.453, ""second_label"": ""mixed"", ""second_similarity"": 0.269, ""margin"": 0.184, ""baseline_label"": ""food_spot"", ""baseline_confidence"": 0.95, ""override"": false, ""reason"": ""embedding_agrees_boost_baseline""}}, ""metadata"": {""hashtags"": [""atlantaeats"", ""atlantafood"", ""atldatenight"", ""atleats"", ""atlfoodie"", ""hosted""], ""mentions"": [""atllovesmo"", ""chef_jean_louis_sangare"", ""verdureatlanta""], ""refined_from"": ""rules-food-events-v1""}, ""refinement"": {""meal_type_evidence"": {""embedding_label"": ""dinner"", ""embedding_similarity"": 0.542, ""baseline_label"": ""drinks"", ""baseline_confidence"": 0.95, ""override"": false, ""reason"": ""embedding_disagrees_but_baseline_sufficient""}, ""cuisine_evidence"": {""embedding_cuisines"": [""american""], ""embedding_similarities"": {""american"": 0.436}, ""baseline_cuisines"": [""seafood""], ""newly_detected"": [""american""], ""removed"": [""seafood""], ""reason"": ""embedding_refined_cuisine_list""}, ""content_type_evidence"": {""embedding_label"": ""food_spot"", ""embedding_similarity"": 0.453, ""second_label"": ""mixed"", ""second_similarity"": 0.269, ""margin"": 0.184, ""baseline_label"": ""food_spot"", ""baseline_confidence"": 0.95, ""override"": false, ""reason"": ""embedding_agrees_boost_baseline""}, ""needs_review"": false, ""category_adjustment_reason"": ""none""}}",drinks,drinks,food_spot,food_spot,seafood,american,False,none,https://www.instagram.com/p/CxafBqbLmY9/,,,,TRUE,matched
3293139603312030082,https://www.instagram.com/p/C2zlQV7LzGC/,drinks,0.85,drinks,0.796,CONFIDENCE_UPDATED,-0.054,"{""meal_type"": ""drinks"", ""cuisines"": [""japanese""], ""content_type"": ""food_spot"", ""location"": {""name"": ""Eight Sushi Lounge"", ""slug"": ""eight-sushi-lounge""}, ""signals"": {""meal_evidence"": {""dinner"": [""date night""], ""drinks"": [""cocktail"", ""cocktails"", ""gin""]}, ""cuisine_evidence"": {""japanese"": [""sushi""]}, ""content_evidence"": {""food_spot"": [""location_present""]}}, ""metadata"": {""hashtags"": [""atlantaeats"", ""atlblog"", ""atlcocktails"", ""atllounge""], ""mentions"": [""aftereightatl"", ""atllovesmo"", ""eightsushiatl""], ""likes"": 10154, ""comments"": 174, ""video_views"": 83162}}","{""meal_type"": ""drinks"", ""cuisines"": [""japanese""], ""content_type"": ""food_spot"", ""location"": {""name"": ""Eight Sushi Lounge"", ""slug"": null}, ""signals"": {""meal_evidence"": {""embedding_label"": ""drinks"", ""embedding_similarity"": 0.38, ""baseline_label"": ""drinks"", ""baseline_confidence"": 0.85, ""override"": false, ""reason"": ""embedding_agrees_boost_baseline""}, ""cuisine_evidence"": {""embedding_cuisines"": [], ""embedding_similarities"": {}, ""baseline_cuisines"": [""japanese""], ""newly_detected"": [], ""removed"": [""japanese""], ""reason"": ""no_strong_embedding_matches_keep_baseline""}, ""content_evidence"": {""embedding_label"": ""food_spot"", ""embedding_similarity"": 0.319, ""second_label"": ""event"", ""second_similarity"": 0.261, ""margin"": 0.058, ""baseline_label"": ""food_spot"", ""baseline_confidence"": 0.85, ""override"": false, ""reason"": ""weak_embedding_match_keep_baseline""}}, ""metadata"": {""hashtags"": [""atlantaeats"", ""atlblog"", ""atlcocktails"", ""atllounge""], ""mentions"": [""aftereightatl"", ""atllovesmo"", ""eightsushiatl""], ""refined_from"": ""rules-food-events-v1""}, ""refinement"": {""meal_type_evidence"": {""embedding_label"": ""drinks"", ""embedding_similarity"": 0.38, ""baseline_label"": ""drinks"", ""baseline_confidence"": 0.85, ""override"": false, ""reason"": ""embedding_agrees_boost_baseline""}, ""cuisine_evidence"": {""embedding_cuisines"": [], ""embedding_similarities"": {}, ""baseline_cuisines"": [""japanese""], ""newly_detected"": [], ""removed"": [""japanese""], ""reason"": ""no_strong_embedding_matches_keep_baseline""}, ""content_type_evidence"": {""embedding_label"": ""food_spot"", ""embedding_similarity"": 0.319, ""second_label"": ""event"", ""second_similarity"": 0.261, ""margin"": 0.058, ""baseline_label"": ""food_spot"", ""baseline_confidence"": 0.85, ""override"": false, ""reason"": ""weak_embedding_match_keep_baseline""}, ""needs_review"": false, ""category_adjustment_reason"": ""none""}}",drinks,drinks,food_spot,food_spot,japanese,japanese,False,none,https://www.instagram.com/p/C2zlQV7LzGC/,,,,TRUE,matched
3356246880407114642,https://www.instagram.com/p/C6TyMFtLdOS/,event,0.8,event,0.72,CONFIDENCE_UPDATED,-0.08,"{""meal_type"": ""unknown"", ""cuisines"": [], ""content_type"": ""event"", ""location"": {""name"": ""Atlanta, Georgia"", ""slug"": ""atlanta-georgia""}, ""signals"": {""meal_evidence"": {}, ""cuisine_evidence"": {}, ""content_evidence"": {""event"": [""festival"", ""event"", ""market""]}}, ""metadata"": {""hashtags"": [""atlantablog"", ""atleats"", ""atlmarket"", ""atlvintage"", ""supporttinybusinesses"", ""thingstodoinatlanta""], ""mentions"": [""atlantadairies."", ""atllovesmo"", ""gvgatl""], ""likes"": 11000, ""comments"": 120, ""video_views"": 82802}}","{""meal_type"": ""unknown"", ""cuisines"": [], ""content_type"": ""event"", ""location"": {""name"": ""Atlanta, Georgia"", ""slug"": null}, ""signals"": {""meal_evidence"": {""embedding_label"": ""snack"", ""embedding_similarity"": 0.212, ""baseline_label"": ""unknown"", ""baseline_confidence"": 0.8, ""override"": false, ""reason"": ""weak_embedding_match_keep_baseline""}, ""cuisine_evidence"": {""embedding_cuisines"": [], ""embedding_similarities"": {}, ""baseline_cuisines"": [], ""newly_detected"": [], ""removed"": [], ""reason"": ""no_strong_embedding_matches_keep_baseline""}, ""content_evidence"": {""embedding_label"": ""activity"", ""embedding_similarity"": 0.379, ""second_label"": ""event"", ""second_similarity"": 0.366, ""margin"": 0.013, ""baseline_label"": ""event"", ""baseline_confidence"": 0.8, ""override"": false, ""reason"": ""weak_embedding_match_keep_baseline""}}, ""metadata"": {""hashtags"": [""atlantablog"", ""atleats"", ""atlmarket"", ""atlvintage"", ""supporttinybusinesses"", ""thingstodoinatlanta""], ""mentions"": [""atlantadairies."", ""atllovesmo"", ""gvgatl""], ""refined_from"": ""rules-food-events-v1""}, ""refinement"": {""meal_type_evidence"": {""embedding_label"": ""snack"", ""embedding_similarity"": 0.212, ""baseline_label"": ""unknown"", ""baseline_confidence"": 0.8, ""override"": false, ""reason"": ""weak_embedding_match_keep_baseline""}, ""cuisine_evidence"": {""embedding_cuisines"": [], ""embedding_similarities"": {}, ""baseline_cuisines"": [], ""newly_detected"": [], ""removed"": [], ""reason"": ""no_strong_embedding_matches_keep_baseline""}, ""content_type_evidence"": {""embedding_label"": ""activity"", ""embedding_similarity"": 0.379, ""second_label"": ""event"", ""second_similarity"": 0.366, ""margin"": 0.013, ""baseline_label"": ""event"", ""baseline_confidence"": 0.8, ""override"": false, ""reason"": ""weak_embedding_match_keep_baseline""}, ""needs_review"": true, ""category_adjustment_reason"": ""none""}}",unknown,unknown,event,event,,,True,none,https://www.instagram.com/p/C6TyMFtLdOS/,,,,TRUE,matched
3462058166639135037,https://www.instagram.com/p/DALs49ORAk9/,drinks,0.7,drinks,0.613,CONFIDENCE_UPDATED,-0.087,"{""meal_type"": ""drinks"", ""cuisines"": [""mexican""], ""content_type"": ""food_spot"", ""location"": {""name"": ""Atlanta, Georgia"", ""slug"": ""atlanta-georgia""}, ""signals"": {""meal_evidence"": {""drinks"": [""mocktail""]}, ""cuisine_evidence"": {""mexican"": [""taco""]}, ""content_evidence"": {""food_spot"": [""location_present""]}}, ""metadata"": {""hashtags"": [""atlblog"", ""atldatenight"", ""atleats"", ""atlfoodie"", ""rrealtacos""], ""mentions"": [""rrealtacos""], ""likes"": 9439, ""comments"": 115, ""video_views"": 82029}}","{""meal_type"": ""drinks"", ""cuisines"": [""mexican""], ""content_type"": ""food_spot"", ""location"": {""name"": ""Atlanta, Georgia"", ""slug"": null}, ""signals"": {""meal_evidence"": {""embedding_label"": ""snack"", ""embedding_similarity"": 0.363, ""baseline_label"": ""drinks"", ""baseline_confidence"": 0.7, ""override"": false, ""reason"": ""embedding_disagrees_but_baseline_sufficient""}, ""cuisine_evidence"": {""embedding_cuisines"": [""mexican""], ""embedding_similarities"": {""mexican"": 0.476}, ""baseline_cuisines"": [""mexican""], ""newly_detected"": [], ""removed"": [], ""reason"": ""embedding_confirms_baseline""}, ""content_evidence"": {""embedding_label"": ""food_spot"", ""embedding_similarity"": 0.345, ""second_label"": ""mixed"", ""second_similarity"": 0.209, ""margin"": 0.136, ""baseline_label"": ""food_spot"", ""baseline_confidence"": 0.7, ""override"": false, ""reason"": ""weak_embedding_match_keep_baseline""}}, ""metadata"": {""hashtags"": [""atlblog"", ""atldatenight"", ""atleats"", ""atlfoodie"", ""rrealtacos""], ""mentions"": [""rrealtacos""], ""refined_from"": ""rules-food-events-v1""}, ""refinement"": {""meal_type_evidence"": {""embedding_label"": ""snack"", ""embedding_similarity"": 0.363, ""baseline_label"": ""drinks"", ""baseline_confidence"": 0.7, ""override"": false, ""reason"": ""embedding_disagrees_but_baseline_sufficient""}, ""cuisine_evidence"": {""embedding_cuisines"": [""mexican""], ""embedding_similarities"": {""mexican"": 0.476}, ""baseline_cuisines"": [""mexican""], ""newly_detected"": [], ""removed"": [], ""reason"": ""embedding_confirms_baseline""}, ""content_type_evidence"": {""embedding_label"": ""food_spot"", ""embedding_similarity"": 0.345, ""second_label"": ""mixed"", ""second_similarity"": 0.209, ""margin"": 0.136, ""baseline_label"": ""food_spot"", ""baseline_confidence"": 0.7, ""override"": false, ""reason"": ""weak_embedding_match_keep_baseline""}, ""needs_review"": false, ""category_adjustment_reason"": ""none""}}",drinks,drinks,food_spot,food_spot,mexican,mexican,False,none,https://www.instagram.com/p/DALs49ORAk9/,,,,TRUE,matched
3233779077486622251,https://www.instagram.com/p/CzgsPALrjYr/,drinks,0.95,drinks,0.831,CONFIDENCE_UPDATED,-0.119,"{""meal_type"": ""drinks"", ""cuisines"": [""japanese"", ""thai""], ""content_type"": ""mixed"", ""location"": {""name"": null, ""slug"": null}, ""signals"": {""meal_evidence"": {""drinks"": [""cocktail"", ""cocktails"", ""happy hour"", ""martini""]}, ""cuisine_evidence"": {""japanese"": [""sushi""], ""thai"": [""thai"", ""tom yum""]}, ""content_evidence"": {}}, ""metadata"": {""hashtags"": [""atlanta"", ""atleats"", ""atlfood"", ""atlfoodie"", ""atlthai"", ""hosted""], ""mentions"": [""atllovesmo"", ""tikithai_atl""], ""likes"": 6447, ""comments"": 150, ""video_views"": 81952}}","{""meal_type"": ""drinks"", ""cuisines"": [""thai""], ""content_type"": ""mixed"", ""location"": {""name"": null, ""slug"": null}, ""signals"": {""meal_evidence"": {""embedding_label"": ""dinner"", ""embedding_similarity"": 0.301, ""baseline_label"": ""drinks"", ""baseline_confidence"": 0.95, ""override"": false, ""reason"": ""embedding_disagrees_but_baseline_sufficient""}, ""cuisine_evidence"": {""embedding_cuisines"": [""thai""], ""embedding_similarities"": {""thai"": 0.524}, ""baseline_cuisines"": [""japanese"", ""thai""], ""newly_detected"": [], ""removed"": [""japanese""], ""reason"": ""embedding_refined_cuisine_list""}, ""content_evidence"": {""embedding_label"": ""food_spot"", ""embedding_similarity"": 0.38, ""second_label"": ""event"", ""second_similarity"": 0.19, ""margin"": 0.19, ""baseline_label"": ""mixed"", ""baseline_confidence"": 0.95, ""override"": false, ""reason"": ""weak_embedding_match_keep_baseline""}}, ""metadata"": {""hashtags"": [""atlanta"", ""atleats"", ""atlfood"", ""atlfoodie"", ""atlthai"", ""hosted""], ""mentions"": [""atllovesmo"", ""tikithai_atl""], ""refined_from"": ""rules-food-events-v1""}, ""refinement"": {""meal_type_evidence"": {""embedding_label"": ""dinner"", ""embedding_similarity"": 0.301, ""baseline_label"": ""drinks"", ""baseline_confidence"": 0.95, ""override"": false, ""reason"": ""embedding_disagrees_but_baseline_sufficient""}, ""cuisine_evidence"": {""embedding_cuisines"": [""thai""], ""embedding_similarities"": {""thai"": 0.524}, ""baseline_cuisines"": [""japanese"", ""thai""], ""newly_detected"": [], ""removed"": [""japanese""], ""reason"": ""embedding_refined_cuisine_list""}, ""content_type_evidence"": {""embedding_label"": ""food_spot"", ""embedding_similarity"": 0.38, ""second_label"": ""event"", ""second_similarity"": 0.19, ""margin"": 0.19, ""baseline_label"": ""mixed"", ""baseline_confidence"": 0.95, ""override"": false, ""reason"": ""weak_embedding_match_keep_baseline""}, ""needs_review"": true, ""category_adjustment_reason"": ""none""}}",drinks,drinks,mixed,mixed,japanese|thai,thai,True,none,https://www.instagram.com/p/CzgsPALrjYr/,,,,TRUE,matched
3221352871815042496,https://www.instagram.com/p/Cy0i16UuFXA/,drinks,0.95,drinks,0.831,CONFIDENCE_UPDATED,-0.119,"{""meal_type"": ""drinks"", ""cuisines"": [], ""content_type"": ""food_spot"", ""location"": {""name"": ""Atlanta, Georgia"", ""slug"": ""atlanta-georgia""}, ""signals"": {""meal_evidence"": {""dinner"": [""dinner""], ""drinks"": [""bar"", ""margarita"", ""tequila"", ""gin""]}, ""cuisine_evidence"": {}, ""content_evidence"": {""food_spot"": [""location_present""]}}, ""metadata"": {""hashtags"": [""atlantafood"", ""atlblog"", ""atleats"", ""atlfood"", ""hosted""], ""mentions"": [""atllovesmo"", ""chattahoocheefoodworks."", ""chicheriamx"", ""theworksatl""], ""likes"": 7033, ""comments"": 86, ""video_views"": 80217}}","{""meal_type"": ""drinks"", ""cuisines"": [""american"", ""mexican""], ""content_type"": ""food_spot"", ""location"": {""name"": ""Atlanta, Georgia"", ""slug"": null}, ""signals"": {""meal_evidence"": {""embedding_label"": ""snack"", ""embedding_similarity"": 0.394, ""baseline_label"": ""drinks"", ""baseline_confidence"": 0.95, ""override"": false, ""reason"": ""embedding_disagrees_but_baseline_sufficient""}, ""cuisine_evidence"": {""embedding_cuisines"": [""american"", ""mexican""], ""embedding_similarities"": {""american"": 0.45, ""mexican"": 0.588}, ""baseline_cuisines"": [], ""newly_detected"": [""american"", ""mexican""], ""removed"": [], ""reason"": ""embedding_refined_cuisine_list""}, ""content_evidence"": {""embedding_label"": ""food_spot"", ""embedding_similarity"": 0.379, ""second_label"": ""mixed"", ""second_similarity"": 0.257, ""margin"": 0.122, ""baseline_label"": ""food_spot"", ""baseline_confidence"": 0.95, ""override"": false, ""reason"": ""weak_embedding_match_keep_baseline""}}, ""metadata"": {""hashtags"": [""atlantafood"", ""atlblog"", ""atleats"", ""atlfood"", ""hosted""], ""mentions"": [""atllovesmo"", ""chattahoocheefoodworks."", ""chicheriamx"", ""theworksatl""], ""refined_from"": ""rules-food-events-v1""}, ""refinement"": {""meal_type_evidence"": {""embedding_label"": ""snack"", ""embedding_similarity"": 0.394, ""baseline_label"": ""drinks"", ""baseline_confidence"": 0.95, ""override"": false, ""reason"": ""embedding_disagrees_but_baseline_sufficient""}, ""cuisine_evidence"": {""embedding_cuisines"": [""american"", ""mexican""], ""embedding_similarities"": {""american"": 0.45, ""mexican"": 0.588}, ""baseline_cuisines"": [], ""newly_detected"": [""american"", ""mexican""], ""removed"": [], ""reason"": ""embedding_refined_cuisine_list""}, ""content_type_evidence"": {""embedding_label"": ""food_spot"", ""embedding_similarity"": 0.379, ""second_label"": ""mixed"", ""second_similarity"": 0.257, ""margin"": 0.122, ""baseline_label"": ""food_spot"", ""baseline_confidence"": 0.95, ""override"": false, ""reason"": ""weak_embedding_match_keep_baseline""}, ""needs_review"": false, ""category_adjustment_reason"": ""none""}}",drinks,drinks,food_spot,food_spot,,american|mexican,False,none,https://www.instagram.com/p/Cy0i16UuFXA/,,,,TRUE,matched
3319991065048336470,https://www.instagram.com/p/C4S-kiZrUhW/,drinks,0.95,drinks,0.831,CONFIDENCE_UPDATED,-0.119,"{""meal_type"": ""drinks"", ""cuisines"": [""american"", ""korean""], ""content_type"": ""food_spot"", ""location"": {""name"": ""Gaja Korean Bar"", ""slug"": ""gaja-korean-bar""}, ""signals"": {""meal_evidence"": {""dinner"": [""date night""], ""drinks"": [""cocktail"", ""cocktails"", ""gin"", ""shot""]}, ""cuisine_evidence"": {""american"": [""fried chicken""], ""korean"": [""korean""]}, ""content_evidence"": {""food_spot"": [""location_present""]}}, ""metadata"": {""hashtags"": [""atlantaeats"", ""atlblog"", ""atleats"", ""atlfoodie""], ""mentions"": [""atllovesmo"", ""gaja_eav""], ""likes"": 10762, ""comments"": 134, ""video_views"": 80104}}","{""meal_type"": ""drinks"", ""cuisines"": [""american""], ""content_type"": ""food_spot"", ""location"": {""name"": ""Gaja Korean Bar"", ""slug"": null}, ""signals"": {""meal_evidence"": {""embedding_label"": ""dinner"", ""embedding_similarity"": 0.332, ""baseline_label"": ""drinks"", ""baseline_confidence"": 0.95, ""override"": false, ""reason"": ""embedding_disagrees_but_baseline_sufficient""}, ""cuisine_evidence"": {""embedding_cuisines"": [""american""], ""embedding_similarities"": {""american"": 0.529}, ""baseline_cuisines"": [""american"", ""korean""], ""newly_detected"": [], ""removed"": [""korean""], ""reason"": ""embedding_refined_cuisine_list""}, ""content_evidence"": {""embedding_label"": ""food_spot"", ""embedding_similarity"": 0.396, ""second_label"": ""event"", ""second_similarity"": 0.223, ""margin"": 0.173, ""baseline_label"": ""food_spot"", ""baseline_confidence"": 0.95, ""override"": false, ""reason"": ""weak_embedding_match_keep_baseline""}}, ""metadata"": {""hashtags"": [""atlantaeats"", ""atlblog"", ""atleats"", ""atlfoodie""], ""mentions"": [""atllovesmo"", ""gaja_eav""], ""refined_from"": ""rules-food-events-v1""}, ""refinement"": {""meal_type_evidence"": {""embedding_label"": ""dinner"", ""embedding_similarity"": 0.332, ""baseline_label"": ""drinks"", ""baseline_confidence"": 0.95, ""override"": false, ""reason"": ""embedding_disagrees_but_baseline_sufficient""}, ""cuisine_evidence"": {""embedding_cuisines"": [""american""], ""embedding_similarities"": {""american"": 0.529}, ""baseline_cuisines"": [""american"", ""korean""], ""newly_detected"": [], ""removed"": [""korean""], ""reason"": ""embedding_refined_cuisine_list""}, ""content_type_evidence"": {""embedding_label"": ""food_spot"", ""embedding_similarity"": 0.396, ""second_label"": ""event"", ""second_similarity"": 0.223, ""margin"": 0.173, ""baseline_label"": ""food_spot"", ""baseline_confidence"": 0.95, ""override"": false, ""reason"": ""weak_embedding_match_keep_baseline""}, ""needs_review"": false, ""category_adjustment_reason"": ""none""}}",drinks,drinks,food_spot,food_spot,american|korean,american,False,none,https://www.instagram.com/p/C4S-kiZrUhW/,,,,TRUE,matched
3403546036776277431,https://www.instagram.com/p/C870xZyvRW3/,drinks,0.85,drinks,0.775,CONFIDENCE_UPDATED,-0.075,"{""meal_type"": ""drinks"", ""cuisines"": [""mexican"", ""italian""], ""content_type"": ""food_spot"", ""location"": {""name"": ""Atlanta, Georgia"", ""slug"": ""atlanta-georgia""}, ""signals"": {""meal_evidence"": {""drinks"": [""bar"", ""drink"", ""drinks""]}, ""cuisine_evidence"": {""mexican"": [""taco"", ""birria""], ""italian"": [""pizza""]}, ""content_evidence"": {""food_spot"": [""location_present""]}}, ""metadata"": {""hashtags"": [""atlblog"", ""atleats"", ""atlfoodie"", ""thingstodoinatl""], ""mentions"": [""42barandgrill"", ""atllovesmo"", ""theonlyharryyouknow""], ""likes"": 9051, ""comments"": 84, ""video_views"": 79728}}","{""meal_type"": ""drinks"", ""cuisines"": [""italian"", ""mexican""], ""content_type"": ""food_spot"", ""location"": {""name"": ""Atlanta, Georgia"", ""slug"": null}, ""signals"": {""meal_evidence"": {""embedding_label"": ""snack"", ""embedding_similarity"": 0.307, ""baseline_label"": ""drinks"", ""baseline_confidence"": 0.85, ""override"": false, ""reason"": ""embedding_disagrees_but_baseline_sufficient""}, ""cuisine_evidence"": {""embedding_cuisines"": [], ""embedding_similarities"": {}, ""baseline_cuisines"": [""italian"", ""mexican""], ""newly_detected"": [], ""removed"": [""italian"", ""mexican""], ""reason"": ""no_strong_embedding_matches_keep_baseline""}, ""content_evidence"": {""embedding_label"": ""food_spot"", ""embedding_similarity"": 0.408, ""second_label"": ""mixed"", ""second_similarity"": 0.296, ""margin"": 0.112, ""baseline_label"": ""food_spot"", ""baseline_confidence"": 0.85, ""override"": false, ""reason"": ""embedding_agrees_boost_baseline""}}, ""metadata"": {""hashtags"": [""atlblog"", ""atleats"", ""atlfoodie"", ""thingstodoinatl""], ""mentions"": [""42barandgrill"", ""atllovesmo"", ""theonlyharryyouknow""], ""refined_from"": ""rules-food-events-v1""}, ""refinement"": {""meal_type_evidence"": {""embedding_label"": ""snack"", ""embedding_similarity"": 0.307, ""baseline_label"": ""drinks"", ""baseline_confidence"": 0.85, ""override"": false, ""reason"": ""embedding_disagrees_but_baseline_sufficient""}, ""cuisine_evidence"": {""embedding_cuisines"": [], ""embedding_similarities"": {}, ""baseline_cuisines"": [""italian"", ""mexican""], ""newly_detected"": [], ""removed"": [""italian"", ""mexican""], ""reason"": ""no_strong_embedding_matches_keep_baseline""}, ""content_type_evidence"": {""embedding_label"": ""food_spot"", ""embedding_similarity"": 0.408, ""second_label"": ""mixed"", ""second_similarity"": 0.296, ""margin"": 0.112, ""baseline_label"": ""food_spot"", ""baseline_confidence"": 0.85, ""override"": false, ""reason"": ""embedding_agrees_boost_baseline""}, ""needs_review"": false, ""category_adjustment_reason"": ""none""}}",drinks,drinks,food_spot,food_spot,mexican|italian,italian|mexican,False,none,https://www.instagram.com/p/C870xZyvRW3/,,,,TRUE,matched
3457727519799429022,https://www.instagram.com/p/C_8UNwDvMee/,event,0.95,event,0.889,CONFIDENCE_UPDATED,-0.061,"{""meal_type"": ""drinks"", ""cuisines"": [""american"", ""mexican"", ""italian"", ""seafood"", ""bbq"", ""vegan"", ""coffee_cafe""], ""content_type"": ""event"", ""location"": {""name"": ""Atlanta, Georgia"", ""slug"": ""atlanta-georgia""}, ""signals"": {""meal_evidence"": {""breakfast"": [""waffle""], ""lunch"": [""sandwich""], ""dessert"": [""cake""], ""drinks"": [""cocktail"", ""cocktails"", ""bar"", ""gin""]}, ""cuisine_evidence"": {""american"": [""american""], ""mexican"": [""mexican""], ""italian"": [""pasta"", ""pizza""], ""seafood"": [""shrimp""], ""bbq"": [""brisket""], ""vegan"": [""vegan""], ""coffee_cafe"": [""coffee""]}, ""content_evidence"": {""event"": [""event"", ""live music""]}}, ""metadata"": {""hashtags"": [], ""mentions"": [""_waffle_bar"", ""brasilianaus"", ""buenapapafrybar"", ""butecoatl"", ""sfseav"", ""sinfulslidrz""], ""likes"": 11015, ""comments"": 121, ""video_views"": 77757}}","{""meal_type"": ""drinks"", ""cuisines"": [""coffee_cafe"", ""mexican""], ""content_type"": ""event"", ""location"": {""name"": ""Atlanta, Georgia"", ""slug"": null}, ""signals"": {""meal_evidence"": {""embedding_label"": ""drinks"", ""embedding_similarity"": 0.4, ""baseline_label"": ""drinks"", ""baseline_confidence"": 0.95, ""override"": false, ""reason"": ""embedding_agrees_boost_baseline""}, ""cuisine_evidence"": {""embedding_cuisines"": [""coffee_cafe"", ""mexican""], ""embedding_similarities"": {""mexican"": 0.434, ""coffee_cafe"": 0.437}, ""baseline_cuisines"": [""american"", ""bbq"", ""coffee_cafe"", ""italian"", ""mexican"", ""seafood"", ""vegan""], ""newly_detected"": [], ""removed"": [""american"", ""bbq"", ""italian"", ""seafood"", ""vegan""], ""reason"": ""embedding_refined_cuisine_list""}, ""content_evidence"": {""embedding_label"": ""food_spot"", ""embedding_similarity"": 0.395, ""second_label"": ""mixed"", ""second_similarity"": 0.227, ""margin"": 0.168, ""baseline_label"": ""event"", ""baseline_confidence"": 0.95, ""override"": false, ""reason"": ""weak_embedding_match_keep_baseline""}}, ""metadata"": {""hashtags"": [], ""mentions"": [""_waffle_bar"", ""brasilianaus"", ""buenapapafrybar"", ""butecoatl"", ""sfseav"", ""sinfulslidrz""], ""refined_from"": ""rules-food-events-v1""}, ""refinement"": {""meal_type_evidence"": {""embedding_label"": ""drinks"", ""embedding_similarity"": 0.4, ""baseline_label"": ""drinks"", ""baseline_confidence"": 0.95, ""override"": false, ""reason"": ""embedding_agrees_boost_baseline""}, ""cuisine_evidence"": {""embedding_cuisines"": [""coffee_cafe"", ""mexican""], ""embedding_similarities"": {""mexican"": 0.434, ""coffee_cafe"": 0.437}, ""baseline_cuisines"": [""american"", ""bbq"", ""coffee_cafe"", ""italian"", ""mexican"", ""seafood"", ""vegan""], ""newly_detected"": [], ""removed"": [""american"", ""bbq"", ""italian"", ""seafood"", ""vegan""], ""reason"": ""embedding_refined_cuisine_list""}, ""content_type_evidence"": {""embedding_label"": ""food_spot"", ""embedding_similarity"": 0.395, ""second_label"": ""mixed"", ""second_similarity"": 0.227, ""margin"": 0.168, ""baseline_label"": ""event"", ""baseline_confidence"": 0.95, ""override"": false, ""reason"": ""weak_embedding_match_keep_baseline""}, ""needs_review"": true, ""category_adjustment_reason"": ""none""}}",drinks,drinks,event,event,american|mexican|italian|seafood|bbq|vegan|coffee_cafe,coffee_cafe|mexican,True,none,https://www.instagram.com/p/C_8UNwDvMee/,,,,TRUE,matched
3528108597076336619,https://www.instagram.com/p/DD2XBOJvJ_r/,drinks,0.7,drinks,0.63,CONFIDENCE_UPDATED,-0.07,"{""meal_type"": ""drinks"", ""cuisines"": [], ""content_type"": ""food_spot"", ""location"": {""name"": ""Atlanta, Georgia"", ""slug"": ""atlanta-georgia""}, ""signals"": {""meal_evidence"": {""drinks"": [""bar""]}, ""cuisine_evidence"": {}, ""content_evidence"": {""food_spot"": [""location_present""]}}, ""metadata"": {""hashtags"": [""atlblog"", ""atlparties"", ""thingstodoinatl""], ""mentions"": [""atllovesmo"", ""cinnamontoastedexp"", ""holidaybaratl"", ""where2atlanta""], ""likes"": 6241, ""comments"": 200, ""video_views"": 76841}}","{""meal_type"": ""drinks"", ""cuisines"": [], ""content_type"": ""food_spot"", ""location"": {""name"": ""Atlanta, Georgia"", ""slug"": null}, ""signals"": {""meal_evidence"": {""embedding_label"": ""dinner"", ""embedding_similarity"": 0.134, ""baseline_label"": ""drinks"", ""baseline_confidence"": 0.7, ""override"": false, ""reason"": ""weak_embedding_match_keep_baseline""}, ""cuisine_evidence"": {""embedding_cuisines"": [], ""embedding_similarities"": {}, ""baseline_cuisines"": [], ""newly_detected"": [], ""removed"": [], ""reason"": ""no_strong_embedding_matches_keep_baseline""}, ""content_evidence"": {""embedding_label"": ""food_spot"", ""embedding_similarity"": 0.151, ""second_label"": ""mixed"", ""second_similarity"": 0.147, ""margin"": 0.004, ""baseline_label"": ""food_spot"", ""baseline_confidence"": 0.7, ""override"": false, ""reason"": ""weak_embedding_match_keep_baseline""}}, ""metadata"": {""hashtags"": [""atlblog"", ""atlparties"", ""thingstodoinatl""], ""mentions"": [""atllovesmo"", ""cinnamontoastedexp"", ""holidaybaratl"", ""where2atlanta""], ""refined_from"": ""rules-food-events-v1""}, ""refinement"": {""meal_type_evidence"": {""embedding_label"": ""dinner"", ""embedding_similarity"": 0.134, ""baseline_label"": ""drinks"", ""baseline_confidence"": 0.7, ""override"": false, ""reason"": ""weak_embedding_match_keep_baseline""}, ""cuisine_evidence"": {""embedding_cuisines"": [], ""embedding_similarities"": {}, ""baseline_cuisines"": [], ""newly_detected"": [], ""removed"": [], ""reason"": ""no_strong_embedding_matches_keep_baseline""}, ""content_type_evidence"": {""embedding_label"": ""food_spot"", ""embedding_similarity"": 0.151, ""second_label"": ""mixed"", ""second_similarity"": 0.147, ""margin"": 0.004, ""baseline_label"": ""food_spot"", ""baseline_confidence"": 0.7, ""override"": false, ""reason"": ""weak_embedding_match_keep_baseline""}, ""needs_review"": false, ""category_adjustment_reason"": ""none""}}",drinks,drinks,food_spot,food_spot,,,False,none,https://www.instagram.com/p/DD2XBOJvJ_r/,,,,TRUE,matched
3460070879591821072,https://www.instagram.com/p/DAEpCH7vm8Q/,dinner,0.75,dinner,0.737,CONFIDENCE_UPDATED,-0.013,"{""meal_type"": ""dinner"", ""cuisines"": [""american"", ""italian"", ""bakery""], ""content_type"": ""food_spot"", ""location"": {""name"": ""Atlanta, Georgia"", ""slug"": ""atlanta-georgia""}, ""signals"": {""meal_evidence"": {""dinner"": [""dinner"", ""date night""], ""dessert"": [""dessert""], ""drinks"": [""wine"", ""bar""], ""snack"": [""small bites""]}, ""cuisine_evidence"": {""american"": [""southern""], ""italian"": [""italian"", ""pizza""], ""bakery"": [""bread""]}, ""content_evidence"": {""food_spot"": [""location_present""]}}, ""metadata"": {""hashtags"": [], ""mentions"": [""_oliveandpine_"", ""atllovesmo"", ""barblancatlanta"", ""commune_atl"", ""pendolinoatl""], ""likes"": 8712, ""comments"": 93, ""video_views"": 75089}}","{""meal_type"": ""dinner"", ""cuisines"": [""italian""], ""content_type"": ""food_spot"", ""location"": {""name"": ""Atlanta, Georgia"", ""slug"": null}, ""signals"": {""meal_evidence"": {""embedding_label"": ""dinner"", ""embedding_similarity"": 0.464, ""baseline_label"": ""dinner"", ""baseline_confidence"": 0.75, ""override"": false, ""reason"": ""embedding_agrees_boost_baseline""}, ""cuisine_evidence"": {""embedding_cuisines"": [""italian""], ""embedding_similarities"": {""italian"": 0.428}, ""baseline_cuisines"": [""american"", ""bakery"", ""italian""], ""newly_detected"": [], ""removed"": [""american"", ""bakery""], ""reason"": ""embedding_refined_cuisine_list""}, ""content_evidence"": {""embedding_label"": ""food_spot"", ""embedding_similarity"": 0.515, ""second_label"": ""mixed"", ""second_similarity"": 0.209, ""margin"": 0.306, ""baseline_label"": ""food_spot"", ""baseline_confidence"": 0.75, ""override"": false, ""reason"": ""embedding_agrees_boost_baseline""}}, ""metadata"": {""hashtags"": [], ""mentions"": [""_oliveandpine_"", ""atllovesmo"", ""barblancatlanta"", ""commune_atl"", ""pendolinoatl""], ""refined_from"": ""rules-food-events-v1""}, ""refinement"": {""meal_type_evidence"": {""embedding_label"": ""dinner"", ""embedding_similarity"": 0.464, ""baseline_label"": ""dinner"", ""baseline_confidence"": 0.75, ""override"": false, ""reason"": ""embedding_agrees_boost_baseline""}, ""cuisine_evidence"": {""embedding_cuisines"": [""italian""], ""embedding_similarities"": {""italian"": 0.428}, ""baseline_cuisines"": [""american"", ""bakery"", ""italian""], ""newly_detected"": [], ""removed"": [""american"", ""bakery""], ""reason"": ""embedding_refined_cuisine_list""}, ""content_type_evidence"": {""embedding_label"": ""food_spot"", ""embedding_similarity"": 0.515, ""second_label"": ""mixed"", ""second_similarity"": 0.209, ""margin"": 0.306, ""baseline_label"": ""food_spot"", ""baseline_confidence"": 0.75, ""override"": false, ""reason"": ""embedding_agrees_boost_baseline""}, ""needs_review"": false, ""category_adjustment_reason"": ""none""}}",dinner,dinner,food_spot,food_spot,american|italian|bakery,italian,False,none,https://www.instagram.com/p/DAEpCH7vm8Q/,,,,TRUE,matched
3372108513374052708,https://www.instagram.com/p/C7MItOjuyFk/,drinks,0.95,drinks,0.922,CONFIDENCE_UPDATED,-0.028,"{""meal_type"": ""drinks"", ""cuisines"": [], ""content_type"": ""food_spot"", ""location"": {""name"": ""Atlanta, Georgia"", ""slug"": ""atlanta-georgia""}, ""signals"": {""meal_evidence"": {""drinks"": [""cocktail"", ""cocktails"", ""bar"", ""drink"", ""drinks""]}, ""cuisine_evidence"": {}, ""content_evidence"": {""food_spot"": [""location_present""]}}, ""metadata"": {""hashtags"": [""atlantabeltline"", ""atlblog"", ""atleats"", ""atlfoodie""], ""mentions"": [""atlantabeltline."", ""atlantawestend"", ""atllovesmo"", ""electrichospitality"", ""leeandwhite"", ""strangersinparadiseatl""], ""likes"": 8057, ""comments"": 126, ""video_views"": 74868}}","{""meal_type"": ""drinks"", ""cuisines"": [], ""content_type"": ""food_spot"", ""location"": {""name"": ""Atlanta, Georgia"", ""slug"": null}, ""signals"": {""meal_evidence"": {""embedding_label"": ""drinks"", ""embedding_similarity"": 0.357, ""baseline_label"": ""drinks"", ""baseline_confidence"": 0.95, ""override"": false, ""reason"": ""embedding_agrees_boost_baseline""}, ""cuisine_evidence"": {""embedding_cuisines"": [], ""embedding_similarities"": {}, ""baseline_cuisines"": [], ""newly_detected"": [], ""removed"": [], ""reason"": ""no_strong_embedding_matches_keep_baseline""}, ""content_evidence"": {""embedding_label"": ""food_spot"", ""embedding_similarity"": 0.415, ""second_label"": ""activity"", ""second_similarity"": 0.282, ""margin"": 0.132, ""baseline_label"": ""food_spot"", ""baseline_confidence"": 0.95, ""override"": false, ""reason"": ""embedding_agrees_boost_baseline""}}, ""metadata"": {""hashtags"": [""atlantabeltline"", ""atlblog"", ""atleats"", ""atlfoodie""], ""mentions"": [""atlantabeltline."", ""atlantawestend"", ""atllovesmo"", ""electrichospitality"", ""leeandwhite"", ""strangersinparadiseatl""], ""refined_from"": ""rules-food-events-v1""}, ""refinement"": {""meal_type_evidence"": {""embedding_label"": ""drinks"", ""embedding_similarity"": 0.357, ""baseline_label"": ""drinks"", ""baseline_confidence"": 0.95, ""override"": false, ""reason"": ""embedding_agrees_boost_baseline""}, ""cuisine_evidence"": {""embedding_cuisines"": [], ""embedding_similarities"": {}, ""baseline_cuisines"": [], ""newly_detected"": [], ""removed"": [], ""reason"": ""no_strong_embedding_matches_keep_baseline""}, ""content_type_evidence"": {""embedding_label"": ""food_spot"", ""embedding_similarity"": 0.415, ""second_label"": ""activity"", ""second_similarity"": 0.282, ""margin"": 0.132, ""baseline_label"": ""food_spot"", ""baseline_confidence"": 0.95, ""override"": false, ""reason"": ""embedding_agrees_boost_baseline""}, ""needs_review"": false, ""category_adjustment_reason"": ""none""}}",drinks,drinks,food_spot,food_spot,,,False,none,https://www.instagram.com/p/C7MItOjuyFk/,,,,TRUE,matched
3476581497987431627,https://www.instagram.com/p/DA_THPkPHzL/,drinks,0.7,drinks,0.63,CONFIDENCE_UPDATED,-0.07,"{""meal_type"": ""drinks"", ""cuisines"": [], ""content_type"": ""food_spot"", ""location"": {""name"": ""Atlanta, Georgia"", ""slug"": ""atlanta-georgia""}, ""signals"": {""meal_evidence"": {""drinks"": [""bar""]}, ""cuisine_evidence"": {}, ""content_evidence"": {""food_spot"": [""location_present""]}}, ""metadata"": {""hashtags"": [""atlblog"", ""atldatenight"", ""atleats"", ""thingstodoinatlanta""], ""mentions"": [""atllovesmo"", ""kennedyspacecenter"", ""polarisatlanta""], ""likes"": 11736, ""comments"": 77, ""video_views"": 73687}}","{""meal_type"": ""drinks"", ""cuisines"": [], ""content_type"": ""food_spot"", ""location"": {""name"": ""Atlanta, Georgia"", ""slug"": null}, ""signals"": {""meal_evidence"": {""embedding_label"": ""lunch"", ""embedding_similarity"": 0.232, ""baseline_label"": ""drinks"", ""baseline_confidence"": 0.7, ""override"": false, ""reason"": ""weak_embedding_match_keep_baseline""}, ""cuisine_evidence"": {""embedding_cuisines"": [], ""embedding_similarities"": {}, ""baseline_cuisines"": [], ""newly_detected"": [], ""removed"": [], ""reason"": ""no_strong_embedding_matches_keep_baseline""}, ""content_evidence"": {""embedding_label"": ""food_spot"", ""embedding_similarity"": 0.36, ""second_label"": ""mixed"", ""second_similarity"": 0.223, ""margin"": 0.137, ""baseline_label"": ""food_spot"", ""baseline_confidence"": 0.7, ""override"": false, ""reason"": ""weak_embedding_match_keep_baseline""}}, ""metadata"": {""hashtags"": [""atlblog"", ""atldatenight"", ""atleats"", ""thingstodoinatlanta""], ""mentions"": [""atllovesmo"", ""kennedyspacecenter"", ""polarisatlanta""], ""refined_from"": ""rules-food-events-v1""}, ""refinement"": {""meal_type_evidence"": {""embedding_label"": ""lunch"", ""embedding_similarity"": 0.232, ""baseline_label"": ""drinks"", ""baseline_confidence"": 0.7, ""override"": false, ""reason"": ""weak_embedding_match_keep_baseline""}, ""cuisine_evidence"": {""embedding_cuisines"": [], ""embedding_similarities"": {}, ""baseline_cuisines"": [], ""newly_detected"": [], ""removed"": [], ""reason"": ""no_strong_embedding_matches_keep_baseline""}, ""content_type_evidence"": {""embedding_label"": ""food_spot"", ""embedding_similarity"": 0.36, ""second_label"": ""mixed"", ""second_similarity"": 0.223, ""margin"": 0.137, ""baseline_label"": ""food_spot"", ""baseline_confidence"": 0.7, ""override"": false, ""reason"": ""weak_embedding_match_keep_baseline""}, ""needs_review"": false, ""category_adjustment_reason"": ""none""}}",drinks,drinks,food_spot,food_spot,,,False,none,https://www.instagram.com/p/DA_THPkPHzL/,,,,TRUE,matched
3477320904222926687,https://www.instagram.com/p/DBB7PBSP2df/,dessert,0.7,dessert,0.613,CONFIDENCE_UPDATED,-0.087,"{""meal_type"": ""dessert"", ""cuisines"": [""bakery"", ""coffee_cafe""], ""content_type"": ""food_spot"", ""location"": {""name"": ""Atlanta, Georgia"", ""slug"": ""atlanta-georgia""}, ""signals"": {""meal_evidence"": {""dessert"": [""cake""], ""drinks"": [""bar""]}, ""cuisine_evidence"": {""bakery"": [""bakery"", ""bread""], ""coffee_cafe"": [""coffee""]}, ""content_evidence"": {""food_spot"": [""location_present""]}}, ""metadata"": {""hashtags"": [""atlblog"", ""atleats"", ""atlfoodie""], ""mentions"": [""atllovesmo"", ""colettebread"", ""mezcla.atl"", ""sanctuary.atl.""], ""likes"": 9229, ""comments"": 77, ""video_views"": 73407}}","{""meal_type"": ""dessert"", ""cuisines"": [""bakery"", ""coffee_cafe""], ""content_type"": ""food_spot"", ""location"": {""name"": ""Atlanta, Georgia"", ""slug"": null}, ""signals"": {""meal_evidence"": {""embedding_label"": ""snack"", ""embedding_similarity"": 0.328, ""baseline_label"": ""dessert"", ""baseline_confidence"": 0.7, ""override"": false, ""reason"": ""embedding_disagrees_but_baseline_sufficient""}, ""cuisine_evidence"": {""embedding_cuisines"": [], ""embedding_similarities"": {}, ""baseline_cuisines"": [""bakery"", ""coffee_cafe""], ""newly_detected"": [], ""removed"": [""bakery"", ""coffee_cafe""], ""reason"": ""no_strong_embedding_matches_keep_baseline""}, ""content_evidence"": {""embedding_label"": ""food_spot"", ""embedding_similarity"": 0.308, ""second_label"": ""mixed"", ""second_similarity"": 0.2, ""margin"": 0.107, ""baseline_label"": ""food_spot"", ""baseline_confidence"": 0.7, ""override"": false, ""reason"": ""weak_embedding_match_keep_baseline""}}, ""metadata"": {""hashtags"": [""atlblog"", ""atleats"", ""atlfoodie""], ""mentions"": [""atllovesmo"", ""colettebread"", ""mezcla.atl"", ""sanctuary.atl.""], ""refined_from"": ""rules-food-events-v1""}, ""refinement"": {""meal_type_evidence"": {""embedding_label"": ""snack"", ""embedding_similarity"": 0.328, ""baseline_label"": ""dessert"", ""baseline_confidence"": 0.7, ""override"": false, ""reason"": ""embedding_disagrees_but_baseline_sufficient""}, ""cuisine_evidence"": {""embedding_cuisines"": [], ""embedding_similarities"": {}, ""baseline_cuisines"": [""bakery"", ""coffee_cafe""], ""newly_detected"": [], ""removed"": [""bakery"", ""coffee_cafe""], ""reason"": ""no_strong_embedding_matches_keep_baseline""}, ""content_type_evidence"": {""embedding_label"": ""food_spot"", ""embedding_similarity"": 0.308, ""second_label"": ""mixed"", ""second_similarity"": 0.2, ""margin"": 0.107, ""baseline_label"": ""food_spot"", ""baseline_confidence"": 0.7, ""override"": false, ""reason"": ""weak_embedding_match_keep_baseline""}, ""needs_review"": false, ""category_adjustment_reason"": ""none""}}",dessert,dessert,food_spot,food_spot,bakery|coffee_cafe,bakery|coffee_cafe,False,none,https://www.instagram.com/p/DBB7PBSP2df/,,,,TRUE,matched
3364351168049057961,https://www.instagram.com/p/C6wk4_vPBCp/,event,0.75,event,0.707,CONFIDENCE_UPDATED,-0.043,"{""meal_type"": ""dessert"", ""cuisines"": [], ""content_type"": ""event"", ""location"": {""name"": ""Jeni's Splendid Ice Creams"", ""slug"": ""jenis-splendid-ice-creams""}, ""signals"": {""meal_evidence"": {""dessert"": [""ice cream"", ""cake""]}, ""cuisine_evidence"": {}, ""content_evidence"": {""event"": [""limited time""]}}, ""metadata"": {""hashtags"": [""atlblog"", ""atlfoodie"", ""jenisicecream"", ""jenissplendidlcecreams""], ""mentions"": [""jenisicecreams""], ""likes"": 5176, ""comments"": 141, ""video_views"": 72667}}","{""meal_type"": ""dessert"", ""cuisines"": [], ""content_type"": ""event"", ""location"": {""name"": ""Jeni's Splendid Ice Creams"", ""slug"": null}, ""signals"": {""meal_evidence"": {""embedding_label"": ""dessert"", ""embedding_similarity"": 0.512, ""baseline_label"": ""dessert"", ""baseline_confidence"": 0.75, ""override"": false, ""reason"": ""embedding_agrees_boost_baseline""}, ""cuisine_evidence"": {""embedding_cuisines"": [], ""embedding_similarities"": {}, ""baseline_cuisines"": [], ""newly_detected"": [], ""removed"": [], ""reason"": ""no_strong_embedding_matches_keep_baseline""}, ""content_evidence"": {""embedding_label"": ""food_spot"", ""embedding_similarity"": 0.211, ""second_label"": ""mixed"", ""second_similarity"": 0.198, ""margin"": 0.012, ""baseline_label"": ""event"", ""baseline_confidence"": 0.75, ""override"": false, ""reason"": ""weak_embedding_match_keep_baseline""}}, ""metadata"": {""hashtags"": [""atlblog"", ""atlfoodie"", ""jenisicecream"", ""jenissplendidlcecreams""], ""mentions"": [""jenisicecreams""], ""refined_from"": ""rules-food-events-v1""}, ""refinement"": {""meal_type_evidence"": {""embedding_label"": ""dessert"", ""embedding_similarity"": 0.512, ""baseline_label"": ""dessert"", ""baseline_confidence"": 0.75, ""override"": false, ""reason"": ""embedding_agrees_boost_baseline""}, ""cuisine_evidence"": {""embedding_cuisines"": [], ""embedding_similarities"": {}, ""baseline_cuisines"": [], ""newly_detected"": [], ""removed"": [], ""reason"": ""no_strong_embedding_matches_keep_baseline""}, ""content_type_evidence"": {""embedding_label"": ""food_spot"", ""embedding_similarity"": 0.211, ""second_label"": ""mixed"", ""second_similarity"": 0.198, ""margin"": 0.012, ""baseline_label"": ""event"", ""baseline_confidence"": 0.75, ""override"": false, ""reason"": ""weak_embedding_match_keep_baseline""}, ""needs_review"": true, ""category_adjustment_reason"": ""none""}}",dessert,dessert,event,event,,,True,none,https://www.instagram.com/p/C6wk4_vPBCp/,,,,TRUE,matched
3359068148885895348,https://www.instagram.com/p/C6dzq8urDi0/,drinks,0.95,drinks,0.887,CONFIDENCE_UPDATED,-0.063,"{""meal_type"": ""drinks"", ""cuisines"": [], ""content_type"": ""food_spot"", ""location"": {""name"": ""Drawbar"", ""slug"": ""drawbar""}, ""signals"": {""meal_evidence"": {""dinner"": [""dinner"", ""date night""], ""drinks"": [""cocktail"", ""cocktails"", ""bar"", ""drink""]}, ""cuisine_evidence"": {}, ""content_evidence"": {""food_spot"": [""location_present""]}}, ""metadata"": {""hashtags"": [""atlantaeats"", ""atlblog"", ""atlcocktails"", ""atldatenight"", ""atlrooftop""], ""mentions"": [""atllovesmo"", ""bellyardhotel"", ""cooksatl"", ""drawbaratl"", ""mujoatl""], ""likes"": 9584, ""comments"": 106, ""video_views"": 71942}}","{""meal_type"": ""drinks"", ""cuisines"": [], ""content_type"": ""food_spot"", ""location"": {""name"": ""Drawbar"", ""slug"": null}, ""signals"": {""meal_evidence"": {""embedding_label"": ""drinks"", ""embedding_similarity"": 0.344, ""baseline_label"": ""drinks"", ""baseline_confidence"": 0.95, ""override"": false, ""reason"": ""embedding_agrees_boost_baseline""}, ""cuisine_evidence"": {""embedding_cuisines"": [], ""embedding_similarities"": {}, ""baseline_cuisines"": [], ""newly_detected"": [], ""removed"": [], ""reason"": ""no_strong_embedding_matches_keep_baseline""}, ""content_evidence"": {""embedding_label"": ""food_spot"", ""embedding_similarity"": 0.33, ""second_label"": ""mixed"", ""second_similarity"": 0.223, ""margin"": 0.107, ""baseline_label"": ""food_spot"", ""baseline_confidence"": 0.95, ""override"": false, ""reason"": ""weak_embedding_match_keep_baseline""}}, ""metadata"": {""hashtags"": [""atlantaeats"", ""atlblog"", ""atlcocktails"", ""atldatenight"", ""atlrooftop""], ""mentions"": [""atllovesmo"", ""bellyardhotel"", ""cooksatl"", ""drawbaratl"", ""mujoatl""], ""refined_from"": ""rules-food-events-v1""}, ""refinement"": {""meal_type_evidence"": {""embedding_label"": ""drinks"", ""embedding_similarity"": 0.344, ""baseline_label"": ""drinks"", ""baseline_confidence"": 0.95, ""override"": false, ""reason"": ""embedding_agrees_boost_baseline""}, ""cuisine_evidence"": {""embedding_cuisines"": [], ""embedding_similarities"": {}, ""baseline_cuisines"": [], ""newly_detected"": [], ""removed"": [], ""reason"": ""no_strong_embedding_matches_keep_baseline""}, ""content_type_evidence"": {""embedding_label"": ""food_spot"", ""embedding_similarity"": 0.33, ""second_label"": ""mixed"", ""second_similarity"": 0.223, ""margin"": 0.107, ""baseline_label"": ""food_spot"", ""baseline_confidence"": 0.95, ""override"": false, ""reason"": ""weak_embedding_match_keep_baseline""}, ""needs_review"": false, ""category_adjustment_reason"": ""none""}}",drinks,drinks,food_spot,food_spot,,,False,none,https://www.instagram.com/p/C6dzq8urDi0/,,,,TRUE,matched
3393863754453514782,https://www.instagram.com/p/C8ZbRpsRnoe/,dinner,0.7,dinner,0.658,CONFIDENCE_UPDATED,-0.042,"{""meal_type"": ""dinner"", ""cuisines"": [], ""content_type"": ""food_spot"", ""location"": {""name"": ""Atlanta, Georgia"", ""slug"": ""atlanta-georgia""}, ""signals"": {""meal_evidence"": {""dinner"": [""date night""], ""drinks"": [""cocktail""]}, ""cuisine_evidence"": {}, ""content_evidence"": {""food_spot"": [""location_present""]}}, ""metadata"": {""hashtags"": [""atlblog"", ""atldance"", ""atldatenight"", ""thingstodoinatlanta""], ""mentions"": [""atllovesmo"", ""jjjonqqq."", ""jojosbeloved"", ""politanrow.colonysquare""], ""likes"": 9955, ""comments"": 125, ""video_views"": 71339}}","{""meal_type"": ""dinner"", ""cuisines"": [], ""content_type"": ""food_spot"", ""location"": {""name"": ""Atlanta, Georgia"", ""slug"": null}, ""signals"": {""meal_evidence"": {""embedding_label"": ""drinks"", ""embedding_similarity"": 0.276, ""baseline_label"": ""dinner"", ""baseline_confidence"": 0.7, ""override"": false, ""reason"": ""weak_embedding_match_keep_baseline""}, ""cuisine_evidence"": {""embedding_cuisines"": [], ""embedding_similarities"": {}, ""baseline_cuisines"": [], ""newly_detected"": [], ""removed"": [], ""reason"": ""no_strong_embedding_matches_keep_baseline""}, ""content_evidence"": {""embedding_label"": ""food_spot"", ""embedding_similarity"": 0.412, ""second_label"": ""activity"", ""second_similarity"": 0.318, ""margin"": 0.094, ""baseline_label"": ""food_spot"", ""baseline_confidence"": 0.7, ""override"": false, ""reason"": ""embedding_agrees_boost_baseline""}}, ""metadata"": {""hashtags"": [""atlblog"", ""atldance"", ""atldatenight"", ""thingstodoinatlanta""], ""mentions"": [""atllovesmo"", ""jjjonqqq."", ""jojosbeloved"", ""politanrow.colonysquare""], ""refined_from"": ""rules-food-events-v1""}, ""refinement"": {""meal_type_evidence"": {""embedding_label"": ""drinks"", ""embedding_similarity"": 0.276, ""baseline_label"": ""dinner"", ""baseline_confidence"": 0.7, ""override"": false, ""reason"": ""weak_embedding_match_keep_baseline""}, ""cuisine_evidence"": {""embedding_cuisines"": [], ""embedding_similarities"": {}, ""baseline_cuisines"": [], ""newly_detected"": [], ""removed"": [], ""reason"": ""no_strong_embedding_matches_keep_baseline""}, ""content_type_evidence"": {""embedding_label"": ""food_spot"", ""embedding_similarity"": 0.412, ""second_label"": ""activity"", ""second_similarity"": 0.318, ""margin"": 0.094, ""baseline_label"": ""food_spot"", ""baseline_confidence"": 0.7, ""override"": false, ""reason"": ""embedding_agrees_boost_baseline""}, ""needs_review"": false, ""category_adjustment_reason"": ""none""}}",dinner,dinner,food_spot,food_spot,,,False,none,https://www.instagram.com/p/C8ZbRpsRnoe/,,,,TRUE,matched
3425279896451017405,https://www.instagram.com/p/C-JCer8P-q9/,drinks,0.75,drinks,0.705,CONFIDENCE_UPDATED,-0.045,"{""meal_type"": ""drinks"", ""cuisines"": [""american""], ""content_type"": ""food_spot"", ""location"": {""name"": ""Atlanta, Georgia"", ""slug"": ""atlanta-georgia""}, ""signals"": {""meal_evidence"": {""lunch"": [""sandwich""], ""drinks"": [""beer"", ""bar""]}, ""cuisine_evidence"": {""american"": [""burger""]}, ""content_evidence"": {""food_spot"": [""location_present""]}}, ""metadata"": {""hashtags"": [], ""mentions"": [""wreckingbarbrewpub""], ""likes"": 6277, ""comments"": 82, ""video_views"": 70729}}","{""meal_type"": ""drinks"", ""cuisines"": [""american""], ""content_type"": ""food_spot"", ""location"": {""name"": ""Atlanta, Georgia"", ""slug"": null}, ""signals"": {""meal_evidence"": {""embedding_label"": ""drinks"", ""embedding_similarity"": 0.47, ""baseline_label"": ""drinks"", ""baseline_confidence"": 0.75, ""override"": false, ""reason"": ""embedding_agrees_boost_baseline""}, ""cuisine_evidence"": {""embedding_cuisines"": [], ""embedding_similarities"": {}, ""baseline_cuisines"": [""american""], ""newly_detected"": [], ""removed"": [""american""], ""reason"": ""no_strong_embedding_matches_keep_baseline""}, ""content_evidence"": {""embedding_label"": ""food_spot"", ""embedding_similarity"": 0.331, ""second_label"": ""activity"", ""second_similarity"": 0.165, ""margin"": 0.166, ""baseline_label"": ""food_spot"", ""baseline_confidence"": 0.75, ""override"": false, ""reason"": ""weak_embedding_match_keep_baseline""}}, ""metadata"": {""hashtags"": [], ""mentions"": [""wreckingbarbrewpub""], ""refined_from"": ""rules-food-events-v1""}, ""refinement"": {""meal_type_evidence"": {""embedding_label"": ""drinks"", ""embedding_similarity"": 0.47, ""baseline_label"": ""drinks"", ""baseline_confidence"": 0.75, ""override"": false, ""reason"": ""embedding_agrees_boost_baseline""}, ""cuisine_evidence"": {""embedding_cuisines"": [], ""embedding_similarities"": {}, ""baseline_cuisines"": [""american""], ""newly_detected"": [], ""removed"": [""american""], ""reason"": ""no_strong_embedding_matches_keep_baseline""}, ""content_type_evidence"": {""embedding_label"": ""food_spot"", ""embedding_similarity"": 0.331, ""second_label"": ""activity"", ""second_similarity"": 0.165, ""margin"": 0.166, ""baseline_label"": ""food_spot"", ""baseline_confidence"": 0.75, ""override"": false, ""reason"": ""weak_embedding_match_keep_baseline""}, ""needs_review"": false, ""category_adjustment_reason"": ""none""}}",drinks,drinks,food_spot,food_spot,american,american,False,none,https://www.instagram.com/p/C-JCer8P-q9/,,,,TRUE,matched
3739824364931107370,https://www.instagram.com/p/DPmhnIKEcoq/,drinks,0.75,drinks,0.675,CONFIDENCE_UPDATED,-0.075,"{""meal_type"": ""drinks"", ""cuisines"": [], ""content_type"": ""food_spot"", ""location"": {""name"": ""Atlanta, Georgia"", ""slug"": ""atlanta-georgia""}, ""signals"": {""meal_evidence"": {""drinks"": [""cocktail"", ""cocktails""]}, ""cuisine_evidence"": {}, ""content_evidence"": {""food_spot"": [""location_present""]}}, ""metadata"": {""hashtags"": [""atlblog"", ""atleats"", ""atlfoodie""], ""mentions"": [""atllovesmo"", ""insomnianightclubatl"", ""premieratigroup"", ""premieratlgroup""], ""likes"": 6328, ""comments"": 1072, ""video_views"": 68848}}","{""meal_type"": ""drinks"", ""cuisines"": [], ""content_type"": ""food_spot"", ""location"": {""name"": ""Atlanta, Georgia"", ""slug"": null}, ""signals"": {""meal_evidence"": {""embedding_label"": ""snack"", ""embedding_similarity"": 0.233, ""baseline_label"": ""drinks"", ""baseline_confidence"": 0.75, ""override"": false, ""reason"": ""weak_embedding_match_keep_baseline""}, ""cuisine_evidence"": {""embedding_cuisines"": [], ""embedding_similarities"": {}, ""baseline_cuisines"": [], ""newly_detected"": [], ""removed"": [], ""reason"": ""no_strong_embedding_matches_keep_baseline""}, ""content_evidence"": {""embedding_label"": ""event"", ""embedding_similarity"": 0.265, ""second_label"": ""food_spot"", ""second_similarity"": 0.261, ""margin"": 0.004, ""baseline_label"": ""food_spot"", ""baseline_confidence"": 0.75, ""override"": false, ""reason"": ""weak_embedding_match_keep_baseline""}}, ""metadata"": {""hashtags"": [""atlblog"", ""atleats"", ""atlfoodie""], ""mentions"": [""atllovesmo"", ""insomnianightclubatl"", ""premieratigroup"", ""premieratlgroup""], ""refined_from"": ""rules-food-events-v1""}, ""refinement"": {""meal_type_evidence"": {""embedding_label"": ""snack"", ""embedding_similarity"": 0.233, ""baseline_label"": ""drinks"", ""baseline_confidence"": 0.75, ""override"": false, ""reason"": ""weak_embedding_match_keep_baseline""}, ""cuisine_evidence"": {""embedding_cuisines"": [], ""embedding_similarities"": {}, ""baseline_cuisines"": [], ""newly_detected"": [], ""removed"": [], ""reason"": ""no_strong_embedding_matches_keep_baseline""}, ""content_type_evidence"": {""embedding_label"": ""event"", ""embedding_similarity"": 0.265, ""second_label"": ""food_spot"", ""second_similarity"": 0.261, ""margin"": 0.004, ""baseline_label"": ""food_spot"", ""baseline_confidence"": 0.75, ""override"": false, ""reason"": ""weak_embedding_match_keep_baseline""}, ""needs_review"": true, ""category_adjustment_reason"": ""none""}}",drinks,drinks,food_spot,food_spot,,,True,none,https://www.instagram.com/p/DPmhnIKEcoq/,,,,TRUE,matched
3210535541371691501,https://www.instagram.com/p/CyOHRCSOeHt/,event,0.85,event,0.765,CONFIDENCE_UPDATED,-0.085,"{""meal_type"": ""drinks"", ""cuisines"": [], ""content_type"": ""event"", ""location"": {""name"": ""Atlanta, Georgia"", ""slug"": ""atlanta-georgia""}, ""signals"": {""meal_evidence"": {""drinks"": [""cocktail"", ""cocktails"", ""bar""]}, ""cuisine_evidence"": {}, ""content_evidence"": {""event"": [""event"", ""ticket""]}}, ""metadata"": {""hashtags"": [""atlanta"", ""atlbars"", ""thingstodoinatlanta"", ""undergroundatl""], ""mentions"": [""atllovesmo"", ""thepigalle"", ""underground_atlanta""], ""likes"": 6040, ""comments"": 101, ""video_views"": 68542}}","{""meal_type"": ""drinks"", ""cuisines"": [], ""content_type"": ""event"", ""location"": {""name"": ""Atlanta, Georgia"", ""slug"": null}, ""signals"": {""meal_evidence"": {""embedding_label"": ""dinner"", ""embedding_similarity"": 0.18, ""baseline_label"": ""drinks"", ""baseline_confidence"": 0.85, ""override"": false, ""reason"": ""weak_embedding_match_keep_baseline""}, ""cuisine_evidence"": {""embedding_cuisines"": [], ""embedding_similarities"": {}, ""baseline_cuisines"": [], ""newly_detected"": [], ""removed"": [], ""reason"": ""no_strong_embedding_matches_keep_baseline""}, ""content_evidence"": {""embedding_label"": ""event"", ""embedding_similarity"": 0.365, ""second_label"": ""activity"", ""second_similarity"": 0.318, ""margin"": 0.047, ""baseline_label"": ""event"", ""baseline_confidence"": 0.85, ""override"": false, ""reason"": ""weak_embedding_match_keep_baseline""}}, ""metadata"": {""hashtags"": [""atlanta"", ""atlbars"", ""thingstodoinatlanta"", ""undergroundatl""], ""mentions"": [""atllovesmo"", ""thepigalle"", ""underground_atlanta""], ""refined_from"": ""rules-food-events-v1""}, ""refinement"": {""meal_type_evidence"": {""embedding_label"": ""dinner"", ""embedding_similarity"": 0.18, ""baseline_label"": ""drinks"", ""baseline_confidence"": 0.85, ""override"": false, ""reason"": ""weak_embedding_match_keep_baseline""}, ""cuisine_evidence"": {""embedding_cuisines"": [], ""embedding_similarities"": {}, ""baseline_cuisines"": [], ""newly_detected"": [], ""removed"": [], ""reason"": ""no_strong_embedding_matches_keep_baseline""}, ""content_type_evidence"": {""embedding_label"": ""event"", ""embedding_similarity"": 0.365, ""second_label"": ""activity"", ""second_similarity"": 0.318, ""margin"": 0.047, ""baseline_label"": ""event"", ""baseline_confidence"": 0.85, ""override"": false, ""reason"": ""weak_embedding_match_keep_baseline""}, ""needs_review"": false, ""category_adjustment_reason"": ""none""}}",drinks,drinks,event,event,,,False,none,https://www.instagram.com/p/CyOHRCSOeHt/,,,,TRUE,matched
3561306871489346005,https://www.instagram.com/p/DFsTbsjR7nV/,event,0.75,event,0.656,CONFIDENCE_UPDATED,-0.094,"{""meal_type"": ""lunch"", ""cuisines"": [""seafood"", ""vegan""], ""content_type"": ""event"", ""location"": {""name"": ""Atlanta, Georgia"", ""slug"": ""atlanta-georgia""}, ""signals"": {""meal_evidence"": {""lunch"": [""lunch"", ""sandwich""], ""dessert"": [""sweet tooth""]}, ""cuisine_evidence"": {""seafood"": [""lobster""], ""vegan"": [""vegan""]}, ""content_evidence"": {""event"": [""market"", ""seasonal""]}}, ""metadata"": {""hashtags"": [""atlblog"", ""atldatenight"", ""atlfoodie""], ""mentions"": [""atllovesmo"", ""dipsdipsdipskitchen"", ""lucys_market"", ""thekrogdistrictatl""], ""likes"": 4987, ""comments"": 116, ""video_views"": 67180}}","{""meal_type"": ""lunch"", ""cuisines"": [""american""], ""content_type"": ""event"", ""location"": {""name"": ""Atlanta, Georgia"", ""slug"": null}, ""signals"": {""meal_evidence"": {""embedding_label"": ""snack"", ""embedding_similarity"": 0.507, ""baseline_label"": ""lunch"", ""baseline_confidence"": 0.75, ""override"": false, ""reason"": ""embedding_disagrees_but_baseline_sufficient""}, ""cuisine_evidence"": {""embedding_cuisines"": [""american""], ""embedding_similarities"": {""american"": 0.4}, ""baseline_cuisines"": [""seafood"", ""vegan""], ""newly_detected"": [""american""], ""removed"": [""seafood"", ""vegan""], ""reason"": ""embedding_refined_cuisine_list""}, ""content_evidence"": {""embedding_label"": ""food_spot"", ""embedding_similarity"": 0.328, ""second_label"": ""mixed"", ""second_similarity"": 0.265, ""margin"": 0.063, ""baseline_label"": ""event"", ""baseline_confidence"": 0.75, ""override"": false, ""reason"": ""weak_embedding_match_keep_baseline""}}, ""metadata"": {""hashtags"": [""atlblog"", ""atldatenight"", ""atlfoodie""], ""mentions"": [""atllovesmo"", ""dipsdipsdipskitchen"", ""lucys_market"", ""thekrogdistrictatl""], ""refined_from"": ""rules-food-events-v1""}, ""refinement"": {""meal_type_evidence"": {""embedding_label"": ""snack"", ""embedding_similarity"": 0.507, ""baseline_label"": ""lunch"", ""baseline_confidence"": 0.75, ""override"": false, ""reason"": ""embedding_disagrees_but_baseline_sufficient""}, ""cuisine_evidence"": {""embedding_cuisines"": [""american""], ""embedding_similarities"": {""american"": 0.4}, ""baseline_cuisines"": [""seafood"", ""vegan""], ""newly_detected"": [""american""], ""removed"": [""seafood"", ""vegan""], ""reason"": ""embedding_refined_cuisine_list""}, ""content_type_evidence"": {""embedding_label"": ""food_spot"", ""embedding_similarity"": 0.328, ""second_label"": ""mixed"", ""second_similarity"": 0.265, ""margin"": 0.063, ""baseline_label"": ""event"", ""baseline_confidence"": 0.75, ""override"": false, ""reason"": ""weak_embedding_match_keep_baseline""}, ""needs_review"": true, ""category_adjustment_reason"": ""none""}}",lunch,lunch,event,event,seafood|vegan,american,True,none,https://www.instagram.com/p/DFsTbsjR7nV/,,,,TRUE,matched
3193133222728489109,https://www.instagram.com/p/CxQSb-FOtiV/,drinks,0.95,drinks,0.888,CONFIDENCE_UPDATED,-0.062,"{""meal_type"": ""drinks"", ""cuisines"": [""coffee_cafe""], ""content_type"": ""food_spot"", ""location"": {""name"": ""Atlanta, Georgia"", ""slug"": ""atlanta-georgia""}, ""signals"": {""meal_evidence"": {""breakfast"": [""eggs""], ""brunch"": [""brunch""], ""dessert"": [""cake""], ""drinks"": [""cocktail"", ""cocktails"", ""drink"", ""martini""]}, ""cuisine_evidence"": {""coffee_cafe"": [""coffee"", ""espresso"", ""latte""]}, ""content_evidence"": {""food_spot"": [""location_present""]}}, ""metadata"": {""hashtags"": [""atlantabrunch"", ""atlantafood"", ""atlbrunch"", ""atleats"", ""atlfoodie"", ""hosted""], ""mentions"": [""atllovesmo"", ""castleberryhill"", ""dirtyrascalatl"", ""foxtheatreinst"", ""highsocietybuckhead"", ""hotelclermont"", ""omnicoffeeandeggs"", ""theponceroom"", ""thompsonbuckhead"", ""tinylousatl""], ""likes"": 7936, ""comments"": 63, ""video_views"": 66294}}","{""meal_type"": ""drinks"", ""cuisines"": [""coffee_cafe""], ""content_type"": ""food_spot"", ""location"": {""name"": ""Atlanta, Georgia"", ""slug"": null}, ""signals"": {""meal_evidence"": {""embedding_label"": ""drinks"", ""embedding_similarity"": 0.388, ""baseline_label"": ""drinks"", ""baseline_confidence"": 0.95, ""override"": false, ""reason"": ""embedding_agrees_boost_baseline""}, ""cuisine_evidence"": {""embedding_cuisines"": [], ""embedding_similarities"": {}, ""baseline_cuisines"": [""coffee_cafe""], ""newly_detected"": [], ""removed"": [""coffee_cafe""], ""reason"": ""no_strong_embedding_matches_keep_baseline""}, ""content_evidence"": {""embedding_label"": ""food_spot"", ""embedding_similarity"": 0.365, ""second_label"": ""event"", ""second_similarity"": 0.149, ""margin"": 0.217, ""baseline_label"": ""food_spot"", ""baseline_confidence"": 0.95, ""override"": false, ""reason"": ""weak_embedding_match_keep_baseline""}}, ""metadata"": {""hashtags"": [""atlantabrunch"", ""atlantafood"", ""atlbrunch"", ""atleats"", ""atlfoodie"", ""hosted""], ""mentions"": [""atllovesmo"", ""castleberryhill"", ""dirtyrascalatl"", ""foxtheatreinst"", ""highsocietybuckhead"", ""hotelclermont"", ""omnicoffeeandeggs"", ""theponceroom"", ""thompsonbuckhead"", ""tinylousatl""], ""refined_from"": ""rules-food-events-v1""}, ""refinement"": {""meal_type_evidence"": {""embedding_label"": ""drinks"", ""embedding_similarity"": 0.388, ""baseline_label"": ""drinks"", ""baseline_confidence"": 0.95, ""override"": false, ""reason"": ""embedding_agrees_boost_baseline""}, ""cuisine_evidence"": {""embedding_cuisines"": [], ""embedding_similarities"": {}, ""baseline_cuisines"": [""coffee_cafe""], ""newly_detected"": [], ""removed"": [""coffee_cafe""], ""reason"": ""no_strong_embedding_matches_keep_baseline""}, ""content_type_evidence"": {""embedding_label"": ""food_spot"", ""embedding_similarity"": 0.365, ""second_label"": ""event"", ""second_similarity"": 0.149, ""margin"": 0.217, ""baseline_label"": ""food_spot"", ""baseline_confidence"": 0.95, ""override"": false, ""reason"": ""weak_embedding_match_keep_baseline""}, ""needs_review"": false, ""category_adjustment_reason"": ""none""}}",drinks,drinks,food_spot,food_spot,coffee_cafe,coffee_cafe,False,none,https://www.instagram.com/p/CxQSb-FOtiV/,,,,TRUE,matched
3324280141536804331,https://www.instagram.com/p/C4iNy0KL73r/,unknown,0.7,unknown,0.63,CONFIDENCE_UPDATED,-0.07,"{""meal_type"": ""unknown"", ""cuisines"": [], ""content_type"": ""food_spot"", ""location"": {""name"": ""Ponce City Market"", ""slug"": ""ponce-city-market""}, ""signals"": {""meal_evidence"": {}, ""cuisine_evidence"": {}, ""content_evidence"": {""food_spot"": [""location_present""]}}, ""metadata"": {""hashtags"": [""amazononemedical"", ""healthandwellness"", ""primarycare""], ""mentions"": [""amazononemedical"", ""onemedical""], ""likes"": 295, ""comments"": 48, ""video_views"": 66271}}","{""meal_type"": ""unknown"", ""cuisines"": [], ""content_type"": ""food_spot"", ""location"": {""name"": ""Ponce City Market"", ""slug"": null}, ""signals"": {""meal_evidence"": {""embedding_label"": ""dessert"", ""embedding_similarity"": 0.108, ""baseline_label"": ""unknown"", ""baseline_confidence"": 0.7, ""override"": false, ""reason"": ""weak_embedding_match_keep_baseline""}, ""cuisine_evidence"": {""embedding_cuisines"": [], ""embedding_similarities"": {}, ""baseline_cuisines"": [], ""newly_detected"": [], ""removed"": [], ""reason"": ""no_strong_embedding_matches_keep_baseline""}, ""content_evidence"": {""embedding_label"": ""event"", ""embedding_similarity"": 0.098, ""second_label"": ""food_spot"", ""second_similarity"": 0.016, ""margin"": 0.082, ""baseline_label"": ""food_spot"", ""baseline_confidence"": 0.7, ""override"": false, ""reason"": ""weak_embedding_match_keep_baseline""}}, ""metadata"": {""hashtags"": [""amazononemedical"", ""healthandwellness"", ""primarycare""], ""mentions"": [""amazononemedical"", ""onemedical""], ""refined_from"": ""rules-food-events-v1""}, ""refinement"": {""meal_type_evidence"": {""embedding_label"": ""dessert"", ""embedding_similarity"": 0.108, ""baseline_label"": ""unknown"", ""baseline_confidence"": 0.7, ""override"": false, ""reason"": ""weak_embedding_match_keep_baseline""}, ""cuisine_evidence"": {""embedding_cuisines"": [], ""embedding_similarities"": {}, ""baseline_cuisines"": [], ""newly_detected"": [], ""removed"": [], ""reason"": ""no_strong_embedding_matches_keep_baseline""}, ""content_type_evidence"": {""embedding_label"": ""event"", ""embedding_similarity"": 0.098, ""second_label"": ""food_spot"", ""second_similarity"": 0.016, ""margin"": 0.082, ""baseline_label"": ""food_spot"", ""baseline_confidence"": 0.7, ""override"": false, ""reason"": ""weak_embedding_match_keep_baseline""}, ""needs_review"": true, ""category_adjustment_reason"": ""none""}}",unknown,unknown,food_spot,food_spot,,,True,none,https://www.instagram.com/p/C4iNy0KL73r/,,,,TRUE,matched
3396028440569668234,https://www.instagram.com/p/C8hHd-vR2KK/,breakfast,0.75,breakfast,0.656,CONFIDENCE_UPDATED,-0.094,"{""meal_type"": ""breakfast"", ""cuisines"": [""american"", ""bbq""], ""content_type"": ""food_spot"", ""location"": {""name"": ""Atlanta, Georgia"", ""slug"": ""atlanta-georgia""}, ""signals"": {""meal_evidence"": {""breakfast"": [""breakfast"", ""bagel""], ""brunch"": [""brunch""]}, ""cuisine_evidence"": {""american"": [""fried chicken"", ""southern""], ""bbq"": [""smoked""]}, ""content_evidence"": {""food_spot"": [""location_present""]}}, ""metadata"": {""hashtags"": [""atlantabreakfast"", ""atlblog"", ""atlbrunch"", ""atleats""], ""mentions"": [""atllovesmo"", ""buttermilkkitchen""], ""likes"": 5711, ""comments"": 133, ""video_views"": 66090}}","{""meal_type"": ""breakfast"", ""cuisines"": [""american""], ""content_type"": ""food_spot"", ""location"": {""name"": ""Atlanta, Georgia"", ""slug"": null}, ""signals"": {""meal_evidence"": {""embedding_label"": ""snack"", ""embedding_similarity"": 0.371, ""baseline_label"": ""breakfast"", ""baseline_confidence"": 0.75, ""override"": false, ""reason"": ""embedding_disagrees_but_baseline_sufficient""}, ""cuisine_evidence"": {""embedding_cuisines"": [""american""], ""embedding_similarities"": {""american"": 0.428}, ""baseline_cuisines"": [""american"", ""bbq""], ""newly_detected"": [], ""removed"": [""bbq""], ""reason"": ""embedding_refined_cuisine_list""}, ""content_evidence"": {""embedding_label"": ""food_spot"", ""embedding_similarity"": 0.331, ""second_label"": ""mixed"", ""second_similarity"": 0.183, ""margin"": 0.148, ""baseline_label"": ""food_spot"", ""baseline_confidence"": 0.75, ""override"": false, ""reason"": ""weak_embedding_match_keep_baseline""}}, ""metadata"": {""hashtags"": [""atlantabreakfast"", ""atlblog"", ""atlbrunch"", ""atleats""], ""mentions"": [""atllovesmo"", ""buttermilkkitchen""], ""refined_from"": ""rules-food-events-v1""}, ""refinement"": {""meal_type_evidence"": {""embedding_label"": ""snack"", ""embedding_similarity"": 0.371, ""baseline_label"": ""breakfast"", ""baseline_confidence"": 0.75, ""override"": false, ""reason"": ""embedding_disagrees_but_baseline_sufficient""}, ""cuisine_evidence"": {""embedding_cuisines"": [""american""], ""embedding_similarities"": {""american"": 0.428}, ""baseline_cuisines"": [""american"", ""bbq""], ""newly_detected"": [], ""removed"": [""bbq""], ""reason"": ""embedding_refined_cuisine_list""}, ""content_type_evidence"": {""embedding_label"": ""food_spot"", ""embedding_similarity"": 0.331, ""second_label"": ""mixed"", ""second_similarity"": 0.183, ""margin"": 0.148, ""baseline_label"": ""food_spot"", ""baseline_confidence"": 0.75, ""override"": false, ""reason"": ""weak_embedding_match_keep_baseline""}, ""needs_review"": false, ""category_adjustment_reason"": ""none""}}",breakfast,breakfast,food_spot,food_spot,american|bbq,american,False,none,https://www.instagram.com/p/C8hHd-vR2KK/,,,,TRUE,matched
3445308810076625664,https://www.instagram.com/p/C_QMhvWJBsA/,drinks,0.95,drinks,0.831,CONFIDENCE_UPDATED,-0.119,"{""meal_type"": ""drinks"", ""cuisines"": [""american"", ""mexican"", ""coffee_cafe""], ""content_type"": ""food_spot"", ""location"": {""name"": ""Atlanta, Georgia"", ""slug"": ""atlanta-georgia""}, ""signals"": {""meal_evidence"": {""drinks"": [""cocktail"", ""cocktails"", ""spirits"", ""bar"", ""margarita""]}, ""cuisine_evidence"": {""american"": [""southern""], ""mexican"": [""mexican""], ""coffee_cafe"": [""coffee""]}, ""content_evidence"": {""food_spot"": [""location_present""]}}, ""metadata"": {""hashtags"": [""atlantahotels"", ""atlblog"", ""atlfood"", ""thingstodoinatlanta""], ""mentions"": [""atlantabeltline"", ""hotelgranada_atlanta"", ""moonlightatlanta"", ""patanegraatl"", ""resy.""], ""likes"": 8694, ""comments"": 132, ""video_views"": 65785}}","{""meal_type"": ""drinks"", ""cuisines"": [""american"", ""mexican""], ""content_type"": ""food_spot"", ""location"": {""name"": ""Atlanta, Georgia"", ""slug"": null}, ""signals"": {""meal_evidence"": {""embedding_label"": ""dinner"", ""embedding_similarity"": 0.368, ""baseline_label"": ""drinks"", ""baseline_confidence"": 0.95, ""override"": false, ""reason"": ""embedding_disagrees_but_baseline_sufficient""}, ""cuisine_evidence"": {""embedding_cuisines"": [""american"", ""mexican""], ""embedding_similarities"": {""american"": 0.427, ""mexican"": 0.482}, ""baseline_cuisines"": [""american"", ""coffee_cafe"", ""mexican""], ""newly_detected"": [], ""removed"": [""coffee_cafe""], ""reason"": ""embedding_refined_cuisine_list""}, ""content_evidence"": {""embedding_label"": ""food_spot"", ""embedding_similarity"": 0.384, ""second_label"": ""mixed"", ""second_similarity"": 0.217, ""margin"": 0.167, ""baseline_label"": ""food_spot"", ""baseline_confidence"": 0.95, ""override"": false, ""reason"": ""weak_embedding_match_keep_baseline""}}, ""metadata"": {""hashtags"": [""atlantahotels"", ""atlblog"", ""atlfood"", ""thingstodoinatlanta""], ""mentions"": [""atlantabeltline"", ""hotelgranada_atlanta"", ""moonlightatlanta"", ""patanegraatl"", ""resy.""], ""refined_from"": ""rules-food-events-v1""}, ""refinement"": {""meal_type_evidence"": {""embedding_label"": ""dinner"", ""embedding_similarity"": 0.368, ""baseline_label"": ""drinks"", ""baseline_confidence"": 0.95, ""override"": false, ""reason"": ""embedding_disagrees_but_baseline_sufficient""}, ""cuisine_evidence"": {""embedding_cuisines"": [""american"", ""mexican""], ""embedding_similarities"": {""american"": 0.427, ""mexican"": 0.482}, ""baseline_cuisines"": [""american"", ""coffee_cafe"", ""mexican""], ""newly_detected"": [], ""removed"": [""coffee_cafe""], ""reason"": ""embedding_refined_cuisine_list""}, ""content_type_evidence"": {""embedding_label"": ""food_spot"", ""embedding_similarity"": 0.384, ""second_label"": ""mixed"", ""second_similarity"": 0.217, ""margin"": 0.167, ""baseline_label"": ""food_spot"", ""baseline_confidence"": 0.95, ""override"": false, ""reason"": ""weak_embedding_match_keep_baseline""}, ""needs_review"": false, ""category_adjustment_reason"": ""none""}}",drinks,drinks,food_spot,food_spot,american|mexican|coffee_cafe,american|mexican,False,none,https://www.instagram.com/p/C_QMhvWJBsA/,,,,TRUE,matched
3148425340874683154,https://www.instagram.com/p/CuxdCqcrHMS/,drinks,0.95,drinks,0.922,CONFIDENCE_UPDATED,-0.028,"{""meal_type"": ""drinks"", ""cuisines"": [""indian""], ""content_type"": ""food_spot"", ""location"": {""name"": ""The Burgess Hotel, Atlanta, A Tribute Portfolio Hotel"", ""slug"": ""the-burgess-hotel-atlanta-a-tribute-portfolio-hotel""}, ""signals"": {""meal_evidence"": {""drinks"": [""cocktail"", ""cocktails"", ""bar"", ""shot""]}, ""cuisine_evidence"": {""indian"": [""indian""]}, ""content_evidence"": {""food_spot"": [""location_present""]}}, ""metadata"": {""hashtags"": [""atlantafoodie"", ""atlbar"", ""atlcocktails"", ""atlhiddengem"", ""hosted""], ""mentions"": [""atllovesmo"", ""fia_atlanta"", ""theburgesshotel"", ""theburgesshotel.""], ""likes"": 5213, ""comments"": 44, ""video_views"": 65113}}","{""meal_type"": ""drinks"", ""cuisines"": [""american""], ""content_type"": ""food_spot"", ""location"": {""name"": ""The Burgess Hotel, Atlanta, A Tribute Portfolio Hotel"", ""slug"": null}, ""signals"": {""meal_evidence"": {""embedding_label"": ""drinks"", ""embedding_similarity"": 0.385, ""baseline_label"": ""drinks"", ""baseline_confidence"": 0.95, ""override"": false, ""reason"": ""embedding_agrees_boost_baseline""}, ""cuisine_evidence"": {""embedding_cuisines"": [""american""], ""embedding_similarities"": {""american"": 0.436}, ""baseline_cuisines"": [""indian""], ""newly_detected"": [""american""], ""removed"": [""indian""], ""reason"": ""embedding_refined_cuisine_list""}, ""content_evidence"": {""embedding_label"": ""food_spot"", ""embedding_similarity"": 0.413, ""second_label"": ""activity"", ""second_similarity"": 0.257, ""margin"": 0.156, ""baseline_label"": ""food_spot"", ""baseline_confidence"": 0.95, ""override"": false, ""reason"": ""embedding_agrees_boost_baseline""}}, ""metadata"": {""hashtags"": [""atlantafoodie"", ""atlbar"", ""atlcocktails"", ""atlhiddengem"", ""hosted""], ""mentions"": [""atllovesmo"", ""fia_atlanta"", ""theburgesshotel"", ""theburgesshotel.""], ""refined_from"": ""rules-food-events-v1""}, ""refinement"": {""meal_type_evidence"": {""embedding_label"": ""drinks"", ""embedding_similarity"": 0.385, ""baseline_label"": ""drinks"", ""baseline_confidence"": 0.95, ""override"": false, ""reason"": ""embedding_agrees_boost_baseline""}, ""cuisine_evidence"": {""embedding_cuisines"": [""american""], ""embedding_similarities"": {""american"": 0.436}, ""baseline_cuisines"": [""indian""], ""newly_detected"": [""american""], ""removed"": [""indian""], ""reason"": ""embedding_refined_cuisine_list""}, ""content_type_evidence"": {""embedding_label"": ""food_spot"", ""embedding_similarity"": 0.413, ""second_label"": ""activity"", ""second_similarity"": 0.257, ""margin"": 0.156, ""baseline_label"": ""food_spot"", ""baseline_confidence"": 0.95, ""override"": false, ""reason"": ""embedding_agrees_boost_baseline""}, ""needs_review"": false, ""category_adjustment_reason"": ""none""}}",drinks,drinks,food_spot,food_spot,indian,american,False,none,https://www.instagram.com/p/CuxdCqcrHMS/,,,,TRUE,matched
3215580167702978206,https://www.instagram.com/p/CygCSAquh6e/,event,0.75,event,0.675,CONFIDENCE_UPDATED,-0.075,"{""meal_type"": ""unknown"", ""cuisines"": [], ""content_type"": ""event"", ""location"": {""name"": ""Atlanta, Georgia"", ""slug"": ""atlanta-georgia""}, ""signals"": {""meal_evidence"": {}, ""cuisine_evidence"": {}, ""content_evidence"": {""event"": [""event"", ""ticket""]}}, ""metadata"": {""hashtags"": [""ad"", ""atlanta"", ""atlantaunited"", ""atlsports"", ""atlunited"", ""soccer"", ""sponsored"", ""thingstodoinatlanta"", ""tickpick"", ""worldseries""], ""mentions"": [""atlantafalcons"", ""atllovesmo"", ""mercedesbenzstadium"", ""tickpick"", ""tickpick.""], ""likes"": 2882, ""comments"": 70, ""video_views"": 64651}}","{""meal_type"": ""unknown"", ""cuisines"": [], ""content_type"": ""event"", ""location"": {""name"": ""Atlanta, Georgia"", ""slug"": null}, ""signals"": {""meal_evidence"": {""embedding_label"": ""snack"", ""embedding_similarity"": 0.178, ""baseline_label"": ""unknown"", ""baseline_confidence"": 0.75, ""override"": false, ""reason"": ""weak_embedding_match_keep_baseline""}, ""cuisine_evidence"": {""embedding_cuisines"": [], ""embedding_similarities"": {}, ""baseline_cuisines"": [], ""newly_detected"": [], ""removed"": [], ""reason"": ""no_strong_embedding_matches_keep_baseline""}, ""content_evidence"": {""embedding_label"": ""event"", ""embedding_similarity"": 0.273, ""second_label"": ""food_spot"", ""second_similarity"": 0.265, ""margin"": 0.008, ""baseline_label"": ""event"", ""baseline_confidence"": 0.75, ""override"": false, ""reason"": ""weak_embedding_match_keep_baseline""}}, ""metadata"": {""hashtags"": [""ad"", ""atlanta"", ""atlantaunited"", ""atlsports"", ""atlunited"", ""soccer"", ""sponsored"", ""thingstodoinatlanta"", ""tickpick"", ""worldseries""], ""mentions"": [""atlantafalcons"", ""atllovesmo"", ""mercedesbenzstadium"", ""tickpick"", ""tickpick.""], ""refined_from"": ""rules-food-events-v1""}, ""refinement"": {""meal_type_evidence"": {""embedding_label"": ""snack"", ""embedding_similarity"": 0.178, ""baseline_label"": ""unknown"", ""baseline_confidence"": 0.75, ""override"": false, ""reason"": ""weak_embedding_match_keep_baseline""}, ""cuisine_evidence"": {""embedding_cuisines"": [], ""embedding_similarities"": {}, ""baseline_cuisines"": [], ""newly_detected"": [], ""removed"": [], ""reason"": ""no_strong_embedding_matches_keep_baseline""}, ""content_type_evidence"": {""embedding_label"": ""event"", ""embedding_similarity"": 0.273, ""second_label"": ""food_spot"", ""second_similarity"": 0.265, ""margin"": 0.008, ""baseline_label"": ""event"", ""baseline_confidence"": 0.75, ""override"": false, ""reason"": ""weak_embedding_match_keep_baseline""}, ""needs_review"": false, ""category_adjustment_reason"": ""none""}}",unknown,unknown,event,event,,,False,none,https://www.instagram.com/p/CygCSAquh6e/,,,,TRUE,matched
3159018211729755841,https://www.instagram.com/p/CvXFlONJE7B/,drinks,0.7,drinks,0.641,CONFIDENCE_UPDATED,-0.059,"{""meal_type"": ""drinks"", ""cuisines"": [""japanese"", ""seafood"", ""vegan""], ""content_type"": ""food_spot"", ""location"": {""name"": ""Bully Boy"", ""slug"": ""bully-boy""}, ""signals"": {""meal_evidence"": {""drinks"": [""cocktail""]}, ""cuisine_evidence"": {""japanese"": [""sushi""], ""seafood"": [""seafood""], ""vegan"": [""vegan""]}, ""content_evidence"": {""food_spot"": [""location_present""]}}, ""metadata"": {""hashtags"": [""atlanta"", ""atlantafoodie"", ""atlfinedining"", ""atlfood"", ""atlvegan"", ""hosted""], ""mentions"": [""atllovesmo"", ""bullyboyatl"", ""toddrushing."", ""twourbanlicks""], ""likes"": 8180, ""comments"": 80, ""video_views"": 64556}}","{""meal_type"": ""drinks"", ""cuisines"": [""american""], ""content_type"": ""food_spot"", ""location"": {""name"": ""Bully Boy"", ""slug"": null}, ""signals"": {""meal_evidence"": {""embedding_label"": ""snack"", ""embedding_similarity"": 0.388, ""baseline_label"": ""drinks"", ""baseline_confidence"": 0.7, ""override"": false, ""reason"": ""embedding_disagrees_but_baseline_sufficient""}, ""cuisine_evidence"": {""embedding_cuisines"": [""american""], ""embedding_similarities"": {""american"": 0.461}, ""baseline_cuisines"": [""japanese"", ""seafood"", ""vegan""], ""newly_detected"": [""american""], ""removed"": [""japanese"", ""seafood"", ""vegan""], ""reason"": ""embedding_refined_cuisine_list""}, ""content_evidence"": {""embedding_label"": ""food_spot"", ""embedding_similarity"": 0.423, ""second_label"": ""mixed"", ""second_similarity"": 0.267, ""margin"": 0.156, ""baseline_label"": ""food_spot"", ""baseline_confidence"": 0.7, ""override"": false, ""reason"": ""embedding_agrees_boost_baseline""}}, ""metadata"": {""hashtags"": [""atlanta"", ""atlantafoodie"", ""atlfinedining"", ""atlfood"", ""atlvegan"", ""hosted""], ""mentions"": [""atllovesmo"", ""bullyboyatl"", ""toddrushing."", ""twourbanlicks""], ""refined_from"": ""rules-food-events-v1""}, ""refinement"": {""meal_type_evidence"": {""embedding_label"": ""snack"", ""embedding_similarity"": 0.388, ""baseline_label"": ""drinks"", ""baseline_confidence"": 0.7, ""override"": false, ""reason"": ""embedding_disagrees_but_baseline_sufficient""}, ""cuisine_evidence"": {""embedding_cuisines"": [""american""], ""embedding_similarities"": {""american"": 0.461}, ""baseline_cuisines"": [""japanese"", ""seafood"", ""vegan""], ""newly_detected"": [""american""], ""removed"": [""japanese"", ""seafood"", ""vegan""], ""reason"": ""embedding_refined_cuisine_list""}, ""content_type_evidence"": {""embedding_label"": ""food_spot"", ""embedding_similarity"": 0.423, ""second_label"": ""mixed"", ""second_similarity"": 0.267, ""margin"": 0.156, ""baseline_label"": ""food_spot"", ""baseline_confidence"": 0.7, ""override"": false, ""reason"": ""embedding_agrees_boost_baseline""}, ""needs_review"": false, ""category_adjustment_reason"": ""none""}}",drinks,drinks,food_spot,food_spot,japanese|seafood|vegan,american,False,none,https://www.instagram.com/p/CvXFlONJE7B/,,,,TRUE,matched
3401929863048150541,https://www.instagram.com/p/C82FS-txz4N/,event,0.7,event,0.63,CONFIDENCE_UPDATED,-0.07,"{""meal_type"": ""drinks"", ""cuisines"": [], ""content_type"": ""event"", ""location"": {""name"": ""Atlanta, Georgia"", ""slug"": ""atlanta-georgia""}, ""signals"": {""meal_evidence"": {""drinks"": [""bar""]}, ""cuisine_evidence"": {}, ""content_evidence"": {""event"": [""event""]}}, ""metadata"": {""hashtags"": [""atlantafoodie"", ""atlblog"", ""atleats"", ""atlrooftop""], ""mentions"": [""atllovesmo"", ""novemberrosemusic"", ""tesseraeatl"", ""thompsonbuckhead""], ""likes"": 9354, ""comments"": 104, ""video_views"": 64538}}","{""meal_type"": ""drinks"", ""cuisines"": [], ""content_type"": ""event"", ""location"": {""name"": ""Atlanta, Georgia"", ""slug"": null}, ""signals"": {""meal_evidence"": {""embedding_label"": ""drinks"", ""embedding_similarity"": 0.282, ""baseline_label"": ""drinks"", ""baseline_confidence"": 0.7, ""override"": false, ""reason"": ""weak_embedding_match_keep_baseline""}, ""cuisine_evidence"": {""embedding_cuisines"": [], ""embedding_similarities"": {}, ""baseline_cuisines"": [], ""newly_detected"": [], ""removed"": [], ""reason"": ""no_strong_embedding_matches_keep_baseline""}, ""content_evidence"": {""embedding_label"": ""food_spot"", ""embedding_similarity"": 0.388, ""second_label"": ""event"", ""second_similarity"": 0.332, ""margin"": 0.056, ""baseline_label"": ""event"", ""baseline_confidence"": 0.7, ""override"": false, ""reason"": ""weak_embedding_match_keep_baseline""}}, ""metadata"": {""hashtags"": [""atlantafoodie"", ""atlblog"", ""atleats"", ""atlrooftop""], ""mentions"": [""atllovesmo"", ""novemberrosemusic"", ""tesseraeatl"", ""thompsonbuckhead""], ""refined_from"": ""rules-food-events-v1""}, ""refinement"": {""meal_type_evidence"": {""embedding_label"": ""drinks"", ""embedding_similarity"": 0.282, ""baseline_label"": ""drinks"", ""baseline_confidence"": 0.7, ""override"": false, ""reason"": ""weak_embedding_match_keep_baseline""}, ""cuisine_evidence"": {""embedding_cuisines"": [], ""embedding_similarities"": {}, ""baseline_cuisines"": [], ""newly_detected"": [], ""removed"": [], ""reason"": ""no_strong_embedding_matches_keep_baseline""}, ""content_type_evidence"": {""embedding_label"": ""food_spot"", ""embedding_similarity"": 0.388, ""second_label"": ""event"", ""second_similarity"": 0.332, ""margin"": 0.056, ""baseline_label"": ""event"", ""baseline_confidence"": 0.7, ""override"": false, ""reason"": ""weak_embedding_match_keep_baseline""}, ""needs_review"": true, ""category_adjustment_reason"": ""none""}}",drinks,drinks,event,event,,,True,none,https://www.instagram.com/p/C82FS-txz4N/,,,,TRUE,matched
3199606250660182545,https://www.instagram.com/p/CxnSO7HuDoR/,event,0.85,event,0.744,CONFIDENCE_UPDATED,-0.106,"{""meal_type"": ""drinks"", ""cuisines"": [""mediterranean""], ""content_type"": ""event"", ""location"": {""name"": ""Star Metals Atlanta"", ""slug"": ""star-metals-atlanta""}, ""signals"": {""meal_evidence"": {""lunch"": [""sandwich""], ""dinner"": [""date night""], ""dessert"": [""ice cream"", ""cake""], ""drinks"": [""cocktail"", ""cocktails"", ""bar""]}, ""cuisine_evidence"": {""mediterranean"": [""shawarma"", ""hummus""]}, ""content_evidence"": {""event"": [""live music""]}}, ""metadata"": {""hashtags"": [""atldatenight"", ""atleats"", ""atlfoodie"", ""hosted""], ""mentions"": [""atllovesmo"", ""cookingwithashkan"", ""we.are.zenshi"", ""yalda.atl""], ""likes"": 5254, ""comments"": 109, ""video_views"": 63317}}","{""meal_type"": ""drinks"", ""cuisines"": [""mediterranean""], ""content_type"": ""event"", ""location"": {""name"": ""Star Metals Atlanta"", ""slug"": null}, ""signals"": {""meal_evidence"": {""embedding_label"": ""dinner"", ""embedding_similarity"": 0.34, ""baseline_label"": ""drinks"", ""baseline_confidence"": 0.85, ""override"": false, ""reason"": ""embedding_disagrees_but_baseline_sufficient""}, ""cuisine_evidence"": {""embedding_cuisines"": [], ""embedding_similarities"": {}, ""baseline_cuisines"": [""mediterranean""], ""newly_detected"": [], ""removed"": [""mediterranean""], ""reason"": ""no_strong_embedding_matches_keep_baseline""}, ""content_evidence"": {""embedding_label"": ""food_spot"", ""embedding_similarity"": 0.398, ""second_label"": ""event"", ""second_similarity"": 0.275, ""margin"": 0.123, ""baseline_label"": ""event"", ""baseline_confidence"": 0.85, ""override"": false, ""reason"": ""weak_embedding_match_keep_baseline""}}, ""metadata"": {""hashtags"": [""atldatenight"", ""atleats"", ""atlfoodie"", ""hosted""], ""mentions"": [""atllovesmo"", ""cookingwithashkan"", ""we.are.zenshi"", ""yalda.atl""], ""refined_from"": ""rules-food-events-v1""}, ""refinement"": {""meal_type_evidence"": {""embedding_label"": ""dinner"", ""embedding_similarity"": 0.34, ""baseline_label"": ""drinks"", ""baseline_confidence"": 0.85, ""override"": false, ""reason"": ""embedding_disagrees_but_baseline_sufficient""}, ""cuisine_evidence"": {""embedding_cuisines"": [], ""embedding_similarities"": {}, ""baseline_cuisines"": [""mediterranean""], ""newly_detected"": [], ""removed"": [""mediterranean""], ""reason"": ""no_strong_embedding_matches_keep_baseline""}, ""content_type_evidence"": {""embedding_label"": ""food_spot"", ""embedding_similarity"": 0.398, ""second_label"": ""event"", ""second_similarity"": 0.275, ""margin"": 0.123, ""baseline_label"": ""event"", ""baseline_confidence"": 0.85, ""override"": false, ""reason"": ""weak_embedding_match_keep_baseline""}, ""needs_review"": true, ""category_adjustment_reason"": ""none""}}",drinks,drinks,event,event,mediterranean,mediterranean,True,none,https://www.instagram.com/p/CxnSO7HuDoR/,,,,TRUE,matched
3278650075411892846,https://www.instagram.com/p/C2AGt9fu8pu/,drinks,0.75,drinks,0.675,CONFIDENCE_UPDATED,-0.075,"{""meal_type"": ""drinks"", ""cuisines"": [""coffee_cafe""], ""content_type"": ""food_spot"", ""location"": {""name"": ""The Blind Pig Parlour Bar"", ""slug"": ""the-blind-pig-parlour-bar""}, ""signals"": {""meal_evidence"": {""dessert"": [""cake""], ""drinks"": [""bar"", ""martini""]}, ""cuisine_evidence"": {""coffee_cafe"": [""espresso"", ""latte""]}, ""content_evidence"": {""food_spot"": [""location_present""]}}, ""metadata"": {""hashtags"": [""atlanta"", ""atlblog"", ""atldatenight"", ""atleats"", ""atlvday""], ""mentions"": [""atllovesmo"", ""theblindpigparlourbar""], ""likes"": 9204, ""comments"": 197, ""video_views"": 63266}}","{""meal_type"": ""drinks"", ""cuisines"": [""coffee_cafe""], ""content_type"": ""food_spot"", ""location"": {""name"": ""The Blind Pig Parlour Bar"", ""slug"": null}, ""signals"": {""meal_evidence"": {""embedding_label"": ""dinner"", ""embedding_similarity"": 0.283, ""baseline_label"": ""drinks"", ""baseline_confidence"": 0.75, ""override"": false, ""reason"": ""weak_embedding_match_keep_baseline""}, ""cuisine_evidence"": {""embedding_cuisines"": [], ""embedding_similarities"": {}, ""baseline_cuisines"": [""coffee_cafe""], ""newly_detected"": [], ""removed"": [""coffee_cafe""], ""reason"": ""no_strong_embedding_matches_keep_baseline""}, ""content_evidence"": {""embedding_label"": ""food_spot"", ""embedding_similarity"": 0.332, ""second_label"": ""event"", ""second_similarity"": 0.265, ""margin"": 0.066, ""baseline_label"": ""food_spot"", ""baseline_confidence"": 0.75, ""override"": false, ""reason"": ""weak_embedding_match_keep_baseline""}}, ""metadata"": {""hashtags"": [""atlanta"", ""atlblog"", ""atldatenight"", ""atleats"", ""atlvday""], ""mentions"": [""atllovesmo"", ""theblindpigparlourbar""], ""refined_from"": ""rules-food-events-v1""}, ""refinement"": {""meal_type_evidence"": {""embedding_label"": ""dinner"", ""embedding_similarity"": 0.283, ""baseline_label"": ""drinks"", ""baseline_confidence"": 0.75, ""override"": false, ""reason"": ""weak_embedding_match_keep_baseline""}, ""cuisine_evidence"": {""embedding_cuisines"": [], ""embedding_similarities"": {}, ""baseline_cuisines"": [""coffee_cafe""], ""newly_detected"": [], ""removed"": [""coffee_cafe""], ""reason"": ""no_strong_embedding_matches_keep_baseline""}, ""content_type_evidence"": {""embedding_label"": ""food_spot"", ""embedding_similarity"": 0.332, ""second_label"": ""event"", ""second_similarity"": 0.265, ""margin"": 0.066, ""baseline_label"": ""food_spot"", ""baseline_confidence"": 0.75, ""override"": false, ""reason"": ""weak_embedding_match_keep_baseline""}, ""needs_review"": false, ""category_adjustment_reason"": ""none""}}",drinks,drinks,food_spot,food_spot,coffee_cafe,coffee_cafe,False,none,https://www.instagram.com/p/C2AGt9fu8pu/,,,,TRUE,matched
3180749053017976722,https://www.instagram.com/p/CwkSmlQy--S/,drinks,0.75,drinks,0.704,CONFIDENCE_UPDATED,-0.046,"{""meal_type"": ""drinks"", ""cuisines"": [""coffee_cafe""], ""content_type"": ""food_spot"", ""location"": {""name"": ""Café Belli"", ""slug"": ""cafe-belli""}, ""signals"": {""meal_evidence"": {""drinks"": [""drink"", ""drinks""]}, ""cuisine_evidence"": {""coffee_cafe"": [""coffee"", ""cafe""]}, ""content_evidence"": {""food_spot"": [""location_present""]}}, ""metadata"": {""hashtags"": [""atlantafood"", ""atlcoffeeshop"", ""atleats"", ""hapeville"", ""hapevillega""], ""mentions"": [""atllovesmo"", ""cafebelliatl"", ""visithapeville""], ""likes"": 6993, ""comments"": 111, ""video_views"": 62741}}","{""meal_type"": ""drinks"", ""cuisines"": [""coffee_cafe""], ""content_type"": ""food_spot"", ""location"": {""name"": ""Café Belli"", ""slug"": null}, ""signals"": {""meal_evidence"": {""embedding_label"": ""snack"", ""embedding_similarity"": 0.288, ""baseline_label"": ""drinks"", ""baseline_confidence"": 0.75, ""override"": false, ""reason"": ""weak_embedding_match_keep_baseline""}, ""cuisine_evidence"": {""embedding_cuisines"": [], ""embedding_similarities"": {}, ""baseline_cuisines"": [""coffee_cafe""], ""newly_detected"": [], ""removed"": [""coffee_cafe""], ""reason"": ""no_strong_embedding_matches_keep_baseline""}, ""content_evidence"": {""embedding_label"": ""food_spot"", ""embedding_similarity"": 0.409, ""second_label"": ""mixed"", ""second_similarity"": 0.198, ""margin"": 0.211, ""baseline_label"": ""food_spot"", ""baseline_confidence"": 0.75, ""override"": false, ""reason"": ""embedding_agrees_boost_baseline""}}, ""metadata"": {""hashtags"": [""atlantafood"", ""atlcoffeeshop"", ""atleats"", ""hapeville"", ""hapevillega""], ""mentions"": [""atllovesmo"", ""cafebelliatl"", ""visithapeville""], ""refined_from"": ""rules-food-events-v1""}, ""refinement"": {""meal_type_evidence"": {""embedding_label"": ""snack"", ""embedding_similarity"": 0.288, ""baseline_label"": ""drinks"", ""baseline_confidence"": 0.75, ""override"": false, ""reason"": ""weak_embedding_match_keep_baseline""}, ""cuisine_evidence"": {""embedding_cuisines"": [], ""embedding_similarities"": {}, ""baseline_cuisines"": [""coffee_cafe""], ""newly_detected"": [], ""removed"": [""coffee_cafe""], ""reason"": ""no_strong_embedding_matches_keep_baseline""}, ""content_type_evidence"": {""embedding_label"": ""food_spot"", ""embedding_similarity"": 0.409, ""second_label"": ""mixed"", ""second_similarity"": 0.198, ""margin"": 0.211, ""baseline_label"": ""food_spot"", ""baseline_confidence"": 0.75, ""override"": false, ""reason"": ""embedding_agrees_boost_baseline""}, ""needs_review"": false, ""category_adjustment_reason"": ""none""}}",drinks,drinks,food_spot,food_spot,coffee_cafe,coffee_cafe,False,none,https://www.instagram.com/p/CwkSmlQy--S/,,,,TRUE,matched
3468819676761198208,https://www.instagram.com/p/DAjuR4PPI6A/,drinks,0.95,drinks,0.831,CONFIDENCE_UPDATED,-0.119,"{""meal_type"": ""drinks"", ""cuisines"": [""american"", ""seafood"", ""bakery""], ""content_type"": ""mixed"", ""location"": {""name"": null, ""slug"": null}, ""signals"": {""meal_evidence"": {""lunch"": [""sandwich""], ""dinner"": [""dinner"", ""date night""], ""drinks"": [""cocktail"", ""cocktails"", ""beer"", ""bar""]}, ""cuisine_evidence"": {""american"": [""burger""], ""seafood"": [""seafood"", ""oyster"", ""crab"", ""fish""], ""bakery"": [""bread""]}, ""content_evidence"": {}}, ""metadata"": {""hashtags"": [""atlantafoodie"", ""atleats"", ""atlfood""], ""mentions"": [""atllovesmo"", ""lure.atl"", ""theoptimistatl"", ""wreckingbarbrewpub""], ""likes"": 7043, ""comments"": 83, ""video_views"": 61495}}","{""meal_type"": ""drinks"", ""cuisines"": [""american"", ""bakery"", ""seafood""], ""content_type"": ""mixed"", ""location"": {""name"": null, ""slug"": null}, ""signals"": {""meal_evidence"": {""embedding_label"": ""snack"", ""embedding_similarity"": 0.382, ""baseline_label"": ""drinks"", ""baseline_confidence"": 0.95, ""override"": false, ""reason"": ""embedding_disagrees_but_baseline_sufficient""}, ""cuisine_evidence"": {""embedding_cuisines"": [], ""embedding_similarities"": {}, ""baseline_cuisines"": [""american"", ""bakery"", ""seafood""], ""newly_detected"": [], ""removed"": [""american"", ""bakery"", ""seafood""], ""reason"": ""no_strong_embedding_matches_keep_baseline""}, ""content_evidence"": {""embedding_label"": ""food_spot"", ""embedding_similarity"": 0.426, ""second_label"": ""mixed"", ""second_similarity"": 0.199, ""margin"": 0.227, ""baseline_label"": ""mixed"", ""baseline_confidence"": 0.95, ""override"": false, ""reason"": ""embedding_disagrees_but_baseline_acceptable""}}, ""metadata"": {""hashtags"": [""atlantafoodie"", ""atleats"", ""atlfood""], ""mentions"": [""atllovesmo"", ""lure.atl"", ""theoptimistatl"", ""wreckingbarbrewpub""], ""refined_from"": ""rules-food-events-v1""}, ""refinement"": {""meal_type_evidence"": {""embedding_label"": ""snack"", ""embedding_similarity"": 0.382, ""baseline_label"": ""drinks"", ""baseline_confidence"": 0.95, ""override"": false, ""reason"": ""embedding_disagrees_but_baseline_sufficient""}, ""cuisine_evidence"": {""embedding_cuisines"": [], ""embedding_similarities"": {}, ""baseline_cuisines"": [""american"", ""bakery"", ""seafood""], ""newly_detected"": [], ""removed"": [""american"", ""bakery"", ""seafood""], ""reason"": ""no_strong_embedding_matches_keep_baseline""}, ""content_type_evidence"": {""embedding_label"": ""food_spot"", ""embedding_similarity"": 0.426, ""second_label"": ""mixed"", ""second_similarity"": 0.199, ""margin"": 0.227, ""baseline_label"": ""mixed"", ""baseline_confidence"": 0.95, ""override"": false, ""reason"": ""embedding_disagrees_but_baseline_acceptable""}, ""needs_review"": false, ""category_adjustment_reason"": ""none""}}",drinks,drinks,mixed,mixed,american|seafood|bakery,american|bakery|seafood,False,none,https://www.instagram.com/p/DAjuR4PPI6A/,,,,TRUE,matched
3277938936965202970,https://www.instagram.com/p/C19lBiNO4Qa/,dinner,0.7,dinner,0.613,CONFIDENCE_UPDATED,-0.087,"{""meal_type"": ""dinner"", ""cuisines"": [""mexican"", ""coffee_cafe""], ""content_type"": ""food_spot"", ""location"": {""name"": ""Atlanta, Georgia"", ""slug"": ""atlanta-georgia""}, ""signals"": {""meal_evidence"": {""dinner"": [""tasting menu""], ""drinks"": [""drink""]}, ""cuisine_evidence"": {""mexican"": [""taco""], ""coffee_cafe"": [""coffee"", ""espresso""]}, ""content_evidence"": {""food_spot"": [""location_present""]}}, ""metadata"": {""hashtags"": [""atlantacoffee"", ""atlblog"", ""atlcoffee"", ""atleats"", ""colombiancoffee""], ""mentions"": [""atlantabeltline"", ""atlantacoffeeshops"", ""atllovesmo"", ""culturedsouth"", ""culturedsouth."", ""flowcoffeeatl"", ""leeandwhite""], ""likes"": 5833, ""comments"": 159, ""video_views"": 61155}}","{""meal_type"": ""dinner"", ""cuisines"": [""coffee_cafe""], ""content_type"": ""food_spot"", ""location"": {""name"": ""Atlanta, Georgia"", ""slug"": null}, ""signals"": {""meal_evidence"": {""embedding_label"": ""drinks"", ""embedding_similarity"": 0.335, ""baseline_label"": ""dinner"", ""baseline_confidence"": 0.7, ""override"": false, ""reason"": ""embedding_disagrees_but_baseline_sufficient""}, ""cuisine_evidence"": {""embedding_cuisines"": [""coffee_cafe""], ""embedding_similarities"": {""coffee_cafe"": 0.519}, ""baseline_cuisines"": [""coffee_cafe"", ""mexican""], ""newly_detected"": [], ""removed"": [""mexican""], ""reason"": ""embedding_refined_cuisine_list""}, ""content_evidence"": {""embedding_label"": ""food_spot"", ""embedding_similarity"": 0.259, ""second_label"": ""event"", ""second_similarity"": 0.153, ""margin"": 0.106, ""baseline_label"": ""food_spot"", ""baseline_confidence"": 0.7, ""override"": false, ""reason"": ""weak_embedding_match_keep_baseline""}}, ""metadata"": {""hashtags"": [""atlantacoffee"", ""atlblog"", ""atlcoffee"", ""atleats"", ""colombiancoffee""], ""mentions"": [""atlantabeltline"", ""atlantacoffeeshops"", ""atllovesmo"", ""culturedsouth"", ""culturedsouth."", ""flowcoffeeatl"", ""leeandwhite""], ""refined_from"": ""rules-food-events-v1""}, ""refinement"": {""meal_type_evidence"": {""embedding_label"": ""drinks"", ""embedding_similarity"": 0.335, ""baseline_label"": ""dinner"", ""baseline_confidence"": 0.7, ""override"": false, ""reason"": ""embedding_disagrees_but_baseline_sufficient""}, ""cuisine_evidence"": {""embedding_cuisines"": [""coffee_cafe""], ""embedding_similarities"": {""coffee_cafe"": 0.519}, ""baseline_cuisines"": [""coffee_cafe"", ""mexican""], ""newly_detected"": [], ""removed"": [""mexican""], ""reason"": ""embedding_refined_cuisine_list""}, ""content_type_evidence"": {""embedding_label"": ""food_spot"", ""embedding_similarity"": 0.259, ""second_label"": ""event"", ""second_similarity"": 0.153, ""margin"": 0.106, ""baseline_label"": ""food_spot"", ""baseline_confidence"": 0.7, ""override"": false, ""reason"": ""weak_embedding_match_keep_baseline""}, ""needs_review"": false, ""category_adjustment_reason"": ""none""}}",dinner,dinner,food_spot,food_spot,mexican|coffee_cafe,coffee_cafe,False,none,https://www.instagram.com/p/C19lBiNO4Qa/,,,,TRUE,matched
3198574614421831275,https://www.instagram.com/p/CxjnqpAMf5r/,unknown,0.7,unknown,0.63,CONFIDENCE_UPDATED,-0.07,"{""meal_type"": ""unknown"", ""cuisines"": [""mexican"", ""coffee_cafe""], ""content_type"": ""food_spot"", ""location"": {""name"": ""Old 4th Ward Historic Park"", ""slug"": ""old-4th-ward-historic-park""}, ""signals"": {""meal_evidence"": {}, ""cuisine_evidence"": {""mexican"": [""taco""], ""coffee_cafe"": [""coffee"", ""espresso"", ""latte""]}, ""content_evidence"": {""food_spot"": [""location_present""]}}, ""metadata"": {""hashtags"": [""atlantacoffee"", ""atlcoffee"", ""atlcoffeeshops""], ""mentions"": [""atllovesmo"", ""fincatofilter"", ""iriso4wapts"", ""oldfourthward"", ""wildheavenwestend""], ""likes"": 9540, ""comments"": 67, ""video_views"": 60930}}","{""meal_type"": ""unknown"", ""cuisines"": [""coffee_cafe""], ""content_type"": ""food_spot"", ""location"": {""name"": ""Old 4th Ward Historic Park"", ""slug"": null}, ""signals"": {""meal_evidence"": {""embedding_label"": ""snack"", ""embedding_similarity"": 0.291, ""baseline_label"": ""unknown"", ""baseline_confidence"": 0.7, ""override"": false, ""reason"": ""weak_embedding_match_keep_baseline""}, ""cuisine_evidence"": {""embedding_cuisines"": [""coffee_cafe""], ""embedding_similarities"": {""coffee_cafe"": 0.46}, ""baseline_cuisines"": [""coffee_cafe"", ""mexican""], ""newly_detected"": [], ""removed"": [""mexican""], ""reason"": ""embedding_refined_cuisine_list""}, ""content_evidence"": {""embedding_label"": ""food_spot"", ""embedding_similarity"": 0.349, ""second_label"": ""activity"", ""second_similarity"": 0.157, ""margin"": 0.192, ""baseline_label"": ""food_spot"", ""baseline_confidence"": 0.7, ""override"": false, ""reason"": ""weak_embedding_match_keep_baseline""}}, ""metadata"": {""hashtags"": [""atlantacoffee"", ""atlcoffee"", ""atlcoffeeshops""], ""mentions"": [""atllovesmo"", ""fincatofilter"", ""iriso4wapts"", ""oldfourthward"", ""wildheavenwestend""], ""refined_from"": ""rules-food-events-v1""}, ""refinement"": {""meal_type_evidence"": {""embedding_label"": ""snack"", ""embedding_similarity"": 0.291, ""baseline_label"": ""unknown"", ""baseline_confidence"": 0.7, ""override"": false, ""reason"": ""weak_embedding_match_keep_baseline""}, ""cuisine_evidence"": {""embedding_cuisines"": [""coffee_cafe""], ""embedding_similarities"": {""coffee_cafe"": 0.46}, ""baseline_cuisines"": [""coffee_cafe"", ""mexican""], ""newly_detected"": [], ""removed"": [""mexican""], ""reason"": ""embedding_refined_cuisine_list""}, ""content_type_evidence"": {""embedding_label"": ""food_spot"", ""embedding_similarity"": 0.349, ""second_label"": ""activity"", ""second_similarity"": 0.157, ""margin"": 0.192, ""baseline_label"": ""food_spot"", ""baseline_confidence"": 0.7, ""override"": false, ""reason"": ""weak_embedding_match_keep_baseline""}, ""needs_review"": false, ""category_adjustment_reason"": ""none""}}",unknown,unknown,food_spot,food_spot,mexican|coffee_cafe,coffee_cafe,False,none,https://www.instagram.com/p/CxjnqpAMf5r/,,,,TRUE,matched
3412225688965357757,https://www.instagram.com/p/C9aqS90PiC9/,drinks,0.85,drinks,0.776,CONFIDENCE_UPDATED,-0.074,"{""meal_type"": ""drinks"", ""cuisines"": [""mexican"", ""coffee_cafe""], ""content_type"": ""food_spot"", ""location"": {""name"": ""Atlanta, Georgia"", ""slug"": ""atlanta-georgia""}, ""signals"": {""meal_evidence"": {""dinner"": [""date night""], ""drinks"": [""cocktail"", ""cocktails"", ""martini""]}, ""cuisine_evidence"": {""mexican"": [""mexican"", ""birria""], ""coffee_cafe"": [""cafe"", ""espresso""]}, ""content_evidence"": {""food_spot"": [""location_present""]}}, ""metadata"": {""hashtags"": [""atlantaeats"", ""atlblog"", ""atldatenight"", ""atlfoodie""], ""mentions"": [""atllovesmo"", ""casabalamatl"", ""chefluis.c.damian""], ""likes"": 6941, ""comments"": 83, ""video_views"": 60581}}","{""meal_type"": ""drinks"", ""cuisines"": [""mexican""], ""content_type"": ""food_spot"", ""location"": {""name"": ""Atlanta, Georgia"", ""slug"": null}, ""signals"": {""meal_evidence"": {""embedding_label"": ""dinner"", ""embedding_similarity"": 0.425, ""baseline_label"": ""drinks"", ""baseline_confidence"": 0.85, ""override"": false, ""reason"": ""embedding_disagrees_but_baseline_sufficient""}, ""cuisine_evidence"": {""embedding_cuisines"": [""mexican""], ""embedding_similarities"": {""mexican"": 0.495}, ""baseline_cuisines"": [""coffee_cafe"", ""mexican""], ""newly_detected"": [], ""removed"": [""coffee_cafe""], ""reason"": ""embedding_refined_cuisine_list""}, ""content_evidence"": {""embedding_label"": ""food_spot"", ""embedding_similarity"": 0.429, ""second_label"": ""mixed"", ""second_similarity"": 0.199, ""margin"": 0.23, ""baseline_label"": ""food_spot"", ""baseline_confidence"": 0.85, ""override"": false, ""reason"": ""embedding_agrees_boost_baseline""}}, ""metadata"": {""hashtags"": [""atlantaeats"", ""atlblog"", ""atldatenight"", ""atlfoodie""], ""mentions"": [""atllovesmo"", ""casabalamatl"", ""chefluis.c.damian""], ""refined_from"": ""rules-food-events-v1""}, ""refinement"": {""meal_type_evidence"": {""embedding_label"": ""dinner"", ""embedding_similarity"": 0.425, ""baseline_label"": ""drinks"", ""baseline_confidence"": 0.85, ""override"": false, ""reason"": ""embedding_disagrees_but_baseline_sufficient""}, ""cuisine_evidence"": {""embedding_cuisines"": [""mexican""], ""embedding_similarities"": {""mexican"": 0.495}, ""baseline_cuisines"": [""coffee_cafe"", ""mexican""], ""newly_detected"": [], ""removed"": [""coffee_cafe""], ""reason"": ""embedding_refined_cuisine_list""}, ""content_type_evidence"": {""embedding_label"": ""food_spot"", ""embedding_similarity"": 0.429, ""second_label"": ""mixed"", ""second_similarity"": 0.199, ""margin"": 0.23, ""baseline_label"": ""food_spot"", ""baseline_confidence"": 0.85, ""override"": false, ""reason"": ""embedding_agrees_boost_baseline""}, ""needs_review"": false, ""category_adjustment_reason"": ""none""}}",drinks,drinks,food_spot,food_spot,mexican|coffee_cafe,mexican,False,none,https://www.instagram.com/p/C9aqS90PiC9/,,,,TRUE,matched
3407616262887877497,https://www.instagram.com/p/C9KSO_QRqt5/,drinks,0.7,drinks,0.63,CONFIDENCE_UPDATED,-0.07,"{""meal_type"": ""drinks"", ""cuisines"": [], ""content_type"": ""food_spot"", ""location"": {""name"": ""Dahlonega, Georgia"", ""slug"": ""dahlonega-georgia""}, ""signals"": {""meal_evidence"": {""drinks"": [""wine""]}, ""cuisine_evidence"": {}, ""content_evidence"": {""food_spot"": [""location_present""]}}, ""metadata"": {""hashtags"": [""atlblog"", ""atlgetaway"", ""atltravel"", ""dahlonega"", ""georgiawine"", ""hosted""], ""mentions"": [""atllovesmo"", ""kindleridge""], ""likes"": 8779, ""comments"": 163, ""video_views"": 59899}}","{""meal_type"": ""drinks"", ""cuisines"": [], ""content_type"": ""food_spot"", ""location"": {""name"": ""Dahlonega, Georgia"", ""slug"": null}, ""signals"": {""meal_evidence"": {""embedding_label"": ""drinks"", ""embedding_similarity"": 0.174, ""baseline_label"": ""drinks"", ""baseline_confidence"": 0.7, ""override"": false, ""reason"": ""weak_embedding_match_keep_baseline""}, ""cuisine_evidence"": {""embedding_cuisines"": [], ""embedding_similarities"": {}, ""baseline_cuisines"": [], ""newly_detected"": [], ""removed"": [], ""reason"": ""no_strong_embedding_matches_keep_baseline""}, ""content_evidence"": {""embedding_label"": ""food_spot"", ""embedding_similarity"": 0.226, ""second_label"": ""activity"", ""second_similarity"": 0.2, ""margin"": 0.026, ""baseline_label"": ""food_spot"", ""baseline_confidence"": 0.7, ""override"": false, ""reason"": ""weak_embedding_match_keep_baseline""}}, ""metadata"": {""hashtags"": [""atlblog"", ""atlgetaway"", ""atltravel"", ""dahlonega"", ""georgiawine"", ""hosted""], ""mentions"": [""atllovesmo"", ""kindleridge""], ""refined_from"": ""rules-food-events-v1""}, ""refinement"": {""meal_type_evidence"": {""embedding_label"": ""drinks"", ""embedding_similarity"": 0.174, ""baseline_label"": ""drinks"", ""baseline_confidence"": 0.7, ""override"": false, ""reason"": ""weak_embedding_match_keep_baseline""}, ""cuisine_evidence"": {""embedding_cuisines"": [], ""embedding_similarities"": {}, ""baseline_cuisines"": [], ""newly_detected"": [], ""removed"": [], ""reason"": ""no_strong_embedding_matches_keep_baseline""}, ""content_type_evidence"": {""embedding_label"": ""food_spot"", ""embedding_similarity"": 0.226, ""second_label"": ""activity"", ""second_similarity"": 0.2, ""margin"": 0.026, ""baseline_label"": ""food_spot"", ""baseline_confidence"": 0.7, ""override"": false, ""reason"": ""weak_embedding_match_keep_baseline""}, ""needs_review"": false, ""category_adjustment_reason"": ""none""}}",drinks,drinks,food_spot,food_spot,,,False,none,https://www.instagram.com/p/C9KSO_QRqt5/,,,,TRUE,matched
3280837036369114423,https://www.instagram.com/p/C2H3-bmufU3/,event,0.95,event,0.889,CONFIDENCE_UPDATED,-0.061,"{""meal_type"": ""drinks"", ""cuisines"": [], ""content_type"": ""event"", ""location"": {""name"": ""Atlanta, Georgia"", ""slug"": ""atlanta-georgia""}, ""signals"": {""meal_evidence"": {""dinner"": [""dinner""], ""drinks"": [""cocktail"", ""cocktails"", ""beer"", ""bar"", ""drink""]}, ""cuisine_evidence"": {}, ""content_evidence"": {""event"": [""event""]}}, ""metadata"": {""hashtags"": [""atlantafood"", ""atlblog"", ""atleats"", ""atlfoodie"", ""thingstodoinatlanta""], ""mentions"": [""atllovesmo"", ""gabeergarden"", ""mambozombi"", ""storicofresco"", ""theblindpigparlourbar"", ""thepigalle"", ""underground_atlanta.""], ""likes"": 7594, ""comments"": 77, ""video_views"": 59376}}","{""meal_type"": ""drinks"", ""cuisines"": [], ""content_type"": ""event"", ""location"": {""name"": ""Atlanta, Georgia"", ""slug"": null}, ""signals"": {""meal_evidence"": {""embedding_label"": ""drinks"", ""embedding_similarity"": 0.428, ""baseline_label"": ""drinks"", ""baseline_confidence"": 0.95, ""override"": false, ""reason"": ""embedding_agrees_boost_baseline""}, ""cuisine_evidence"": {""embedding_cuisines"": [], ""embedding_similarities"": {}, ""baseline_cuisines"": [], ""newly_detected"": [], ""removed"": [], ""reason"": ""no_strong_embedding_matches_keep_baseline""}, ""content_evidence"": {""embedding_label"": ""food_spot"", ""embedding_similarity"": 0.418, ""second_label"": ""activity"", ""second_similarity"": 0.319, ""margin"": 0.099, ""baseline_label"": ""event"", ""baseline_confidence"": 0.95, ""override"": false, ""reason"": ""embedding_disagrees_but_baseline_acceptable""}}, ""metadata"": {""hashtags"": [""atlantafood"", ""atlblog"", ""atleats"", ""atlfoodie"", ""thingstodoinatlanta""], ""mentions"": [""atllovesmo"", ""gabeergarden"", ""mambozombi"", ""storicofresco"", ""theblindpigparlourbar"", ""thepigalle"", ""underground_atlanta.""], ""refined_from"": ""rules-food-events-v1""}, ""refinement"": {""meal_type_evidence"": {""embedding_label"": ""drinks"", ""embedding_similarity"": 0.428, ""baseline_label"": ""drinks"", ""baseline_confidence"": 0.95, ""override"": false, ""reason"": ""embedding_agrees_boost_baseline""}, ""cuisine_evidence"": {""embedding_cuisines"": [], ""embedding_similarities"": {}, ""baseline_cuisines"": [], ""newly_detected"": [], ""removed"": [], ""reason"": ""no_strong_embedding_matches_keep_baseline""}, ""content_type_evidence"": {""embedding_label"": ""food_spot"", ""embedding_similarity"": 0.418, ""second_label"": ""activity"", ""second_similarity"": 0.319, ""margin"": 0.099, ""baseline_label"": ""event"", ""baseline_confidence"": 0.95, ""override"": false, ""reason"": ""embedding_disagrees_but_baseline_acceptable""}, ""needs_review"": true, ""category_adjustment_reason"": ""none""}}",drinks,drinks,event,event,,,True,none,https://www.instagram.com/p/C2H3-bmufU3/,,,,TRUE,matched
3298233420936289863,https://www.instagram.com/p/C3FrdJROp5H/,drinks,0.75,drinks,0.656,CONFIDENCE_UPDATED,-0.094,"{""meal_type"": ""drinks"", ""cuisines"": [""mediterranean""], ""content_type"": ""food_spot"", ""location"": {""name"": ""Atlanta, Georgia"", ""slug"": ""atlanta-georgia""}, ""signals"": {""meal_evidence"": {""brunch"": [""brunch""], ""lunch"": [""lunch""], ""dinner"": [""dinner""], ""drinks"": [""cocktail"", ""cocktails""]}, ""cuisine_evidence"": {""mediterranean"": [""mediterranean"", ""hummus""]}, ""content_evidence"": {""food_spot"": [""location_present""]}}, ""metadata"": {""hashtags"": [""atlantabrunch"", ""atlblog"", ""atlbrunch"", ""atleats"", ""atlfoodie""], ""mentions"": [""atllovesmo"", ""yalda.atl""], ""likes"": 6121, ""comments"": 146, ""video_views"": 58888}}","{""meal_type"": ""drinks"", ""cuisines"": [""mediterranean""], ""content_type"": ""food_spot"", ""location"": {""name"": ""Atlanta, Georgia"", ""slug"": null}, ""signals"": {""meal_evidence"": {""embedding_label"": ""brunch"", ""embedding_similarity"": 0.453, ""baseline_label"": ""drinks"", ""baseline_confidence"": 0.75, ""override"": false, ""reason"": ""embedding_disagrees_but_baseline_sufficient""}, ""cuisine_evidence"": {""embedding_cuisines"": [], ""embedding_similarities"": {}, ""baseline_cuisines"": [""mediterranean""], ""newly_detected"": [], ""removed"": [""mediterranean""], ""reason"": ""no_strong_embedding_matches_keep_baseline""}, ""content_evidence"": {""embedding_label"": ""food_spot"", ""embedding_similarity"": 0.28, ""second_label"": ""mixed"", ""second_similarity"": 0.155, ""margin"": 0.125, ""baseline_label"": ""food_spot"", ""baseline_confidence"": 0.75, ""override"": false, ""reason"": ""weak_embedding_match_keep_baseline""}}, ""metadata"": {""hashtags"": [""atlantabrunch"", ""atlblog"", ""atlbrunch"", ""atleats"", ""atlfoodie""], ""mentions"": [""atllovesmo"", ""yalda.atl""], ""refined_from"": ""rules-food-events-v1""}, ""refinement"": {""meal_type_evidence"": {""embedding_label"": ""brunch"", ""embedding_similarity"": 0.453, ""baseline_label"": ""drinks"", ""baseline_confidence"": 0.75, ""override"": false, ""reason"": ""embedding_disagrees_but_baseline_sufficient""}, ""cuisine_evidence"": {""embedding_cuisines"": [], ""embedding_similarities"": {}, ""baseline_cuisines"": [""mediterranean""], ""newly_detected"": [], ""removed"": [""mediterranean""], ""reason"": ""no_strong_embedding_matches_keep_baseline""}, ""content_type_evidence"": {""embedding_label"": ""food_spot"", ""embedding_similarity"": 0.28, ""second_label"": ""mixed"", ""second_similarity"": 0.155, ""margin"": 0.125, ""baseline_label"": ""food_spot"", ""baseline_confidence"": 0.75, ""override"": false, ""reason"": ""weak_embedding_match_keep_baseline""}, ""needs_review"": false, ""category_adjustment_reason"": ""none""}}",drinks,drinks,food_spot,food_spot,mediterranean,mediterranean,False,none,https://www.instagram.com/p/C3FrdJROp5H/,,,,TRUE,matched
3155406671778132452,https://www.instagram.com/p/CvKQaZhO7Hk/,drinks,0.85,drinks,0.744,CONFIDENCE_UPDATED,-0.106,"{""meal_type"": ""drinks"", ""cuisines"": [], ""content_type"": ""mixed"", ""location"": {""name"": null, ""slug"": null}, ""signals"": {""meal_evidence"": {""brunch"": [""brunch""], ""drinks"": [""cocktail"", ""cocktails"", ""bar""]}, ""cuisine_evidence"": {}, ""content_evidence"": {}}, ""metadata"": {""hashtags"": [""atlantabrunch"", ""atlbrunch"", ""atlfoodie"", ""dirtyrascalbrunch"", ""hosted"", ""thingstodoinatlanta""], ""mentions"": [""atllovesmo"", ""dirtyrascalatl"", ""tesseraeatl."", ""thompsonbuckhead""], ""likes"": 5527, ""comments"": 79, ""video_views"": 58832}}","{""meal_type"": ""drinks"", ""cuisines"": [], ""content_type"": ""mixed"", ""location"": {""name"": null, ""slug"": null}, ""signals"": {""meal_evidence"": {""embedding_label"": ""dinner"", ""embedding_similarity"": 0.322, ""baseline_label"": ""drinks"", ""baseline_confidence"": 0.85, ""override"": false, ""reason"": ""embedding_disagrees_but_baseline_sufficient""}, ""cuisine_evidence"": {""embedding_cuisines"": [], ""embedding_similarities"": {}, ""baseline_cuisines"": [], ""newly_detected"": [], ""removed"": [], ""reason"": ""no_strong_embedding_matches_keep_baseline""}, ""content_evidence"": {""embedding_label"": ""food_spot"", ""embedding_similarity"": 0.312, ""second_label"": ""event"", ""second_similarity"": 0.198, ""margin"": 0.114, ""baseline_label"": ""mixed"", ""baseline_confidence"": 0.85, ""override"": false, ""reason"": ""weak_embedding_match_keep_baseline""}}, ""metadata"": {""hashtags"": [""atlantabrunch"", ""atlbrunch"", ""atlfoodie"", ""dirtyrascalbrunch"", ""hosted"", ""thingstodoinatlanta""], ""mentions"": [""atllovesmo"", ""dirtyrascalatl"", ""tesseraeatl."", ""thompsonbuckhead""], ""refined_from"": ""rules-food-events-v1""}, ""refinement"": {""meal_type_evidence"": {""embedding_label"": ""dinner"", ""embedding_similarity"": 0.322, ""baseline_label"": ""drinks"", ""baseline_confidence"": 0.85, ""override"": false, ""reason"": ""embedding_disagrees_but_baseline_sufficient""}, ""cuisine_evidence"": {""embedding_cuisines"": [], ""embedding_similarities"": {}, ""baseline_cuisines"": [], ""newly_detected"": [], ""removed"": [], ""reason"": ""no_strong_embedding_matches_keep_baseline""}, ""content_type_evidence"": {""embedding_label"": ""food_spot"", ""embedding_similarity"": 0.312, ""second_label"": ""event"", ""second_similarity"": 0.198, ""margin"": 0.114, ""baseline_label"": ""mixed"", ""baseline_confidence"": 0.85, ""override"": false, ""reason"": ""weak_embedding_match_keep_baseline""}, ""needs_review"": true, ""category_adjustment_reason"": ""none""}}",drinks,drinks,mixed,mixed,,,True,none,https://www.instagram.com/p/CvKQaZhO7Hk/,,,,TRUE,matched
3343842742209768838,https://www.instagram.com/p/C5nt0HyLm2G/,drinks,0.95,drinks,0.831,CONFIDENCE_UPDATED,-0.119,"{""meal_type"": ""drinks"", ""cuisines"": [""thai"", ""indian"", ""seafood""], ""content_type"": ""activity"", ""location"": {""name"": null, ""slug"": null}, ""signals"": {""meal_evidence"": {""dinner"": [""dinner""], ""drinks"": [""cocktail"", ""cocktails"", ""bar"", ""drink"", ""drinks"", ""gin""]}, ""cuisine_evidence"": {""thai"": [""green curry""], ""indian"": [""curry""], ""seafood"": [""seafood""]}, ""content_evidence"": {""activity"": [""walk"", ""park""]}}, ""metadata"": {""hashtags"": [""atlantaspeakeasy"", ""atlblog"", ""atldatenight"", ""atlfoodie""], ""mentions"": [""atllovesmo"", ""girldiveratl""], ""likes"": 5888, ""comments"": 96, ""video_views"": 58713}}","{""meal_type"": ""drinks"", ""cuisines"": [""indian"", ""seafood"", ""thai""], ""content_type"": ""food_spot"", ""location"": {""name"": null, ""slug"": null}, ""signals"": {""meal_evidence"": {""embedding_label"": ""dinner"", ""embedding_similarity"": 0.488, ""baseline_label"": ""drinks"", ""baseline_confidence"": 0.95, ""override"": false, ""reason"": ""embedding_disagrees_but_baseline_sufficient""}, ""cuisine_evidence"": {""embedding_cuisines"": [], ""embedding_similarities"": {}, ""baseline_cuisines"": [""indian"", ""seafood"", ""thai""], ""newly_detected"": [], ""removed"": [""indian"", ""seafood"", ""thai""], ""reason"": ""no_strong_embedding_matches_keep_baseline""}, ""content_evidence"": {""embedding_label"": ""food_spot"", ""embedding_similarity"": 0.5, ""second_label"": ""activity"", ""second_similarity"": 0.294, ""margin"": 0.206, ""baseline_label"": ""activity"", ""baseline_confidence"": 0.95, ""override"": false, ""reason"": ""embedding_disagrees_but_baseline_acceptable""}}, ""metadata"": {""hashtags"": [""atlantaspeakeasy"", ""atlblog"", ""atldatenight"", ""atlfoodie""], ""mentions"": [""atllovesmo"", ""girldiveratl""], ""refined_from"": ""rules-food-events-v1""}, ""refinement"": {""meal_type_evidence"": {""embedding_label"": ""dinner"", ""embedding_similarity"": 0.488, ""baseline_label"": ""drinks"", ""baseline_confidence"": 0.95, ""override"": false, ""reason"": ""embedding_disagrees_but_baseline_sufficient""}, ""cuisine_evidence"": {""embedding_cuisines"": [], ""embedding_similarities"": {}, ""baseline_cuisines"": [""indian"", ""seafood"", ""thai""], ""newly_detected"": [], ""removed"": [""indian"", ""seafood"", ""thai""], ""reason"": ""no_strong_embedding_matches_keep_baseline""}, ""content_type_evidence"": {""embedding_label"": ""food_spot"", ""embedding_similarity"": 0.5, ""second_label"": ""activity"", ""second_similarity"": 0.294, ""margin"": 0.206, ""baseline_label"": ""activity"", ""baseline_confidence"": 0.95, ""override"": false, ""reason"": ""embedding_disagrees_but_baseline_acceptable""}, ""needs_review"": false, ""category_adjustment_reason"": ""activity_to_food_spot_due_food_signals""}}",drinks,drinks,activity,food_spot,thai|indian|seafood,indian|seafood|thai,False,activity_to_food_spot_due_food_signals,https://www.instagram.com/p/C5nt0HyLm2G/,,,,TRUE,matched
3515924593636031449,https://www.instagram.com/p/DDLEsosvDvZ/,brunch,0.7,brunch,0.613,CONFIDENCE_UPDATED,-0.087,"{""meal_type"": ""brunch"", ""cuisines"": [""mexican"", ""vegan"", ""bakery""], ""content_type"": ""food_spot"", ""location"": {""name"": ""Atlanta, Georgia"", ""slug"": ""atlanta-georgia""}, ""signals"": {""meal_evidence"": {""brunch"": [""brunch""]}, ""cuisine_evidence"": {""mexican"": [""mexican"", ""taco"", ""burrito"", ""quesadilla"", ""birria""], ""vegan"": [""vegan""], ""bakery"": [""bakery""]}, ""content_evidence"": {""food_spot"": [""location_present""]}}, ""metadata"": {""hashtags"": [""atlantaeats"", ""atlblog"", ""atleats"", ""atlfoodie""], ""mentions"": [""atllovesmo"", ""calaveritasatl"", ""flourandtimebakery""], ""likes"": 7259, ""comments"": 129, ""video_views"": 58439}}","{""meal_type"": ""brunch"", ""cuisines"": [""mexican""], ""content_type"": ""food_spot"", ""location"": {""name"": ""Atlanta, Georgia"", ""slug"": null}, ""signals"": {""meal_evidence"": {""embedding_label"": ""snack"", ""embedding_similarity"": 0.384, ""baseline_label"": ""brunch"", ""baseline_confidence"": 0.7, ""override"": false, ""reason"": ""embedding_disagrees_but_baseline_sufficient""}, ""cuisine_evidence"": {""embedding_cuisines"": [""mexican""], ""embedding_similarities"": {""mexican"": 0.652}, ""baseline_cuisines"": [""bakery"", ""mexican"", ""vegan""], ""newly_detected"": [], ""removed"": [""bakery"", ""vegan""], ""reason"": ""embedding_refined_cuisine_list""}, ""content_evidence"": {""embedding_label"": ""food_spot"", ""embedding_similarity"": 0.276, ""second_label"": ""mixed"", ""second_similarity"": 0.217, ""margin"": 0.059, ""baseline_label"": ""food_spot"", ""baseline_confidence"": 0.7, ""override"": false, ""reason"": ""weak_embedding_match_keep_baseline""}}, ""metadata"": {""hashtags"": [""atlantaeats"", ""atlblog"", ""atleats"", ""atlfoodie""], ""mentions"": [""atllovesmo"", ""calaveritasatl"", ""flourandtimebakery""], ""refined_from"": ""rules-food-events-v1""}, ""refinement"": {""meal_type_evidence"": {""embedding_label"": ""snack"", ""embedding_similarity"": 0.384, ""baseline_label"": ""brunch"", ""baseline_confidence"": 0.7, ""override"": false, ""reason"": ""embedding_disagrees_but_baseline_sufficient""}, ""cuisine_evidence"": {""embedding_cuisines"": [""mexican""], ""embedding_similarities"": {""mexican"": 0.652}, ""baseline_cuisines"": [""bakery"", ""mexican"", ""vegan""], ""newly_detected"": [], ""removed"": [""bakery"", ""vegan""], ""reason"": ""embedding_refined_cuisine_list""}, ""content_type_evidence"": {""embedding_label"": ""food_spot"", ""embedding_similarity"": 0.276, ""second_label"": ""mixed"", ""second_similarity"": 0.217, ""margin"": 0.059, ""baseline_label"": ""food_spot"", ""baseline_confidence"": 0.7, ""override"": false, ""reason"": ""weak_embedding_match_keep_baseline""}, ""needs_review"": false, ""category_adjustment_reason"": ""none""}}",brunch,brunch,food_spot,food_spot,mexican|vegan|bakery,mexican,False,none,https://www.instagram.com/p/DDLEsosvDvZ/,,,,TRUE,matched
3154815631647061344,https://www.instagram.com/p/CvIKBogLDVg/,event,0.95,event,0.831,CONFIDENCE_UPDATED,-0.119,"{""meal_type"": ""drinks"", ""cuisines"": [""mexican"", ""vegan"", ""coffee_cafe""], ""content_type"": ""event"", ""location"": {""name"": ""Atlanta, Georgia"", ""slug"": ""atlanta-georgia""}, ""signals"": {""meal_evidence"": {""breakfast"": [""breakfast""], ""lunch"": [""lunch""], ""dinner"": [""dinner""], ""drinks"": [""beer"", ""drink"", ""drinks"", ""margarita""]}, ""cuisine_evidence"": {""mexican"": [""taco""], ""vegan"": [""vegan""], ""coffee_cafe"": [""coffee""]}, ""content_evidence"": {""event"": [""live music""]}}, ""metadata"": {""hashtags"": [""atlanta"", ""atlantadrinks"", ""atlcoffee"", ""atlfoodie"", ""atlthingstodo"", ""atlvegan""], ""mentions"": [""asw.exchange"", ""atllovesmo"", ""bestendbrewing"", ""boxcaratl"", ""culturedsouth"", ""fincatofilter"", ""halfwaycrooksbeer"", ""leeandwhite"", ""mondaynightgarage"", ""muchachoatl"", ""summerhill_atl"", ""wildheavenwestend""], ""likes"": 4431, ""comments"": 50, ""video_views"": 56193}}","{""meal_type"": ""drinks"", ""cuisines"": [""coffee_cafe"", ""mexican"", ""vegan""], ""content_type"": ""event"", ""location"": {""name"": ""Atlanta, Georgia"", ""slug"": null}, ""signals"": {""meal_evidence"": {""embedding_label"": ""dinner"", ""embedding_similarity"": 0.346, ""baseline_label"": ""drinks"", ""baseline_confidence"": 0.95, ""override"": false, ""reason"": ""embedding_disagrees_but_baseline_sufficient""}, ""cuisine_evidence"": {""embedding_cuisines"": [], ""embedding_similarities"": {}, ""baseline_cuisines"": [""coffee_cafe"", ""mexican"", ""vegan""], ""newly_detected"": [], ""removed"": [""coffee_cafe"", ""mexican"", ""vegan""], ""reason"": ""no_strong_embedding_matches_keep_baseline""}, ""content_evidence"": {""embedding_label"": ""food_spot"", ""embedding_similarity"": 0.429, ""second_label"": ""mixed"", ""second_similarity"": 0.311, ""margin"": 0.117, ""baseline_label"": ""event"", ""baseline_confidence"": 0.95, ""override"": false, ""reason"": ""embedding_disagrees_but_baseline_acceptable""}}, ""metadata"": {""hashtags"": [""atlanta"", ""atlantadrinks"", ""atlcoffee"", ""atlfoodie"", ""atlthingstodo"", ""atlvegan""], ""mentions"": [""asw.exchange"", ""atllovesmo"", ""bestendbrewing"", ""boxcaratl"", ""culturedsouth"", ""fincatofilter"", ""halfwaycrooksbeer"", ""leeandwhite"", ""mondaynightgarage"", ""muchachoatl"", ""summerhill_atl"", ""wildheavenwestend""], ""refined_from"": ""rules-food-events-v1""}, ""refinement"": {""meal_type_evidence"": {""embedding_label"": ""dinner"", ""embedding_similarity"": 0.346, ""baseline_label"": ""drinks"", ""baseline_confidence"": 0.95, ""override"": false, ""reason"": ""embedding_disagrees_but_baseline_sufficient""}, ""cuisine_evidence"": {""embedding_cuisines"": [], ""embedding_similarities"": {}, ""baseline_cuisines"": [""coffee_cafe"", ""mexican"", ""vegan""], ""newly_detected"": [], ""removed"": [""coffee_cafe"", ""mexican"", ""vegan""], ""reason"": ""no_strong_embedding_matches_keep_baseline""}, ""content_type_evidence"": {""embedding_label"": ""food_spot"", ""embedding_similarity"": 0.429, ""second_label"": ""mixed"", ""second_similarity"": 0.311, ""margin"": 0.117, ""baseline_label"": ""event"", ""baseline_confidence"": 0.95, ""override"": false, ""reason"": ""embedding_disagrees_but_baseline_acceptable""}, ""needs_review"": false, ""category_adjustment_reason"": ""none""}}",drinks,drinks,event,event,mexican|vegan|coffee_cafe,coffee_cafe|mexican|vegan,False,none,https://www.instagram.com/p/CvIKBogLDVg/,,,,TRUE,matched
3574454842934402060,https://www.instagram.com/p/DGbA73Kx5wM/,drinks,0.85,drinks,0.744,CONFIDENCE_UPDATED,-0.106,"{""meal_type"": ""drinks"", ""cuisines"": [""chinese""], ""content_type"": ""food_spot"", ""location"": {""name"": ""Atlanta, Georgia"", ""slug"": ""atlanta-georgia""}, ""signals"": {""meal_evidence"": {""drinks"": [""cocktail"", ""bar"", ""gin""]}, ""cuisine_evidence"": {""chinese"": [""dumpling""]}, ""content_evidence"": {""food_spot"": [""location_present""]}}, ""metadata"": {""hashtags"": [""atlblog"", ""atleats"", ""mariettaga"", ""thingstodoinatlanta""], ""mentions"": [""atllovesmo"", ""hampandharrys""], ""likes"": 13022, ""comments"": 128, ""video_views"": 55683}}","{""meal_type"": ""drinks"", ""cuisines"": [""chinese""], ""content_type"": ""food_spot"", ""location"": {""name"": ""Atlanta, Georgia"", ""slug"": null}, ""signals"": {""meal_evidence"": {""embedding_label"": ""dinner"", ""embedding_similarity"": 0.328, ""baseline_label"": ""drinks"", ""baseline_confidence"": 0.85, ""override"": false, ""reason"": ""embedding_disagrees_but_baseline_sufficient""}, ""cuisine_evidence"": {""embedding_cuisines"": [], ""embedding_similarities"": {}, ""baseline_cuisines"": [""chinese""], ""newly_detected"": [], ""removed"": [""chinese""], ""reason"": ""no_strong_embedding_matches_keep_baseline""}, ""content_evidence"": {""embedding_label"": ""food_spot"", ""embedding_similarity"": 0.305, ""second_label"": ""mixed"", ""second_similarity"": 0.231, ""margin"": 0.074, ""baseline_label"": ""food_spot"", ""baseline_confidence"": 0.85, ""override"": false, ""reason"": ""weak_embedding_match_keep_baseline""}}, ""metadata"": {""hashtags"": [""atlblog"", ""atleats"", ""mariettaga"", ""thingstodoinatlanta""], ""mentions"": [""atllovesmo"", ""hampandharrys""], ""refined_from"": ""rules-food-events-v1""}, ""refinement"": {""meal_type_evidence"": {""embedding_label"": ""dinner"", ""embedding_similarity"": 0.328, ""baseline_label"": ""drinks"", ""baseline_confidence"": 0.85, ""override"": false, ""reason"": ""embedding_disagrees_but_baseline_sufficient""}, ""cuisine_evidence"": {""embedding_cuisines"": [], ""embedding_similarities"": {}, ""baseline_cuisines"": [""chinese""], ""newly_detected"": [], ""removed"": [""chinese""], ""reason"": ""no_strong_embedding_matches_keep_baseline""}, ""content_type_evidence"": {""embedding_label"": ""food_spot"", ""embedding_similarity"": 0.305, ""second_label"": ""mixed"", ""second_similarity"": 0.231, ""margin"": 0.074, ""baseline_label"": ""food_spot"", ""baseline_confidence"": 0.85, ""override"": false, ""reason"": ""weak_embedding_match_keep_baseline""}, ""needs_review"": false, ""category_adjustment_reason"": ""none""}}",drinks,drinks,food_spot,food_spot,chinese,chinese,False,none,https://www.instagram.com/p/DGbA73Kx5wM/,,,,TRUE,matched
3522984445341048068,https://www.instagram.com/p/DDkJ6_9x50E/,drinks,0.95,drinks,0.889,CONFIDENCE_UPDATED,-0.061,"{""meal_type"": ""drinks"", ""cuisines"": [""seafood"", ""bakery"", ""coffee_cafe""], ""content_type"": ""food_spot"", ""location"": {""name"": ""Atlanta, Georgia"", ""slug"": ""atlanta-georgia""}, ""signals"": {""meal_evidence"": {""breakfast"": [""breakfast"", ""pancake"", ""eggs""], ""lunch"": [""lunch""], ""dessert"": [""cake""], ""drinks"": [""cocktail"", ""cocktails"", ""bar"", ""drink"", ""whiskey"", ""gin""]}, ""cuisine_evidence"": {""seafood"": [""oyster""], ""bakery"": [""croissant""], ""coffee_cafe"": [""coffee"", ""cafe"", ""matcha""]}, ""content_evidence"": {""food_spot"": [""location_present""]}}, ""metadata"": {""hashtags"": [""science""], ""mentions"": [""atllovesmo"", ""brushatl"", ""chefjasonliang"", ""eatclickrepeat_"", ""jaredgrisham."", ""kirkgibson1"", ""luckystaratl"", ""michelinguide"", ""momocafeatl"", ""resy"", ""starmetalsatl"", ""vs.thebarkeep""], ""likes"": 6242, ""comments"": 95, ""video_views"": 55654}}","{""meal_type"": ""drinks"", ""cuisines"": [""bakery"", ""coffee_cafe"", ""seafood""], ""content_type"": ""food_spot"", ""location"": {""name"": ""Atlanta, Georgia"", ""slug"": null}, ""signals"": {""meal_evidence"": {""embedding_label"": ""drinks"", ""embedding_similarity"": 0.392, ""baseline_label"": ""drinks"", ""baseline_confidence"": 0.95, ""override"": false, ""reason"": ""embedding_agrees_boost_baseline""}, ""cuisine_evidence"": {""embedding_cuisines"": [], ""embedding_similarities"": {}, ""baseline_cuisines"": [""bakery"", ""coffee_cafe"", ""seafood""], ""newly_detected"": [], ""removed"": [""bakery"", ""coffee_cafe"", ""seafood""], ""reason"": ""no_strong_embedding_matches_keep_baseline""}, ""content_evidence"": {""embedding_label"": ""food_spot"", ""embedding_similarity"": 0.345, ""second_label"": ""event"", ""second_similarity"": 0.209, ""margin"": 0.136, ""baseline_label"": ""food_spot"", ""baseline_confidence"": 0.95, ""override"": false, ""reason"": ""weak_embedding_match_keep_baseline""}}, ""metadata"": {""hashtags"": [""science""], ""mentions"": [""atllovesmo"", ""brushatl"", ""chefjasonliang"", ""eatclickrepeat_"", ""jaredgrisham."", ""kirkgibson1"", ""luckystaratl"", ""michelinguide"", ""momocafeatl"", ""resy"", ""starmetalsatl"", ""vs.thebarkeep""], ""refined_from"": ""rules-food-events-v1""}, ""refinement"": {""meal_type_evidence"": {""embedding_label"": ""drinks"", ""embedding_similarity"": 0.392, ""baseline_label"": ""drinks"", ""baseline_confidence"": 0.95, ""override"": false, ""reason"": ""embedding_agrees_boost_baseline""}, ""cuisine_evidence"": {""embedding_cuisines"": [], ""embedding_similarities"": {}, ""baseline_cuisines"": [""bakery"", ""coffee_cafe"", ""seafood""], ""newly_detected"": [], ""removed"": [""bakery"", ""coffee_cafe"", ""seafood""], ""reason"": ""no_strong_embedding_matches_keep_baseline""}, ""content_type_evidence"": {""embedding_label"": ""food_spot"", ""embedding_similarity"": 0.345, ""second_label"": ""event"", ""second_similarity"": 0.209, ""margin"": 0.136, ""baseline_label"": ""food_spot"", ""baseline_confidence"": 0.95, ""override"": false, ""reason"": ""weak_embedding_match_keep_baseline""}, ""needs_review"": false, ""category_adjustment_reason"": ""none""}}",drinks,drinks,food_spot,food_spot,seafood|bakery|coffee_cafe,bakery|coffee_cafe|seafood,False,none,https://www.instagram.com/p/DDkJ6_9x50E/,,,,TRUE,matched
3467144863030209110,https://www.instagram.com/p/DAdxeIZvGpW/,event,0.95,event,0.855,CONFIDENCE_UPDATED,-0.095,"{""meal_type"": ""drinks"", ""cuisines"": [], ""content_type"": ""event"", ""location"": {""name"": ""Atlanta, Georgia"", ""slug"": ""atlanta-georgia""}, ""signals"": {""meal_evidence"": {""dinner"": [""date night""], ""drinks"": [""bar"", ""drink"", ""drinks"", ""vodka"", ""tequila""]}, ""cuisine_evidence"": {}, ""content_evidence"": {""event"": [""ticket""]}}, ""metadata"": {""hashtags"": [""atlblog"", ""atldatenight"", ""atlhalloween"", ""thingstodoinatlanta""], ""mentions"": [""atllovesmo"", ""hauntedundergroundatl"", ""underground_atlanta""], ""likes"": 8185, ""comments"": 101, ""video_views"": 55102}}","{""meal_type"": ""drinks"", ""cuisines"": [], ""content_type"": ""event"", ""location"": {""name"": ""Atlanta, Georgia"", ""slug"": null}, ""signals"": {""meal_evidence"": {""embedding_label"": ""drinks"", ""embedding_similarity"": 0.278, ""baseline_label"": ""drinks"", ""baseline_confidence"": 0.95, ""override"": false, ""reason"": ""weak_embedding_match_keep_baseline""}, ""cuisine_evidence"": {""embedding_cuisines"": [], ""embedding_similarities"": {}, ""baseline_cuisines"": [], ""newly_detected"": [], ""removed"": [], ""reason"": ""no_strong_embedding_matches_keep_baseline""}, ""content_evidence"": {""embedding_label"": ""activity"", ""embedding_similarity"": 0.33, ""second_label"": ""event"", ""second_similarity"": 0.3, ""margin"": 0.031, ""baseline_label"": ""event"", ""baseline_confidence"": 0.95, ""override"": false, ""reason"": ""weak_embedding_match_keep_baseline""}}, ""metadata"": {""hashtags"": [""atlblog"", ""atldatenight"", ""atlhalloween"", ""thingstodoinatlanta""], ""mentions"": [""atllovesmo"", ""hauntedundergroundatl"", ""underground_atlanta""], ""refined_from"": ""rules-food-events-v1""}, ""refinement"": {""meal_type_evidence"": {""embedding_label"": ""drinks"", ""embedding_similarity"": 0.278, ""baseline_label"": ""drinks"", ""baseline_confidence"": 0.95, ""override"": false, ""reason"": ""weak_embedding_match_keep_baseline""}, ""cuisine_evidence"": {""embedding_cuisines"": [], ""embedding_similarities"": {}, ""baseline_cuisines"": [], ""newly_detected"": [], ""removed"": [], ""reason"": ""no_strong_embedding_matches_keep_baseline""}, ""content_type_evidence"": {""embedding_label"": ""activity"", ""embedding_similarity"": 0.33, ""second_label"": ""event"", ""second_similarity"": 0.3, ""margin"": 0.031, ""baseline_label"": ""event"", ""baseline_confidence"": 0.95, ""override"": false, ""reason"": ""weak_embedding_match_keep_baseline""}, ""needs_review"": true, ""category_adjustment_reason"": ""none""}}",drinks,drinks,event,event,,,True,none,https://www.instagram.com/p/DAdxeIZvGpW/,,,,TRUE,matched
3274321940348314227,https://www.instagram.com/p/C1wunTmuqJz/,event,0.85,event,0.765,CONFIDENCE_UPDATED,-0.085,"{""meal_type"": ""drinks"", ""cuisines"": [], ""content_type"": ""event"", ""location"": {""name"": ""Atlanta, Georgia"", ""slug"": ""atlanta-georgia""}, ""signals"": {""meal_evidence"": {""brunch"": [""brunch""], ""drinks"": [""cocktail"", ""cocktails"", ""bar""]}, ""cuisine_evidence"": {}, ""content_evidence"": {""event"": [""event""]}}, ""metadata"": {""hashtags"": [""atlanta"", ""atlantadatenightideas"", ""atlblog"", ""atlfoodie"", ""thingstodoinatlanta""], ""mentions"": [""alotttoloveevents"", ""atllovesmo"", ""dadsgarageatl"", ""elsewherebrewing"", ""elsewheregreenhouse"", ""mambozombi"", ""redbull"", ""sisterlouisaschurch"", ""theonlyharryyouknow""], ""likes"": 6203, ""comments"": 60, ""video_views"": 54417}}","{""meal_type"": ""drinks"", ""cuisines"": [], ""content_type"": ""event"", ""location"": {""name"": ""Atlanta, Georgia"", ""slug"": null}, ""signals"": {""meal_evidence"": {""embedding_label"": ""snack"", ""embedding_similarity"": 0.168, ""baseline_label"": ""drinks"", ""baseline_confidence"": 0.85, ""override"": false, ""reason"": ""weak_embedding_match_keep_baseline""}, ""cuisine_evidence"": {""embedding_cuisines"": [], ""embedding_similarities"": {}, ""baseline_cuisines"": [], ""newly_detected"": [], ""removed"": [], ""reason"": ""no_strong_embedding_matches_keep_baseline""}, ""content_evidence"": {""embedding_label"": ""event"", ""embedding_similarity"": 0.311, ""second_label"": ""activity"", ""second_similarity"": 0.3, ""margin"": 0.011, ""baseline_label"": ""event"", ""baseline_confidence"": 0.85, ""override"": false, ""reason"": ""weak_embedding_match_keep_baseline""}}, ""metadata"": {""hashtags"": [""atlanta"", ""atlantadatenightideas"", ""atlblog"", ""atlfoodie"", ""thingstodoinatlanta""], ""mentions"": [""alotttoloveevents"", ""atllovesmo"", ""dadsgarageatl"", ""elsewherebrewing"", ""elsewheregreenhouse"", ""mambozombi"", ""redbull"", ""sisterlouisaschurch"", ""theonlyharryyouknow""], ""refined_from"": ""rules-food-events-v1""}, ""refinement"": {""meal_type_evidence"": {""embedding_label"": ""snack"", ""embedding_similarity"": 0.168, ""baseline_label"": ""drinks"", ""baseline_confidence"": 0.85, ""override"": false, ""reason"": ""weak_embedding_match_keep_baseline""}, ""cuisine_evidence"": {""embedding_cuisines"": [], ""embedding_similarities"": {}, ""baseline_cuisines"": [], ""newly_detected"": [], ""removed"": [], ""reason"": ""no_strong_embedding_matches_keep_baseline""}, ""content_type_evidence"": {""embedding_label"": ""event"", ""embedding_similarity"": 0.311, ""second_label"": ""activity"", ""second_similarity"": 0.3, ""margin"": 0.011, ""baseline_label"": ""event"", ""baseline_confidence"": 0.85, ""override"": false, ""reason"": ""weak_embedding_match_keep_baseline""}, ""needs_review"": false, ""category_adjustment_reason"": ""none""}}",drinks,drinks,event,event,,,False,none,https://www.instagram.com/p/C1wunTmuqJz/,,,,TRUE,matched
3434449303190840517,https://www.instagram.com/p/C-pnXHbxyTF/,drinks,0.85,drinks,0.744,CONFIDENCE_UPDATED,-0.106,"{""meal_type"": ""drinks"", ""cuisines"": [""mediterranean"", ""coffee_cafe""], ""content_type"": ""food_spot"", ""location"": {""name"": ""Atlanta, Georgia"", ""slug"": ""atlanta-georgia""}, ""signals"": {""meal_evidence"": {""brunch"": [""brunch""], ""lunch"": [""lunch""], ""drinks"": [""cocktail"", ""cocktails"", ""martini""]}, ""cuisine_evidence"": {""mediterranean"": [""mediterranean"", ""hummus""], ""coffee_cafe"": [""espresso""]}, ""content_evidence"": {""food_spot"": [""location_present""]}}, ""metadata"": {""hashtags"": [""atlantabrunch"", ""atlblog"", ""atlbrunch"", ""atleats"", ""atlfoodie""], ""mentions"": [""yalda.atl""], ""likes"": 4849, ""comments"": 108, ""video_views"": 52997}}","{""meal_type"": ""drinks"", ""cuisines"": [""coffee_cafe"", ""mediterranean""], ""content_type"": ""food_spot"", ""location"": {""name"": ""Atlanta, Georgia"", ""slug"": null}, ""signals"": {""meal_evidence"": {""embedding_label"": ""brunch"", ""embedding_similarity"": 0.494, ""baseline_label"": ""drinks"", ""baseline_confidence"": 0.85, ""override"": false, ""reason"": ""embedding_disagrees_but_baseline_sufficient""}, ""cuisine_evidence"": {""embedding_cuisines"": [], ""embedding_similarities"": {}, ""baseline_cuisines"": [""coffee_cafe"", ""mediterranean""], ""newly_detected"": [], ""removed"": [""coffee_cafe"", ""mediterranean""], ""reason"": ""no_strong_embedding_matches_keep_baseline""}, ""content_evidence"": {""embedding_label"": ""food_spot"", ""embedding_similarity"": 0.335, ""second_label"": ""mixed"", ""second_similarity"": 0.178, ""margin"": 0.157, ""baseline_label"": ""food_spot"", ""baseline_confidence"": 0.85, ""override"": false, ""reason"": ""weak_embedding_match_keep_baseline""}}, ""metadata"": {""hashtags"": [""atlantabrunch"", ""atlblog"", ""atlbrunch"", ""atleats"", ""atlfoodie""], ""mentions"": [""yalda.atl""], ""refined_from"": ""rules-food-events-v1""}, ""refinement"": {""meal_type_evidence"": {""embedding_label"": ""brunch"", ""embedding_similarity"": 0.494, ""baseline_label"": ""drinks"", ""baseline_confidence"": 0.85, ""override"": false, ""reason"": ""embedding_disagrees_but_baseline_sufficient""}, ""cuisine_evidence"": {""embedding_cuisines"": [], ""embedding_similarities"": {}, ""baseline_cuisines"": [""coffee_cafe"", ""mediterranean""], ""newly_detected"": [], ""removed"": [""coffee_cafe"", ""mediterranean""], ""reason"": ""no_strong_embedding_matches_keep_baseline""}, ""content_type_evidence"": {""embedding_label"": ""food_spot"", ""embedding_similarity"": 0.335, ""second_label"": ""mixed"", ""second_similarity"": 0.178, ""margin"": 0.157, ""baseline_label"": ""food_spot"", ""baseline_confidence"": 0.85, ""override"": false, ""reason"": ""weak_embedding_match_keep_baseline""}, ""needs_review"": false, ""category_adjustment_reason"": ""none""}}",drinks,drinks,food_spot,food_spot,mediterranean|coffee_cafe,coffee_cafe|mediterranean,False,none,https://www.instagram.com/p/C-pnXHbxyTF/,,,,TRUE,matched
3367773388401709713,https://www.instagram.com/p/C68vA2zspKR/,dinner,0.75,dinner,0.735,CONFIDENCE_UPDATED,-0.015,"{""meal_type"": ""dinner"", ""cuisines"": [""italian""], ""content_type"": ""food_spot"", ""location"": {""name"": ""KR SteakBar"", ""slug"": ""kr-steakbar""}, ""signals"": {""meal_evidence"": {""dinner"": [""dinner"", ""date night""], ""drinks"": [""wine"", ""bar""]}, ""cuisine_evidence"": {""italian"": [""pasta""]}, ""content_evidence"": {""food_spot"": [""location_present""]}}, ""metadata"": {""hashtags"": [""atlantafood"", ""atlblog"", ""atldatenight"", ""atleats""], ""mentions"": [""atllovesmo"", ""chefkevinrathbun"", ""kevinrathbunsteak"", ""krsteakbar""], ""likes"": 4809, ""comments"": 142, ""video_views"": 52928}}","{""meal_type"": ""dinner"", ""cuisines"": [""american""], ""content_type"": ""food_spot"", ""location"": {""name"": ""KR SteakBar"", ""slug"": null}, ""signals"": {""meal_evidence"": {""embedding_label"": ""dinner"", ""embedding_similarity"": 0.477, ""baseline_label"": ""dinner"", ""baseline_confidence"": 0.75, ""override"": false, ""reason"": ""embedding_agrees_boost_baseline""}, ""cuisine_evidence"": {""embedding_cuisines"": [""american""], ""embedding_similarities"": {""american"": 0.417}, ""baseline_cuisines"": [""italian""], ""newly_detected"": [""american""], ""removed"": [""italian""], ""reason"": ""embedding_refined_cuisine_list""}, ""content_evidence"": {""embedding_label"": ""food_spot"", ""embedding_similarity"": 0.412, ""second_label"": ""mixed"", ""second_similarity"": 0.203, ""margin"": 0.209, ""baseline_label"": ""food_spot"", ""baseline_confidence"": 0.75, ""override"": false, ""reason"": ""embedding_agrees_boost_baseline""}}, ""metadata"": {""hashtags"": [""atlantafood"", ""atlblog"", ""atldatenight"", ""atleats""], ""mentions"": [""atllovesmo"", ""chefkevinrathbun"", ""kevinrathbunsteak"", ""krsteakbar""], ""refined_from"": ""rules-food-events-v1""}, ""refinement"": {""meal_type_evidence"": {""embedding_label"": ""dinner"", ""embedding_similarity"": 0.477, ""baseline_label"": ""dinner"", ""baseline_confidence"": 0.75, ""override"": false, ""reason"": ""embedding_agrees_boost_baseline""}, ""cuisine_evidence"": {""embedding_cuisines"": [""american""], ""embedding_similarities"": {""american"": 0.417}, ""baseline_cuisines"": [""italian""], ""newly_detected"": [""american""], ""removed"": [""italian""], ""reason"": ""embedding_refined_cuisine_list""}, ""content_type_evidence"": {""embedding_label"": ""food_spot"", ""embedding_similarity"": 0.412, ""second_label"": ""mixed"", ""second_similarity"": 0.203, ""margin"": 0.209, ""baseline_label"": ""food_spot"", ""baseline_confidence"": 0.75, ""override"": false, ""reason"": ""embedding_agrees_boost_baseline""}, ""needs_review"": false, ""category_adjustment_reason"": ""none""}}",dinner,dinner,food_spot,food_spot,italian,american,False,none,https://www.instagram.com/p/C68vA2zspKR/,,,,TRUE,matched
3401118064048600941,https://www.instagram.com/p/C8zMtv-x_dt/,event,0.85,event,0.794,CONFIDENCE_UPDATED,-0.056,"{""meal_type"": ""drinks"", ""cuisines"": [], ""content_type"": ""event"", ""location"": {""name"": ""Atlanta, Georgia"", ""slug"": ""atlanta-georgia""}, ""signals"": {""meal_evidence"": {""drinks"": [""cocktail"", ""cocktails"", ""bar""]}, ""cuisine_evidence"": {}, ""content_evidence"": {""event"": [""event"", ""live music""]}}, ""metadata"": {""hashtags"": [""atlblog"", ""atldatenight"", ""atleats"", ""thingstodoinatlanta""], ""mentions"": [""atllovesmo"", ""fernbankmuseum""], ""likes"": 8707, ""comments"": 86, ""video_views"": 52662}}","{""meal_type"": ""drinks"", ""cuisines"": [], ""content_type"": ""event"", ""location"": {""name"": ""Atlanta, Georgia"", ""slug"": null}, ""signals"": {""meal_evidence"": {""embedding_label"": ""drinks"", ""embedding_similarity"": 0.316, ""baseline_label"": ""drinks"", ""baseline_confidence"": 0.85, ""override"": false, ""reason"": ""embedding_agrees_boost_baseline""}, ""cuisine_evidence"": {""embedding_cuisines"": [], ""embedding_similarities"": {}, ""baseline_cuisines"": [], ""newly_detected"": [], ""removed"": [], ""reason"": ""no_strong_embedding_matches_keep_baseline""}, ""content_evidence"": {""embedding_label"": ""activity"", ""embedding_similarity"": 0.438, ""second_label"": ""event"", ""second_similarity"": 0.293, ""margin"": 0.145, ""baseline_label"": ""event"", ""baseline_confidence"": 0.85, ""override"": false, ""reason"": ""embedding_disagrees_but_baseline_acceptable""}}, ""metadata"": {""hashtags"": [""atlblog"", ""atldatenight"", ""atleats"", ""thingstodoinatlanta""], ""mentions"": [""atllovesmo"", ""fernbankmuseum""], ""refined_from"": ""rules-food-events-v1""}, ""refinement"": {""meal_type_evidence"": {""embedding_label"": ""drinks"", ""embedding_similarity"": 0.316, ""baseline_label"": ""drinks"", ""baseline_confidence"": 0.85, ""override"": false, ""reason"": ""embedding_agrees_boost_baseline""}, ""cuisine_evidence"": {""embedding_cuisines"": [], ""embedding_similarities"": {}, ""baseline_cuisines"": [], ""newly_detected"": [], ""removed"": [], ""reason"": ""no_strong_embedding_matches_keep_baseline""}, ""content_type_evidence"": {""embedding_label"": ""activity"", ""embedding_similarity"": 0.438, ""second_label"": ""event"", ""second_similarity"": 0.293, ""margin"": 0.145, ""baseline_label"": ""event"", ""baseline_confidence"": 0.85, ""override"": false, ""reason"": ""embedding_disagrees_but_baseline_acceptable""}, ""needs_review"": false, ""category_adjustment_reason"": ""none""}}",drinks,drinks,event,event,,,False,none,https://www.instagram.com/p/C8zMtv-x_dt/,,,,TRUE,matched
3839117150238356994,https://www.instagram.com/p/DVHSLUnETYC/,drinks,0.85,drinks,0.776,CONFIDENCE_UPDATED,-0.074,"{""meal_type"": ""drinks"", ""cuisines"": [""italian"", ""seafood""], ""content_type"": ""food_spot"", ""location"": {""name"": ""Atlanta, Georgia"", ""slug"": ""atlanta-georgia""}, ""signals"": {""meal_evidence"": {""dinner"": [""date night""], ""drinks"": [""wine"", ""drink"", ""drinks""]}, ""cuisine_evidence"": {""italian"": [""italian"", ""pasta"", ""gnocchi""], ""seafood"": [""oyster""]}, ""content_evidence"": {""food_spot"": [""location_present""]}}, ""metadata"": {""hashtags"": [], ""mentions"": [""atllovesmo"", ""fumatl""], ""likes"": 6693, ""comments"": 151, ""video_views"": 52419}}","{""meal_type"": ""drinks"", ""cuisines"": [""italian""], ""content_type"": ""food_spot"", ""location"": {""name"": ""Atlanta, Georgia"", ""slug"": null}, ""signals"": {""meal_evidence"": {""embedding_label"": ""dinner"", ""embedding_similarity"": 0.443, ""baseline_label"": ""drinks"", ""baseline_confidence"": 0.85, ""override"": false, ""reason"": ""embedding_disagrees_but_baseline_sufficient""}, ""cuisine_evidence"": {""embedding_cuisines"": [""italian""], ""embedding_similarities"": {""italian"": 0.446}, ""baseline_cuisines"": [""italian"", ""seafood""], ""newly_detected"": [], ""removed"": [""seafood""], ""reason"": ""embedding_refined_cuisine_list""}, ""content_evidence"": {""embedding_label"": ""food_spot"", ""embedding_similarity"": 0.449, ""second_label"": ""mixed"", ""second_similarity"": 0.204, ""margin"": 0.245, ""baseline_label"": ""food_spot"", ""baseline_confidence"": 0.85, ""override"": false, ""reason"": ""embedding_agrees_boost_baseline""}}, ""metadata"": {""hashtags"": [], ""mentions"": [""atllovesmo"", ""fumatl""], ""refined_from"": ""rules-food-events-v1""}, ""refinement"": {""meal_type_evidence"": {""embedding_label"": ""dinner"", ""embedding_similarity"": 0.443, ""baseline_label"": ""drinks"", ""baseline_confidence"": 0.85, ""override"": false, ""reason"": ""embedding_disagrees_but_baseline_sufficient""}, ""cuisine_evidence"": {""embedding_cuisines"": [""italian""], ""embedding_similarities"": {""italian"": 0.446}, ""baseline_cuisines"": [""italian"", ""seafood""], ""newly_detected"": [], ""removed"": [""seafood""], ""reason"": ""embedding_refined_cuisine_list""}, ""content_type_evidence"": {""embedding_label"": ""food_spot"", ""embedding_similarity"": 0.449, ""second_label"": ""mixed"", ""second_similarity"": 0.204, ""margin"": 0.245, ""baseline_label"": ""food_spot"", ""baseline_confidence"": 0.85, ""override"": false, ""reason"": ""embedding_agrees_boost_baseline""}, ""needs_review"": false, ""category_adjustment_reason"": ""none""}}",drinks,drinks,food_spot,food_spot,italian|seafood,italian,False,none,https://www.instagram.com/p/DVHSLUnETYC/,,,,TRUE,matched
3254043388038287082,https://www.instagram.com/p/C0orziDuw7q/,event,0.7,event,0.63,CONFIDENCE_UPDATED,-0.07,"{""meal_type"": ""unknown"", ""cuisines"": [], ""content_type"": ""event"", ""location"": {""name"": ""Fernbank Museum of Natural History"", ""slug"": ""fernbank-museum-of-natural-history""}, ""signals"": {""meal_evidence"": {}, ""cuisine_evidence"": {}, ""content_evidence"": {""event"": [""ticket""]}}, ""metadata"": {""hashtags"": [""atlanta"", ""atlfoodie"", ""hosted"", ""science"", ""sponsored"", ""thingstodoatlanta"", ""thingstodoinatl""], ""mentions"": [""atllovesmo"", ""fernbankmuseum""], ""likes"": 10177, ""comments"": 99, ""video_views"": 51978}}","{""meal_type"": ""unknown"", ""cuisines"": [], ""content_type"": ""event"", ""location"": {""name"": ""Fernbank Museum of Natural History"", ""slug"": null}, ""signals"": {""meal_evidence"": {""embedding_label"": ""dinner"", ""embedding_similarity"": 0.211, ""baseline_label"": ""unknown"", ""baseline_confidence"": 0.7, ""override"": false, ""reason"": ""weak_embedding_match_keep_baseline""}, ""cuisine_evidence"": {""embedding_cuisines"": [], ""embedding_similarities"": {}, ""baseline_cuisines"": [], ""newly_detected"": [], ""removed"": [], ""reason"": ""no_strong_embedding_matches_keep_baseline""}, ""content_evidence"": {""embedding_label"": ""activity"", ""embedding_similarity"": 0.435, ""second_label"": ""event"", ""second_similarity"": 0.315, ""margin"": 0.12, ""baseline_label"": ""event"", ""baseline_confidence"": 0.7, ""override"": false, ""reason"": ""embedding_disagrees_but_baseline_acceptable""}}, ""metadata"": {""hashtags"": [""atlanta"", ""atlfoodie"", ""hosted"", ""science"", ""sponsored"", ""thingstodoatlanta"", ""thingstodoinatl""], ""mentions"": [""atllovesmo"", ""fernbankmuseum""], ""refined_from"": ""rules-food-events-v1""}, ""refinement"": {""meal_type_evidence"": {""embedding_label"": ""dinner"", ""embedding_similarity"": 0.211, ""baseline_label"": ""unknown"", ""baseline_confidence"": 0.7, ""override"": false, ""reason"": ""weak_embedding_match_keep_baseline""}, ""cuisine_evidence"": {""embedding_cuisines"": [], ""embedding_similarities"": {}, ""baseline_cuisines"": [], ""newly_detected"": [], ""removed"": [], ""reason"": ""no_strong_embedding_matches_keep_baseline""}, ""content_type_evidence"": {""embedding_label"": ""activity"", ""embedding_similarity"": 0.435, ""second_label"": ""event"", ""second_similarity"": 0.315, ""margin"": 0.12, ""baseline_label"": ""event"", ""baseline_confidence"": 0.7, ""override"": false, ""reason"": ""embedding_disagrees_but_baseline_acceptable""}, ""needs_review"": false, ""category_adjustment_reason"": ""none""}}",unknown,unknown,event,event,,,False,none,https://www.instagram.com/p/C0orziDuw7q/,,,,TRUE,matched
3356890092293509232,https://www.instagram.com/p/C6WEcDdLtBw/,drinks,0.7,drinks,0.613,CONFIDENCE_UPDATED,-0.087,"{""meal_type"": ""drinks"", ""cuisines"": [""coffee_cafe""], ""content_type"": ""food_spot"", ""location"": {""name"": ""Atlanta, Georgia"", ""slug"": ""atlanta-georgia""}, ""signals"": {""meal_evidence"": {""drinks"": [""bar""]}, ""cuisine_evidence"": {""coffee_cafe"": [""coffee"", ""espresso"", ""latte""]}, ""content_evidence"": {""food_spot"": [""location_present""]}}, ""metadata"": {""hashtags"": [""atlblog"", ""atlcoffee"", ""atlcoffeeshop"", ""atldatenight"", ""thingstodoinatl""], ""mentions"": [""atllovesmo"", ""opocoffee""], ""likes"": 5749, ""comments"": 95, ""video_views"": 51427}}","{""meal_type"": ""drinks"", ""cuisines"": [""coffee_cafe""], ""content_type"": ""food_spot"", ""location"": {""name"": ""Atlanta, Georgia"", ""slug"": null}, ""signals"": {""meal_evidence"": {""embedding_label"": ""dinner"", ""embedding_similarity"": 0.341, ""baseline_label"": ""drinks"", ""baseline_confidence"": 0.7, ""override"": false, ""reason"": ""embedding_disagrees_but_baseline_sufficient""}, ""cuisine_evidence"": {""embedding_cuisines"": [""coffee_cafe""], ""embedding_similarities"": {""coffee_cafe"": 0.435}, ""baseline_cuisines"": [""coffee_cafe""], ""newly_detected"": [], ""removed"": [], ""reason"": ""embedding_confirms_baseline""}, ""content_evidence"": {""embedding_label"": ""food_spot"", ""embedding_similarity"": 0.378, ""second_label"": ""activity"", ""second_similarity"": 0.296, ""margin"": 0.083, ""baseline_label"": ""food_spot"", ""baseline_confidence"": 0.7, ""override"": false, ""reason"": ""weak_embedding_match_keep_baseline""}}, ""metadata"": {""hashtags"": [""atlblog"", ""atlcoffee"", ""atlcoffeeshop"", ""atldatenight"", ""thingstodoinatl""], ""mentions"": [""atllovesmo"", ""opocoffee""], ""refined_from"": ""rules-food-events-v1""}, ""refinement"": {""meal_type_evidence"": {""embedding_label"": ""dinner"", ""embedding_similarity"": 0.341, ""baseline_label"": ""drinks"", ""baseline_confidence"": 0.7, ""override"": false, ""reason"": ""embedding_disagrees_but_baseline_sufficient""}, ""cuisine_evidence"": {""embedding_cuisines"": [""coffee_cafe""], ""embedding_similarities"": {""coffee_cafe"": 0.435}, ""baseline_cuisines"": [""coffee_cafe""], ""newly_detected"": [], ""removed"": [], ""reason"": ""embedding_confirms_baseline""}, ""content_type_evidence"": {""embedding_label"": ""food_spot"", ""embedding_similarity"": 0.378, ""second_label"": ""activity"", ""second_similarity"": 0.296, ""margin"": 0.083, ""baseline_label"": ""food_spot"", ""baseline_confidence"": 0.7, ""override"": false, ""reason"": ""weak_embedding_match_keep_baseline""}, ""needs_review"": false, ""category_adjustment_reason"": ""none""}}",drinks,drinks,food_spot,food_spot,coffee_cafe,coffee_cafe,False,none,https://www.instagram.com/p/C6WEcDdLtBw/,,,,TRUE,matched
3146026531728760174,https://www.instagram.com/p/Cuo7nZVpZ1u/,dinner,0.7,dinner,0.613,CONFIDENCE_UPDATED,-0.087,"{""meal_type"": ""dinner"", ""cuisines"": [""italian""], ""content_type"": ""food_spot"", ""location"": {""name"": ""Tre Vele"", ""slug"": ""tre-vele""}, ""signals"": {""meal_evidence"": {""dinner"": [""date night""]}, ""cuisine_evidence"": {""italian"": [""pasta""]}, ""content_evidence"": {""food_spot"": [""location_present""]}}, ""metadata"": {""hashtags"": [""atlantapasta"", ""atlfood"", ""hosted"", ""sandysprings"", ""sandyspringsfood""], ""mentions"": [""atllovesmo"", ""treveleatl""], ""likes"": 2974, ""comments"": 61, ""video_views"": 51222}}","{""meal_type"": ""dinner"", ""cuisines"": [""italian""], ""content_type"": ""food_spot"", ""location"": {""name"": ""Tre Vele"", ""slug"": null}, ""signals"": {""meal_evidence"": {""embedding_label"": ""snack"", ""embedding_similarity"": 0.366, ""baseline_label"": ""dinner"", ""baseline_confidence"": 0.7, ""override"": false, ""reason"": ""embedding_disagrees_but_baseline_sufficient""}, ""cuisine_evidence"": {""embedding_cuisines"": [""italian""], ""embedding_similarities"": {""italian"": 0.429}, ""baseline_cuisines"": [""italian""], ""newly_detected"": [], ""removed"": [], ""reason"": ""embedding_confirms_baseline""}, ""content_evidence"": {""embedding_label"": ""food_spot"", ""embedding_similarity"": 0.297, ""second_label"": ""mixed"", ""second_similarity"": 0.195, ""margin"": 0.102, ""baseline_label"": ""food_spot"", ""baseline_confidence"": 0.7, ""override"": false, ""reason"": ""weak_embedding_match_keep_baseline""}}, ""metadata"": {""hashtags"": [""atlantapasta"", ""atlfood"", ""hosted"", ""sandysprings"", ""sandyspringsfood""], ""mentions"": [""atllovesmo"", ""treveleatl""], ""refined_from"": ""rules-food-events-v1""}, ""refinement"": {""meal_type_evidence"": {""embedding_label"": ""snack"", ""embedding_similarity"": 0.366, ""baseline_label"": ""dinner"", ""baseline_confidence"": 0.7, ""override"": false, ""reason"": ""embedding_disagrees_but_baseline_sufficient""}, ""cuisine_evidence"": {""embedding_cuisines"": [""italian""], ""embedding_similarities"": {""italian"": 0.429}, ""baseline_cuisines"": [""italian""], ""newly_detected"": [], ""removed"": [], ""reason"": ""embedding_confirms_baseline""}, ""content_type_evidence"": {""embedding_label"": ""food_spot"", ""embedding_similarity"": 0.297, ""second_label"": ""mixed"", ""second_similarity"": 0.195, ""margin"": 0.102, ""baseline_label"": ""food_spot"", ""baseline_confidence"": 0.7, ""override"": false, ""reason"": ""weak_embedding_match_keep_baseline""}, ""needs_review"": false, ""category_adjustment_reason"": ""none""}}",dinner,dinner,food_spot,food_spot,italian,italian,False,none,https://www.instagram.com/p/Cuo7nZVpZ1u/,,,,TRUE,matched
3479382516324684006,https://www.instagram.com/p/DBJP_bLPNDm/,event,0.7,event,0.655,CONFIDENCE_UPDATED,-0.045,"{""meal_type"": ""drinks"", ""cuisines"": [], ""content_type"": ""event"", ""location"": {""name"": ""Atlanta, Georgia"", ""slug"": ""atlanta-georgia""}, ""signals"": {""meal_evidence"": {""drinks"": [""bar""]}, ""cuisine_evidence"": {}, ""content_evidence"": {""event"": [""concert""]}}, ""metadata"": {""hashtags"": [""atlblog"", ""atldatenight"", ""atlfoodie""], ""mentions"": [""atllovesmo"", ""mercedesbenzstadium"", ""nestonfour"", ""signiabyhiltonatlanta"", ""statefarmarena.""], ""likes"": 8077, ""comments"": 53, ""video_views"": 50710}}","{""meal_type"": ""drinks"", ""cuisines"": [], ""content_type"": ""event"", ""location"": {""name"": ""Atlanta, Georgia"", ""slug"": null}, ""signals"": {""meal_evidence"": {""embedding_label"": ""drinks"", ""embedding_similarity"": 0.317, ""baseline_label"": ""drinks"", ""baseline_confidence"": 0.7, ""override"": false, ""reason"": ""embedding_agrees_boost_baseline""}, ""cuisine_evidence"": {""embedding_cuisines"": [], ""embedding_similarities"": {}, ""baseline_cuisines"": [], ""newly_detected"": [], ""removed"": [], ""reason"": ""no_strong_embedding_matches_keep_baseline""}, ""content_evidence"": {""embedding_label"": ""food_spot"", ""embedding_similarity"": 0.446, ""second_label"": ""activity"", ""second_similarity"": 0.322, ""margin"": 0.124, ""baseline_label"": ""event"", ""baseline_confidence"": 0.7, ""override"": false, ""reason"": ""embedding_disagrees_but_baseline_acceptable""}}, ""metadata"": {""hashtags"": [""atlblog"", ""atldatenight"", ""atlfoodie""], ""mentions"": [""atllovesmo"", ""mercedesbenzstadium"", ""nestonfour"", ""signiabyhiltonatlanta"", ""statefarmarena.""], ""refined_from"": ""rules-food-events-v1""}, ""refinement"": {""meal_type_evidence"": {""embedding_label"": ""drinks"", ""embedding_similarity"": 0.317, ""baseline_label"": ""drinks"", ""baseline_confidence"": 0.7, ""override"": false, ""reason"": ""embedding_agrees_boost_baseline""}, ""cuisine_evidence"": {""embedding_cuisines"": [], ""embedding_similarities"": {}, ""baseline_cuisines"": [], ""newly_detected"": [], ""removed"": [], ""reason"": ""no_strong_embedding_matches_keep_baseline""}, ""content_type_evidence"": {""embedding_label"": ""food_spot"", ""embedding_similarity"": 0.446, ""second_label"": ""activity"", ""second_similarity"": 0.322, ""margin"": 0.124, ""baseline_label"": ""event"", ""baseline_confidence"": 0.7, ""override"": false, ""reason"": ""embedding_disagrees_but_baseline_acceptable""}, ""needs_review"": false, ""category_adjustment_reason"": ""none""}}",drinks,drinks,event,event,,,False,none,https://www.instagram.com/p/DBJP_bLPNDm/,,,,TRUE,matched
3430827255348487262,https://www.instagram.com/p/C-cvzYgxmRe/,event,0.7,event,0.613,CONFIDENCE_UPDATED,-0.087,"{""meal_type"": ""breakfast"", ""cuisines"": [""seafood"", ""vegan"", ""coffee_cafe""], ""content_type"": ""event"", ""location"": {""name"": ""Atlanta, Georgia"", ""slug"": ""atlanta-georgia""}, ""signals"": {""meal_evidence"": {""breakfast"": [""eggs""], ""brunch"": [""brunch""], ""drinks"": [""gin""]}, ""cuisine_evidence"": {""seafood"": [""shrimp""], ""vegan"": [""vegan""], ""coffee_cafe"": [""coffee"", ""cafe""]}, ""content_evidence"": {""event"": [""live music""]}}, ""metadata"": {""hashtags"": [""atlantafood"", ""atlbrunch"", ""atleats"", ""atltantabrunch""], ""mentions"": [""atllovesmo"", ""chancellor_s"", ""dwanbosman"", ""omnicoffeeandeggs""], ""likes"": 5780, ""comments"": 128, ""video_views"": 50102}}","{""meal_type"": ""breakfast"", ""cuisines"": [""coffee_cafe"", ""seafood"", ""vegan""], ""content_type"": ""event"", ""location"": {""name"": ""Atlanta, Georgia"", ""slug"": null}, ""signals"": {""meal_evidence"": {""embedding_label"": ""snack"", ""embedding_similarity"": 0.472, ""baseline_label"": ""breakfast"", ""baseline_confidence"": 0.7, ""override"": false, ""reason"": ""embedding_disagrees_but_baseline_sufficient""}, ""cuisine_evidence"": {""embedding_cuisines"": [], ""embedding_similarities"": {}, ""baseline_cuisines"": [""coffee_cafe"", ""seafood"", ""vegan""], ""newly_detected"": [], ""removed"": [""coffee_cafe"", ""seafood"", ""vegan""], ""reason"": ""no_strong_embedding_matches_keep_baseline""}, ""content_evidence"": {""embedding_label"": ""food_spot"", ""embedding_similarity"": 0.446, ""second_label"": ""mixed"", ""second_similarity"": 0.251, ""margin"": 0.195, ""baseline_label"": ""event"", ""baseline_confidence"": 0.7, ""override"": false, ""reason"": ""embedding_disagrees_but_baseline_acceptable""}}, ""metadata"": {""hashtags"": [""atlantafood"", ""atlbrunch"", ""atleats"", ""atltantabrunch""], ""mentions"": [""atllovesmo"", ""chancellor_s"", ""dwanbosman"", ""omnicoffeeandeggs""], ""refined_from"": ""rules-food-events-v1""}, ""refinement"": {""meal_type_evidence"": {""embedding_label"": ""snack"", ""embedding_similarity"": 0.472, ""baseline_label"": ""breakfast"", ""baseline_confidence"": 0.7, ""override"": false, ""reason"": ""embedding_disagrees_but_baseline_sufficient""}, ""cuisine_evidence"": {""embedding_cuisines"": [], ""embedding_similarities"": {}, ""baseline_cuisines"": [""coffee_cafe"", ""seafood"", ""vegan""], ""newly_detected"": [], ""removed"": [""coffee_cafe"", ""seafood"", ""vegan""], ""reason"": ""no_strong_embedding_matches_keep_baseline""}, ""content_type_evidence"": {""embedding_label"": ""food_spot"", ""embedding_similarity"": 0.446, ""second_label"": ""mixed"", ""second_similarity"": 0.251, ""margin"": 0.195, ""baseline_label"": ""event"", ""baseline_confidence"": 0.7, ""override"": false, ""reason"": ""embedding_disagrees_but_baseline_acceptable""}, ""needs_review"": false, ""category_adjustment_reason"": ""none""}}",breakfast,breakfast,event,event,seafood|vegan|coffee_cafe,coffee_cafe|seafood|vegan,False,none,https://www.instagram.com/p/C-cvzYgxmRe/,,,,TRUE,matched
3290954523383368526,https://www.instagram.com/p/C2r0bPqOwtO/,dessert,0.75,dessert,0.703,CONFIDENCE_UPDATED,-0.047,"{""meal_type"": ""dessert"", ""cuisines"": [], ""content_type"": ""food_spot"", ""location"": {""name"": ""Doodle Pies"", ""slug"": ""doodle-pies""}, ""signals"": {""meal_evidence"": {""dessert"": [""dessert"", ""ice cream""]}, ""cuisine_evidence"": {}, ""content_evidence"": {""food_spot"": [""location_present""]}}, ""metadata"": {""hashtags"": [""atlantaeats"", ""atldessert"", ""atlfoodie"", ""roswell""], ""mentions"": [""atllovesmo"", ""doodlepiesroswell.""], ""likes"": 4268, ""comments"": 113, ""video_views"": 50091}}","{""meal_type"": ""dessert"", ""cuisines"": [], ""content_type"": ""food_spot"", ""location"": {""name"": ""Doodle Pies"", ""slug"": null}, ""signals"": {""meal_evidence"": {""embedding_label"": ""dessert"", ""embedding_similarity"": 0.376, ""baseline_label"": ""dessert"", ""baseline_confidence"": 0.75, ""override"": false, ""reason"": ""embedding_agrees_boost_baseline""}, ""cuisine_evidence"": {""embedding_cuisines"": [], ""embedding_similarities"": {}, ""baseline_cuisines"": [], ""newly_detected"": [], ""removed"": [], ""reason"": ""no_strong_embedding_matches_keep_baseline""}, ""content_evidence"": {""embedding_label"": ""food_spot"", ""embedding_similarity"": 0.276, ""second_label"": ""mixed"", ""second_similarity"": 0.238, ""margin"": 0.039, ""baseline_label"": ""food_spot"", ""baseline_confidence"": 0.75, ""override"": false, ""reason"": ""weak_embedding_match_keep_baseline""}}, ""metadata"": {""hashtags"": [""atlantaeats"", ""atldessert"", ""atlfoodie"", ""roswell""], ""mentions"": [""atllovesmo"", ""doodlepiesroswell.""], ""refined_from"": ""rules-food-events-v1""}, ""refinement"": {""meal_type_evidence"": {""embedding_label"": ""dessert"", ""embedding_similarity"": 0.376, ""baseline_label"": ""dessert"", ""baseline_confidence"": 0.75, ""override"": false, ""reason"": ""embedding_agrees_boost_baseline""}, ""cuisine_evidence"": {""embedding_cuisines"": [], ""embedding_similarities"": {}, ""baseline_cuisines"": [], ""newly_detected"": [], ""removed"": [], ""reason"": ""no_strong_embedding_matches_keep_baseline""}, ""content_type_evidence"": {""embedding_label"": ""food_spot"", ""embedding_similarity"": 0.276, ""second_label"": ""mixed"", ""second_similarity"": 0.238, ""margin"": 0.039, ""baseline_label"": ""food_spot"", ""baseline_confidence"": 0.75, ""override"": false, ""reason"": ""weak_embedding_match_keep_baseline""}, ""needs_review"": false, ""category_adjustment_reason"": ""none""}}",dessert,dessert,food_spot,food_spot,,,False,none,https://www.instagram.com/p/C2r0bPqOwtO/,,,,TRUE,matched
3398918094490737700,https://www.instagram.com/p/C8rYf-qxJwk/,drinks,0.95,drinks,0.89,CONFIDENCE_UPDATED,-0.06,"{""meal_type"": ""drinks"", ""cuisines"": [""mexican""], ""content_type"": ""food_spot"", ""location"": {""name"": ""Atlanta, Georgia"", ""slug"": ""atlanta-georgia""}, ""signals"": {""meal_evidence"": {""dinner"": [""date night""], ""drinks"": [""cocktail"", ""cocktails"", ""drink"", ""drinks"", ""tequila""]}, ""cuisine_evidence"": {""mexican"": [""mexican""]}, ""content_evidence"": {""food_spot"": [""location_present""]}}, ""metadata"": {""hashtags"": [""atlblog"", ""atlcocktails"", ""atldatenight"", ""atleats""], ""mentions"": [""atllovesmo"", ""dixeebeatl""], ""likes"": 4299, ""comments"": 118, ""video_views"": 49341}}","{""meal_type"": ""drinks"", ""cuisines"": [""mexican""], ""content_type"": ""food_spot"", ""location"": {""name"": ""Atlanta, Georgia"", ""slug"": null}, ""signals"": {""meal_evidence"": {""embedding_label"": ""drinks"", ""embedding_similarity"": 0.438, ""baseline_label"": ""drinks"", ""baseline_confidence"": 0.95, ""override"": false, ""reason"": ""embedding_agrees_boost_baseline""}, ""cuisine_evidence"": {""embedding_cuisines"": [""mexican""], ""embedding_similarities"": {""mexican"": 0.413}, ""baseline_cuisines"": [""mexican""], ""newly_detected"": [], ""removed"": [], ""reason"": ""embedding_confirms_baseline""}, ""content_evidence"": {""embedding_label"": ""food_spot"", ""embedding_similarity"": 0.368, ""second_label"": ""event"", ""second_similarity"": 0.277, ""margin"": 0.091, ""baseline_label"": ""food_spot"", ""baseline_confidence"": 0.95, ""override"": false, ""reason"": ""weak_embedding_match_keep_baseline""}}, ""metadata"": {""hashtags"": [""atlblog"", ""atlcocktails"", ""atldatenight"", ""atleats""], ""mentions"": [""atllovesmo"", ""dixeebeatl""], ""refined_from"": ""rules-food-events-v1""}, ""refinement"": {""meal_type_evidence"": {""embedding_label"": ""drinks"", ""embedding_similarity"": 0.438, ""baseline_label"": ""drinks"", ""baseline_confidence"": 0.95, ""override"": false, ""reason"": ""embedding_agrees_boost_baseline""}, ""cuisine_evidence"": {""embedding_cuisines"": [""mexican""], ""embedding_similarities"": {""mexican"": 0.413}, ""baseline_cuisines"": [""mexican""], ""newly_detected"": [], ""removed"": [], ""reason"": ""embedding_confirms_baseline""}, ""content_type_evidence"": {""embedding_label"": ""food_spot"", ""embedding_similarity"": 0.368, ""second_label"": ""event"", ""second_similarity"": 0.277, ""margin"": 0.091, ""baseline_label"": ""food_spot"", ""baseline_confidence"": 0.95, ""override"": false, ""reason"": ""weak_embedding_match_keep_baseline""}, ""needs_review"": false, ""category_adjustment_reason"": ""none""}}",drinks,drinks,food_spot,food_spot,mexican,mexican,False,none,https://www.instagram.com/p/C8rYf-qxJwk/,,,,TRUE,matched
3375787099889750075,https://www.instagram.com/p/C7ZNHtORlA7/,drinks,0.95,drinks,0.888,CONFIDENCE_UPDATED,-0.062,"{""meal_type"": ""drinks"", ""cuisines"": [], ""content_type"": ""food_spot"", ""location"": {""name"": ""Atlanta, Georgia"", ""slug"": ""atlanta-georgia""}, ""signals"": {""meal_evidence"": {""lunch"": [""sandwich""], ""drinks"": [""cocktail"", ""cocktails"", ""bar"", ""gin""]}, ""cuisine_evidence"": {}, ""content_evidence"": {""food_spot"": [""location_present""]}}, ""metadata"": {""hashtags"": [""atlantafood"", ""atlblog"", ""atleats"", ""atlfoodie""], ""mentions"": [""atlantabeltline"", ""atllovesmo"", ""breakerbreaker_atl""], ""likes"": 5169, ""comments"": 112, ""video_views"": 49295}}","{""meal_type"": ""drinks"", ""cuisines"": [""american""], ""content_type"": ""food_spot"", ""location"": {""name"": ""Atlanta, Georgia"", ""slug"": null}, ""signals"": {""meal_evidence"": {""embedding_label"": ""drinks"", ""embedding_similarity"": 0.351, ""baseline_label"": ""drinks"", ""baseline_confidence"": 0.95, ""override"": false, ""reason"": ""embedding_agrees_boost_baseline""}, ""cuisine_evidence"": {""embedding_cuisines"": [""american""], ""embedding_similarities"": {""american"": 0.418}, ""baseline_cuisines"": [], ""newly_detected"": [""american""], ""removed"": [], ""reason"": ""embedding_refined_cuisine_list""}, ""content_evidence"": {""embedding_label"": ""food_spot"", ""embedding_similarity"": 0.39, ""second_label"": ""mixed"", ""second_similarity"": 0.236, ""margin"": 0.153, ""baseline_label"": ""food_spot"", ""baseline_confidence"": 0.95, ""override"": false, ""reason"": ""weak_embedding_match_keep_baseline""}}, ""metadata"": {""hashtags"": [""atlantafood"", ""atlblog"", ""atleats"", ""atlfoodie""], ""mentions"": [""atlantabeltline"", ""atllovesmo"", ""breakerbreaker_atl""], ""refined_from"": ""rules-food-events-v1""}, ""refinement"": {""meal_type_evidence"": {""embedding_label"": ""drinks"", ""embedding_similarity"": 0.351, ""baseline_label"": ""drinks"", ""baseline_confidence"": 0.95, ""override"": false, ""reason"": ""embedding_agrees_boost_baseline""}, ""cuisine_evidence"": {""embedding_cuisines"": [""american""], ""embedding_similarities"": {""american"": 0.418}, ""baseline_cuisines"": [], ""newly_detected"": [""american""], ""removed"": [], ""reason"": ""embedding_refined_cuisine_list""}, ""content_type_evidence"": {""embedding_label"": ""food_spot"", ""embedding_similarity"": 0.39, ""second_label"": ""mixed"", ""second_similarity"": 0.236, ""margin"": 0.153, ""baseline_label"": ""food_spot"", ""baseline_confidence"": 0.95, ""override"": false, ""reason"": ""weak_embedding_match_keep_baseline""}, ""needs_review"": false, ""category_adjustment_reason"": ""none""}}",drinks,drinks,food_spot,food_spot,,american,False,none,https://www.instagram.com/p/C7ZNHtORlA7/,,,,TRUE,matched
3338042743672544970,https://www.instagram.com/p/C5THDCNrB7K/,drinks,0.95,drinks,0.831,CONFIDENCE_UPDATED,-0.119,"{""meal_type"": ""drinks"", ""cuisines"": [""bakery""], ""content_type"": ""food_spot"", ""location"": {""name"": ""The Po'Boy Shop"", ""slug"": ""the-poboy-shop""}, ""signals"": {""meal_evidence"": {""lunch"": [""sandwich""], ""drinks"": [""bar"", ""drink"", ""drinks"", ""shot""]}, ""cuisine_evidence"": {""bakery"": [""bread""]}, ""content_evidence"": {""food_spot"": [""location_present""]}}, ""metadata"": {""hashtags"": [""atlantafood"", ""atleats"", ""atlfoodie"", ""decatur"", ""decaturfood""], ""mentions"": [""atllovesmo"", ""thepoboyshop""], ""likes"": 4002, ""comments"": 157, ""video_views"": 49044}}","{""meal_type"": ""drinks"", ""cuisines"": [""bakery""], ""content_type"": ""food_spot"", ""location"": {""name"": ""The Po'Boy Shop"", ""slug"": null}, ""signals"": {""meal_evidence"": {""embedding_label"": ""snack"", ""embedding_similarity"": 0.469, ""baseline_label"": ""drinks"", ""baseline_confidence"": 0.95, ""override"": false, ""reason"": ""embedding_disagrees_but_baseline_sufficient""}, ""cuisine_evidence"": {""embedding_cuisines"": [], ""embedding_similarities"": {}, ""baseline_cuisines"": [""bakery""], ""newly_detected"": [], ""removed"": [""bakery""], ""reason"": ""no_strong_embedding_matches_keep_baseline""}, ""content_evidence"": {""embedding_label"": ""food_spot"", ""embedding_similarity"": 0.376, ""second_label"": ""mixed"", ""second_similarity"": 0.205, ""margin"": 0.171, ""baseline_label"": ""food_spot"", ""baseline_confidence"": 0.95, ""override"": false, ""reason"": ""weak_embedding_match_keep_baseline""}}, ""metadata"": {""hashtags"": [""atlantafood"", ""atleats"", ""atlfoodie"", ""decatur"", ""decaturfood""], ""mentions"": [""atllovesmo"", ""thepoboyshop""], ""refined_from"": ""rules-food-events-v1""}, ""refinement"": {""meal_type_evidence"": {""embedding_label"": ""snack"", ""embedding_similarity"": 0.469, ""baseline_label"": ""drinks"", ""baseline_confidence"": 0.95, ""override"": false, ""reason"": ""embedding_disagrees_but_baseline_sufficient""}, ""cuisine_evidence"": {""embedding_cuisines"": [], ""embedding_similarities"": {}, ""baseline_cuisines"": [""bakery""], ""newly_detected"": [], ""removed"": [""bakery""], ""reason"": ""no_strong_embedding_matches_keep_baseline""}, ""content_type_evidence"": {""embedding_label"": ""food_spot"", ""embedding_similarity"": 0.376, ""second_label"": ""mixed"", ""second_similarity"": 0.205, ""margin"": 0.171, ""baseline_label"": ""food_spot"", ""baseline_confidence"": 0.95, ""override"": false, ""reason"": ""weak_embedding_match_keep_baseline""}, ""needs_review"": false, ""category_adjustment_reason"": ""none""}}",drinks,drinks,food_spot,food_spot,bakery,bakery,False,none,https://www.instagram.com/p/C5THDCNrB7K/,,,,TRUE,matched
3185141853418203601,https://www.instagram.com/p/Cwz5aPcOKnR/,dinner,0.75,dinner,0.736,CONFIDENCE_UPDATED,-0.014,"{""meal_type"": ""dinner"", ""cuisines"": [""indian"", ""seafood""], ""content_type"": ""food_spot"", ""location"": {""name"": ""LEE + WHITE"", ""slug"": ""lee-white""}, ""signals"": {""meal_evidence"": {""dinner"": [""dinner"", ""tasting menu""], ""dessert"": [""cake""], ""drinks"": [""wine""]}, ""cuisine_evidence"": {""indian"": [""curry""], ""seafood"": [""lobster"", ""crab""]}, ""content_evidence"": {""food_spot"": [""location_present""]}}, ""metadata"": {""hashtags"": [], ""mentions"": [""atlantawestend."", ""atllovesmo"", ""bovinoafterdark"", ""gunshowatl"", ""herobovinoatl"", ""hopcityatl"", ""leeandwhite"", ""millerunionatl"", ""mykelburkhart"", ""resy."", ""saltyourfood_atl"", ""stonemountaincattle"", ""xelanow""], ""likes"": 3338, ""comments"": 108, ""video_views"": 48816}}","{""meal_type"": ""dinner"", ""cuisines"": [""indian"", ""seafood""], ""content_type"": ""food_spot"", ""location"": {""name"": ""LEE + WHITE"", ""slug"": null}, ""signals"": {""meal_evidence"": {""embedding_label"": ""dinner"", ""embedding_similarity"": 0.527, ""baseline_label"": ""dinner"", ""baseline_confidence"": 0.75, ""override"": false, ""reason"": ""embedding_agrees_boost_baseline""}, ""cuisine_evidence"": {""embedding_cuisines"": [], ""embedding_similarities"": {}, ""baseline_cuisines"": [""indian"", ""seafood""], ""newly_detected"": [], ""removed"": [""indian"", ""seafood""], ""reason"": ""no_strong_embedding_matches_keep_baseline""}, ""content_evidence"": {""embedding_label"": ""food_spot"", ""embedding_similarity"": 0.418, ""second_label"": ""mixed"", ""second_similarity"": 0.331, ""margin"": 0.087, ""baseline_label"": ""food_spot"", ""baseline_confidence"": 0.75, ""override"": false, ""reason"": ""embedding_agrees_boost_baseline""}}, ""metadata"": {""hashtags"": [], ""mentions"": [""atlantawestend."", ""atllovesmo"", ""bovinoafterdark"", ""gunshowatl"", ""herobovinoatl"", ""hopcityatl"", ""leeandwhite"", ""millerunionatl"", ""mykelburkhart"", ""resy."", ""saltyourfood_atl"", ""stonemountaincattle"", ""xelanow""], ""refined_from"": ""rules-food-events-v1""}, ""refinement"": {""meal_type_evidence"": {""embedding_label"": ""dinner"", ""embedding_similarity"": 0.527, ""baseline_label"": ""dinner"", ""baseline_confidence"": 0.75, ""override"": false, ""reason"": ""embedding_agrees_boost_baseline""}, ""cuisine_evidence"": {""embedding_cuisines"": [], ""embedding_similarities"": {}, ""baseline_cuisines"": [""indian"", ""seafood""], ""newly_detected"": [], ""removed"": [""indian"", ""seafood""], ""reason"": ""no_strong_embedding_matches_keep_baseline""}, ""content_type_evidence"": {""embedding_label"": ""food_spot"", ""embedding_similarity"": 0.418, ""second_label"": ""mixed"", ""second_similarity"": 0.331, ""margin"": 0.087, ""baseline_label"": ""food_spot"", ""baseline_confidence"": 0.75, ""override"": false, ""reason"": ""embedding_agrees_boost_baseline""}, ""needs_review"": false, ""category_adjustment_reason"": ""none""}}",dinner,dinner,food_spot,food_spot,indian|seafood,indian|seafood,False,none,https://www.instagram.com/p/Cwz5aPcOKnR/,,,,TRUE,matched
3471396364334540698,https://www.instagram.com/p/DAs4Jniviea/,event,0.7,event,0.63,CONFIDENCE_UPDATED,-0.07,"{""meal_type"": ""drinks"", ""cuisines"": [""coffee_cafe""], ""content_type"": ""event"", ""location"": {""name"": ""Atlanta, Georgia"", ""slug"": ""atlanta-georgia""}, ""signals"": {""meal_evidence"": {""drinks"": [""bar""]}, ""cuisine_evidence"": {""coffee_cafe"": [""cafe""]}, ""content_evidence"": {""event"": [""event""]}}, ""metadata"": {""hashtags"": [""atlanta"", ""atlcatcafe"", ""atllounge"", ""atlunderground"", ""thingstodoinatl""], ""mentions"": [""thefriskywhiskeratl"", ""thefriskywhiskeratl."", ""underground_atlanta""], ""likes"": 6739, ""comments"": 85, ""video_views"": 48208}}","{""meal_type"": ""drinks"", ""cuisines"": [""coffee_cafe""], ""content_type"": ""event"", ""location"": {""name"": ""Atlanta, Georgia"", ""slug"": null}, ""signals"": {""meal_evidence"": {""embedding_label"": ""drinks"", ""embedding_similarity"": 0.136, ""baseline_label"": ""drinks"", ""baseline_confidence"": 0.7, ""override"": false, ""reason"": ""weak_embedding_match_keep_baseline""}, ""cuisine_evidence"": {""embedding_cuisines"": [], ""embedding_similarities"": {}, ""baseline_cuisines"": [""coffee_cafe""], ""newly_detected"": [], ""removed"": [""coffee_cafe""], ""reason"": ""no_strong_embedding_matches_keep_baseline""}, ""content_evidence"": {""embedding_label"": ""food_spot"", ""embedding_similarity"": 0.24, ""second_label"": ""event"", ""second_similarity"": 0.218, ""margin"": 0.022, ""baseline_label"": ""event"", ""baseline_confidence"": 0.7, ""override"": false, ""reason"": ""weak_embedding_match_keep_baseline""}}, ""metadata"": {""hashtags"": [""atlanta"", ""atlcatcafe"", ""atllounge"", ""atlunderground"", ""thingstodoinatl""], ""mentions"": [""thefriskywhiskeratl"", ""thefriskywhiskeratl."", ""underground_atlanta""], ""refined_from"": ""rules-food-events-v1""}, ""refinement"": {""meal_type_evidence"": {""embedding_label"": ""drinks"", ""embedding_similarity"": 0.136, ""baseline_label"": ""drinks"", ""baseline_confidence"": 0.7, ""override"": false, ""reason"": ""weak_embedding_match_keep_baseline""}, ""cuisine_evidence"": {""embedding_cuisines"": [], ""embedding_similarities"": {}, ""baseline_cuisines"": [""coffee_cafe""], ""newly_detected"": [], ""removed"": [""coffee_cafe""], ""reason"": ""no_strong_embedding_matches_keep_baseline""}, ""content_type_evidence"": {""embedding_label"": ""food_spot"", ""embedding_similarity"": 0.24, ""second_label"": ""event"", ""second_similarity"": 0.218, ""margin"": 0.022, ""baseline_label"": ""event"", ""baseline_confidence"": 0.7, ""override"": false, ""reason"": ""weak_embedding_match_keep_baseline""}, ""needs_review"": true, ""category_adjustment_reason"": ""none""}}",drinks,drinks,event,event,coffee_cafe,coffee_cafe,True,none,https://www.instagram.com/p/DAs4Jniviea/,,,,TRUE,matched
3715736174725270890,https://www.instagram.com/p/DOQ8l01kY1q/,drinks,0.95,drinks,0.866,CONFIDENCE_UPDATED,-0.084,"{""meal_type"": ""drinks"", ""cuisines"": [""italian"", ""japanese"", ""bakery"", ""coffee_cafe""], ""content_type"": ""food_spot"", ""location"": {""name"": ""Atlanta, Georgia"", ""slug"": ""atlanta-georgia""}, ""signals"": {""meal_evidence"": {""breakfast"": [""breakfast""], ""lunch"": [""sandwich""], ""drinks"": [""cocktail"", ""cocktails"", ""beer"", ""martini"", ""gin""]}, ""cuisine_evidence"": {""italian"": [""pizza""], ""japanese"": [""omakase""], ""bakery"": [""bakery"", ""bread""], ""coffee_cafe"": [""coffee"", ""espresso"", ""latte"", ""matcha""]}, ""content_evidence"": {""food_spot"": [""location_present""]}}, ""metadata"": {""hashtags"": [""atlblog""], ""mentions"": [""atlantabeltline"", ""atllovesmo"", ""chefjasonliang"", ""kirkgibson1"", ""luckystaratl"", ""mondaynight"", ""mondaynightgrove"", ""resy"", ""sammysatl""], ""likes"": 5759, ""comments"": 66, ""video_views"": 47573}}","{""meal_type"": ""drinks"", ""cuisines"": [""bakery"", ""coffee_cafe"", ""italian"", ""japanese""], ""content_type"": ""food_spot"", ""location"": {""name"": ""Atlanta, Georgia"", ""slug"": null}, ""signals"": {""meal_evidence"": {""embedding_label"": ""snack"", ""embedding_similarity"": 0.373, ""baseline_label"": ""drinks"", ""baseline_confidence"": 0.95, ""override"": false, ""reason"": ""embedding_disagrees_but_baseline_sufficient""}, ""cuisine_evidence"": {""embedding_cuisines"": [], ""embedding_similarities"": {}, ""baseline_cuisines"": [""bakery"", ""coffee_cafe"", ""italian"", ""japanese""], ""newly_detected"": [], ""removed"": [""bakery"", ""coffee_cafe"", ""italian"", ""japanese""], ""reason"": ""no_strong_embedding_matches_keep_baseline""}, ""content_evidence"": {""embedding_label"": ""food_spot"", ""embedding_similarity"": 0.45, ""second_label"": ""event"", ""second_similarity"": 0.33, ""margin"": 0.12, ""baseline_label"": ""food_spot"", ""baseline_confidence"": 0.95, ""override"": false, ""reason"": ""embedding_agrees_boost_baseline""}}, ""metadata"": {""hashtags"": [""atlblog""], ""mentions"": [""atlantabeltline"", ""atllovesmo"", ""chefjasonliang"", ""kirkgibson1"", ""luckystaratl"", ""mondaynight"", ""mondaynightgrove"", ""resy"", ""sammysatl""], ""refined_from"": ""rules-food-events-v1""}, ""refinement"": {""meal_type_evidence"": {""embedding_label"": ""snack"", ""embedding_similarity"": 0.373, ""baseline_label"": ""drinks"", ""baseline_confidence"": 0.95, ""override"": false, ""reason"": ""embedding_disagrees_but_baseline_sufficient""}, ""cuisine_evidence"": {""embedding_cuisines"": [], ""embedding_similarities"": {}, ""baseline_cuisines"": [""bakery"", ""coffee_cafe"", ""italian"", ""japanese""], ""newly_detected"": [], ""removed"": [""bakery"", ""coffee_cafe"", ""italian"", ""japanese""], ""reason"": ""no_strong_embedding_matches_keep_baseline""}, ""content_type_evidence"": {""embedding_label"": ""food_spot"", ""embedding_similarity"": 0.45, ""second_label"": ""event"", ""second_similarity"": 0.33, ""margin"": 0.12, ""baseline_label"": ""food_spot"", ""baseline_confidence"": 0.95, ""override"": false, ""reason"": ""embedding_agrees_boost_baseline""}, ""needs_review"": false, ""category_adjustment_reason"": ""none""}}",drinks,drinks,food_spot,food_spot,italian|japanese|bakery|coffee_cafe,bakery|coffee_cafe|italian|japanese,False,none,https://www.instagram.com/p/DOQ8l01kY1q/,,,,TRUE,matched
3240957400101495917,https://www.instagram.com/p/Cz6MZWFOSRt/,drinks,0.7,drinks,0.613,CONFIDENCE_UPDATED,-0.087,"{""meal_type"": ""drinks"", ""cuisines"": [""mexican"", ""coffee_cafe""], ""content_type"": ""food_spot"", ""location"": {""name"": ""Wave3Matcha"", ""slug"": ""wave3matcha""}, ""signals"": {""meal_evidence"": {""drinks"": [""drink""]}, ""cuisine_evidence"": {""mexican"": [""taco""], ""coffee_cafe"": [""coffee"", ""matcha""]}, ""content_evidence"": {""food_spot"": [""location_present""]}}, ""metadata"": {""hashtags"": [""atlantacoffee"", ""atlantamatcha"", ""atlcoffee"", ""matcha""], ""mentions"": [""atllovesmo"", ""wave3coffeeshop""], ""likes"": 5955, ""comments"": 131, ""video_views"": 47354}}","{""meal_type"": ""drinks"", ""cuisines"": [""coffee_cafe""], ""content_type"": ""food_spot"", ""location"": {""name"": ""Wave3Matcha"", ""slug"": null}, ""signals"": {""meal_evidence"": {""embedding_label"": ""dessert"", ""embedding_similarity"": 0.355, ""baseline_label"": ""drinks"", ""baseline_confidence"": 0.7, ""override"": false, ""reason"": ""embedding_disagrees_but_baseline_sufficient""}, ""cuisine_evidence"": {""embedding_cuisines"": [""coffee_cafe""], ""embedding_similarities"": {""coffee_cafe"": 0.404}, ""baseline_cuisines"": [""coffee_cafe"", ""mexican""], ""newly_detected"": [], ""removed"": [""mexican""], ""reason"": ""embedding_refined_cuisine_list""}, ""content_evidence"": {""embedding_label"": ""food_spot"", ""embedding_similarity"": 0.339, ""second_label"": ""activity"", ""second_similarity"": 0.221, ""margin"": 0.118, ""baseline_label"": ""food_spot"", ""baseline_confidence"": 0.7, ""override"": false, ""reason"": ""weak_embedding_match_keep_baseline""}}, ""metadata"": {""hashtags"": [""atlantacoffee"", ""atlantamatcha"", ""atlcoffee"", ""matcha""], ""mentions"": [""atllovesmo"", ""wave3coffeeshop""], ""refined_from"": ""rules-food-events-v1""}, ""refinement"": {""meal_type_evidence"": {""embedding_label"": ""dessert"", ""embedding_similarity"": 0.355, ""baseline_label"": ""drinks"", ""baseline_confidence"": 0.7, ""override"": false, ""reason"": ""embedding_disagrees_but_baseline_sufficient""}, ""cuisine_evidence"": {""embedding_cuisines"": [""coffee_cafe""], ""embedding_similarities"": {""coffee_cafe"": 0.404}, ""baseline_cuisines"": [""coffee_cafe"", ""mexican""], ""newly_detected"": [], ""removed"": [""mexican""], ""reason"": ""embedding_refined_cuisine_list""}, ""content_type_evidence"": {""embedding_label"": ""food_spot"", ""embedding_similarity"": 0.339, ""second_label"": ""activity"", ""second_similarity"": 0.221, ""margin"": 0.118, ""baseline_label"": ""food_spot"", ""baseline_confidence"": 0.7, ""override"": false, ""reason"": ""weak_embedding_match_keep_baseline""}, ""needs_review"": false, ""category_adjustment_reason"": ""none""}}",drinks,drinks,food_spot,food_spot,mexican|coffee_cafe,coffee_cafe,False,none,https://www.instagram.com/p/Cz6MZWFOSRt/,,,,TRUE,matched
3588865463947766644,https://www.instagram.com/p/DHONh_1Rit0/,dinner,0.7,dinner,0.63,CONFIDENCE_UPDATED,-0.07,"{""meal_type"": ""dinner"", ""cuisines"": [], ""content_type"": ""food_spot"", ""location"": {""name"": ""Atlanta, Georgia"", ""slug"": ""atlanta-georgia""}, ""signals"": {""meal_evidence"": {""dinner"": [""dinner""]}, ""cuisine_evidence"": {}, ""content_evidence"": {""food_spot"": [""location_present""]}}, ""metadata"": {""hashtags"": [""atlblog"", ""atleats"", ""thingstodoinatlanta""], ""mentions"": [""atlannatonight"", ""atllovesmo"", ""closefriendsatl"", ""views.atlanta"", ""wagyuhouseatl""], ""likes"": 6851, ""comments"": 100, ""video_views"": 46854}}","{""meal_type"": ""dinner"", ""cuisines"": [], ""content_type"": ""food_spot"", ""location"": {""name"": ""Atlanta, Georgia"", ""slug"": null}, ""signals"": {""meal_evidence"": {""embedding_label"": ""dinner"", ""embedding_similarity"": 0.28, ""baseline_label"": ""dinner"", ""baseline_confidence"": 0.7, ""override"": false, ""reason"": ""weak_embedding_match_keep_baseline""}, ""cuisine_evidence"": {""embedding_cuisines"": [], ""embedding_similarities"": {}, ""baseline_cuisines"": [], ""newly_detected"": [], ""removed"": [], ""reason"": ""no_strong_embedding_matches_keep_baseline""}, ""content_evidence"": {""embedding_label"": ""food_spot"", ""embedding_similarity"": 0.289, ""second_label"": ""event"", ""second_similarity"": 0.272, ""margin"": 0.018, ""baseline_label"": ""food_spot"", ""baseline_confidence"": 0.7, ""override"": false, ""reason"": ""weak_embedding_match_keep_baseline""}}, ""metadata"": {""hashtags"": [""atlblog"", ""atleats"", ""thingstodoinatlanta""], ""mentions"": [""atlannatonight"", ""atllovesmo"", ""closefriendsatl"", ""views.atlanta"", ""wagyuhouseatl""], ""refined_from"": ""rules-food-events-v1""}, ""refinement"": {""meal_type_evidence"": {""embedding_label"": ""dinner"", ""embedding_similarity"": 0.28, ""baseline_label"": ""dinner"", ""baseline_confidence"": 0.7, ""override"": false, ""reason"": ""weak_embedding_match_keep_baseline""}, ""cuisine_evidence"": {""embedding_cuisines"": [], ""embedding_similarities"": {}, ""baseline_cuisines"": [], ""newly_detected"": [], ""removed"": [], ""reason"": ""no_strong_embedding_matches_keep_baseline""}, ""content_type_evidence"": {""embedding_label"": ""food_spot"", ""embedding_similarity"": 0.289, ""second_label"": ""event"", ""second_similarity"": 0.272, ""margin"": 0.018, ""baseline_label"": ""food_spot"", ""baseline_confidence"": 0.7, ""override"": false, ""reason"": ""weak_embedding_match_keep_baseline""}, ""needs_review"": false, ""category_adjustment_reason"": ""none""}}",dinner,dinner,food_spot,food_spot,,,False,none,https://www.instagram.com/p/DHONh_1Rit0/,,,,TRUE,matched
3579575474877792853,https://www.instagram.com/p/DGtNO3SyoJV/,drinks,0.85,drinks,0.744,CONFIDENCE_UPDATED,-0.106,"{""meal_type"": ""drinks"", ""cuisines"": [""mediterranean""], ""content_type"": ""food_spot"", ""location"": {""name"": ""Atlanta, Georgia"", ""slug"": ""atlanta-georgia""}, ""signals"": {""meal_evidence"": {""dessert"": [""cake""], ""drinks"": [""cocktail"", ""alcohol"", ""gin""]}, ""cuisine_evidence"": {""mediterranean"": [""mediterranean"", ""falafel"", ""hummus""]}, ""content_evidence"": {""food_spot"": [""location_present""]}}, ""metadata"": {""hashtags"": [""atlblog"", ""atleats"", ""bufordhwy"", ""thingstodoinatlanta""], ""mentions"": [""atllovesmo"", ""layalyofficial""], ""likes"": 4398, ""comments"": 83, ""video_views"": 46612}}","{""meal_type"": ""drinks"", ""cuisines"": [""mediterranean""], ""content_type"": ""food_spot"", ""location"": {""name"": ""Atlanta, Georgia"", ""slug"": null}, ""signals"": {""meal_evidence"": {""embedding_label"": ""snack"", ""embedding_similarity"": 0.38, ""baseline_label"": ""drinks"", ""baseline_confidence"": 0.85, ""override"": false, ""reason"": ""embedding_disagrees_but_baseline_sufficient""}, ""cuisine_evidence"": {""embedding_cuisines"": [""mediterranean""], ""embedding_similarities"": {""mediterranean"": 0.461}, ""baseline_cuisines"": [""mediterranean""], ""newly_detected"": [], ""removed"": [], ""reason"": ""embedding_confirms_baseline""}, ""content_evidence"": {""embedding_label"": ""food_spot"", ""embedding_similarity"": 0.367, ""second_label"": ""mixed"", ""second_similarity"": 0.178, ""margin"": 0.189, ""baseline_label"": ""food_spot"", ""baseline_confidence"": 0.85, ""override"": false, ""reason"": ""weak_embedding_match_keep_baseline""}}, ""metadata"": {""hashtags"": [""atlblog"", ""atleats"", ""bufordhwy"", ""thingstodoinatlanta""], ""mentions"": [""atllovesmo"", ""layalyofficial""], ""refined_from"": ""rules-food-events-v1""}, ""refinement"": {""meal_type_evidence"": {""embedding_label"": ""snack"", ""embedding_similarity"": 0.38, ""baseline_label"": ""drinks"", ""baseline_confidence"": 0.85, ""override"": false, ""reason"": ""embedding_disagrees_but_baseline_sufficient""}, ""cuisine_evidence"": {""embedding_cuisines"": [""mediterranean""], ""embedding_similarities"": {""mediterranean"": 0.461}, ""baseline_cuisines"": [""mediterranean""], ""newly_detected"": [], ""removed"": [], ""reason"": ""embedding_confirms_baseline""}, ""content_type_evidence"": {""embedding_label"": ""food_spot"", ""embedding_similarity"": 0.367, ""second_label"": ""mixed"", ""second_similarity"": 0.178, ""margin"": 0.189, ""baseline_label"": ""food_spot"", ""baseline_confidence"": 0.85, ""override"": false, ""reason"": ""weak_embedding_match_keep_baseline""}, ""needs_review"": false, ""category_adjustment_reason"": ""none""}}",drinks,drinks,food_spot,food_spot,mediterranean,mediterranean,False,none,https://www.instagram.com/p/DGtNO3SyoJV/,,,,TRUE,matched
3770761304626819203,https://www.instagram.com/p/DRUb22fEfCD/,event,0.95,event,0.887,CONFIDENCE_UPDATED,-0.063,"{""meal_type"": ""drinks"", ""cuisines"": [""mexican"", ""italian"", ""japanese""], ""content_type"": ""event"", ""location"": {""name"": ""Atlanta, Georgia"", ""slug"": ""atlanta-georgia""}, ""signals"": {""meal_evidence"": {""dinner"": [""date night""], ""drinks"": [""cocktail"", ""cocktails"", ""margarita"", ""shot""]}, ""cuisine_evidence"": {""mexican"": [""taco"", ""birria""], ""italian"": [""pizza""], ""japanese"": [""ramen""]}, ""content_evidence"": {""event"": [""pop-up""]}}, ""metadata"": {""hashtags"": [""atlblog"", ""atleats""], ""mentions"": [""rrealtacos""], ""likes"": 6704, ""comments"": 95, ""video_views"": 46515}}","{""meal_type"": ""drinks"", ""cuisines"": [""italian"", ""japanese"", ""mexican""], ""content_type"": ""event"", ""location"": {""name"": ""Atlanta, Georgia"", ""slug"": null}, ""signals"": {""meal_evidence"": {""embedding_label"": ""drinks"", ""embedding_similarity"": 0.34, ""baseline_label"": ""drinks"", ""baseline_confidence"": 0.95, ""override"": false, ""reason"": ""embedding_agrees_boost_baseline""}, ""cuisine_evidence"": {""embedding_cuisines"": [], ""embedding_similarities"": {}, ""baseline_cuisines"": [""italian"", ""japanese"", ""mexican""], ""newly_detected"": [], ""removed"": [""italian"", ""japanese"", ""mexican""], ""reason"": ""no_strong_embedding_matches_keep_baseline""}, ""content_evidence"": {""embedding_label"": ""food_spot"", ""embedding_similarity"": 0.397, ""second_label"": ""event"", ""second_similarity"": 0.295, ""margin"": 0.101, ""baseline_label"": ""event"", ""baseline_confidence"": 0.95, ""override"": false, ""reason"": ""weak_embedding_match_keep_baseline""}}, ""metadata"": {""hashtags"": [""atlblog"", ""atleats""], ""mentions"": [""rrealtacos""], ""refined_from"": ""rules-food-events-v1""}, ""refinement"": {""meal_type_evidence"": {""embedding_label"": ""drinks"", ""embedding_similarity"": 0.34, ""baseline_label"": ""drinks"", ""baseline_confidence"": 0.95, ""override"": false, ""reason"": ""embedding_agrees_boost_baseline""}, ""cuisine_evidence"": {""embedding_cuisines"": [], ""embedding_similarities"": {}, ""baseline_cuisines"": [""italian"", ""japanese"", ""mexican""], ""newly_detected"": [], ""removed"": [""italian"", ""japanese"", ""mexican""], ""reason"": ""no_strong_embedding_matches_keep_baseline""}, ""content_type_evidence"": {""embedding_label"": ""food_spot"", ""embedding_similarity"": 0.397, ""second_label"": ""event"", ""second_similarity"": 0.295, ""margin"": 0.101, ""baseline_label"": ""event"", ""baseline_confidence"": 0.95, ""override"": false, ""reason"": ""weak_embedding_match_keep_baseline""}, ""needs_review"": true, ""category_adjustment_reason"": ""none""}}",drinks,drinks,event,event,mexican|italian|japanese,italian|japanese|mexican,True,none,https://www.instagram.com/p/DRUb22fEfCD/,,,,TRUE,matched
3290235281935619124,https://www.instagram.com/p/C2pQ453OtQ0/,drinks,0.85,drinks,0.776,CONFIDENCE_UPDATED,-0.074,"{""meal_type"": ""drinks"", ""cuisines"": [""seafood""], ""content_type"": ""food_spot"", ""location"": {""name"": ""BeetleCat"", ""slug"": ""beetlecat""}, ""signals"": {""meal_evidence"": {""brunch"": [""brunch""], ""lunch"": [""sandwich""], ""dessert"": [""donut""], ""drinks"": [""cocktail"", ""cocktails"", ""bar""]}, ""cuisine_evidence"": {""seafood"": [""lobster""]}, ""content_evidence"": {""food_spot"": [""location_present""]}}, ""metadata"": {""hashtags"": [], ""mentions"": [""atllovesmo"", ""beetlecatatl"", ""inmanpark.""], ""likes"": 5337, ""comments"": 110, ""video_views"": 46099}}","{""meal_type"": ""drinks"", ""cuisines"": [""seafood""], ""content_type"": ""food_spot"", ""location"": {""name"": ""BeetleCat"", ""slug"": null}, ""signals"": {""meal_evidence"": {""embedding_label"": ""snack"", ""embedding_similarity"": 0.364, ""baseline_label"": ""drinks"", ""baseline_confidence"": 0.85, ""override"": false, ""reason"": ""embedding_disagrees_but_baseline_sufficient""}, ""cuisine_evidence"": {""embedding_cuisines"": [], ""embedding_similarities"": {}, ""baseline_cuisines"": [""seafood""], ""newly_detected"": [], ""removed"": [""seafood""], ""reason"": ""no_strong_embedding_matches_keep_baseline""}, ""content_evidence"": {""embedding_label"": ""food_spot"", ""embedding_similarity"": 0.432, ""second_label"": ""mixed"", ""second_similarity"": 0.24, ""margin"": 0.192, ""baseline_label"": ""food_spot"", ""baseline_confidence"": 0.85, ""override"": false, ""reason"": ""embedding_agrees_boost_baseline""}}, ""metadata"": {""hashtags"": [], ""mentions"": [""atllovesmo"", ""beetlecatatl"", ""inmanpark.""], ""refined_from"": ""rules-food-events-v1""}, ""refinement"": {""meal_type_evidence"": {""embedding_label"": ""snack"", ""embedding_similarity"": 0.364, ""baseline_label"": ""drinks"", ""baseline_confidence"": 0.85, ""override"": false, ""reason"": ""embedding_disagrees_but_baseline_sufficient""}, ""cuisine_evidence"": {""embedding_cuisines"": [], ""embedding_similarities"": {}, ""baseline_cuisines"": [""seafood""], ""newly_detected"": [], ""removed"": [""seafood""], ""reason"": ""no_strong_embedding_matches_keep_baseline""}, ""content_type_evidence"": {""embedding_label"": ""food_spot"", ""embedding_similarity"": 0.432, ""second_label"": ""mixed"", ""second_similarity"": 0.24, ""margin"": 0.192, ""baseline_label"": ""food_spot"", ""baseline_confidence"": 0.85, ""override"": false, ""reason"": ""embedding_agrees_boost_baseline""}, ""needs_review"": false, ""category_adjustment_reason"": ""none""}}",drinks,drinks,food_spot,food_spot,seafood,seafood,False,none,https://www.instagram.com/p/C2pQ453OtQ0/,,,,TRUE,matched
3798559431345698644,https://www.instagram.com/p/DS3Ma1bkfdU/,event,0.95,event,0.89,CONFIDENCE_UPDATED,-0.06,"{""meal_type"": ""drinks"", ""cuisines"": [""coffee_cafe""], ""content_type"": ""event"", ""location"": {""name"": ""Atlanta, Georgia"", ""slug"": ""atlanta-georgia""}, ""signals"": {""meal_evidence"": {""dinner"": [""date night""], ""drinks"": [""cocktail"", ""cocktails"", ""bar"", ""drink""]}, ""cuisine_evidence"": {""coffee_cafe"": [""cafe"", ""matcha""]}, ""content_evidence"": {""event"": [""event""]}}, ""metadata"": {""hashtags"": [""atlblog"", ""atldatenight"", ""atleats"", ""thingstodoinatlanta""], ""mentions"": [""atllovesmo"", ""brushatl"", ""chefjasonliang"", ""echoroomatl"", ""hotelgranada_atlanta"", ""luckystaratl"", ""maypeel_atlanta"", ""michelinguide"", ""resy"", ""starmetalsatl"", ""westside_motor_lounge.""], ""likes"": 5810, ""comments"": 90, ""video_views"": 45710}}","{""meal_type"": ""drinks"", ""cuisines"": [""coffee_cafe""], ""content_type"": ""event"", ""location"": {""name"": ""Atlanta, Georgia"", ""slug"": null}, ""signals"": {""meal_evidence"": {""embedding_label"": ""drinks"", ""embedding_similarity"": 0.442, ""baseline_label"": ""drinks"", ""baseline_confidence"": 0.95, ""override"": false, ""reason"": ""embedding_agrees_boost_baseline""}, ""cuisine_evidence"": {""embedding_cuisines"": [], ""embedding_similarities"": {}, ""baseline_cuisines"": [""coffee_cafe""], ""newly_detected"": [], ""removed"": [""coffee_cafe""], ""reason"": ""no_strong_embedding_matches_keep_baseline""}, ""content_evidence"": {""embedding_label"": ""food_spot"", ""embedding_similarity"": 0.458, ""second_label"": ""event"", ""second_similarity"": 0.297, ""margin"": 0.161, ""baseline_label"": ""event"", ""baseline_confidence"": 0.95, ""override"": false, ""reason"": ""embedding_disagrees_but_baseline_acceptable""}}, ""metadata"": {""hashtags"": [""atlblog"", ""atldatenight"", ""atleats"", ""thingstodoinatlanta""], ""mentions"": [""atllovesmo"", ""brushatl"", ""chefjasonliang"", ""echoroomatl"", ""hotelgranada_atlanta"", ""luckystaratl"", ""maypeel_atlanta"", ""michelinguide"", ""resy"", ""starmetalsatl"", ""westside_motor_lounge.""], ""refined_from"": ""rules-food-events-v1""}, ""refinement"": {""meal_type_evidence"": {""embedding_label"": ""drinks"", ""embedding_similarity"": 0.442, ""baseline_label"": ""drinks"", ""baseline_confidence"": 0.95, ""override"": false, ""reason"": ""embedding_agrees_boost_baseline""}, ""cuisine_evidence"": {""embedding_cuisines"": [], ""embedding_similarities"": {}, ""baseline_cuisines"": [""coffee_cafe""], ""newly_detected"": [], ""removed"": [""coffee_cafe""], ""reason"": ""no_strong_embedding_matches_keep_baseline""}, ""content_type_evidence"": {""embedding_label"": ""food_spot"", ""embedding_similarity"": 0.458, ""second_label"": ""event"", ""second_similarity"": 0.297, ""margin"": 0.161, ""baseline_label"": ""event"", ""baseline_confidence"": 0.95, ""override"": false, ""reason"": ""embedding_disagrees_but_baseline_acceptable""}, ""needs_review"": false, ""category_adjustment_reason"": ""none""}}",drinks,drinks,event,event,coffee_cafe,coffee_cafe,False,none,https://www.instagram.com/p/DS3Ma1bkfdU/,,,,TRUE,matched
