post_id,permalink,baseline_category,baseline_confidence,refined_category,refined_confidence,change_type,confidence_delta,baseline_entities,refined_entities,baseline_meal_type,refined_meal_type,baseline_content_type,refined_content_type,baseline_cuisines,refined_cuisines,needs_review,category_adjustment_reason,human_permalink,human_cuisine,human_meal_type,human_content_type,is_hand_labeled,join_status
3248917998831581298,https://www.instagram.com/p/C0WebTYurhy/,event,0.7,event,0.63,CONFIDENCE_UPDATED,-0.07,"{""meal_type"": ""drinks"", ""cuisines"": [""coffee_cafe""], ""content_type"": ""event"", ""location"": {""name"": ""Underground Atlanta"", ""slug"": ""underground-atlanta""}, ""signals"": {""meal_evidence"": {""drinks"": [""bar""]}, ""cuisine_evidence"": {""coffee_cafe"": [""coffee"", ""cafe""]}, ""content_evidence"": {""event"": [""event""]}}, ""metadata"": {""hashtags"": [""atlanta"", ""atlcatcafe"", ""atllounge"", ""atlunderground"", ""thingstodoinatl""], ""mentions"": [""atllovesmo"", ""thefriskywhiskeratl"", ""thefriskywhiskeratl."", ""underground_atlanta""], ""likes"": 122977, ""comments"": 1258, ""video_views"": 740786}}","{""meal_type"": ""drinks"", ""cuisines"": [""coffee_cafe""], ""content_type"": ""event"", ""location"": {""name"": ""Underground Atlanta"", ""slug"": null}, ""signals"": {""meal_evidence"": {""embedding_label"": ""dinner"", ""embedding_similarity"": 0.154, ""baseline_label"": ""drinks"", ""baseline_confidence"": 0.7, ""override"": false, ""reason"": ""weak_embedding_match_keep_baseline""}, ""cuisine_evidence"": {""embedding_cuisines"": [], ""embedding_similarities"": {}, ""baseline_cuisines"": [""coffee_cafe""], ""newly_detected"": [], ""removed"": [""coffee_cafe""], ""reason"": ""no_strong_embedding_matches_keep_baseline""}, ""content_evidence"": {""embedding_label"": ""food_spot"", ""embedding_similarity"": 0.244, ""second_label"": ""mixed"", ""second_similarity"": 0.196, ""margin"": 0.047, ""baseline_label"": ""event"", ""baseline_confidence"": 0.7, ""override"": false, ""reason"": ""weak_embedding_match_keep_baseline""}}, ""metadata"": {""hashtags"": [""atlanta"", ""atlcatcafe"", ""atllounge"", ""atlunderground"", ""thingstodoinatl""], ""mentions"": [""atllovesmo"", ""thefriskywhiskeratl"", ""thefriskywhiskeratl."", ""underground_atlanta""], ""refined_from"": ""rules-food-events-v1""}, ""refinement"": {""meal_type_evidence"": {""embedding_label"": ""dinner"", ""embedding_similarity"": 0.154, ""baseline_label"": ""drinks"", ""baseline_confidence"": 0.7, ""override"": false, ""reason"": ""weak_embedding_match_keep_baseline""}, ""cuisine_evidence"": {""embedding_cuisines"": [], ""embedding_similarities"": {}, ""baseline_cuisines"": [""coffee_cafe""], ""newly_detected"": [], ""removed"": [""coffee_cafe""], ""reason"": ""no_strong_embedding_matches_keep_baseline""}, ""content_type_evidence"": {""embedding_label"": ""food_spot"", ""embedding_similarity"": 0.244, ""second_label"": ""mixed"", ""second_similarity"": 0.196, ""margin"": 0.047, ""baseline_label"": ""event"", ""baseline_confidence"": 0.7, ""override"": false, ""reason"": ""weak_embedding_match_keep_baseline""}, ""needs_review"": true, ""category_adjustment_reason"": ""none""}}",drinks,drinks,event,event,coffee_cafe,coffee_cafe,True,none,https://www.instagram.com/p/C0WebTYurhy/,,drinks,mixed,TRUE,matched
3235182008116223322,https://www.instagram.com/p/CzlrOVJgJ1a/,drinks,0.95,drinks,0.831,CONFIDENCE_UPDATED,-0.119,"{""meal_type"": ""drinks"", ""cuisines"": [], ""content_type"": ""food_spot"", ""location"": {""name"": ""Chido & Padre's"", ""slug"": ""chido-padres""}, ""signals"": {""meal_evidence"": {""drinks"": [""cocktail"", ""cocktails"", ""bar"", ""gin""], ""snack"": [""small bites""]}, ""cuisine_evidence"": {}, ""content_evidence"": {""food_spot"": [""location_present""]}}, ""metadata"": {""hashtags"": [""atlanta"", ""atlchristmas"", ""atleats"", ""hosted""], ""mentions"": [""atllovesmo"", ""chidoandpadres"", ""theblindpigparlourbar""], ""likes"": 34855, ""comments"": 204, ""video_views"": 469103}}","{""meal_type"": ""drinks"", ""cuisines"": [], ""content_type"": ""food_spot"", ""location"": {""name"": ""Chido & Padre's"", ""slug"": null}, ""signals"": {""meal_evidence"": {""embedding_label"": ""snack"", ""embedding_similarity"": 0.302, ""baseline_label"": ""drinks"", ""baseline_confidence"": 0.95, ""override"": false, ""reason"": ""embedding_disagrees_but_baseline_sufficient""}, ""cuisine_evidence"": {""embedding_cuisines"": [], ""embedding_similarities"": {}, ""baseline_cuisines"": [], ""newly_detected"": [], ""removed"": [], ""reason"": ""no_strong_embedding_matches_keep_baseline""}, ""content_evidence"": {""embedding_label"": ""food_spot"", ""embedding_similarity"": 0.235, ""second_label"": ""event"", ""second_similarity"": 0.228, ""margin"": 0.007, ""baseline_label"": ""food_spot"", ""baseline_confidence"": 0.95, ""override"": false, ""reason"": ""weak_embedding_match_keep_baseline""}}, ""metadata"": {""hashtags"": [""atlanta"", ""atlchristmas"", ""atleats"", ""hosted""], ""mentions"": [""atllovesmo"", ""chidoandpadres"", ""theblindpigparlourbar""], ""refined_from"": ""rules-food-events-v1""}, ""refinement"": {""meal_type_evidence"": {""embedding_label"": ""snack"", ""embedding_similarity"": 0.302, ""baseline_label"": ""drinks"", ""baseline_confidence"": 0.95, ""override"": false, ""reason"": ""embedding_disagrees_but_baseline_sufficient""}, ""cuisine_evidence"": {""embedding_cuisines"": [], ""embedding_similarities"": {}, ""baseline_cuisines"": [], ""newly_detected"": [], ""removed"": [], ""reason"": ""no_strong_embedding_matches_keep_baseline""}, ""content_type_evidence"": {""embedding_label"": ""food_spot"", ""embedding_similarity"": 0.235, ""second_label"": ""event"", ""second_similarity"": 0.228, ""margin"": 0.007, ""baseline_label"": ""food_spot"", ""baseline_confidence"": 0.95, ""override"": false, ""reason"": ""weak_embedding_match_keep_baseline""}, ""needs_review"": false, ""category_adjustment_reason"": ""none""}}",drinks,drinks,food_spot,food_spot,,,False,none,https://www.instagram.com/p/CzlrOVJgJ1a/,,drinks,mixed,TRUE,matched
3222102468103602375,https://www.instagram.com/p/Cy3NR-ROYDH/,drinks,0.7,drinks,0.613,CONFIDENCE_UPDATED,-0.087,"{""meal_type"": ""drinks"", ""cuisines"": [""italian""], ""content_type"": ""food_spot"", ""location"": {""name"": ""Pielands Sub & Slice"", ""slug"": ""pielands-sub-slice""}, ""signals"": {""meal_evidence"": {""drinks"": [""gin""]}, ""cuisine_evidence"": {""italian"": [""pizza""]}, ""content_evidence"": {""food_spot"": [""location_present""]}}, ""metadata"": {""hashtags"": [""atlantapizza"", ""atleats"", ""atlfoodie"", ""pielands"", ""pielandsatl"", ""virginiahighland""], ""mentions"": [""atllovesmo"", ""pielandspizza"", ""sayimafoodie"", ""virginiahighlanddistrict""], ""likes"": 46228, ""comments"": 468, ""video_views"": 445021}}","{""meal_type"": ""drinks"", ""cuisines"": [""italian""], ""content_type"": ""food_spot"", ""location"": {""name"": ""Pielands Sub & Slice"", ""slug"": null}, ""signals"": {""meal_evidence"": {""embedding_label"": ""snack"", ""embedding_similarity"": 0.304, ""baseline_label"": ""drinks"", ""baseline_confidence"": 0.7, ""override"": false, ""reason"": ""embedding_disagrees_but_baseline_sufficient""}, ""cuisine_evidence"": {""embedding_cuisines"": [], ""embedding_similarities"": {}, ""baseline_cuisines"": [""italian""], ""newly_detected"": [], ""removed"": [""italian""], ""reason"": ""no_strong_embedding_matches_keep_baseline""}, ""content_evidence"": {""embedding_label"": ""food_spot"", ""embedding_similarity"": 0.354, ""second_label"": ""event"", ""second_similarity"": 0.102, ""margin"": 0.252, ""baseline_label"": ""food_spot"", ""baseline_confidence"": 0.7, ""override"": false, ""reason"": ""weak_embedding_match_keep_baseline""}}, ""metadata"": {""hashtags"": [""atlantapizza"", ""atleats"", ""atlfoodie"", ""pielands"", ""pielandsatl"", ""virginiahighland""], ""mentions"": [""atllovesmo"", ""pielandspizza"", ""sayimafoodie"", ""virginiahighlanddistrict""], ""refined_from"": ""rules-food-events-v1""}, ""refinement"": {""meal_type_evidence"": {""embedding_label"": ""snack"", ""embedding_similarity"": 0.304, ""baseline_label"": ""drinks"", ""baseline_confidence"": 0.7, ""override"": false, ""reason"": ""embedding_disagrees_but_baseline_sufficient""}, ""cuisine_evidence"": {""embedding_cuisines"": [], ""embedding_similarities"": {}, ""baseline_cuisines"": [""italian""], ""newly_detected"": [], ""removed"": [""italian""], ""reason"": ""no_strong_embedding_matches_keep_baseline""}, ""content_type_evidence"": {""embedding_label"": ""food_spot"", ""embedding_similarity"": 0.354, ""second_label"": ""event"", ""second_similarity"": 0.102, ""margin"": 0.252, ""baseline_label"": ""food_spot"", ""baseline_confidence"": 0.7, ""override"": false, ""reason"": ""weak_embedding_match_keep_baseline""}, ""needs_review"": false, ""category_adjustment_reason"": ""none""}}",drinks,drinks,food_spot,food_spot,italian,italian,False,none,https://www.instagram.com/p/Cy3NR-ROYDH/,italian,all_day,food_spot,TRUE,matched
3515204314861577664,https://www.instagram.com/p/DDIg7M0PqXA/,event,0.95,event,0.831,CONFIDENCE_UPDATED,-0.119,"{""meal_type"": ""drinks"", ""cuisines"": [""italian"", ""japanese"", ""seafood""], ""content_type"": ""event"", ""location"": {""name"": ""Atlanta, Georgia"", ""slug"": ""atlanta-georgia""}, ""signals"": {""meal_evidence"": {""dinner"": [""date night""], ""drinks"": [""cocktail"", ""cocktails"", ""bar"", ""drink"", ""drinks"", ""gin""]}, ""cuisine_evidence"": {""italian"": [""pasta""], ""japanese"": [""omakase""], ""seafood"": [""seafood""]}, ""content_evidence"": {""event"": [""live music""]}}, ""metadata"": {""hashtags"": [""atlblog"", ""atleats"", ""atlfoodie"", ""thingstodoinatlanta""], ""mentions"": [""atllovesmo"", ""forthatlanta"", ""ilpremioatlanta"", ""resy."", ""tigersunatl"", ""twourbanlicks""], ""likes"": 63486, ""comments"": 261, ""video_views"": 339786}}","{""meal_type"": ""drinks"", ""cuisines"": [""mexican""], ""content_type"": ""event"", ""location"": {""name"": ""Atlanta, Georgia"", ""slug"": null}, ""signals"": {""meal_evidence"": {""embedding_label"": ""snack"", ""embedding_similarity"": 0.426, ""baseline_label"": ""drinks"", ""baseline_confidence"": 0.95, ""override"": false, ""reason"": ""embedding_disagrees_but_baseline_sufficient""}, ""cuisine_evidence"": {""embedding_cuisines"": [""mexican""], ""embedding_similarities"": {""mexican"": 0.416}, ""baseline_cuisines"": [""italian"", ""japanese"", ""seafood""], ""newly_detected"": [""mexican""], ""removed"": [""italian"", ""japanese"", ""seafood""], ""reason"": ""embedding_refined_cuisine_list""}, ""content_evidence"": {""embedding_label"": ""food_spot"", ""embedding_similarity"": 0.494, ""second_label"": ""mixed"", ""second_similarity"": 0.272, ""margin"": 0.222, ""baseline_label"": ""event"", ""baseline_confidence"": 0.95, ""override"": false, ""reason"": ""embedding_disagrees_but_baseline_acceptable""}}, ""metadata"": {""hashtags"": [""atlblog"", ""atleats"", ""atlfoodie"", ""thingstodoinatlanta""], ""mentions"": [""atllovesmo"", ""forthatlanta"", ""ilpremioatlanta"", ""resy."", ""tigersunatl"", ""twourbanlicks""], ""refined_from"": ""rules-food-events-v1""}, ""refinement"": {""meal_type_evidence"": {""embedding_label"": ""snack"", ""embedding_similarity"": 0.426, ""baseline_label"": ""drinks"", ""baseline_confidence"": 0.95, ""override"": false, ""reason"": ""embedding_disagrees_but_baseline_sufficient""}, ""cuisine_evidence"": {""embedding_cuisines"": [""mexican""], ""embedding_similarities"": {""mexican"": 0.416}, ""baseline_cuisines"": [""italian"", ""japanese"", ""seafood""], ""newly_detected"": [""mexican""], ""removed"": [""italian"", ""japanese"", ""seafood""], ""reason"": ""embedding_refined_cuisine_list""}, ""content_type_evidence"": {""embedding_label"": ""food_spot"", ""embedding_similarity"": 0.494, ""second_label"": ""mixed"", ""second_similarity"": 0.272, ""margin"": 0.222, ""baseline_label"": ""event"", ""baseline_confidence"": 0.95, ""override"": false, ""reason"": ""embedding_disagrees_but_baseline_acceptable""}, ""needs_review"": false, ""category_adjustment_reason"": ""none""}}",drinks,drinks,event,event,italian|japanese|seafood,mexican,False,none,https://www.instagram.com/p/DDIg7M0PqXA/,american,dinner,food_spot,TRUE,matched
3208403754369499955,https://www.instagram.com/p/CyGijc7OUMz/,event,0.85,event,0.765,CONFIDENCE_UPDATED,-0.085,"{""meal_type"": ""drinks"", ""cuisines"": [], ""content_type"": ""event"", ""location"": {""name"": ""Underground Atlanta"", ""slug"": ""underground-atlanta""}, ""signals"": {""meal_evidence"": {""drinks"": [""bar"", ""drink"", ""drinks""]}, ""cuisine_evidence"": {}, ""content_evidence"": {""event"": [""popup""]}}, ""metadata"": {""hashtags"": [""atlantapopup"", ""atldrinks"", ""atleats"", ""thingstodoinatlanta""], ""mentions"": [""atlhauntedunderground"", ""atllovesmo"", ""underground_atlanta""], ""likes"": 38686, ""comments"": 326, ""video_views"": 337131}}","{""meal_type"": ""drinks"", ""cuisines"": [], ""content_type"": ""event"", ""location"": {""name"": ""Underground Atlanta"", ""slug"": null}, ""signals"": {""meal_evidence"": {""embedding_label"": ""drinks"", ""embedding_similarity"": 0.215, ""baseline_label"": ""drinks"", ""baseline_confidence"": 0.85, ""override"": false, ""reason"": ""weak_embedding_match_keep_baseline""}, ""cuisine_evidence"": {""embedding_cuisines"": [], ""embedding_similarities"": {}, ""baseline_cuisines"": [], ""newly_detected"": [], ""removed"": [], ""reason"": ""no_strong_embedding_matches_keep_baseline""}, ""content_evidence"": {""embedding_label"": ""activity"", ""embedding_similarity"": 0.328, ""second_label"": ""event"", ""second_similarity"": 0.292, ""margin"": 0.036, ""baseline_label"": ""event"", ""baseline_confidence"": 0.85, ""override"": false, ""reason"": ""weak_embedding_match_keep_baseline""}}, ""metadata"": {""hashtags"": [""atlantapopup"", ""atldrinks"", ""atleats"", ""thingstodoinatlanta""], ""mentions"": [""atlhauntedunderground"", ""atllovesmo"", ""underground_atlanta""], ""refined_from"": ""rules-food-events-v1""}, ""refinement"": {""meal_type_evidence"": {""embedding_label"": ""drinks"", ""embedding_similarity"": 0.215, ""baseline_label"": ""drinks"", ""baseline_confidence"": 0.85, ""override"": false, ""reason"": ""weak_embedding_match_keep_baseline""}, ""cuisine_evidence"": {""embedding_cuisines"": [], ""embedding_similarities"": {}, ""baseline_cuisines"": [], ""newly_detected"": [], ""removed"": [], ""reason"": ""no_strong_embedding_matches_keep_baseline""}, ""content_type_evidence"": {""embedding_label"": ""activity"", ""embedding_similarity"": 0.328, ""second_label"": ""event"", ""second_similarity"": 0.292, ""margin"": 0.036, ""baseline_label"": ""event"", ""baseline_confidence"": 0.85, ""override"": false, ""reason"": ""weak_embedding_match_keep_baseline""}, ""needs_review"": true, ""category_adjustment_reason"": ""none""}}",drinks,drinks,event,event,,,True,none,https://www.instagram.com/p/CyGijc7OUMz/,,drinks,event,TRUE,matched
3325791131734472803,https://www.instagram.com/p/C4nlWncLXhj/,event,0.85,event,0.744,CONFIDENCE_UPDATED,-0.106,"{""meal_type"": ""drinks"", ""cuisines"": [], ""content_type"": ""event"", ""location"": {""name"": ""Pullman Rail Yard"", ""slug"": ""pullman-rail-yard""}, ""signals"": {""meal_evidence"": {""drinks"": [""cocktail"", ""drink"", ""drinks""], ""snack"": [""snack""]}, ""cuisine_evidence"": {}, ""content_evidence"": {""event"": [""event"", ""market""]}}, ""metadata"": {""hashtags"": [""atlantafood"", ""atleats"", ""atlfoodie"", ""atlmarket""], ""mentions"": [""abuelitasflans"", ""atllovesmo"", ""bakesbycr.ena"", ""bandoverdeatl"", ""blameitonthealcohall"", ""chefsmarketatl"", ""chispas.snacks.atl"", ""nobichaatl"", ""omigaitsbowlshi"", ""peckish_atl"", ""prattpullmandistrict"", ""senpainoodlesupply"", ""slaythegluten"", ""thesweetstopcart"", ""wethreegirlsgranola""], ""likes"": 49017, ""comments"": 381, ""video_views"": 329551}}","{""meal_type"": ""drinks"", ""cuisines"": [], ""content_type"": ""event"", ""location"": {""name"": ""Pullman Rail Yard"", ""slug"": null}, ""signals"": {""meal_evidence"": {""embedding_label"": ""snack"", ""embedding_similarity"": 0.468, ""baseline_label"": ""drinks"", ""baseline_confidence"": 0.85, ""override"": false, ""reason"": ""embedding_disagrees_but_baseline_sufficient""}, ""cuisine_evidence"": {""embedding_cuisines"": [], ""embedding_similarities"": {}, ""baseline_cuisines"": [], ""newly_detected"": [], ""removed"": [], ""reason"": ""no_strong_embedding_matches_keep_baseline""}, ""content_evidence"": {""embedding_label"": ""food_spot"", ""embedding_similarity"": 0.446, ""second_label"": ""event"", ""second_similarity"": 0.309, ""margin"": 0.137, ""baseline_label"": ""event"", ""baseline_confidence"": 0.85, ""override"": false, ""reason"": ""embedding_disagrees_but_baseline_acceptable""}}, ""metadata"": {""hashtags"": [""atlantafood"", ""atleats"", ""atlfoodie"", ""atlmarket""], ""mentions"": [""abuelitasflans"", ""atllovesmo"", ""bakesbycr.ena"", ""bandoverdeatl"", ""blameitonthealcohall"", ""chefsmarketatl"", ""chispas.snacks.atl"", ""nobichaatl"", ""omigaitsbowlshi"", ""peckish_atl"", ""prattpullmandistrict"", ""senpainoodlesupply"", ""slaythegluten"", ""thesweetstopcart"", ""wethreegirlsgranola""], ""refined_from"": ""rules-food-events-v1""}, ""refinement"": {""meal_type_evidence"": {""embedding_label"": ""snack"", ""embedding_similarity"": 0.468, ""baseline_label"": ""drinks"", ""baseline_confidence"": 0.85, ""override"": false, ""reason"": ""embedding_disagrees_but_baseline_sufficient""}, ""cuisine_evidence"": {""embedding_cuisines"": [], ""embedding_similarities"": {}, ""baseline_cuisines"": [], ""newly_detected"": [], ""removed"": [], ""reason"": ""no_strong_embedding_matches_keep_baseline""}, ""content_type_evidence"": {""embedding_label"": ""food_spot"", ""embedding_similarity"": 0.446, ""second_label"": ""event"", ""second_similarity"": 0.309, ""margin"": 0.137, ""baseline_label"": ""event"", ""baseline_confidence"": 0.85, ""override"": false, ""reason"": ""embedding_disagrees_but_baseline_acceptable""}, ""needs_review"": false, ""category_adjustment_reason"": ""none""}}",drinks,drinks,event,event,,,False,none,https://www.instagram.com/p/C4nlWncLXhj/,,unknown,event,TRUE,matched
3304773946065312881,https://www.instagram.com/p/C3c6mT-MFxx/,dinner,0.7,dinner,0.63,CONFIDENCE_UPDATED,-0.07,"{""meal_type"": ""dinner"", ""cuisines"": [], ""content_type"": ""food_spot"", ""location"": {""name"": ""The Pullman Yard"", ""slug"": ""the-pullman-yard""}, ""signals"": {""meal_evidence"": {""dinner"": [""date night""]}, ""cuisine_evidence"": {}, ""content_evidence"": {""food_spot"": [""location_present""]}}, ""metadata"": {""hashtags"": [""atlblog"", ""atldatenight"", ""balloonmuseum"", ""thingstodoinatlanta""], ""mentions"": [""atllovesmo"", ""balloon_museum"", ""prattpullmandistrict.""], ""likes"": 89425, ""comments"": 360, ""video_views"": 315524}}","{""meal_type"": ""dinner"", ""cuisines"": [], ""content_type"": ""food_spot"", ""location"": {""name"": ""The Pullman Yard"", ""slug"": null}, ""signals"": {""meal_evidence"": {""embedding_label"": ""dessert"", ""embedding_similarity"": 0.143, ""baseline_label"": ""dinner"", ""baseline_confidence"": 0.7, ""override"": false, ""reason"": ""weak_embedding_match_keep_baseline""}, ""cuisine_evidence"": {""embedding_cuisines"": [], ""embedding_similarities"": {}, ""baseline_cuisines"": [], ""newly_detected"": [], ""removed"": [], ""reason"": ""no_strong_embedding_matches_keep_baseline""}, ""content_evidence"": {""embedding_label"": ""activity"", ""embedding_similarity"": 0.42, ""second_label"": ""event"", ""second_similarity"": 0.309, ""margin"": 0.111, ""baseline_label"": ""food_spot"", ""baseline_confidence"": 0.7, ""override"": false, ""reason"": ""embedding_disagrees_but_baseline_acceptable""}}, ""metadata"": {""hashtags"": [""atlblog"", ""atldatenight"", ""balloonmuseum"", ""thingstodoinatlanta""], ""mentions"": [""atllovesmo"", ""balloon_museum"", ""prattpullmandistrict.""], ""refined_from"": ""rules-food-events-v1""}, ""refinement"": {""meal_type_evidence"": {""embedding_label"": ""dessert"", ""embedding_similarity"": 0.143, ""baseline_label"": ""dinner"", ""baseline_confidence"": 0.7, ""override"": false, ""reason"": ""weak_embedding_match_keep_baseline""}, ""cuisine_evidence"": {""embedding_cuisines"": [], ""embedding_similarities"": {}, ""baseline_cuisines"": [], ""newly_detected"": [], ""removed"": [], ""reason"": ""no_strong_embedding_matches_keep_baseline""}, ""content_type_evidence"": {""embedding_label"": ""activity"", ""embedding_similarity"": 0.42, ""second_label"": ""event"", ""second_similarity"": 0.309, ""margin"": 0.111, ""baseline_label"": ""food_spot"", ""baseline_confidence"": 0.7, ""override"": false, ""reason"": ""embedding_disagrees_but_baseline_acceptable""}, ""needs_review"": false, ""category_adjustment_reason"": ""none""}}",dinner,dinner,food_spot,food_spot,,,False,none,https://www.instagram.com/p/C3c6mT-MFxx/,,unknown,event,TRUE,matched
3317051010474361880,https://www.instagram.com/p/C4IiFHNLMQY/,drinks,0.85,drinks,0.744,CONFIDENCE_UPDATED,-0.106,"{""meal_type"": ""drinks"", ""cuisines"": [""chinese"", ""indian"", ""coffee_cafe""], ""content_type"": ""food_spot"", ""location"": {""name"": ""Nathu’s Sweets Decatur"", ""slug"": ""nathus-sweets-decatur""}, ""signals"": {""meal_evidence"": {""dessert"": [""dessert""], ""drinks"": [""drink"", ""drinks"", ""gin""], ""snack"": [""street food""]}, ""cuisine_evidence"": {""chinese"": [""chinese""], ""indian"": [""indian"", ""naan""], ""coffee_cafe"": [""latte""]}, ""content_evidence"": {""food_spot"": [""location_present""]}}, ""metadata"": {""hashtags"": [""atlantaeats"", ""atlantaindianrestaurants"", ""atlblog"", ""atlfoodie"", ""atlvegeterianrestaurants"", ""nathusweets""], ""mentions"": [""atllovesmo"", ""nathusweetsdecatur"", ""wearezenshi""], ""likes"": 32002, ""comments"": 260, ""video_views"": 315053}}","{""meal_type"": ""drinks"", ""cuisines"": [""american""], ""content_type"": ""food_spot"", ""location"": {""name"": ""Nathu’s Sweets Decatur"", ""slug"": null}, ""signals"": {""meal_evidence"": {""embedding_label"": ""dinner"", ""embedding_similarity"": 0.361, ""baseline_label"": ""drinks"", ""baseline_confidence"": 0.85, ""override"": false, ""reason"": ""embedding_disagrees_but_baseline_sufficient""}, ""cuisine_evidence"": {""embedding_cuisines"": [""american""], ""embedding_similarities"": {""american"": 0.433}, ""baseline_cuisines"": [""chinese"", ""coffee_cafe"", ""indian""], ""newly_detected"": [""american""], ""removed"": [""chinese"", ""coffee_cafe"", ""indian""], ""reason"": ""embedding_refined_cuisine_list""}, ""content_evidence"": {""embedding_label"": ""food_spot"", ""embedding_similarity"": 0.317, ""second_label"": ""mixed"", ""second_similarity"": 0.23, ""margin"": 0.087, ""baseline_label"": ""food_spot"", ""baseline_confidence"": 0.85, ""override"": false, ""reason"": ""weak_embedding_match_keep_baseline""}}, ""metadata"": {""hashtags"": [""atlantaeats"", ""atlantaindianrestaurants"", ""atlblog"", ""atlfoodie"", ""atlvegeterianrestaurants"", ""nathusweets""], ""mentions"": [""atllovesmo"", ""nathusweetsdecatur"", ""wearezenshi""], ""refined_from"": ""rules-food-events-v1""}, ""refinement"": {""meal_type_evidence"": {""embedding_label"": ""dinner"", ""embedding_similarity"": 0.361, ""baseline_label"": ""drinks"", ""baseline_confidence"": 0.85, ""override"": false, ""reason"": ""embedding_disagrees_but_baseline_sufficient""}, ""cuisine_evidence"": {""embedding_cuisines"": [""american""], ""embedding_similarities"": {""american"": 0.433}, ""baseline_cuisines"": [""chinese"", ""coffee_cafe"", ""indian""], ""newly_detected"": [""american""], ""removed"": [""chinese"", ""coffee_cafe"", ""indian""], ""reason"": ""embedding_refined_cuisine_list""}, ""content_type_evidence"": {""embedding_label"": ""food_spot"", ""embedding_similarity"": 0.317, ""second_label"": ""mixed"", ""second_similarity"": 0.23, ""margin"": 0.087, ""baseline_label"": ""food_spot"", ""baseline_confidence"": 0.85, ""override"": false, ""reason"": ""weak_embedding_match_keep_baseline""}, ""needs_review"": false, ""category_adjustment_reason"": ""none""}}",drinks,drinks,food_spot,food_spot,chinese|indian|coffee_cafe,american,False,none,https://www.instagram.com/p/C4IiFHNLMQY/,indian,all_day,food_spot,TRUE,matched
3170602262639729469,https://www.instagram.com/p/CwAPfWUsNs9/,event,0.75,event,0.656,CONFIDENCE_UPDATED,-0.094,"{""meal_type"": ""drinks"", ""cuisines"": [""japanese""], ""content_type"": ""event"", ""location"": {""name"": ""Sandy Springs, Georgia"", ""slug"": ""sandy-springs-georgia""}, ""signals"": {""meal_evidence"": {""drinks"": [""drink"", ""drinks""]}, ""cuisine_evidence"": {""japanese"": [""ramen""]}, ""content_evidence"": {""event"": [""limited time""]}}, ""metadata"": {""hashtags"": [""atlantafood"", ""atlfood"", ""atlfoodie"", ""atlramen"", ""hosted"", ""sandyspringsga""], ""mentions"": [""atllovesmo"", ""kyuramen.official""], ""likes"": 51941, ""comments"": 255, ""video_views"": 314396}}","{""meal_type"": ""drinks"", ""cuisines"": [""japanese""], ""content_type"": ""event"", ""location"": {""name"": ""Sandy Springs, Georgia"", ""slug"": null}, ""signals"": {""meal_evidence"": {""embedding_label"": ""snack"", ""embedding_similarity"": 0.397, ""baseline_label"": ""drinks"", ""baseline_confidence"": 0.75, ""override"": false, ""reason"": ""embedding_disagrees_but_baseline_sufficient""}, ""cuisine_evidence"": {""embedding_cuisines"": [], ""embedding_similarities"": {}, ""baseline_cuisines"": [""japanese""], ""newly_detected"": [], ""removed"": [""japanese""], ""reason"": ""no_strong_embedding_matches_keep_baseline""}, ""content_evidence"": {""embedding_label"": ""food_spot"", ""embedding_similarity"": 0.347, ""second_label"": ""mixed"", ""second_similarity"": 0.272, ""margin"": 0.075, ""baseline_label"": ""event"", ""baseline_confidence"": 0.75, ""override"": false, ""reason"": ""weak_embedding_match_keep_baseline""}}, ""metadata"": {""hashtags"": [""atlantafood"", ""atlfood"", ""atlfoodie"", ""atlramen"", ""hosted"", ""sandyspringsga""], ""mentions"": [""atllovesmo"", ""kyuramen.official""], ""refined_from"": ""rules-food-events-v1""}, ""refinement"": {""meal_type_evidence"": {""embedding_label"": ""snack"", ""embedding_similarity"": 0.397, ""baseline_label"": ""drinks"", ""baseline_confidence"": 0.75, ""override"": false, ""reason"": ""embedding_disagrees_but_baseline_sufficient""}, ""cuisine_evidence"": {""embedding_cuisines"": [], ""embedding_similarities"": {}, ""baseline_cuisines"": [""japanese""], ""newly_detected"": [], ""removed"": [""japanese""], ""reason"": ""no_strong_embedding_matches_keep_baseline""}, ""content_type_evidence"": {""embedding_label"": ""food_spot"", ""embedding_similarity"": 0.347, ""second_label"": ""mixed"", ""second_similarity"": 0.272, ""margin"": 0.075, ""baseline_label"": ""event"", ""baseline_confidence"": 0.75, ""override"": false, ""reason"": ""weak_embedding_match_keep_baseline""}, ""needs_review"": true, ""category_adjustment_reason"": ""none""}}",drinks,drinks,event,event,japanese,japanese,True,none,https://www.instagram.com/p/CwAPfWUsNs9/,japanese,dinner,food_spot,TRUE,matched
3452617631616910965,https://www.instagram.com/p/C_qKXF1xsZ1/,event,0.85,event,0.765,CONFIDENCE_UPDATED,-0.085,"{""meal_type"": ""drinks"", ""cuisines"": [], ""content_type"": ""event"", ""location"": {""name"": ""Atlanta, Georgia"", ""slug"": ""atlanta-georgia""}, ""signals"": {""meal_evidence"": {""dinner"": [""date night""], ""drinks"": [""bar"", ""drink"", ""drinks""]}, ""cuisine_evidence"": {}, ""content_evidence"": {""event"": [""ticket""]}}, ""metadata"": {""hashtags"": [""atlblog"", ""atldatenight"", ""atlhalloween"", ""thingstodoinatlanta""], ""mentions"": [""atllovesmo"", ""hauntedundergroundatl"", ""underground_atlanta""], ""likes"": 42975, ""comments"": 322, ""video_views"": 313247}}","{""meal_type"": ""drinks"", ""cuisines"": [], ""content_type"": ""event"", ""location"": {""name"": ""Atlanta, Georgia"", ""slug"": null}, ""signals"": {""meal_evidence"": {""embedding_label"": ""drinks"", ""embedding_similarity"": 0.264, ""baseline_label"": ""drinks"", ""baseline_confidence"": 0.85, ""override"": false, ""reason"": ""weak_embedding_match_keep_baseline""}, ""cuisine_evidence"": {""embedding_cuisines"": [], ""embedding_similarities"": {}, ""baseline_cuisines"": [], ""newly_detected"": [], ""removed"": [], ""reason"": ""no_strong_embedding_matches_keep_baseline""}, ""content_evidence"": {""embedding_label"": ""activity"", ""embedding_similarity"": 0.317, ""second_label"": ""event"", ""second_similarity"": 0.303, ""margin"": 0.014, ""baseline_label"": ""event"", ""baseline_confidence"": 0.85, ""override"": false, ""reason"": ""weak_embedding_match_keep_baseline""}}, ""metadata"": {""hashtags"": [""atlblog"", ""atldatenight"", ""atlhalloween"", ""thingstodoinatlanta""], ""mentions"": [""atllovesmo"", ""hauntedundergroundatl"", ""underground_atlanta""], ""refined_from"": ""rules-food-events-v1""}, ""refinement"": {""meal_type_evidence"": {""embedding_label"": ""drinks"", ""embedding_similarity"": 0.264, ""baseline_label"": ""drinks"", ""baseline_confidence"": 0.85, ""override"": false, ""reason"": ""weak_embedding_match_keep_baseline""}, ""cuisine_evidence"": {""embedding_cuisines"": [], ""embedding_similarities"": {}, ""baseline_cuisines"": [], ""newly_detected"": [], ""removed"": [], ""reason"": ""no_strong_embedding_matches_keep_baseline""}, ""content_type_evidence"": {""embedding_label"": ""activity"", ""embedding_similarity"": 0.317, ""second_label"": ""event"", ""second_similarity"": 0.303, ""margin"": 0.014, ""baseline_label"": ""event"", ""baseline_confidence"": 0.85, ""override"": false, ""reason"": ""weak_embedding_match_keep_baseline""}, ""needs_review"": true, ""category_adjustment_reason"": ""none""}}",drinks,drinks,event,event,,,True,none,https://www.instagram.com/p/C_qKXF1xsZ1/,,drinks,event,TRUE,matched
3272116487350388346,https://www.instagram.com/p/C1o5JvcOAZ6/,event,0.95,event,0.888,CONFIDENCE_UPDATED,-0.062,"{""meal_type"": ""drinks"", ""cuisines"": [], ""content_type"": ""event"", ""location"": {""name"": ""Atlanta, Georgia"", ""slug"": ""atlanta-georgia""}, ""signals"": {""meal_evidence"": {""drinks"": [""beer"", ""drink"", ""drinks"", ""tequila""]}, ""cuisine_evidence"": {}, ""content_evidence"": {""event"": [""event""]}}, ""metadata"": {""hashtags"": [""atlanta"", ""atldatenight"", ""atldrinks"", ""atlfoodie""], ""mentions"": [""atllovesmo"", ""blameitonthealcohall"", ""desertdoor."", ""fever_us"", ""prattpullmandistrict"", ""theempirestripsback"", ""wickedweedbrewing""], ""likes"": 49103, ""comments"": 154, ""video_views"": 286307}}","{""meal_type"": ""drinks"", ""cuisines"": [], ""content_type"": ""event"", ""location"": {""name"": ""Atlanta, Georgia"", ""slug"": null}, ""signals"": {""meal_evidence"": {""embedding_label"": ""drinks"", ""embedding_similarity"": 0.371, ""baseline_label"": ""drinks"", ""baseline_confidence"": 0.95, ""override"": false, ""reason"": ""embedding_agrees_boost_baseline""}, ""cuisine_evidence"": {""embedding_cuisines"": [], ""embedding_similarities"": {}, ""baseline_cuisines"": [], ""newly_detected"": [], ""removed"": [], ""reason"": ""no_strong_embedding_matches_keep_baseline""}, ""content_evidence"": {""embedding_label"": ""food_spot"", ""embedding_similarity"": 0.425, ""second_label"": ""activity"", ""second_similarity"": 0.379, ""margin"": 0.047, ""baseline_label"": ""event"", ""baseline_confidence"": 0.95, ""override"": false, ""reason"": ""embedding_disagrees_but_baseline_acceptable""}}, ""metadata"": {""hashtags"": [""atlanta"", ""atldatenight"", ""atldrinks"", ""atlfoodie""], ""mentions"": [""atllovesmo"", ""blameitonthealcohall"", ""desertdoor."", ""fever_us"", ""prattpullmandistrict"", ""theempirestripsback"", ""wickedweedbrewing""], ""refined_from"": ""rules-food-events-v1""}, ""refinement"": {""meal_type_evidence"": {""embedding_label"": ""drinks"", ""embedding_similarity"": 0.371, ""baseline_label"": ""drinks"", ""baseline_confidence"": 0.95, ""override"": false, ""reason"": ""embedding_agrees_boost_baseline""}, ""cuisine_evidence"": {""embedding_cuisines"": [], ""embedding_similarities"": {}, ""baseline_cuisines"": [], ""newly_detected"": [], ""removed"": [], ""reason"": ""no_strong_embedding_matches_keep_baseline""}, ""content_type_evidence"": {""embedding_label"": ""food_spot"", ""embedding_similarity"": 0.425, ""second_label"": ""activity"", ""second_similarity"": 0.379, ""margin"": 0.047, ""baseline_label"": ""event"", ""baseline_confidence"": 0.95, ""override"": false, ""reason"": ""embedding_disagrees_but_baseline_acceptable""}, ""needs_review"": false, ""category_adjustment_reason"": ""none""}}",drinks,drinks,event,event,,,False,none,https://www.instagram.com/p/C1o5JvcOAZ6/,,drinks,mixed,TRUE,matched
3385152091680342742,https://www.instagram.com/p/C76eeRfRwLW/,event,0.85,event,0.744,CONFIDENCE_UPDATED,-0.106,"{""meal_type"": ""drinks"", ""cuisines"": [""japanese"", ""korean"", ""bbq""], ""content_type"": ""event"", ""location"": {""name"": ""Atlanta, Georgia"", ""slug"": ""atlanta-georgia""}, ""signals"": {""meal_evidence"": {""dinner"": [""dinner""], ""dessert"": [""ice cream""], ""drinks"": [""bar"", ""drink"", ""drinks""]}, ""cuisine_evidence"": {""japanese"": [""ramen""], ""korean"": [""korean"", ""kimchi"", ""kbbq""], ""bbq"": [""bbq"", ""barbecue""]}, ""content_evidence"": {""event"": [""grand opening""]}}, ""metadata"": {""hashtags"": [""atlantafoodie"", ""atleats"", ""atlfood"", ""atlkoreanbbq""], ""mentions"": [""atllovesmo"", ""chowwonalpharetta""], ""likes"": 22366, ""comments"": 724, ""video_views"": 281936}}","{""meal_type"": ""drinks"", ""cuisines"": [""american"", ""korean""], ""content_type"": ""event"", ""location"": {""name"": ""Atlanta, Georgia"", ""slug"": null}, ""signals"": {""meal_evidence"": {""embedding_label"": ""snack"", ""embedding_similarity"": 0.412, ""baseline_label"": ""drinks"", ""baseline_confidence"": 0.85, ""override"": false, ""reason"": ""embedding_disagrees_but_baseline_sufficient""}, ""cuisine_evidence"": {""embedding_cuisines"": [""american"", ""korean""], ""embedding_similarities"": {""american"": 0.434, ""korean"": 0.516}, ""baseline_cuisines"": [""bbq"", ""japanese"", ""korean""], ""newly_detected"": [""american""], ""removed"": [""bbq"", ""japanese""], ""reason"": ""embedding_refined_cuisine_list""}, ""content_evidence"": {""embedding_label"": ""food_spot"", ""embedding_similarity"": 0.371, ""second_label"": ""event"", ""second_similarity"": 0.272, ""margin"": 0.099, ""baseline_label"": ""event"", ""baseline_confidence"": 0.85, ""override"": false, ""reason"": ""weak_embedding_match_keep_baseline""}}, ""metadata"": {""hashtags"": [""atlantafoodie"", ""atleats"", ""atlfood"", ""atlkoreanbbq""], ""mentions"": [""atllovesmo"", ""chowwonalpharetta""], ""refined_from"": ""rules-food-events-v1""}, ""refinement"": {""meal_type_evidence"": {""embedding_label"": ""snack"", ""embedding_similarity"": 0.412, ""baseline_label"": ""drinks"", ""baseline_confidence"": 0.85, ""override"": false, ""reason"": ""embedding_disagrees_but_baseline_sufficient""}, ""cuisine_evidence"": {""embedding_cuisines"": [""american"", ""korean""], ""embedding_similarities"": {""american"": 0.434, ""korean"": 0.516}, ""baseline_cuisines"": [""bbq"", ""japanese"", ""korean""], ""newly_detected"": [""american""], ""removed"": [""bbq"", ""japanese""], ""reason"": ""embedding_refined_cuisine_list""}, ""content_type_evidence"": {""embedding_label"": ""food_spot"", ""embedding_similarity"": 0.371, ""second_label"": ""event"", ""second_similarity"": 0.272, ""margin"": 0.099, ""baseline_label"": ""event"", ""baseline_confidence"": 0.85, ""override"": false, ""reason"": ""weak_embedding_match_keep_baseline""}, ""needs_review"": true, ""category_adjustment_reason"": ""none""}}",drinks,drinks,event,event,japanese|korean|bbq,american|korean,True,none,https://www.instagram.com/p/C76eeRfRwLW/,korea,dinner,food_spot,TRUE,matched
3171338812587781150,https://www.instagram.com/p/CwC29j6tCwe/,drinks,0.85,drinks,0.795,CONFIDENCE_UPDATED,-0.055,"{""meal_type"": ""drinks"", ""cuisines"": [""italian""], ""content_type"": ""food_spot"", ""location"": {""name"": ""Atlanta, Georgia"", ""slug"": ""atlanta-georgia""}, ""signals"": {""meal_evidence"": {""drinks"": [""cocktail"", ""cocktails"", ""beer""]}, ""cuisine_evidence"": {""italian"": [""pasta""]}, ""content_evidence"": {""food_spot"": [""location_present""]}}, ""metadata"": {""hashtags"": [""atlantaeats"", ""atlfoodie"", ""harrypotter"", ""thingstodoinatlanta""], ""mentions"": [""atllovesmo"", ""eatamoreatl""], ""likes"": 44501, ""comments"": 247, ""video_views"": 269715}}","{""meal_type"": ""drinks"", ""cuisines"": [""italian""], ""content_type"": ""food_spot"", ""location"": {""name"": ""Atlanta, Georgia"", ""slug"": null}, ""signals"": {""meal_evidence"": {""embedding_label"": ""drinks"", ""embedding_similarity"": 0.344, ""baseline_label"": ""drinks"", ""baseline_confidence"": 0.85, ""override"": false, ""reason"": ""embedding_agrees_boost_baseline""}, ""cuisine_evidence"": {""embedding_cuisines"": [], ""embedding_similarities"": {}, ""baseline_cuisines"": [""italian""], ""newly_detected"": [], ""removed"": [""italian""], ""reason"": ""no_strong_embedding_matches_keep_baseline""}, ""content_evidence"": {""embedding_label"": ""food_spot"", ""embedding_similarity"": 0.335, ""second_label"": ""event"", ""second_similarity"": 0.298, ""margin"": 0.037, ""baseline_label"": ""food_spot"", ""baseline_confidence"": 0.85, ""override"": false, ""reason"": ""weak_embedding_match_keep_baseline""}}, ""metadata"": {""hashtags"": [""atlantaeats"", ""atlfoodie"", ""harrypotter"", ""thingstodoinatlanta""], ""mentions"": [""atllovesmo"", ""eatamoreatl""], ""refined_from"": ""rules-food-events-v1""}, ""refinement"": {""meal_type_evidence"": {""embedding_label"": ""drinks"", ""embedding_similarity"": 0.344, ""baseline_label"": ""drinks"", ""baseline_confidence"": 0.85, ""override"": false, ""reason"": ""embedding_agrees_boost_baseline""}, ""cuisine_evidence"": {""embedding_cuisines"": [], ""embedding_similarities"": {}, ""baseline_cuisines"": [""italian""], ""newly_detected"": [], ""removed"": [""italian""], ""reason"": ""no_strong_embedding_matches_keep_baseline""}, ""content_type_evidence"": {""embedding_label"": ""food_spot"", ""embedding_similarity"": 0.335, ""second_label"": ""event"", ""second_similarity"": 0.298, ""margin"": 0.037, ""baseline_label"": ""food_spot"", ""baseline_confidence"": 0.85, ""override"": false, ""reason"": ""weak_embedding_match_keep_baseline""}, ""needs_review"": false, ""category_adjustment_reason"": ""none""}}",drinks,drinks,food_spot,food_spot,italian,italian,False,none,https://www.instagram.com/p/CwC29j6tCwe/,,drinks,event,TRUE,matched
3289522123696571084,https://www.instagram.com/p/C2muvFfuQLM/,drinks,0.75,drinks,0.656,CONFIDENCE_UPDATED,-0.094,"{""meal_type"": ""drinks"", ""cuisines"": [], ""content_type"": ""food_spot"", ""location"": {""name"": ""Atlanta, Georgia"", ""slug"": ""atlanta-georgia""}, ""signals"": {""meal_evidence"": {""dinner"": [""date night""], ""drinks"": [""drink"", ""drinks""]}, ""cuisine_evidence"": {}, ""content_evidence"": {""food_spot"": [""location_present""]}}, ""metadata"": {""hashtags"": [""atldatenight"", ""atleats"", ""atlfun"", ""thingstodoinatlanta""], ""mentions"": [""atlantamagazine"", ""atllovesmo"", ""your3rdspot""], ""likes"": 44232, ""comments"": 1299, ""video_views"": 268973}}","{""meal_type"": ""drinks"", ""cuisines"": [], ""content_type"": ""food_spot"", ""location"": {""name"": ""Atlanta, Georgia"", ""slug"": null}, ""signals"": {""meal_evidence"": {""embedding_label"": ""dinner"", ""embedding_similarity"": 0.33, ""baseline_label"": ""drinks"", ""baseline_confidence"": 0.75, ""override"": false, ""reason"": ""embedding_disagrees_but_baseline_sufficient""}, ""cuisine_evidence"": {""embedding_cuisines"": [], ""embedding_similarities"": {}, ""baseline_cuisines"": [], ""newly_detected"": [], ""removed"": [], ""reason"": ""no_strong_embedding_matches_keep_baseline""}, ""content_evidence"": {""embedding_label"": ""food_spot"", ""embedding_similarity"": 0.38, ""second_label"": ""event"", ""second_similarity"": 0.295, ""margin"": 0.085, ""baseline_label"": ""food_spot"", ""baseline_confidence"": 0.75, ""override"": false, ""reason"": ""weak_embedding_match_keep_baseline""}}, ""metadata"": {""hashtags"": [""atldatenight"", ""atleats"", ""atlfun"", ""thingstodoinatlanta""], ""mentions"": [""atlantamagazine"", ""atllovesmo"", ""your3rdspot""], ""refined_from"": ""rules-food-events-v1""}, ""refinement"": {""meal_type_evidence"": {""embedding_label"": ""dinner"", ""embedding_similarity"": 0.33, ""baseline_label"": ""drinks"", ""baseline_confidence"": 0.75, ""override"": false, ""reason"": ""embedding_disagrees_but_baseline_sufficient""}, ""cuisine_evidence"": {""embedding_cuisines"": [], ""embedding_similarities"": {}, ""baseline_cuisines"": [], ""newly_detected"": [], ""removed"": [], ""reason"": ""no_strong_embedding_matches_keep_baseline""}, ""content_type_evidence"": {""embedding_label"": ""food_spot"", ""embedding_similarity"": 0.38, ""second_label"": ""event"", ""second_similarity"": 0.295, ""margin"": 0.085, ""baseline_label"": ""food_spot"", ""baseline_confidence"": 0.75, ""override"": false, ""reason"": ""weak_embedding_match_keep_baseline""}, ""needs_review"": false, ""category_adjustment_reason"": ""none""}}",drinks,drinks,food_spot,food_spot,,,False,none,https://www.instagram.com/p/C2muvFfuQLM/,,drinks,mixed,TRUE,matched
3517940714744638836,https://www.instagram.com/p/DDSPHDzPO10/,lunch,0.7,lunch,0.613,CONFIDENCE_UPDATED,-0.087,"{""meal_type"": ""lunch"", ""cuisines"": [], ""content_type"": ""food_spot"", ""location"": {""name"": ""Decatur, Georgia"", ""slug"": ""decatur-georgia""}, ""signals"": {""meal_evidence"": {""lunch"": [""sandwich""], ""dinner"": [""date night""], ""drinks"": [""bar""]}, ""cuisine_evidence"": {}, ""content_evidence"": {""food_spot"": [""location_present""]}}, ""metadata"": {""hashtags"": [""atlblog"", ""atleats"", ""thingstodoinatlanta""], ""mentions"": [""atllovesmo"", ""independent_distilling"", ""mothers.best"", ""zabs.""], ""likes"": 32350, ""comments"": 211, ""video_views"": 267598}}","{""meal_type"": ""lunch"", ""cuisines"": [""american""], ""content_type"": ""food_spot"", ""location"": {""name"": ""Decatur, Georgia"", ""slug"": null}, ""signals"": {""meal_evidence"": {""embedding_label"": ""snack"", ""embedding_similarity"": 0.431, ""baseline_label"": ""lunch"", ""baseline_confidence"": 0.7, ""override"": false, ""reason"": ""embedding_disagrees_but_baseline_sufficient""}, ""cuisine_evidence"": {""embedding_cuisines"": [""american""], ""embedding_similarities"": {""american"": 0.477}, ""baseline_cuisines"": [], ""newly_detected"": [""american""], ""removed"": [], ""reason"": ""embedding_refined_cuisine_list""}, ""content_evidence"": {""embedding_label"": ""food_spot"", ""embedding_similarity"": 0.395, ""second_label"": ""mixed"", ""second_similarity"": 0.192, ""margin"": 0.204, ""baseline_label"": ""food_spot"", ""baseline_confidence"": 0.7, ""override"": false, ""reason"": ""weak_embedding_match_keep_baseline""}}, ""metadata"": {""hashtags"": [""atlblog"", ""atleats"", ""thingstodoinatlanta""], ""mentions"": [""atllovesmo"", ""independent_distilling"", ""mothers.best"", ""zabs.""], ""refined_from"": ""rules-food-events-v1""}, ""refinement"": {""meal_type_evidence"": {""embedding_label"": ""snack"", ""embedding_similarity"": 0.431, ""baseline_label"": ""lunch"", ""baseline_confidence"": 0.7, ""override"": false, ""reason"": ""embedding_disagrees_but_baseline_sufficient""}, ""cuisine_evidence"": {""embedding_cuisines"": [""american""], ""embedding_similarities"": {""american"": 0.477}, ""baseline_cuisines"": [], ""newly_detected"": [""american""], ""removed"": [], ""reason"": ""embedding_refined_cuisine_list""}, ""content_type_evidence"": {""embedding_label"": ""food_spot"", ""embedding_similarity"": 0.395, ""second_label"": ""mixed"", ""second_similarity"": 0.192, ""margin"": 0.204, ""baseline_label"": ""food_spot"", ""baseline_confidence"": 0.7, ""override"": false, ""reason"": ""weak_embedding_match_keep_baseline""}, ""needs_review"": false, ""category_adjustment_reason"": ""none""}}",lunch,lunch,food_spot,food_spot,,american,False,none,https://www.instagram.com/p/DDSPHDzPO10/,american,all_day,food_spot,TRUE,matched
3264203916932816963,https://www.instagram.com/p/C1MyCr_OCBD/,drinks,0.85,drinks,0.777,CONFIDENCE_UPDATED,-0.073,"{""meal_type"": ""drinks"", ""cuisines"": [""bakery""], ""content_type"": ""food_spot"", ""location"": {""name"": ""Atlanta, Georgia"", ""slug"": ""atlanta-georgia""}, ""signals"": {""meal_evidence"": {""dinner"": [""dinner"", ""date night""], ""dessert"": [""dessert""], ""drinks"": [""cocktail"", ""cocktails"", ""bar""]}, ""cuisine_evidence"": {""bakery"": [""bread""]}, ""content_evidence"": {""food_spot"": [""location_present""]}}, ""metadata"": {""hashtags"": [""atlantafood"", ""atldatenight"", ""atleats"", ""atlfoodie""], ""mentions"": [""atllovesmo"", ""barblancatlanta"", ""littlesparrowatlanta.""], ""likes"": 23741, ""comments"": 178, ""video_views"": 260461}}","{""meal_type"": ""drinks"", ""cuisines"": [""american"", ""mexican""], ""content_type"": ""food_spot"", ""location"": {""name"": ""Atlanta, Georgia"", ""slug"": null}, ""signals"": {""meal_evidence"": {""embedding_label"": ""dinner"", ""embedding_similarity"": 0.413, ""baseline_label"": ""drinks"", ""baseline_confidence"": 0.85, ""override"": false, ""reason"": ""embedding_disagrees_but_baseline_sufficient""}, ""cuisine_evidence"": {""embedding_cuisines"": [""american"", ""mexican""], ""embedding_similarities"": {""american"": 0.469, ""mexican"": 0.4}, ""baseline_cuisines"": [""bakery""], ""newly_detected"": [""american"", ""mexican""], ""removed"": [""bakery""], ""reason"": ""embedding_refined_cuisine_list""}, ""content_evidence"": {""embedding_label"": ""food_spot"", ""embedding_similarity"": 0.471, ""second_label"": ""mixed"", ""second_similarity"": 0.25, ""margin"": 0.222, ""baseline_label"": ""food_spot"", ""baseline_confidence"": 0.85, ""override"": false, ""reason"": ""embedding_agrees_boost_baseline""}}, ""metadata"": {""hashtags"": [""atlantafood"", ""atldatenight"", ""atleats"", ""atlfoodie""], ""mentions"": [""atllovesmo"", ""barblancatlanta"", ""littlesparrowatlanta.""], ""refined_from"": ""rules-food-events-v1""}, ""refinement"": {""meal_type_evidence"": {""embedding_label"": ""dinner"", ""embedding_similarity"": 0.413, ""baseline_label"": ""drinks"", ""baseline_confidence"": 0.85, ""override"": false, ""reason"": ""embedding_disagrees_but_baseline_sufficient""}, ""cuisine_evidence"": {""embedding_cuisines"": [""american"", ""mexican""], ""embedding_similarities"": {""american"": 0.469, ""mexican"": 0.4}, ""baseline_cuisines"": [""bakery""], ""newly_detected"": [""american"", ""mexican""], ""removed"": [""bakery""], ""reason"": ""embedding_refined_cuisine_list""}, ""content_type_evidence"": {""embedding_label"": ""food_spot"", ""embedding_similarity"": 0.471, ""second_label"": ""mixed"", ""second_similarity"": 0.25, ""margin"": 0.222, ""baseline_label"": ""food_spot"", ""baseline_confidence"": 0.85, ""override"": false, ""reason"": ""embedding_agrees_boost_baseline""}, ""needs_review"": false, ""category_adjustment_reason"": ""none""}}",drinks,drinks,food_spot,food_spot,bakery,american|mexican,False,none,https://www.instagram.com/p/C1MyCr_OCBD/,american,dinner,food_spot,TRUE,matched
3724350301316124561,https://www.instagram.com/p/DOvjN3ZEQ-R/,event,0.7,event,0.656,CONFIDENCE_UPDATED,-0.044,"{""meal_type"": ""drinks"", ""cuisines"": [], ""content_type"": ""event"", ""location"": {""name"": ""Atlanta, Georgia"", ""slug"": ""atlanta-georgia""}, ""signals"": {""meal_evidence"": {""drinks"": [""bar""]}, ""cuisine_evidence"": {}, ""content_evidence"": {""event"": [""live music""]}}, ""metadata"": {""hashtags"": [""atlblog"", ""atleats""], ""mentions"": [""atllovesmo"", ""roaring.social""], ""likes"": 36818, ""comments"": 203, ""video_views"": 246009}}","{""meal_type"": ""drinks"", ""cuisines"": [], ""content_type"": ""event"", ""location"": {""name"": ""Atlanta, Georgia"", ""slug"": null}, ""signals"": {""meal_evidence"": {""embedding_label"": ""drinks"", ""embedding_similarity"": 0.352, ""baseline_label"": ""drinks"", ""baseline_confidence"": 0.7, ""override"": false, ""reason"": ""embedding_agrees_boost_baseline""}, ""cuisine_evidence"": {""embedding_cuisines"": [], ""embedding_similarities"": {}, ""baseline_cuisines"": [], ""newly_detected"": [], ""removed"": [], ""reason"": ""no_strong_embedding_matches_keep_baseline""}, ""content_evidence"": {""embedding_label"": ""food_spot"", ""embedding_similarity"": 0.339, ""second_label"": ""activity"", ""second_similarity"": 0.275, ""margin"": 0.064, ""baseline_label"": ""event"", ""baseline_confidence"": 0.7, ""override"": false, ""reason"": ""weak_embedding_match_keep_baseline""}}, ""metadata"": {""hashtags"": [""atlblog"", ""atleats""], ""mentions"": [""atllovesmo"", ""roaring.social""], ""refined_from"": ""rules-food-events-v1""}, ""refinement"": {""meal_type_evidence"": {""embedding_label"": ""drinks"", ""embedding_similarity"": 0.352, ""baseline_label"": ""drinks"", ""baseline_confidence"": 0.7, ""override"": false, ""reason"": ""embedding_agrees_boost_baseline""}, ""cuisine_evidence"": {""embedding_cuisines"": [], ""embedding_similarities"": {}, ""baseline_cuisines"": [], ""newly_detected"": [], ""removed"": [], ""reason"": ""no_strong_embedding_matches_keep_baseline""}, ""content_type_evidence"": {""embedding_label"": ""food_spot"", ""embedding_similarity"": 0.339, ""second_label"": ""activity"", ""second_similarity"": 0.275, ""margin"": 0.064, ""baseline_label"": ""event"", ""baseline_confidence"": 0.7, ""override"": false, ""reason"": ""weak_embedding_match_keep_baseline""}, ""needs_review"": true, ""category_adjustment_reason"": ""none""}}",drinks,drinks,event,event,,,True,none,https://www.instagram.com/p/DOvjN3ZEQ-R/,,drinks,event,TRUE,matched
3164771760698992431,https://www.instagram.com/p/CvrhyYPpqcv/,drinks,0.75,drinks,0.686,CONFIDENCE_UPDATED,-0.064,"{""meal_type"": ""drinks"", ""cuisines"": [""thai"", ""seafood""], ""content_type"": ""food_spot"", ""location"": {""name"": ""Atlanta, Georgia"", ""slug"": ""atlanta-georgia""}, ""signals"": {""meal_evidence"": {""drinks"": [""liquor"", ""bar""]}, ""cuisine_evidence"": {""thai"": [""thai""], ""seafood"": [""lobster"", ""shrimp""]}, ""content_evidence"": {""food_spot"": [""location_present""]}}, ""metadata"": {""hashtags"": [""atlantafood"", ""atlantathai"", ""atlfood"", ""atlfoodie"", ""midtownatl""], ""mentions"": [""atllovesmo"", ""bar_of_thailand"", ""piedmontpark""], ""likes"": 35918, ""comments"": 187, ""video_views"": 238473}}","{""meal_type"": ""drinks"", ""cuisines"": [""american"", ""thai""], ""content_type"": ""food_spot"", ""location"": {""name"": ""Atlanta, Georgia"", ""slug"": null}, ""signals"": {""meal_evidence"": {""embedding_label"": ""snack"", ""embedding_similarity"": 0.457, ""baseline_label"": ""drinks"", ""baseline_confidence"": 0.75, ""override"": false, ""reason"": ""embedding_disagrees_but_baseline_sufficient""}, ""cuisine_evidence"": {""embedding_cuisines"": [""american"", ""thai""], ""embedding_similarities"": {""american"": 0.47, ""thai"": 0.451}, ""baseline_cuisines"": [""seafood"", ""thai""], ""newly_detected"": [""american""], ""removed"": [""seafood""], ""reason"": ""embedding_refined_cuisine_list""}, ""content_evidence"": {""embedding_label"": ""food_spot"", ""embedding_similarity"": 0.434, ""second_label"": ""mixed"", ""second_similarity"": 0.249, ""margin"": 0.185, ""baseline_label"": ""food_spot"", ""baseline_confidence"": 0.75, ""override"": false, ""reason"": ""embedding_agrees_boost_baseline""}}, ""metadata"": {""hashtags"": [""atlantafood"", ""atlantathai"", ""atlfood"", ""atlfoodie"", ""midtownatl""], ""mentions"": [""atllovesmo"", ""bar_of_thailand"", ""piedmontpark""], ""refined_from"": ""rules-food-events-v1""}, ""refinement"": {""meal_type_evidence"": {""embedding_label"": ""snack"", ""embedding_similarity"": 0.457, ""baseline_label"": ""drinks"", ""baseline_confidence"": 0.75, ""override"": false, ""reason"": ""embedding_disagrees_but_baseline_sufficient""}, ""cuisine_evidence"": {""embedding_cuisines"": [""american"", ""thai""], ""embedding_similarities"": {""american"": 0.47, ""thai"": 0.451}, ""baseline_cuisines"": [""seafood"", ""thai""], ""newly_detected"": [""american""], ""removed"": [""seafood""], ""reason"": ""embedding_refined_cuisine_list""}, ""content_type_evidence"": {""embedding_label"": ""food_spot"", ""embedding_similarity"": 0.434, ""second_label"": ""mixed"", ""second_similarity"": 0.249, ""margin"": 0.185, ""baseline_label"": ""food_spot"", ""baseline_confidence"": 0.75, ""override"": false, ""reason"": ""embedding_agrees_boost_baseline""}, ""needs_review"": false, ""category_adjustment_reason"": ""none""}}",drinks,drinks,food_spot,food_spot,thai|seafood,american|thai,False,none,https://www.instagram.com/p/CvrhyYPpqcv/,food_spot,dinner(thai),	,TRUE,matched
3176403958872996187,https://www.instagram.com/p/CwU2pI_xPlb/,dessert,0.85,dessert,0.798,CONFIDENCE_UPDATED,-0.052,"{""meal_type"": ""dessert"", ""cuisines"": [""vegan"", ""coffee_cafe""], ""content_type"": ""food_spot"", ""location"": {""name"": ""Atlanta, Georgia"", ""slug"": ""atlanta-georgia""}, ""signals"": {""meal_evidence"": {""lunch"": [""sandwich""], ""dessert"": [""dessert"", ""ice cream"", ""cake""], ""drinks"": [""rum""]}, ""cuisine_evidence"": {""vegan"": [""vegan""], ""coffee_cafe"": [""matcha""]}, ""content_evidence"": {""food_spot"": [""location_present""]}}, ""metadata"": {""hashtags"": [""atlantafood"", ""atldesserts"", ""atleats"", ""atlsweets""], ""mentions"": [""atllovesmo"", ""bigsoftieatl"", ""lisas.creperie"", ""millasmacarons"", ""summerhill_atl""], ""likes"": 32931, ""comments"": 134, ""video_views"": 231538}}","{""meal_type"": ""dessert"", ""cuisines"": [""coffee_cafe"", ""vegan""], ""content_type"": ""food_spot"", ""location"": {""name"": ""Atlanta, Georgia"", ""slug"": null}, ""signals"": {""meal_evidence"": {""embedding_label"": ""dessert"", ""embedding_similarity"": 0.482, ""baseline_label"": ""dessert"", ""baseline_confidence"": 0.85, ""override"": false, ""reason"": ""embedding_agrees_boost_baseline""}, ""cuisine_evidence"": {""embedding_cuisines"": [], ""embedding_similarities"": {}, ""baseline_cuisines"": [""coffee_cafe"", ""vegan""], ""newly_detected"": [], ""removed"": [""coffee_cafe"", ""vegan""], ""reason"": ""no_strong_embedding_matches_keep_baseline""}, ""content_evidence"": {""embedding_label"": ""food_spot"", ""embedding_similarity"": 0.392, ""second_label"": ""mixed"", ""second_similarity"": 0.223, ""margin"": 0.169, ""baseline_label"": ""food_spot"", ""baseline_confidence"": 0.85, ""override"": false, ""reason"": ""weak_embedding_match_keep_baseline""}}, ""metadata"": {""hashtags"": [""atlantafood"", ""atldesserts"", ""atleats"", ""atlsweets""], ""mentions"": [""atllovesmo"", ""bigsoftieatl"", ""lisas.creperie"", ""millasmacarons"", ""summerhill_atl""], ""refined_from"": ""rules-food-events-v1""}, ""refinement"": {""meal_type_evidence"": {""embedding_label"": ""dessert"", ""embedding_similarity"": 0.482, ""baseline_label"": ""dessert"", ""baseline_confidence"": 0.85, ""override"": false, ""reason"": ""embedding_agrees_boost_baseline""}, ""cuisine_evidence"": {""embedding_cuisines"": [], ""embedding_similarities"": {}, ""baseline_cuisines"": [""coffee_cafe"", ""vegan""], ""newly_detected"": [], ""removed"": [""coffee_cafe"", ""vegan""], ""reason"": ""no_strong_embedding_matches_keep_baseline""}, ""content_type_evidence"": {""embedding_label"": ""food_spot"", ""embedding_similarity"": 0.392, ""second_label"": ""mixed"", ""second_similarity"": 0.223, ""margin"": 0.169, ""baseline_label"": ""food_spot"", ""baseline_confidence"": 0.85, ""override"": false, ""reason"": ""weak_embedding_match_keep_baseline""}, ""needs_review"": false, ""category_adjustment_reason"": ""none""}}",dessert,dessert,food_spot,food_spot,vegan|coffee_cafe,coffee_cafe|vegan,False,none,https://www.instagram.com/p/CwU2pI_xPlb/,,dessert,food_spot,TRUE,matched
3241691627386450997,https://www.instagram.com/p/Cz8zVwhujQ1/,event,0.75,event,0.675,CONFIDENCE_UPDATED,-0.075,"{""meal_type"": ""drinks"", ""cuisines"": [], ""content_type"": ""event"", ""location"": {""name"": ""Roaring Social Alpharetta"", ""slug"": ""roaring-social-alpharetta""}, ""signals"": {""meal_evidence"": {""drinks"": [""drink"", ""drinks""]}, ""cuisine_evidence"": {}, ""content_evidence"": {""event"": [""live music""]}}, ""metadata"": {""hashtags"": [""alpharetta"", ""atldrinks"", ""atleats"", ""thingstodoinatlanta""], ""mentions"": [""alphacitycenter"", ""atllovesmo"", ""roaring.social""], ""likes"": 21265, ""comments"": 244, ""video_views"": 218657}}","{""meal_type"": ""drinks"", ""cuisines"": [], ""content_type"": ""event"", ""location"": {""name"": ""Roaring Social Alpharetta"", ""slug"": null}, ""signals"": {""meal_evidence"": {""embedding_label"": ""drinks"", ""embedding_similarity"": 0.234, ""baseline_label"": ""drinks"", ""baseline_confidence"": 0.75, ""override"": false, ""reason"": ""weak_embedding_match_keep_baseline""}, ""cuisine_evidence"": {""embedding_cuisines"": [], ""embedding_similarities"": {}, ""baseline_cuisines"": [], ""newly_detected"": [], ""removed"": [], ""reason"": ""no_strong_embedding_matches_keep_baseline""}, ""content_evidence"": {""embedding_label"": ""food_spot"", ""embedding_similarity"": 0.383, ""second_label"": ""event"", ""second_similarity"": 0.327, ""margin"": 0.056, ""baseline_label"": ""event"", ""baseline_confidence"": 0.75, ""override"": false, ""reason"": ""weak_embedding_match_keep_baseline""}}, ""metadata"": {""hashtags"": [""alpharetta"", ""atldrinks"", ""atleats"", ""thingstodoinatlanta""], ""mentions"": [""alphacitycenter"", ""atllovesmo"", ""roaring.social""], ""refined_from"": ""rules-food-events-v1""}, ""refinement"": {""meal_type_evidence"": {""embedding_label"": ""drinks"", ""embedding_similarity"": 0.234, ""baseline_label"": ""drinks"", ""baseline_confidence"": 0.75, ""override"": false, ""reason"": ""weak_embedding_match_keep_baseline""}, ""cuisine_evidence"": {""embedding_cuisines"": [], ""embedding_similarities"": {}, ""baseline_cuisines"": [], ""newly_detected"": [], ""removed"": [], ""reason"": ""no_strong_embedding_matches_keep_baseline""}, ""content_type_evidence"": {""embedding_label"": ""food_spot"", ""embedding_similarity"": 0.383, ""second_label"": ""event"", ""second_similarity"": 0.327, ""margin"": 0.056, ""baseline_label"": ""event"", ""baseline_confidence"": 0.75, ""override"": false, ""reason"": ""weak_embedding_match_keep_baseline""}, ""needs_review"": true, ""category_adjustment_reason"": ""none""}}",drinks,drinks,event,event,,,True,none,https://www.instagram.com/p/Cz8zVwhujQ1/,,drinks,event,TRUE,matched
3267047231143287564,https://www.instagram.com/p/C1W4iWsuBsM/,drinks,0.95,drinks,0.855,CONFIDENCE_UPDATED,-0.095,"{""meal_type"": ""drinks"", ""cuisines"": [""mexican""], ""content_type"": ""food_spot"", ""location"": {""name"": ""Pickle and Social Gwinnett"", ""slug"": ""pickle-and-social-gwinnett""}, ""signals"": {""meal_evidence"": {""lunch"": [""sandwich""], ""drinks"": [""cocktail"", ""cocktails"", ""bar"", ""drink""]}, ""cuisine_evidence"": {""mexican"": [""taco""]}, ""content_evidence"": {""food_spot"": [""location_present""]}}, ""metadata"": {""hashtags"": [""atlblog"", ""atleats"", ""bufordga"", ""gwinnett"", ""pickleball"", ""thingstodoinatlanta""], ""mentions"": [""atllovesmo"", ""pickleandsocial"", ""topgolf""], ""likes"": 18945, ""comments"": 248, ""video_views"": 214209}}","{""meal_type"": ""drinks"", ""cuisines"": [""mexican""], ""content_type"": ""food_spot"", ""location"": {""name"": ""Pickle and Social Gwinnett"", ""slug"": null}, ""signals"": {""meal_evidence"": {""embedding_label"": ""snack"", ""embedding_similarity"": 0.273, ""baseline_label"": ""drinks"", ""baseline_confidence"": 0.95, ""override"": false, ""reason"": ""weak_embedding_match_keep_baseline""}, ""cuisine_evidence"": {""embedding_cuisines"": [], ""embedding_similarities"": {}, ""baseline_cuisines"": [""mexican""], ""newly_detected"": [], ""removed"": [""mexican""], ""reason"": ""no_strong_embedding_matches_keep_baseline""}, ""content_evidence"": {""embedding_label"": ""food_spot"", ""embedding_similarity"": 0.333, ""second_label"": ""mixed"", ""second_similarity"": 0.257, ""margin"": 0.076, ""baseline_label"": ""food_spot"", ""baseline_confidence"": 0.95, ""override"": false, ""reason"": ""weak_embedding_match_keep_baseline""}}, ""metadata"": {""hashtags"": [""atlblog"", ""atleats"", ""bufordga"", ""gwinnett"", ""pickleball"", ""thingstodoinatlanta""], ""mentions"": [""atllovesmo"", ""pickleandsocial"", ""topgolf""], ""refined_from"": ""rules-food-events-v1""}, ""refinement"": {""meal_type_evidence"": {""embedding_label"": ""snack"", ""embedding_similarity"": 0.273, ""baseline_label"": ""drinks"", ""baseline_confidence"": 0.95, ""override"": false, ""reason"": ""weak_embedding_match_keep_baseline""}, ""cuisine_evidence"": {""embedding_cuisines"": [], ""embedding_similarities"": {}, ""baseline_cuisines"": [""mexican""], ""newly_detected"": [], ""removed"": [""mexican""], ""reason"": ""no_strong_embedding_matches_keep_baseline""}, ""content_type_evidence"": {""embedding_label"": ""food_spot"", ""embedding_similarity"": 0.333, ""second_label"": ""mixed"", ""second_similarity"": 0.257, ""margin"": 0.076, ""baseline_label"": ""food_spot"", ""baseline_confidence"": 0.95, ""override"": false, ""reason"": ""weak_embedding_match_keep_baseline""}, ""needs_review"": false, ""category_adjustment_reason"": ""none""}}",drinks,drinks,food_spot,food_spot,mexican,mexican,False,none,https://www.instagram.com/p/C1W4iWsuBsM/,,unknown,mixed,TRUE,matched
3435895736741848248,https://www.instagram.com/p/C-uwPfpxuS4/,drinks,0.75,drinks,0.675,CONFIDENCE_UPDATED,-0.075,"{""meal_type"": ""drinks"", ""cuisines"": [""american""], ""content_type"": ""food_spot"", ""location"": {""name"": ""Atlanta, Georgia"", ""slug"": ""atlanta-georgia""}, ""signals"": {""meal_evidence"": {""dinner"": [""date night""], ""drinks"": [""bar"", ""margarita""]}, ""cuisine_evidence"": {""american"": [""southern""]}, ""content_evidence"": {""food_spot"": [""location_present""]}}, ""metadata"": {""hashtags"": [""atlantahotels"", ""atlblog"", ""atlfood"", ""thingstodoinatlanta""], ""mentions"": [""aparium"", ""atllovesmo"", ""hotelgranada_atlanta"", ""opentable""], ""likes"": 24054, ""comments"": 214, ""video_views"": 212705}}","{""meal_type"": ""drinks"", ""cuisines"": [""american""], ""content_type"": ""food_spot"", ""location"": {""name"": ""Atlanta, Georgia"", ""slug"": null}, ""signals"": {""meal_evidence"": {""embedding_label"": ""dinner"", ""embedding_similarity"": 0.293, ""baseline_label"": ""drinks"", ""baseline_confidence"": 0.75, ""override"": false, ""reason"": ""weak_embedding_match_keep_baseline""}, ""cuisine_evidence"": {""embedding_cuisines"": [], ""embedding_similarities"": {}, ""baseline_cuisines"": [""american""], ""newly_detected"": [], ""removed"": [""american""], ""reason"": ""no_strong_embedding_matches_keep_baseline""}, ""content_evidence"": {""embedding_label"": ""food_spot"", ""embedding_similarity"": 0.343, ""second_label"": ""event"", ""second_similarity"": 0.235, ""margin"": 0.107, ""baseline_label"": ""food_spot"", ""baseline_confidence"": 0.75, ""override"": false, ""reason"": ""weak_embedding_match_keep_baseline""}}, ""metadata"": {""hashtags"": [""atlantahotels"", ""atlblog"", ""atlfood"", ""thingstodoinatlanta""], ""mentions"": [""aparium"", ""atllovesmo"", ""hotelgranada_atlanta"", ""opentable""], ""refined_from"": ""rules-food-events-v1""}, ""refinement"": {""meal_type_evidence"": {""embedding_label"": ""dinner"", ""embedding_similarity"": 0.293, ""baseline_label"": ""drinks"", ""baseline_confidence"": 0.75, ""override"": false, ""reason"": ""weak_embedding_match_keep_baseline""}, ""cuisine_evidence"": {""embedding_cuisines"": [], ""embedding_similarities"": {}, ""baseline_cuisines"": [""american""], ""newly_detected"": [], ""removed"": [""american""], ""reason"": ""no_strong_embedding_matches_keep_baseline""}, ""content_type_evidence"": {""embedding_label"": ""food_spot"", ""embedding_similarity"": 0.343, ""second_label"": ""event"", ""second_similarity"": 0.235, ""margin"": 0.107, ""baseline_label"": ""food_spot"", ""baseline_confidence"": 0.75, ""override"": false, ""reason"": ""weak_embedding_match_keep_baseline""}, ""needs_review"": false, ""category_adjustment_reason"": ""none""}}",drinks,drinks,food_spot,food_spot,american,american,False,none,https://www.instagram.com/p/C-uwPfpxuS4/,american,dinner,food_spot,TRUE,matched
3336206765128672698,https://www.instagram.com/p/C5MlmB8v-W6/,drinks,0.95,drinks,0.922,CONFIDENCE_UPDATED,-0.028,"{""meal_type"": ""drinks"", ""cuisines"": [""american"", ""mexican"", ""seafood"", ""coffee_cafe""], ""content_type"": ""food_spot"", ""location"": {""name"": ""Atlanta, Georgia"", ""slug"": ""atlanta-georgia""}, ""signals"": {""meal_evidence"": {""brunch"": [""brunch""], ""dinner"": [""dinner""], ""dessert"": [""dessert""], ""drinks"": [""cocktail"", ""cocktails"", ""margarita"", ""martini""]}, ""cuisine_evidence"": {""american"": [""southern""], ""mexican"": [""mexican"", ""taco"", ""quesadilla"", ""birria""], ""seafood"": [""fish""], ""coffee_cafe"": [""coffee"", ""espresso"", ""latte""]}, ""content_evidence"": {""food_spot"": [""location_present""]}}, ""metadata"": {""hashtags"": [""atlantacoffee"", ""atlcoffeeshop"", ""atleats"", ""atlfoodie"", ""decaturfood""], ""mentions"": [""atlantacoffeeshops"", ""atllovesmo"", ""katherine_boggs"", ""lachiquiada_decatur""], ""likes"": 31594, ""comments"": 164, ""video_views"": 205268}}","{""meal_type"": ""drinks"", ""cuisines"": [""mexican""], ""content_type"": ""food_spot"", ""location"": {""name"": ""Atlanta, Georgia"", ""slug"": null}, ""signals"": {""meal_evidence"": {""embedding_label"": ""drinks"", ""embedding_similarity"": 0.366, ""baseline_label"": ""drinks"", ""baseline_confidence"": 0.95, ""override"": false, ""reason"": ""embedding_agrees_boost_baseline""}, ""cuisine_evidence"": {""embedding_cuisines"": [""mexican""], ""embedding_similarities"": {""mexican"": 0.521}, ""baseline_cuisines"": [""american"", ""coffee_cafe"", ""mexican"", ""seafood""], ""newly_detected"": [], ""removed"": [""american"", ""coffee_cafe"", ""seafood""], ""reason"": ""embedding_refined_cuisine_list""}, ""content_evidence"": {""embedding_label"": ""food_spot"", ""embedding_similarity"": 0.415, ""second_label"": ""mixed"", ""second_similarity"": 0.191, ""margin"": 0.223, ""baseline_label"": ""food_spot"", ""baseline_confidence"": 0.95, ""override"": false, ""reason"": ""embedding_agrees_boost_baseline""}}, ""metadata"": {""hashtags"": [""atlantacoffee"", ""atlcoffeeshop"", ""atleats"", ""atlfoodie"", ""decaturfood""], ""mentions"": [""atlantacoffeeshops"", ""atllovesmo"", ""katherine_boggs"", ""lachiquiada_decatur""], ""refined_from"": ""rules-food-events-v1""}, ""refinement"": {""meal_type_evidence"": {""embedding_label"": ""drinks"", ""embedding_similarity"": 0.366, ""baseline_label"": ""drinks"", ""baseline_confidence"": 0.95, ""override"": false, ""reason"": ""embedding_agrees_boost_baseline""}, ""cuisine_evidence"": {""embedding_cuisines"": [""mexican""], ""embedding_similarities"": {""mexican"": 0.521}, ""baseline_cuisines"": [""american"", ""coffee_cafe"", ""mexican"", ""seafood""], ""newly_detected"": [], ""removed"": [""american"", ""coffee_cafe"", ""seafood""], ""reason"": ""embedding_refined_cuisine_list""}, ""content_type_evidence"": {""embedding_label"": ""food_spot"", ""embedding_similarity"": 0.415, ""second_label"": ""mixed"", ""second_similarity"": 0.191, ""margin"": 0.223, ""baseline_label"": ""food_spot"", ""baseline_confidence"": 0.95, ""override"": false, ""reason"": ""embedding_agrees_boost_baseline""}, ""needs_review"": false, ""category_adjustment_reason"": ""none""}}",drinks,drinks,food_spot,food_spot,american|mexican|seafood|coffee_cafe,mexican,False,none,https://www.instagram.com/p/C5MlmB8v-W6/,mexican,dinner,food_spot,TRUE,matched
3271412754551567687,https://www.instagram.com/p/C1mZJFMunVH/,unknown,0.7,unknown,0.613,CONFIDENCE_UPDATED,-0.087,"{""meal_type"": ""unknown"", ""cuisines"": [""mexican"", ""coffee_cafe""], ""content_type"": ""food_spot"", ""location"": {""name"": ""Portrait Coffee"", ""slug"": ""portrait-coffee""}, ""signals"": {""meal_evidence"": {}, ""cuisine_evidence"": {""mexican"": [""taco""], ""coffee_cafe"": [""coffee"", ""latte""]}, ""content_evidence"": {""food_spot"": [""location_present""]}}, ""metadata"": {""hashtags"": [""atlantacoffee"", ""atlantaeats"", ""atlcoffee"", ""atlfoodie""], ""mentions"": [""atlantawestend"", ""atllovesmo"", ""portraitcoffee""], ""likes"": 22264, ""comments"": 252, ""video_views"": 204388}}","{""meal_type"": ""unknown"", ""cuisines"": [""coffee_cafe""], ""content_type"": ""food_spot"", ""location"": {""name"": ""Portrait Coffee"", ""slug"": null}, ""signals"": {""meal_evidence"": {""embedding_label"": ""snack"", ""embedding_similarity"": 0.343, ""baseline_label"": ""unknown"", ""baseline_confidence"": 0.7, ""override"": false, ""reason"": ""embedding_disagrees_but_baseline_sufficient""}, ""cuisine_evidence"": {""embedding_cuisines"": [""coffee_cafe""], ""embedding_similarities"": {""coffee_cafe"": 0.439}, ""baseline_cuisines"": [""coffee_cafe"", ""mexican""], ""newly_detected"": [], ""removed"": [""mexican""], ""reason"": ""embedding_refined_cuisine_list""}, ""content_evidence"": {""embedding_label"": ""food_spot"", ""embedding_similarity"": 0.369, ""second_label"": ""mixed"", ""second_similarity"": 0.184, ""margin"": 0.184, ""baseline_label"": ""food_spot"", ""baseline_confidence"": 0.7, ""override"": false, ""reason"": ""weak_embedding_match_keep_baseline""}}, ""metadata"": {""hashtags"": [""atlantacoffee"", ""atlantaeats"", ""atlcoffee"", ""atlfoodie""], ""mentions"": [""atlantawestend"", ""atllovesmo"", ""portraitcoffee""], ""refined_from"": ""rules-food-events-v1""}, ""refinement"": {""meal_type_evidence"": {""embedding_label"": ""snack"", ""embedding_similarity"": 0.343, ""baseline_label"": ""unknown"", ""baseline_confidence"": 0.7, ""override"": false, ""reason"": ""embedding_disagrees_but_baseline_sufficient""}, ""cuisine_evidence"": {""embedding_cuisines"": [""coffee_cafe""], ""embedding_similarities"": {""coffee_cafe"": 0.439}, ""baseline_cuisines"": [""coffee_cafe"", ""mexican""], ""newly_detected"": [], ""removed"": [""mexican""], ""reason"": ""embedding_refined_cuisine_list""}, ""content_type_evidence"": {""embedding_label"": ""food_spot"", ""embedding_similarity"": 0.369, ""second_label"": ""mixed"", ""second_similarity"": 0.184, ""margin"": 0.184, ""baseline_label"": ""food_spot"", ""baseline_confidence"": 0.7, ""override"": false, ""reason"": ""weak_embedding_match_keep_baseline""}, ""needs_review"": false, ""category_adjustment_reason"": ""none""}}",unknown,unknown,food_spot,food_spot,mexican|coffee_cafe,coffee_cafe,False,none,https://www.instagram.com/p/C1mZJFMunVH/,coffee_cafe,drinks,food_spot,TRUE,matched
3231560684961028308,https://www.instagram.com/p/CzYz1JJOFjU/,drinks,0.7,drinks,0.613,CONFIDENCE_UPDATED,-0.087,"{""meal_type"": ""drinks"", ""cuisines"": [""american"", ""bakery""], ""content_type"": ""food_spot"", ""location"": {""name"": ""Evergreen Butcher And Baker"", ""slug"": ""evergreen-butcher-and-baker""}, ""signals"": {""meal_evidence"": {""drinks"": [""drink""]}, ""cuisine_evidence"": {""american"": [""burger""], ""bakery"": [""bakery"", ""bread""]}, ""content_evidence"": {""food_spot"": [""location_present""]}}, ""metadata"": {""hashtags"": [""atlantafood"", ""atlfood"", ""atlfoodie""], ""mentions"": [""atllovesmo"", ""evergreenbutcherandbaker"", ""kirkwoodneighbors.""], ""likes"": 16159, ""comments"": 207, ""video_views"": 199826}}","{""meal_type"": ""drinks"", ""cuisines"": [""american"", ""bakery""], ""content_type"": ""food_spot"", ""location"": {""name"": ""Evergreen Butcher And Baker"", ""slug"": null}, ""signals"": {""meal_evidence"": {""embedding_label"": ""snack"", ""embedding_similarity"": 0.357, ""baseline_label"": ""drinks"", ""baseline_confidence"": 0.7, ""override"": false, ""reason"": ""embedding_disagrees_but_baseline_sufficient""}, ""cuisine_evidence"": {""embedding_cuisines"": [], ""embedding_similarities"": {}, ""baseline_cuisines"": [""american"", ""bakery""], ""newly_detected"": [], ""removed"": [""american"", ""bakery""], ""reason"": ""no_strong_embedding_matches_keep_baseline""}, ""content_evidence"": {""embedding_label"": ""food_spot"", ""embedding_similarity"": 0.364, ""second_label"": ""mixed"", ""second_similarity"": 0.179, ""margin"": 0.185, ""baseline_label"": ""food_spot"", ""baseline_confidence"": 0.7, ""override"": false, ""reason"": ""weak_embedding_match_keep_baseline""}}, ""metadata"": {""hashtags"": [""atlantafood"", ""atlfood"", ""atlfoodie""], ""mentions"": [""atllovesmo"", ""evergreenbutcherandbaker"", ""kirkwoodneighbors.""], ""refined_from"": ""rules-food-events-v1""}, ""refinement"": {""meal_type_evidence"": {""embedding_label"": ""snack"", ""embedding_similarity"": 0.357, ""baseline_label"": ""drinks"", ""baseline_confidence"": 0.7, ""override"": false, ""reason"": ""embedding_disagrees_but_baseline_sufficient""}, ""cuisine_evidence"": {""embedding_cuisines"": [], ""embedding_similarities"": {}, ""baseline_cuisines"": [""american"", ""bakery""], ""newly_detected"": [], ""removed"": [""american"", ""bakery""], ""reason"": ""no_strong_embedding_matches_keep_baseline""}, ""content_type_evidence"": {""embedding_label"": ""food_spot"", ""embedding_similarity"": 0.364, ""second_label"": ""mixed"", ""second_similarity"": 0.179, ""margin"": 0.185, ""baseline_label"": ""food_spot"", ""baseline_confidence"": 0.7, ""override"": false, ""reason"": ""weak_embedding_match_keep_baseline""}, ""needs_review"": false, ""category_adjustment_reason"": ""none""}}",drinks,drinks,food_spot,food_spot,american|bakery,american|bakery,False,none,https://www.instagram.com/p/CzYz1JJOFjU/,american,all_day,food_spot,TRUE,matched
3313422007259649008,https://www.instagram.com/p/C37o8KlrFPw/,drinks,0.75,drinks,0.656,CONFIDENCE_UPDATED,-0.094,"{""meal_type"": ""drinks"", ""cuisines"": [], ""content_type"": ""food_spot"", ""location"": {""name"": ""Little Sparrow"", ""slug"": ""little-sparrow""}, ""signals"": {""meal_evidence"": {""dinner"": [""dinner""], ""dessert"": [""ice cream""], ""drinks"": [""cocktail"", ""bar""]}, ""cuisine_evidence"": {}, ""content_evidence"": {""food_spot"": [""location_present""]}}, ""metadata"": {""hashtags"": [""atlantafoodie"", ""atlbar"", ""atldatenight"", ""atleats""], ""mentions"": [""atllovesmo"", ""littlesparrowatlanta""], ""likes"": 24392, ""comments"": 202, ""video_views"": 197326}}","{""meal_type"": ""drinks"", ""cuisines"": [], ""content_type"": ""food_spot"", ""location"": {""name"": ""Little Sparrow"", ""slug"": null}, ""signals"": {""meal_evidence"": {""embedding_label"": ""dinner"", ""embedding_similarity"": 0.362, ""baseline_label"": ""drinks"", ""baseline_confidence"": 0.75, ""override"": false, ""reason"": ""embedding_disagrees_but_baseline_sufficient""}, ""cuisine_evidence"": {""embedding_cuisines"": [], ""embedding_similarities"": {}, ""baseline_cuisines"": [], ""newly_detected"": [], ""removed"": [], ""reason"": ""no_strong_embedding_matches_keep_baseline""}, ""content_evidence"": {""embedding_label"": ""food_spot"", ""embedding_similarity"": 0.361, ""second_label"": ""mixed"", ""second_similarity"": 0.187, ""margin"": 0.174, ""baseline_label"": ""food_spot"", ""baseline_confidence"": 0.75, ""override"": false, ""reason"": ""weak_embedding_match_keep_baseline""}}, ""metadata"": {""hashtags"": [""atlantafoodie"", ""atlbar"", ""atldatenight"", ""atleats""], ""mentions"": [""atllovesmo"", ""littlesparrowatlanta""], ""refined_from"": ""rules-food-events-v1""}, ""refinement"": {""meal_type_evidence"": {""embedding_label"": ""dinner"", ""embedding_similarity"": 0.362, ""baseline_label"": ""drinks"", ""baseline_confidence"": 0.75, ""override"": false, ""reason"": ""embedding_disagrees_but_baseline_sufficient""}, ""cuisine_evidence"": {""embedding_cuisines"": [], ""embedding_similarities"": {}, ""baseline_cuisines"": [], ""newly_detected"": [], ""removed"": [], ""reason"": ""no_strong_embedding_matches_keep_baseline""}, ""content_type_evidence"": {""embedding_label"": ""food_spot"", ""embedding_similarity"": 0.361, ""second_label"": ""mixed"", ""second_similarity"": 0.187, ""margin"": 0.174, ""baseline_label"": ""food_spot"", ""baseline_confidence"": 0.75, ""override"": false, ""reason"": ""weak_embedding_match_keep_baseline""}, ""needs_review"": false, ""category_adjustment_reason"": ""none""}}",drinks,drinks,food_spot,food_spot,,,False,none,https://www.instagram.com/p/C37o8KlrFPw/,french,dinner,food_spot,TRUE,matched
3310554927107814633,https://www.instagram.com/p/C3xdCqHrjTp/,event,0.85,event,0.744,CONFIDENCE_UPDATED,-0.106,"{""meal_type"": ""drinks"", ""cuisines"": [""italian""], ""content_type"": ""event"", ""location"": {""name"": ""Atlanta, Georgia"", ""slug"": ""atlanta-georgia""}, ""signals"": {""meal_evidence"": {""dinner"": [""dinner"", ""date night""], ""drinks"": [""cocktail"", ""cocktails"", ""bar""]}, ""cuisine_evidence"": {""italian"": [""pizza""]}, ""content_evidence"": {""event"": [""event"", ""live music"", ""ticket""]}}, ""metadata"": {""hashtags"": [""atlantafoodie"", ""atlblog"", ""atleats"", ""thingstodoinatlanta""], ""mentions"": [""atllovesmo"", ""fernbankmuseum"", ""lloydspizzaparty"", ""pickyourleisure"", ""stereoatl"", ""thefriskywhiskeratl"", ""underground_atlanta""], ""likes"": 37593, ""comments"": 115, ""video_views"": 192473}}","{""meal_type"": ""drinks"", ""cuisines"": [""italian""], ""content_type"": ""event"", ""location"": {""name"": ""Atlanta, Georgia"", ""slug"": null}, ""signals"": {""meal_evidence"": {""embedding_label"": ""dinner"", ""embedding_similarity"": 0.311, ""baseline_label"": ""drinks"", ""baseline_confidence"": 0.85, ""override"": false, ""reason"": ""embedding_disagrees_but_baseline_sufficient""}, ""cuisine_evidence"": {""embedding_cuisines"": [], ""embedding_similarities"": {}, ""baseline_cuisines"": [""italian""], ""newly_detected"": [], ""removed"": [""italian""], ""reason"": ""no_strong_embedding_matches_keep_baseline""}, ""content_evidence"": {""embedding_label"": ""food_spot"", ""embedding_similarity"": 0.417, ""second_label"": ""activity"", ""second_similarity"": 0.382, ""margin"": 0.035, ""baseline_label"": ""event"", ""baseline_confidence"": 0.85, ""override"": false, ""reason"": ""embedding_disagrees_but_baseline_acceptable""}}, ""metadata"": {""hashtags"": [""atlantafoodie"", ""atlblog"", ""atleats"", ""thingstodoinatlanta""], ""mentions"": [""atllovesmo"", ""fernbankmuseum"", ""lloydspizzaparty"", ""pickyourleisure"", ""stereoatl"", ""thefriskywhiskeratl"", ""underground_atlanta""], ""refined_from"": ""rules-food-events-v1""}, ""refinement"": {""meal_type_evidence"": {""embedding_label"": ""dinner"", ""embedding_similarity"": 0.311, ""baseline_label"": ""drinks"", ""baseline_confidence"": 0.85, ""override"": false, ""reason"": ""embedding_disagrees_but_baseline_sufficient""}, ""cuisine_evidence"": {""embedding_cuisines"": [], ""embedding_similarities"": {}, ""baseline_cuisines"": [""italian""], ""newly_detected"": [], ""removed"": [""italian""], ""reason"": ""no_strong_embedding_matches_keep_baseline""}, ""content_type_evidence"": {""embedding_label"": ""food_spot"", ""embedding_similarity"": 0.417, ""second_label"": ""activity"", ""second_similarity"": 0.382, ""margin"": 0.035, ""baseline_label"": ""event"", ""baseline_confidence"": 0.85, ""override"": false, ""reason"": ""embedding_disagrees_but_baseline_acceptable""}, ""needs_review"": true, ""category_adjustment_reason"": ""none""}}",drinks,drinks,event,event,italian,italian,True,none,https://www.instagram.com/p/C3xdCqHrjTp/,,drinks,event,TRUE,matched
3458641535271102884,https://www.instagram.com/p/C__kCbTPumk/,event,0.75,event,0.675,CONFIDENCE_UPDATED,-0.075,"{""meal_type"": ""drinks"", ""cuisines"": [], ""content_type"": ""event"", ""location"": {""name"": ""The Caverns"", ""slug"": ""the-caverns""}, ""signals"": {""meal_evidence"": {""drinks"": [""drink""]}, ""cuisine_evidence"": {}, ""content_evidence"": {""event"": [""concert"", ""live music""]}}, ""metadata"": {""hashtags"": [], ""mentions"": [""atllovesmo"", ""biggigantic"", ""thecavernstn""], ""likes"": 27723, ""comments"": 131, ""video_views"": 191656}}","{""meal_type"": ""drinks"", ""cuisines"": [], ""content_type"": ""event"", ""location"": {""name"": ""The Caverns"", ""slug"": null}, ""signals"": {""meal_evidence"": {""embedding_label"": ""snack"", ""embedding_similarity"": 0.116, ""baseline_label"": ""drinks"", ""baseline_confidence"": 0.75, ""override"": false, ""reason"": ""weak_embedding_match_keep_baseline""}, ""cuisine_evidence"": {""embedding_cuisines"": [], ""embedding_similarities"": {}, ""baseline_cuisines"": [], ""newly_detected"": [], ""removed"": [], ""reason"": ""no_strong_embedding_matches_keep_baseline""}, ""content_evidence"": {""embedding_label"": ""activity"", ""embedding_similarity"": 0.35, ""second_label"": ""food_spot"", ""second_similarity"": 0.337, ""margin"": 0.013, ""baseline_label"": ""event"", ""baseline_confidence"": 0.75, ""override"": false, ""reason"": ""weak_embedding_match_keep_baseline""}}, ""metadata"": {""hashtags"": [], ""mentions"": [""atllovesmo"", ""biggigantic"", ""thecavernstn""], ""refined_from"": ""rules-food-events-v1""}, ""refinement"": {""meal_type_evidence"": {""embedding_label"": ""snack"", ""embedding_similarity"": 0.116, ""baseline_label"": ""drinks"", ""baseline_confidence"": 0.75, ""override"": false, ""reason"": ""weak_embedding_match_keep_baseline""}, ""cuisine_evidence"": {""embedding_cuisines"": [], ""embedding_similarities"": {}, ""baseline_cuisines"": [], ""newly_detected"": [], ""removed"": [], ""reason"": ""no_strong_embedding_matches_keep_baseline""}, ""content_type_evidence"": {""embedding_label"": ""activity"", ""embedding_similarity"": 0.35, ""second_label"": ""food_spot"", ""second_similarity"": 0.337, ""margin"": 0.013, ""baseline_label"": ""event"", ""baseline_confidence"": 0.75, ""override"": false, ""reason"": ""weak_embedding_match_keep_baseline""}, ""needs_review"": true, ""category_adjustment_reason"": ""none""}}",drinks,drinks,event,event,,,True,none,https://www.instagram.com/p/C__kCbTPumk/,,unknown,event,TRUE,matched
3707211554234698032,https://www.instagram.com/p/DNyqURVYgkw/,unknown,0.7,unknown,0.63,CONFIDENCE_UPDATED,-0.07,"{""meal_type"": ""unknown"", ""cuisines"": [], ""content_type"": ""food_spot"", ""location"": {""name"": ""Atlanta, Georgia"", ""slug"": ""atlanta-georgia""}, ""signals"": {""meal_evidence"": {}, ""cuisine_evidence"": {}, ""content_evidence"": {""food_spot"": [""location_present""]}}, ""metadata"": {""hashtags"": [""atlblog"", ""atldaycation"", ""resportpasspartner""], ""mentions"": [""resortpass"", ""resortpass.""], ""likes"": 10559, ""comments"": 150, ""video_views"": 185976}}","{""meal_type"": ""unknown"", ""cuisines"": [], ""content_type"": ""food_spot"", ""location"": {""name"": ""Atlanta, Georgia"", ""slug"": null}, ""signals"": {""meal_evidence"": {""embedding_label"": ""snack"", ""embedding_similarity"": 0.132, ""baseline_label"": ""unknown"", ""baseline_confidence"": 0.7, ""override"": false, ""reason"": ""weak_embedding_match_keep_baseline""}, ""cuisine_evidence"": {""embedding_cuisines"": [], ""embedding_similarities"": {}, ""baseline_cuisines"": [], ""newly_detected"": [], ""removed"": [], ""reason"": ""no_strong_embedding_matches_keep_baseline""}, ""content_evidence"": {""embedding_label"": ""activity"", ""embedding_similarity"": 0.22, ""second_label"": ""food_spot"", ""second_similarity"": 0.134, ""margin"": 0.086, ""baseline_label"": ""food_spot"", ""baseline_confidence"": 0.7, ""override"": false, ""reason"": ""weak_embedding_match_keep_baseline""}}, ""metadata"": {""hashtags"": [""atlblog"", ""atldaycation"", ""resportpasspartner""], ""mentions"": [""resortpass"", ""resortpass.""], ""refined_from"": ""rules-food-events-v1""}, ""refinement"": {""meal_type_evidence"": {""embedding_label"": ""snack"", ""embedding_similarity"": 0.132, ""baseline_label"": ""unknown"", ""baseline_confidence"": 0.7, ""override"": false, ""reason"": ""weak_embedding_match_keep_baseline""}, ""cuisine_evidence"": {""embedding_cuisines"": [], ""embedding_similarities"": {}, ""baseline_cuisines"": [], ""newly_detected"": [], ""removed"": [], ""reason"": ""no_strong_embedding_matches_keep_baseline""}, ""content_type_evidence"": {""embedding_label"": ""activity"", ""embedding_similarity"": 0.22, ""second_label"": ""food_spot"", ""second_similarity"": 0.134, ""margin"": 0.086, ""baseline_label"": ""food_spot"", ""baseline_confidence"": 0.7, ""override"": false, ""reason"": ""weak_embedding_match_keep_baseline""}, ""needs_review"": true, ""category_adjustment_reason"": ""none""}}",unknown,unknown,food_spot,food_spot,,,True,none,https://www.instagram.com/p/DNyqURVYgkw/,,unknown,event,TRUE,matched
3485911987744218038,https://www.instagram.com/p/DBgcnvTxRu2/,dessert,0.85,dessert,0.744,CONFIDENCE_UPDATED,-0.106,"{""meal_type"": ""dessert"", ""cuisines"": [], ""content_type"": ""food_spot"", ""location"": {""name"": ""Atlanta, Georgia"", ""slug"": ""atlanta-georgia""}, ""signals"": {""meal_evidence"": {""dessert"": [""dessert"", ""cake"", ""cookie""]}, ""cuisine_evidence"": {}, ""content_evidence"": {""food_spot"": [""location_present""]}}, ""metadata"": {""hashtags"": [""birthdayswithedible"", ""ediblepartner""], ""mentions"": [""ediblearrangements""], ""likes"": 1685, ""comments"": 131, ""video_views"": 182856}}","{""meal_type"": ""dessert"", ""cuisines"": [], ""content_type"": ""food_spot"", ""location"": {""name"": ""Atlanta, Georgia"", ""slug"": null}, ""signals"": {""meal_evidence"": {""embedding_label"": ""snack"", ""embedding_similarity"": 0.422, ""baseline_label"": ""dessert"", ""baseline_confidence"": 0.85, ""override"": false, ""reason"": ""embedding_disagrees_but_baseline_sufficient""}, ""cuisine_evidence"": {""embedding_cuisines"": [], ""embedding_similarities"": {}, ""baseline_cuisines"": [], ""newly_detected"": [], ""removed"": [], ""reason"": ""no_strong_embedding_matches_keep_baseline""}, ""content_evidence"": {""embedding_label"": ""food_spot"", ""embedding_similarity"": 0.299, ""second_label"": ""event"", ""second_similarity"": 0.222, ""margin"": 0.077, ""baseline_label"": ""food_spot"", ""baseline_confidence"": 0.85, ""override"": false, ""reason"": ""weak_embedding_match_keep_baseline""}}, ""metadata"": {""hashtags"": [""birthdayswithedible"", ""ediblepartner""], ""mentions"": [""ediblearrangements""], ""refined_from"": ""rules-food-events-v1""}, ""refinement"": {""meal_type_evidence"": {""embedding_label"": ""snack"", ""embedding_similarity"": 0.422, ""baseline_label"": ""dessert"", ""baseline_confidence"": 0.85, ""override"": false, ""reason"": ""embedding_disagrees_but_baseline_sufficient""}, ""cuisine_evidence"": {""embedding_cuisines"": [], ""embedding_similarities"": {}, ""baseline_cuisines"": [], ""newly_detected"": [], ""removed"": [], ""reason"": ""no_strong_embedding_matches_keep_baseline""}, ""content_type_evidence"": {""embedding_label"": ""food_spot"", ""embedding_similarity"": 0.299, ""second_label"": ""event"", ""second_similarity"": 0.222, ""margin"": 0.077, ""baseline_label"": ""food_spot"", ""baseline_confidence"": 0.85, ""override"": false, ""reason"": ""weak_embedding_match_keep_baseline""}, ""needs_review"": false, ""category_adjustment_reason"": ""none""}}",dessert,dessert,food_spot,food_spot,,,False,none,https://www.instagram.com/p/DBgcnvTxRu2/,,dessert,food_spot,TRUE,matched
3390246066565119106,https://www.instagram.com/p/C8MktXSx3yC/,event,0.85,event,0.744,CONFIDENCE_UPDATED,-0.106,"{""meal_type"": ""drinks"", ""cuisines"": [], ""content_type"": ""event"", ""location"": {""name"": ""Atlanta, Georgia"", ""slug"": ""atlanta-georgia""}, ""signals"": {""meal_evidence"": {""drinks"": [""cocktail"", ""drink"", ""drinks""]}, ""cuisine_evidence"": {}, ""content_evidence"": {""event"": [""event"", ""market""]}}, ""metadata"": {""hashtags"": [""atlantafood"", ""atleats"", ""atlfoodie"", ""atlmarket""], ""mentions"": [""atllovesmo"", ""blameitonthealcohall"", ""chefsmarketatl"", ""prattpullmandistrict""], ""likes"": 32308, ""comments"": 203, ""video_views"": 177669}}","{""meal_type"": ""drinks"", ""cuisines"": [""american""], ""content_type"": ""event"", ""location"": {""name"": ""Atlanta, Georgia"", ""slug"": null}, ""signals"": {""meal_evidence"": {""embedding_label"": ""snack"", ""embedding_similarity"": 0.363, ""baseline_label"": ""drinks"", ""baseline_confidence"": 0.85, ""override"": false, ""reason"": ""embedding_disagrees_but_baseline_sufficient""}, ""cuisine_evidence"": {""embedding_cuisines"": [""american""], ""embedding_similarities"": {""american"": 0.403}, ""baseline_cuisines"": [], ""newly_detected"": [""american""], ""removed"": [], ""reason"": ""embedding_refined_cuisine_list""}, ""content_evidence"": {""embedding_label"": ""food_spot"", ""embedding_similarity"": 0.461, ""second_label"": ""event"", ""second_similarity"": 0.35, ""margin"": 0.111, ""baseline_label"": ""event"", ""baseline_confidence"": 0.85, ""override"": false, ""reason"": ""embedding_disagrees_but_baseline_acceptable""}}, ""metadata"": {""hashtags"": [""atlantafood"", ""atleats"", ""atlfoodie"", ""atlmarket""], ""mentions"": [""atllovesmo"", ""blameitonthealcohall"", ""chefsmarketatl"", ""prattpullmandistrict""], ""refined_from"": ""rules-food-events-v1""}, ""refinement"": {""meal_type_evidence"": {""embedding_label"": ""snack"", ""embedding_similarity"": 0.363, ""baseline_label"": ""drinks"", ""baseline_confidence"": 0.85, ""override"": false, ""reason"": ""embedding_disagrees_but_baseline_sufficient""}, ""cuisine_evidence"": {""embedding_cuisines"": [""american""], ""embedding_similarities"": {""american"": 0.403}, ""baseline_cuisines"": [], ""newly_detected"": [""american""], ""removed"": [], ""reason"": ""embedding_refined_cuisine_list""}, ""content_type_evidence"": {""embedding_label"": ""food_spot"", ""embedding_similarity"": 0.461, ""second_label"": ""event"", ""second_similarity"": 0.35, ""margin"": 0.111, ""baseline_label"": ""event"", ""baseline_confidence"": 0.85, ""override"": false, ""reason"": ""embedding_disagrees_but_baseline_acceptable""}, ""needs_review"": false, ""category_adjustment_reason"": ""none""}}",drinks,drinks,event,event,,american,False,none,https://www.instagram.com/p/C8MktXSx3yC/,,unknown,event,TRUE,matched
3348194738651834132,https://www.instagram.com/p/C53LWAULKcU/,drinks,0.75,drinks,0.675,CONFIDENCE_UPDATED,-0.075,"{""meal_type"": ""drinks"", ""cuisines"": [], ""content_type"": ""activity"", ""location"": {""name"": null, ""slug"": null}, ""signals"": {""meal_evidence"": {""dinner"": [""dinner""], ""drinks"": [""cocktail"", ""cocktails""]}, ""cuisine_evidence"": {}, ""content_evidence"": {""activity"": [""walk""]}}, ""metadata"": {""hashtags"": [""atlantafoodie"", ""atldatenight"", ""atleats"", ""atlrooftop""], ""mentions"": [""atllovesmo"", ""buckheadvillagedistrict"", ""tesseraeatl"", ""thompsonbuckhead"", ""yeppacoatl""], ""likes"": 22789, ""comments"": 139, ""video_views"": 170869}}","{""meal_type"": ""drinks"", ""cuisines"": [], ""content_type"": ""food_spot"", ""location"": {""name"": null, ""slug"": null}, ""signals"": {""meal_evidence"": {""embedding_label"": ""dinner"", ""embedding_similarity"": 0.245, ""baseline_label"": ""drinks"", ""baseline_confidence"": 0.75, ""override"": false, ""reason"": ""weak_embedding_match_keep_baseline""}, ""cuisine_evidence"": {""embedding_cuisines"": [], ""embedding_similarities"": {}, ""baseline_cuisines"": [], ""newly_detected"": [], ""removed"": [], ""reason"": ""no_strong_embedding_matches_keep_baseline""}, ""content_evidence"": {""embedding_label"": ""food_spot"", ""embedding_similarity"": 0.354, ""second_label"": ""activity"", ""second_similarity"": 0.232, ""margin"": 0.122, ""baseline_label"": ""activity"", ""baseline_confidence"": 0.75, ""override"": false, ""reason"": ""weak_embedding_match_keep_baseline""}}, ""metadata"": {""hashtags"": [""atlantafoodie"", ""atldatenight"", ""atleats"", ""atlrooftop""], ""mentions"": [""atllovesmo"", ""buckheadvillagedistrict"", ""tesseraeatl"", ""thompsonbuckhead"", ""yeppacoatl""], ""refined_from"": ""rules-food-events-v1""}, ""refinement"": {""meal_type_evidence"": {""embedding_label"": ""dinner"", ""embedding_similarity"": 0.245, ""baseline_label"": ""drinks"", ""baseline_confidence"": 0.75, ""override"": false, ""reason"": ""weak_embedding_match_keep_baseline""}, ""cuisine_evidence"": {""embedding_cuisines"": [], ""embedding_similarities"": {}, ""baseline_cuisines"": [], ""newly_detected"": [], ""removed"": [], ""reason"": ""no_strong_embedding_matches_keep_baseline""}, ""content_type_evidence"": {""embedding_label"": ""food_spot"", ""embedding_similarity"": 0.354, ""second_label"": ""activity"", ""second_similarity"": 0.232, ""margin"": 0.122, ""baseline_label"": ""activity"", ""baseline_confidence"": 0.75, ""override"": false, ""reason"": ""weak_embedding_match_keep_baseline""}, ""needs_review"": true, ""category_adjustment_reason"": ""activity_to_food_spot_due_food_signals""}}",drinks,drinks,activity,food_spot,,,True,activity_to_food_spot_due_food_signals,https://www.instagram.com/p/C53LWAULKcU/,,drinks,event,TRUE,matched
3160469224732468723,https://www.instagram.com/p/CvcPgPXu6Xz/,event,0.7,event,0.63,CONFIDENCE_UPDATED,-0.07,"{""meal_type"": ""dinner"", ""cuisines"": [], ""content_type"": ""event"", ""location"": {""name"": ""Museum of Illusions - Atlanta"", ""slug"": ""museum-of-illusions-atlanta""}, ""signals"": {""meal_evidence"": {""dinner"": [""date night""], ""drinks"": [""drink""]}, ""cuisine_evidence"": {}, ""content_evidence"": {""event"": [""ticket""]}}, ""metadata"": {""hashtags"": [""atlantafoodie"", ""atldateideas"", ""atldatenight"", ""hosted"", ""moiatlanta"", ""museumofillusions"", ""thingstodoinatlanta""], ""mentions"": [""amerisbankamphitheatre"", ""atlanticstation"", ""atlanticstation."", ""atllovesmo"", ""cadencebankamp"", ""lakewoodamp"", ""livenationatl"", ""museumofillusions_atlanta"", ""paintedduckatl"", ""paintedpickleatl"", ""thepaintedpinatl"", ""tickpick""], ""likes"": 27575, ""comments"": 90, ""video_views"": 169369}}","{""meal_type"": ""dinner"", ""cuisines"": [], ""content_type"": ""event"", ""location"": {""name"": ""Museum of Illusions - Atlanta"", ""slug"": null}, ""signals"": {""meal_evidence"": {""embedding_label"": ""dinner"", ""embedding_similarity"": 0.24, ""baseline_label"": ""dinner"", ""baseline_confidence"": 0.7, ""override"": false, ""reason"": ""weak_embedding_match_keep_baseline""}, ""cuisine_evidence"": {""embedding_cuisines"": [], ""embedding_similarities"": {}, ""baseline_cuisines"": [], ""newly_detected"": [], ""removed"": [], ""reason"": ""no_strong_embedding_matches_keep_baseline""}, ""content_evidence"": {""embedding_label"": ""activity"", ""embedding_similarity"": 0.398, ""second_label"": ""food_spot"", ""second_similarity"": 0.302, ""margin"": 0.096, ""baseline_label"": ""event"", ""baseline_confidence"": 0.7, ""override"": false, ""reason"": ""weak_embedding_match_keep_baseline""}}, ""metadata"": {""hashtags"": [""atlantafoodie"", ""atldateideas"", ""atldatenight"", ""hosted"", ""moiatlanta"", ""museumofillusions"", ""thingstodoinatlanta""], ""mentions"": [""amerisbankamphitheatre"", ""atlanticstation"", ""atlanticstation."", ""atllovesmo"", ""cadencebankamp"", ""lakewoodamp"", ""livenationatl"", ""museumofillusions_atlanta"", ""paintedduckatl"", ""paintedpickleatl"", ""thepaintedpinatl"", ""tickpick""], ""refined_from"": ""rules-food-events-v1""}, ""refinement"": {""meal_type_evidence"": {""embedding_label"": ""dinner"", ""embedding_similarity"": 0.24, ""baseline_label"": ""dinner"", ""baseline_confidence"": 0.7, ""override"": false, ""reason"": ""weak_embedding_match_keep_baseline""}, ""cuisine_evidence"": {""embedding_cuisines"": [], ""embedding_similarities"": {}, ""baseline_cuisines"": [], ""newly_detected"": [], ""removed"": [], ""reason"": ""no_strong_embedding_matches_keep_baseline""}, ""content_type_evidence"": {""embedding_label"": ""activity"", ""embedding_similarity"": 0.398, ""second_label"": ""food_spot"", ""second_similarity"": 0.302, ""margin"": 0.096, ""baseline_label"": ""event"", ""baseline_confidence"": 0.7, ""override"": false, ""reason"": ""weak_embedding_match_keep_baseline""}, ""needs_review"": true, ""category_adjustment_reason"": ""none""}}",dinner,dinner,event,event,,,True,none,https://www.instagram.com/p/CvcPgPXu6Xz/,,unknown,event,TRUE,matched
3133685587106958329,https://www.instagram.com/p/Ct9FnBBRYv5/,drinks,0.95,drinks,0.887,CONFIDENCE_UPDATED,-0.063,"{""meal_type"": ""drinks"", ""cuisines"": [], ""content_type"": ""food_spot"", ""location"": {""name"": ""Georgia Beer Garden"", ""slug"": ""georgia-beer-garden""}, ""signals"": {""meal_evidence"": {""drinks"": [""beer"", ""bar"", ""drink"", ""drinks""]}, ""cuisine_evidence"": {}, ""content_evidence"": {""food_spot"": [""location_present""]}}, ""metadata"": {""hashtags"": [""atlantabars"", ""atlantafoodie"", ""atlbar"", ""atlspeakeasy""], ""mentions"": [""atllovesmo"", ""gabeergarden"", ""mambozombi""], ""likes"": 18764, ""comments"": 144, ""video_views"": 168107}}","{""meal_type"": ""drinks"", ""cuisines"": [], ""content_type"": ""food_spot"", ""location"": {""name"": ""Georgia Beer Garden"", ""slug"": null}, ""signals"": {""meal_evidence"": {""embedding_label"": ""drinks"", ""embedding_similarity"": 0.315, ""baseline_label"": ""drinks"", ""baseline_confidence"": 0.95, ""override"": false, ""reason"": ""embedding_agrees_boost_baseline""}, ""cuisine_evidence"": {""embedding_cuisines"": [], ""embedding_similarities"": {}, ""baseline_cuisines"": [], ""newly_detected"": [], ""removed"": [], ""reason"": ""no_strong_embedding_matches_keep_baseline""}, ""content_evidence"": {""embedding_label"": ""food_spot"", ""embedding_similarity"": 0.284, ""second_label"": ""event"", ""second_similarity"": 0.248, ""margin"": 0.036, ""baseline_label"": ""food_spot"", ""baseline_confidence"": 0.95, ""override"": false, ""reason"": ""weak_embedding_match_keep_baseline""}}, ""metadata"": {""hashtags"": [""atlantabars"", ""atlantafoodie"", ""atlbar"", ""atlspeakeasy""], ""mentions"": [""atllovesmo"", ""gabeergarden"", ""mambozombi""], ""refined_from"": ""rules-food-events-v1""}, ""refinement"": {""meal_type_evidence"": {""embedding_label"": ""drinks"", ""embedding_similarity"": 0.315, ""baseline_label"": ""drinks"", ""baseline_confidence"": 0.95, ""override"": false, ""reason"": ""embedding_agrees_boost_baseline""}, ""cuisine_evidence"": {""embedding_cuisines"": [], ""embedding_similarities"": {}, ""baseline_cuisines"": [], ""newly_detected"": [], ""removed"": [], ""reason"": ""no_strong_embedding_matches_keep_baseline""}, ""content_type_evidence"": {""embedding_label"": ""food_spot"", ""embedding_similarity"": 0.284, ""second_label"": ""event"", ""second_similarity"": 0.248, ""margin"": 0.036, ""baseline_label"": ""food_spot"", ""baseline_confidence"": 0.95, ""override"": false, ""reason"": ""weak_embedding_match_keep_baseline""}, ""needs_review"": false, ""category_adjustment_reason"": ""none""}}",drinks,drinks,food_spot,food_spot,,,False,none,https://www.instagram.com/p/Ct9FnBBRYv5/,,drinks,event,TRUE,matched
3469969775537407719,https://www.instagram.com/p/DAnzyBMP8bn/,drinks,0.95,drinks,0.888,CONFIDENCE_UPDATED,-0.062,"{""meal_type"": ""drinks"", ""cuisines"": [""mexican""], ""content_type"": ""food_spot"", ""location"": {""name"": ""Atlanta, Georgia"", ""slug"": ""atlanta-georgia""}, ""signals"": {""meal_evidence"": {""dinner"": [""date night""], ""drinks"": [""cocktail"", ""cocktails"", ""bar"", ""tequila"", ""shot"", ""shots""]}, ""cuisine_evidence"": {""mexican"": [""taco"", ""birria""]}, ""content_evidence"": {""food_spot"": [""location_present""]}}, ""metadata"": {""hashtags"": [""atlblog"", ""atldatenight"", ""atleats"", ""atlfoodie"", ""rrealtacos""], ""mentions"": [""rrealtacos""], ""likes"": 24869, ""comments"": 182, ""video_views"": 165144}}","{""meal_type"": ""drinks"", ""cuisines"": [""mexican""], ""content_type"": ""food_spot"", ""location"": {""name"": ""Atlanta, Georgia"", ""slug"": null}, ""signals"": {""meal_evidence"": {""embedding_label"": ""drinks"", ""embedding_similarity"": 0.369, ""baseline_label"": ""drinks"", ""baseline_confidence"": 0.95, ""override"": false, ""reason"": ""embedding_agrees_boost_baseline""}, ""cuisine_evidence"": {""embedding_cuisines"": [], ""embedding_similarities"": {}, ""baseline_cuisines"": [""mexican""], ""newly_detected"": [], ""removed"": [""mexican""], ""reason"": ""no_strong_embedding_matches_keep_baseline""}, ""content_evidence"": {""embedding_label"": ""food_spot"", ""embedding_similarity"": 0.291, ""second_label"": ""activity"", ""second_similarity"": 0.248, ""margin"": 0.043, ""baseline_label"": ""food_spot"", ""baseline_confidence"": 0.95, ""override"": false, ""reason"": ""weak_embedding_match_keep_baseline""}}, ""metadata"": {""hashtags"": [""atlblog"", ""atldatenight"", ""atleats"", ""atlfoodie"", ""rrealtacos""], ""mentions"": [""rrealtacos""], ""refined_from"": ""rules-food-events-v1""}, ""refinement"": {""meal_type_evidence"": {""embedding_label"": ""drinks"", ""embedding_similarity"": 0.369, ""baseline_label"": ""drinks"", ""baseline_confidence"": 0.95, ""override"": false, ""reason"": ""embedding_agrees_boost_baseline""}, ""cuisine_evidence"": {""embedding_cuisines"": [], ""embedding_similarities"": {}, ""baseline_cuisines"": [""mexican""], ""newly_detected"": [], ""removed"": [""mexican""], ""reason"": ""no_strong_embedding_matches_keep_baseline""}, ""content_type_evidence"": {""embedding_label"": ""food_spot"", ""embedding_similarity"": 0.291, ""second_label"": ""activity"", ""second_similarity"": 0.248, ""margin"": 0.043, ""baseline_label"": ""food_spot"", ""baseline_confidence"": 0.95, ""override"": false, ""reason"": ""weak_embedding_match_keep_baseline""}, ""needs_review"": false, ""category_adjustment_reason"": ""none""}}",drinks,drinks,food_spot,food_spot,mexican,mexican,False,none,https://www.instagram.com/p/DAnzyBMP8bn/,,drinks,food_spot,TRUE,matched
3269980823997859116,https://www.instagram.com/p/C1hTjv8u0Us/,drinks,0.95,drinks,0.866,CONFIDENCE_UPDATED,-0.084,"{""meal_type"": ""drinks"", ""cuisines"": [""seafood""], ""content_type"": ""food_spot"", ""location"": {""name"": ""Atlanta, Georgia"", ""slug"": ""atlanta-georgia""}, ""signals"": {""meal_evidence"": {""dinner"": [""dinner"", ""date night""], ""drinks"": [""cocktail"", ""cocktails"", ""bar"", ""margarita"", ""tequila"", ""gin""]}, ""cuisine_evidence"": {""seafood"": [""lobster""]}, ""content_evidence"": {""food_spot"": [""location_present""]}}, ""metadata"": {""hashtags"": [""atlantafoodie"", ""atldatenight"", ""atleats""], ""mentions"": [""atllovesmo"", ""chicheriamx"", ""cookingwithashkan"", ""theworksatl"", ""verdureatlanta"", ""yalda.atl""], ""likes"": 23482, ""comments"": 109, ""video_views"": 162283}}","{""meal_type"": ""drinks"", ""cuisines"": [""mexican""], ""content_type"": ""food_spot"", ""location"": {""name"": ""Atlanta, Georgia"", ""slug"": null}, ""signals"": {""meal_evidence"": {""embedding_label"": ""dinner"", ""embedding_similarity"": 0.523, ""baseline_label"": ""drinks"", ""baseline_confidence"": 0.95, ""override"": false, ""reason"": ""embedding_disagrees_but_baseline_sufficient""}, ""cuisine_evidence"": {""embedding_cuisines"": [""mexican""], ""embedding_similarities"": {""mexican"": 0.42}, ""baseline_cuisines"": [""seafood""], ""newly_detected"": [""mexican""], ""removed"": [""seafood""], ""reason"": ""embedding_refined_cuisine_list""}, ""content_evidence"": {""embedding_label"": ""food_spot"", ""embedding_similarity"": 0.455, ""second_label"": ""mixed"", ""second_similarity"": 0.315, ""margin"": 0.139, ""baseline_label"": ""food_spot"", ""baseline_confidence"": 0.95, ""override"": false, ""reason"": ""embedding_agrees_boost_baseline""}}, ""metadata"": {""hashtags"": [""atlantafoodie"", ""atldatenight"", ""atleats""], ""mentions"": [""atllovesmo"", ""chicheriamx"", ""cookingwithashkan"", ""theworksatl"", ""verdureatlanta"", ""yalda.atl""], ""refined_from"": ""rules-food-events-v1""}, ""refinement"": {""meal_type_evidence"": {""embedding_label"": ""dinner"", ""embedding_similarity"": 0.523, ""baseline_label"": ""drinks"", ""baseline_confidence"": 0.95, ""override"": false, ""reason"": ""embedding_disagrees_but_baseline_sufficient""}, ""cuisine_evidence"": {""embedding_cuisines"": [""mexican""], ""embedding_similarities"": {""mexican"": 0.42}, ""baseline_cuisines"": [""seafood""], ""newly_detected"": [""mexican""], ""removed"": [""seafood""], ""reason"": ""embedding_refined_cuisine_list""}, ""content_type_evidence"": {""embedding_label"": ""food_spot"", ""embedding_similarity"": 0.455, ""second_label"": ""mixed"", ""second_similarity"": 0.315, ""margin"": 0.139, ""baseline_label"": ""food_spot"", ""baseline_confidence"": 0.95, ""override"": false, ""reason"": ""embedding_agrees_boost_baseline""}, ""needs_review"": false, ""category_adjustment_reason"": ""none""}}",drinks,drinks,food_spot,food_spot,seafood,mexican,False,none,https://www.instagram.com/p/C1hTjv8u0Us/,american|mexican|persian,dinner,food_spot,TRUE,matched
3340252016733353523,https://www.instagram.com/p/C5a9YMFrHYz/,drinks,0.85,drinks,0.744,CONFIDENCE_UPDATED,-0.106,"{""meal_type"": ""drinks"", ""cuisines"": [""italian"", ""seafood""], ""content_type"": ""activity"", ""location"": {""name"": null, ""slug"": null}, ""signals"": {""meal_evidence"": {""dinner"": [""dinner"", ""date night""], ""drinks"": [""cocktail"", ""cocktails"", ""gin""]}, ""cuisine_evidence"": {""italian"": [""pasta""], ""seafood"": [""lobster""]}, ""content_evidence"": {""activity"": [""show"", ""park""]}}, ""metadata"": {""hashtags"": [""atlantafoodie"", ""atldatenight"", ""atleats"", ""atlfoodie""], ""mentions"": [""flashsquaddancers."", ""tulumatl""], ""likes"": 21819, ""comments"": 174, ""video_views"": 160220}}","{""meal_type"": ""drinks"", ""cuisines"": [""american""], ""content_type"": ""food_spot"", ""location"": {""name"": null, ""slug"": null}, ""signals"": {""meal_evidence"": {""embedding_label"": ""dinner"", ""embedding_similarity"": 0.421, ""baseline_label"": ""drinks"", ""baseline_confidence"": 0.85, ""override"": false, ""reason"": ""embedding_disagrees_but_baseline_sufficient""}, ""cuisine_evidence"": {""embedding_cuisines"": [""american""], ""embedding_similarities"": {""american"": 0.408}, ""baseline_cuisines"": [""italian"", ""seafood""], ""newly_detected"": [""american""], ""removed"": [""italian"", ""seafood""], ""reason"": ""embedding_refined_cuisine_list""}, ""content_evidence"": {""embedding_label"": ""food_spot"", ""embedding_similarity"": 0.374, ""second_label"": ""mixed"", ""second_similarity"": 0.284, ""margin"": 0.09, ""baseline_label"": ""activity"", ""baseline_confidence"": 0.85, ""override"": false, ""reason"": ""weak_embedding_match_keep_baseline""}}, ""metadata"": {""hashtags"": [""atlantafoodie"", ""atldatenight"", ""atleats"", ""atlfoodie""], ""mentions"": [""flashsquaddancers."", ""tulumatl""], ""refined_from"": ""rules-food-events-v1""}, ""refinement"": {""meal_type_evidence"": {""embedding_label"": ""dinner"", ""embedding_similarity"": 0.421, ""baseline_label"": ""drinks"", ""baseline_confidence"": 0.85, ""override"": false, ""reason"": ""embedding_disagrees_but_baseline_sufficient""}, ""cuisine_evidence"": {""embedding_cuisines"": [""american""], ""embedding_similarities"": {""american"": 0.408}, ""baseline_cuisines"": [""italian"", ""seafood""], ""newly_detected"": [""american""], ""removed"": [""italian"", ""seafood""], ""reason"": ""embedding_refined_cuisine_list""}, ""content_type_evidence"": {""embedding_label"": ""food_spot"", ""embedding_similarity"": 0.374, ""second_label"": ""mixed"", ""second_similarity"": 0.284, ""margin"": 0.09, ""baseline_label"": ""activity"", ""baseline_confidence"": 0.85, ""override"": false, ""reason"": ""weak_embedding_match_keep_baseline""}, ""needs_review"": true, ""category_adjustment_reason"": ""activity_to_food_spot_due_food_signals""}}",drinks,drinks,activity,food_spot,italian|seafood,american,True,activity_to_food_spot_due_food_signals,https://www.instagram.com/p/C5a9YMFrHYz/,mexican,dinner,food_spot,TRUE,matched
3550788921421956926,https://www.instagram.com/p/DFG77YNv4c-/,drinks,0.7,drinks,0.63,CONFIDENCE_UPDATED,-0.07,"{""meal_type"": ""drinks"", ""cuisines"": [], ""content_type"": ""food_spot"", ""location"": {""name"": ""Atlanta, Georgia"", ""slug"": ""atlanta-georgia""}, ""signals"": {""meal_evidence"": {""drinks"": [""bar""]}, ""cuisine_evidence"": {}, ""content_evidence"": {""food_spot"": [""location_present""]}}, ""metadata"": {""hashtags"": [""atlblog"", ""atleats"", ""thingstodoinatlanta""], ""mentions"": [""atllovesmo"", ""mjqofficial"", ""underground_atlanta.""], ""likes"": 25173, ""comments"": 356, ""video_views"": 159154}}","{""meal_type"": ""drinks"", ""cuisines"": [""mexican""], ""content_type"": ""food_spot"", ""location"": {""name"": ""Atlanta, Georgia"", ""slug"": null}, ""signals"": {""meal_evidence"": {""embedding_label"": ""dinner"", ""embedding_similarity"": 0.237, ""baseline_label"": ""drinks"", ""baseline_confidence"": 0.7, ""override"": false, ""reason"": ""weak_embedding_match_keep_baseline""}, ""cuisine_evidence"": {""embedding_cuisines"": [""mexican""], ""embedding_similarities"": {""mexican"": 0.402}, ""baseline_cuisines"": [], ""newly_detected"": [""mexican""], ""removed"": [], ""reason"": ""embedding_refined_cuisine_list""}, ""content_evidence"": {""embedding_label"": ""food_spot"", ""embedding_similarity"": 0.28, ""second_label"": ""activity"", ""second_similarity"": 0.274, ""margin"": 0.006, ""baseline_label"": ""food_spot"", ""baseline_confidence"": 0.7, ""override"": false, ""reason"": ""weak_embedding_match_keep_baseline""}}, ""metadata"": {""hashtags"": [""atlblog"", ""atleats"", ""thingstodoinatlanta""], ""mentions"": [""atllovesmo"", ""mjqofficial"", ""underground_atlanta.""], ""refined_from"": ""rules-food-events-v1""}, ""refinement"": {""meal_type_evidence"": {""embedding_label"": ""dinner"", ""embedding_similarity"": 0.237, ""baseline_label"": ""drinks"", ""baseline_confidence"": 0.7, ""override"": false, ""reason"": ""weak_embedding_match_keep_baseline""}, ""cuisine_evidence"": {""embedding_cuisines"": [""mexican""], ""embedding_similarities"": {""mexican"": 0.402}, ""baseline_cuisines"": [], ""newly_detected"": [""mexican""], ""removed"": [], ""reason"": ""embedding_refined_cuisine_list""}, ""content_type_evidence"": {""embedding_label"": ""food_spot"", ""embedding_similarity"": 0.28, ""second_label"": ""activity"", ""second_similarity"": 0.274, ""margin"": 0.006, ""baseline_label"": ""food_spot"", ""baseline_confidence"": 0.7, ""override"": false, ""reason"": ""weak_embedding_match_keep_baseline""}, ""needs_review"": false, ""category_adjustment_reason"": ""none""}}",drinks,drinks,food_spot,food_spot,,mexican,False,none,https://www.instagram.com/p/DFG77YNv4c-/,,unknown,event	,TRUE,matched
3249653604733787641,https://www.instagram.com/p/C0ZFrxxOZ35/,event,0.95,event,0.889,CONFIDENCE_UPDATED,-0.061,"{""meal_type"": ""drinks"", ""cuisines"": [""italian""], ""content_type"": ""event"", ""location"": {""name"": ""Underground Atlanta"", ""slug"": ""underground-atlanta""}, ""signals"": {""meal_evidence"": {""dinner"": [""date night""], ""drinks"": [""bar"", ""drink"", ""drinks"", ""shot""]}, ""cuisine_evidence"": {""italian"": [""pizza""]}, ""content_evidence"": {""event"": [""popup"", ""ticket""]}}, ""metadata"": {""hashtags"": [""atlantachristmas"", ""atlbars"", ""atlchristmas"", ""atlfoodie"", ""atlpopup""], ""mentions"": [""atllovesmo"", ""bigxpopup"", ""dolospizza.co"", ""future_atlanta"", ""masquerade_atl"", ""thefriskywhiskeratl"", ""thepigalle"", ""underground_atlanta"", ""underground_atlanta."", ""urlocal_ronster""], ""likes"": 19143, ""comments"": 178, ""video_views"": 157232}}","{""meal_type"": ""drinks"", ""cuisines"": [""italian""], ""content_type"": ""event"", ""location"": {""name"": ""Underground Atlanta"", ""slug"": null}, ""signals"": {""meal_evidence"": {""embedding_label"": ""drinks"", ""embedding_similarity"": 0.395, ""baseline_label"": ""drinks"", ""baseline_confidence"": 0.95, ""override"": false, ""reason"": ""embedding_agrees_boost_baseline""}, ""cuisine_evidence"": {""embedding_cuisines"": [], ""embedding_similarities"": {}, ""baseline_cuisines"": [""italian""], ""newly_detected"": [], ""removed"": [""italian""], ""reason"": ""no_strong_embedding_matches_keep_baseline""}, ""content_evidence"": {""embedding_label"": ""event"", ""embedding_similarity"": 0.372, ""second_label"": ""activity"", ""second_similarity"": 0.347, ""margin"": 0.025, ""baseline_label"": ""event"", ""baseline_confidence"": 0.95, ""override"": false, ""reason"": ""weak_embedding_match_keep_baseline""}}, ""metadata"": {""hashtags"": [""atlantachristmas"", ""atlbars"", ""atlchristmas"", ""atlfoodie"", ""atlpopup""], ""mentions"": [""atllovesmo"", ""bigxpopup"", ""dolospizza.co"", ""future_atlanta"", ""masquerade_atl"", ""thefriskywhiskeratl"", ""thepigalle"", ""underground_atlanta"", ""underground_atlanta."", ""urlocal_ronster""], ""refined_from"": ""rules-food-events-v1""}, ""refinement"": {""meal_type_evidence"": {""embedding_label"": ""drinks"", ""embedding_similarity"": 0.395, ""baseline_label"": ""drinks"", ""baseline_confidence"": 0.95, ""override"": false, ""reason"": ""embedding_agrees_boost_baseline""}, ""cuisine_evidence"": {""embedding_cuisines"": [], ""embedding_similarities"": {}, ""baseline_cuisines"": [""italian""], ""newly_detected"": [], ""removed"": [""italian""], ""reason"": ""no_strong_embedding_matches_keep_baseline""}, ""content_type_evidence"": {""embedding_label"": ""event"", ""embedding_similarity"": 0.372, ""second_label"": ""activity"", ""second_similarity"": 0.347, ""margin"": 0.025, ""baseline_label"": ""event"", ""baseline_confidence"": 0.95, ""override"": false, ""reason"": ""weak_embedding_match_keep_baseline""}, ""needs_review"": false, ""category_adjustment_reason"": ""none""}}",drinks,drinks,event,event,italian,italian,False,none,https://www.instagram.com/p/C0ZFrxxOZ35/,,drinks,event	,TRUE,matched
3132275621619144153,https://www.instagram.com/p/Ct4FBUVOZXZ/,event,0.75,event,0.675,CONFIDENCE_UPDATED,-0.075,"{""meal_type"": ""drinks"", ""cuisines"": [], ""content_type"": ""event"", ""location"": {""name"": ""West End"", ""slug"": ""west-end""}, ""signals"": {""meal_evidence"": {""drinks"": [""bar"", ""drink""]}, ""cuisine_evidence"": {}, ""content_evidence"": {""event"": [""event""]}}, ""metadata"": {""hashtags"": [""atlanta"", ""atlantafoodie"", ""atldrink"", ""atlfood"", ""atlfoodie"", ""atlwestend""], ""mentions"": [""aswdistillery"", ""atllovesmo"", ""leandrafthouse"", ""mondaynightgarage""], ""likes"": 11099, ""comments"": 127, ""video_views"": 150967}}","{""meal_type"": ""drinks"", ""cuisines"": [], ""content_type"": ""event"", ""location"": {""name"": ""West End"", ""slug"": null}, ""signals"": {""meal_evidence"": {""embedding_label"": ""dinner"", ""embedding_similarity"": 0.254, ""baseline_label"": ""drinks"", ""baseline_confidence"": 0.75, ""override"": false, ""reason"": ""weak_embedding_match_keep_baseline""}, ""cuisine_evidence"": {""embedding_cuisines"": [], ""embedding_similarities"": {}, ""baseline_cuisines"": [], ""newly_detected"": [], ""removed"": [], ""reason"": ""no_strong_embedding_matches_keep_baseline""}, ""content_evidence"": {""embedding_label"": ""food_spot"", ""embedding_similarity"": 0.335, ""second_label"": ""activity"", ""second_similarity"": 0.26, ""margin"": 0.075, ""baseline_label"": ""event"", ""baseline_confidence"": 0.75, ""override"": false, ""reason"": ""weak_embedding_match_keep_baseline""}}, ""metadata"": {""hashtags"": [""atlanta"", ""atlantafoodie"", ""atldrink"", ""atlfood"", ""atlfoodie"", ""atlwestend""], ""mentions"": [""aswdistillery"", ""atllovesmo"", ""leandrafthouse"", ""mondaynightgarage""], ""refined_from"": ""rules-food-events-v1""}, ""refinement"": {""meal_type_evidence"": {""embedding_label"": ""dinner"", ""embedding_similarity"": 0.254, ""baseline_label"": ""drinks"", ""baseline_confidence"": 0.75, ""override"": false, ""reason"": ""weak_embedding_match_keep_baseline""}, ""cuisine_evidence"": {""embedding_cuisines"": [], ""embedding_similarities"": {}, ""baseline_cuisines"": [], ""newly_detected"": [], ""removed"": [], ""reason"": ""no_strong_embedding_matches_keep_baseline""}, ""content_type_evidence"": {""embedding_label"": ""food_spot"", ""embedding_similarity"": 0.335, ""second_label"": ""activity"", ""second_similarity"": 0.26, ""margin"": 0.075, ""baseline_label"": ""event"", ""baseline_confidence"": 0.75, ""override"": false, ""reason"": ""weak_embedding_match_keep_baseline""}, ""needs_review"": true, ""category_adjustment_reason"": ""none""}}",drinks,drinks,event,event,,,True,none,https://www.instagram.com/p/Ct4FBUVOZXZ/,,unknown,event	,TRUE,matched
3741063647302113035,https://www.instagram.com/p/DPq7ZDzkdcL/,dinner,0.7,dinner,0.63,CONFIDENCE_UPDATED,-0.07,"{""meal_type"": ""dinner"", ""cuisines"": [], ""content_type"": ""food_spot"", ""location"": {""name"": ""Atlanta, Georgia"", ""slug"": ""atlanta-georgia""}, ""signals"": {""meal_evidence"": {""dinner"": [""date night""]}, ""cuisine_evidence"": {}, ""content_evidence"": {""food_spot"": [""location_present""]}}, ""metadata"": {""hashtags"": [""atlblog"", ""atldatenight"", ""highmuseumofart""], ""mentions"": [""highmuseumofart""], ""likes"": 24136, ""comments"": 246, ""video_views"": 149111}}","{""meal_type"": ""dinner"", ""cuisines"": [], ""content_type"": ""food_spot"", ""location"": {""name"": ""Atlanta, Georgia"", ""slug"": null}, ""signals"": {""meal_evidence"": {""embedding_label"": ""drinks"", ""embedding_similarity"": 0.169, ""baseline_label"": ""dinner"", ""baseline_confidence"": 0.7, ""override"": false, ""reason"": ""weak_embedding_match_keep_baseline""}, ""cuisine_evidence"": {""embedding_cuisines"": [], ""embedding_similarities"": {}, ""baseline_cuisines"": [], ""newly_detected"": [], ""removed"": [], ""reason"": ""no_strong_embedding_matches_keep_baseline""}, ""content_evidence"": {""embedding_label"": ""activity"", ""embedding_similarity"": 0.377, ""second_label"": ""event"", ""second_similarity"": 0.25, ""margin"": 0.127, ""baseline_label"": ""food_spot"", ""baseline_confidence"": 0.7, ""override"": false, ""reason"": ""weak_embedding_match_keep_baseline""}}, ""metadata"": {""hashtags"": [""atlblog"", ""atldatenight"", ""highmuseumofart""], ""mentions"": [""highmuseumofart""], ""refined_from"": ""rules-food-events-v1""}, ""refinement"": {""meal_type_evidence"": {""embedding_label"": ""drinks"", ""embedding_similarity"": 0.169, ""baseline_label"": ""dinner"", ""baseline_confidence"": 0.7, ""override"": false, ""reason"": ""weak_embedding_match_keep_baseline""}, ""cuisine_evidence"": {""embedding_cuisines"": [], ""embedding_similarities"": {}, ""baseline_cuisines"": [], ""newly_detected"": [], ""removed"": [], ""reason"": ""no_strong_embedding_matches_keep_baseline""}, ""content_type_evidence"": {""embedding_label"": ""activity"", ""embedding_similarity"": 0.377, ""second_label"": ""event"", ""second_similarity"": 0.25, ""margin"": 0.127, ""baseline_label"": ""food_spot"", ""baseline_confidence"": 0.7, ""override"": false, ""reason"": ""weak_embedding_match_keep_baseline""}, ""needs_review"": true, ""category_adjustment_reason"": ""none""}}",dinner,dinner,food_spot,food_spot,,,True,none,https://www.instagram.com/p/DPq7ZDzkdcL/,,unknown,event	,TRUE,matched
3137257350486105472,https://www.instagram.com/p/CuJxvA4tR2A/,event,0.7,event,0.63,CONFIDENCE_UPDATED,-0.07,"{""meal_type"": ""unknown"", ""cuisines"": [], ""content_type"": ""event"", ""location"": {""name"": ""Atlanta, Georgia"", ""slug"": ""atlanta-georgia""}, ""signals"": {""meal_evidence"": {}, ""cuisine_evidence"": {}, ""content_evidence"": {""event"": [""event""]}}, ""metadata"": {""hashtags"": [""atlantablog"", ""atlevents"", ""atlhost"", ""atlpoolparty"", ""electricevents""], ""mentions"": [""atlantacreativemedia"", ""atllovesmo"", ""eastsideswimandsocial"", ""electriceventsatl"", ""electrichospitality""], ""likes"": 9719, ""comments"": 80, ""video_views"": 147832}}","{""meal_type"": ""unknown"", ""cuisines"": [], ""content_type"": ""event"", ""location"": {""name"": ""Atlanta, Georgia"", ""slug"": null}, ""signals"": {""meal_evidence"": {""embedding_label"": ""drinks"", ""embedding_similarity"": 0.192, ""baseline_label"": ""unknown"", ""baseline_confidence"": 0.7, ""override"": false, ""reason"": ""weak_embedding_match_keep_baseline""}, ""cuisine_evidence"": {""embedding_cuisines"": [], ""embedding_similarities"": {}, ""baseline_cuisines"": [], ""newly_detected"": [], ""removed"": [], ""reason"": ""no_strong_embedding_matches_keep_baseline""}, ""content_evidence"": {""embedding_label"": ""food_spot"", ""embedding_similarity"": 0.33, ""second_label"": ""event"", ""second_similarity"": 0.306, ""margin"": 0.024, ""baseline_label"": ""event"", ""baseline_confidence"": 0.7, ""override"": false, ""reason"": ""weak_embedding_match_keep_baseline""}}, ""metadata"": {""hashtags"": [""atlantablog"", ""atlevents"", ""atlhost"", ""atlpoolparty"", ""electricevents""], ""mentions"": [""atlantacreativemedia"", ""atllovesmo"", ""eastsideswimandsocial"", ""electriceventsatl"", ""electrichospitality""], ""refined_from"": ""rules-food-events-v1""}, ""refinement"": {""meal_type_evidence"": {""embedding_label"": ""drinks"", ""embedding_similarity"": 0.192, ""baseline_label"": ""unknown"", ""baseline_confidence"": 0.7, ""override"": false, ""reason"": ""weak_embedding_match_keep_baseline""}, ""cuisine_evidence"": {""embedding_cuisines"": [], ""embedding_similarities"": {}, ""baseline_cuisines"": [], ""newly_detected"": [], ""removed"": [], ""reason"": ""no_strong_embedding_matches_keep_baseline""}, ""content_type_evidence"": {""embedding_label"": ""food_spot"", ""embedding_similarity"": 0.33, ""second_label"": ""event"", ""second_similarity"": 0.306, ""margin"": 0.024, ""baseline_label"": ""event"", ""baseline_confidence"": 0.7, ""override"": false, ""reason"": ""weak_embedding_match_keep_baseline""}, ""needs_review"": true, ""category_adjustment_reason"": ""none""}}",unknown,unknown,event,event,,,True,none,https://www.instagram.com/p/CuJxvA4tR2A/,,unknown,event	,TRUE,matched
3594000529908568046,https://www.instagram.com/p/DHgdHCrxA_u/,event,0.75,event,0.675,CONFIDENCE_UPDATED,-0.075,"{""meal_type"": ""drinks"", ""cuisines"": [], ""content_type"": ""event"", ""location"": {""name"": ""Atlanta, Georgia"", ""slug"": ""atlanta-georgia""}, ""signals"": {""meal_evidence"": {""dinner"": [""date night""], ""drinks"": [""drink"", ""drinks""]}, ""cuisine_evidence"": {}, ""content_evidence"": {""event"": [""event""]}}, ""metadata"": {""hashtags"": [""atlblog"", ""atldatenight"", ""thingstodoinatlanta""], ""mentions"": [""atllovesmo"", ""elijahakeem_tattoos"", ""inkorporated.tattoos"", ""official_drinkandink"", ""thebeaconlive""], ""likes"": 24285, ""comments"": 139, ""video_views"": 145576}}","{""meal_type"": ""drinks"", ""cuisines"": [], ""content_type"": ""event"", ""location"": {""name"": ""Atlanta, Georgia"", ""slug"": null}, ""signals"": {""meal_evidence"": {""embedding_label"": ""drinks"", ""embedding_similarity"": 0.276, ""baseline_label"": ""drinks"", ""baseline_confidence"": 0.75, ""override"": false, ""reason"": ""weak_embedding_match_keep_baseline""}, ""cuisine_evidence"": {""embedding_cuisines"": [], ""embedding_similarities"": {}, ""baseline_cuisines"": [], ""newly_detected"": [], ""removed"": [], ""reason"": ""no_strong_embedding_matches_keep_baseline""}, ""content_evidence"": {""embedding_label"": ""activity"", ""embedding_similarity"": 0.211, ""second_label"": ""food_spot"", ""second_similarity"": 0.204, ""margin"": 0.007, ""baseline_label"": ""event"", ""baseline_confidence"": 0.75, ""override"": false, ""reason"": ""weak_embedding_match_keep_baseline""}}, ""metadata"": {""hashtags"": [""atlblog"", ""atldatenight"", ""thingstodoinatlanta""], ""mentions"": [""atllovesmo"", ""elijahakeem_tattoos"", ""inkorporated.tattoos"", ""official_drinkandink"", ""thebeaconlive""], ""refined_from"": ""rules-food-events-v1""}, ""refinement"": {""meal_type_evidence"": {""embedding_label"": ""drinks"", ""embedding_similarity"": 0.276, ""baseline_label"": ""drinks"", ""baseline_confidence"": 0.75, ""override"": false, ""reason"": ""weak_embedding_match_keep_baseline""}, ""cuisine_evidence"": {""embedding_cuisines"": [], ""embedding_similarities"": {}, ""baseline_cuisines"": [], ""newly_detected"": [], ""removed"": [], ""reason"": ""no_strong_embedding_matches_keep_baseline""}, ""content_type_evidence"": {""embedding_label"": ""activity"", ""embedding_similarity"": 0.211, ""second_label"": ""food_spot"", ""second_similarity"": 0.204, ""margin"": 0.007, ""baseline_label"": ""event"", ""baseline_confidence"": 0.75, ""override"": false, ""reason"": ""weak_embedding_match_keep_baseline""}, ""needs_review"": true, ""category_adjustment_reason"": ""none""}}",drinks,drinks,event,event,,,True,none,https://www.instagram.com/p/DHgdHCrxA_u/,,drinks,event	,TRUE,matched
3144020926562862336,https://www.instagram.com/p/Cuhzl_-LIUA/,drinks,0.75,drinks,0.675,CONFIDENCE_UPDATED,-0.075,"{""meal_type"": ""drinks"", ""cuisines"": [""american""], ""content_type"": ""food_spot"", ""location"": {""name"": ""Atlanta, Georgia"", ""slug"": ""atlanta-georgia""}, ""signals"": {""meal_evidence"": {""dinner"": [""date night""], ""drinks"": [""drink"", ""drinks""]}, ""cuisine_evidence"": {""american"": [""burger""]}, ""content_evidence"": {""food_spot"": [""location_present""]}}, ""metadata"": {""hashtags"": [""atl"", ""atlanta"", ""atldatenight"", ""whattodoinatlanta""], ""mentions"": [""atllovesmo"", ""bansheelatenight"", ""fultonpublicart"", ""heartbreakers.atl"", ""revery_vr"", ""screamin_weenies_eav"", ""underground_atlanta""], ""likes"": 14573, ""comments"": 80, ""video_views"": 145521}}","{""meal_type"": ""drinks"", ""cuisines"": [""american""], ""content_type"": ""food_spot"", ""location"": {""name"": ""Atlanta, Georgia"", ""slug"": null}, ""signals"": {""meal_evidence"": {""embedding_label"": ""dinner"", ""embedding_similarity"": 0.282, ""baseline_label"": ""drinks"", ""baseline_confidence"": 0.75, ""override"": false, ""reason"": ""weak_embedding_match_keep_baseline""}, ""cuisine_evidence"": {""embedding_cuisines"": [], ""embedding_similarities"": {}, ""baseline_cuisines"": [""american""], ""newly_detected"": [], ""removed"": [""american""], ""reason"": ""no_strong_embedding_matches_keep_baseline""}, ""content_evidence"": {""embedding_label"": ""event"", ""embedding_similarity"": 0.285, ""second_label"": ""food_spot"", ""second_similarity"": 0.279, ""margin"": 0.006, ""baseline_label"": ""food_spot"", ""baseline_confidence"": 0.75, ""override"": false, ""reason"": ""weak_embedding_match_keep_baseline""}}, ""metadata"": {""hashtags"": [""atl"", ""atlanta"", ""atldatenight"", ""whattodoinatlanta""], ""mentions"": [""atllovesmo"", ""bansheelatenight"", ""fultonpublicart"", ""heartbreakers.atl"", ""revery_vr"", ""screamin_weenies_eav"", ""underground_atlanta""], ""refined_from"": ""rules-food-events-v1""}, ""refinement"": {""meal_type_evidence"": {""embedding_label"": ""dinner"", ""embedding_similarity"": 0.282, ""baseline_label"": ""drinks"", ""baseline_confidence"": 0.75, ""override"": false, ""reason"": ""weak_embedding_match_keep_baseline""}, ""cuisine_evidence"": {""embedding_cuisines"": [], ""embedding_similarities"": {}, ""baseline_cuisines"": [""american""], ""newly_detected"": [], ""removed"": [""american""], ""reason"": ""no_strong_embedding_matches_keep_baseline""}, ""content_type_evidence"": {""embedding_label"": ""event"", ""embedding_similarity"": 0.285, ""second_label"": ""food_spot"", ""second_similarity"": 0.279, ""margin"": 0.006, ""baseline_label"": ""food_spot"", ""baseline_confidence"": 0.75, ""override"": false, ""reason"": ""weak_embedding_match_keep_baseline""}, ""needs_review"": true, ""category_adjustment_reason"": ""none""}}",drinks,drinks,food_spot,food_spot,american,american,True,none,https://www.instagram.com/p/Cuhzl_-LIUA/,,drinks,event	,TRUE,matched
3301155809403180728,https://www.instagram.com/p/C3QD7fnsZa4/,drinks,0.95,drinks,0.922,CONFIDENCE_UPDATED,-0.028,"{""meal_type"": ""drinks"", ""cuisines"": [""seafood""], ""content_type"": ""food_spot"", ""location"": {""name"": ""Bar Diver"", ""slug"": ""bar-diver""}, ""signals"": {""meal_evidence"": {""breakfast"": [""eggs""], ""dinner"": [""dinner"", ""date night""], ""drinks"": [""cocktail"", ""cocktails"", ""bar"", ""drink"", ""drinks""], ""snack"": [""small bites""]}, ""cuisine_evidence"": {""seafood"": [""shrimp""]}, ""content_evidence"": {""food_spot"": [""location_present""]}}, ""metadata"": {""hashtags"": [""atlanta"", ""atlblog"", ""atldatenight"", ""atleats""], ""mentions"": [""atllovesmo"", ""bardiveratl"", ""girldiveratl"", ""westsidepaper.atl""], ""likes"": 17821, ""comments"": 163, ""video_views"": 144943}}","{""meal_type"": ""drinks"", ""cuisines"": [""seafood""], ""content_type"": ""food_spot"", ""location"": {""name"": ""Bar Diver"", ""slug"": null}, ""signals"": {""meal_evidence"": {""embedding_label"": ""drinks"", ""embedding_similarity"": 0.387, ""baseline_label"": ""drinks"", ""baseline_confidence"": 0.95, ""override"": false, ""reason"": ""embedding_agrees_boost_baseline""}, ""cuisine_evidence"": {""embedding_cuisines"": [], ""embedding_similarities"": {}, ""baseline_cuisines"": [""seafood""], ""newly_detected"": [], ""removed"": [""seafood""], ""reason"": ""no_strong_embedding_matches_keep_baseline""}, ""content_evidence"": {""embedding_label"": ""food_spot"", ""embedding_similarity"": 0.411, ""second_label"": ""event"", ""second_similarity"": 0.215, ""margin"": 0.196, ""baseline_label"": ""food_spot"", ""baseline_confidence"": 0.95, ""override"": false, ""reason"": ""embedding_agrees_boost_baseline""}}, ""metadata"": {""hashtags"": [""atlanta"", ""atlblog"", ""atldatenight"", ""atleats""], ""mentions"": [""atllovesmo"", ""bardiveratl"", ""girldiveratl"", ""westsidepaper.atl""], ""refined_from"": ""rules-food-events-v1""}, ""refinement"": {""meal_type_evidence"": {""embedding_label"": ""drinks"", ""embedding_similarity"": 0.387, ""baseline_label"": ""drinks"", ""baseline_confidence"": 0.95, ""override"": false, ""reason"": ""embedding_agrees_boost_baseline""}, ""cuisine_evidence"": {""embedding_cuisines"": [], ""embedding_similarities"": {}, ""baseline_cuisines"": [""seafood""], ""newly_detected"": [], ""removed"": [""seafood""], ""reason"": ""no_strong_embedding_matches_keep_baseline""}, ""content_type_evidence"": {""embedding_label"": ""food_spot"", ""embedding_similarity"": 0.411, ""second_label"": ""event"", ""second_similarity"": 0.215, ""margin"": 0.196, ""baseline_label"": ""food_spot"", ""baseline_confidence"": 0.95, ""override"": false, ""reason"": ""embedding_agrees_boost_baseline""}, ""needs_review"": false, ""category_adjustment_reason"": ""none""}}",drinks,drinks,food_spot,food_spot,seafood,seafood,False,none,https://www.instagram.com/p/C3QD7fnsZa4/,,drinks,food_spot	,TRUE,matched
3205741585597698751,https://www.instagram.com/p/Cx9FPzDP5K_/,event,0.75,event,0.656,CONFIDENCE_UPDATED,-0.094,"{""meal_type"": ""lunch"", ""cuisines"": [""american"", ""japanese"", ""thai"", ""seafood"", ""bakery""], ""content_type"": ""event"", ""location"": {""name"": ""Atlanta, Georgia"", ""slug"": ""atlanta-georgia""}, ""signals"": {""meal_evidence"": {""lunch"": [""sandwich""]}, ""cuisine_evidence"": {""american"": [""burger"", ""southern""], ""japanese"": [""ramen""], ""thai"": [""thai""], ""seafood"": [""seafood""], ""bakery"": [""bread""]}, ""content_evidence"": {""event"": [""event"", ""market""]}}, ""metadata"": {""hashtags"": [""atlantaeats"", ""atleats"", ""atlfood"", ""atlfoodie""], ""mentions"": [""atlantawestend"", ""atljerkking"", ""atllovesmo"", ""boggssocial"", ""evergreenbutcherandbaker"", ""fraziesmeatandmarket"", ""fripperssausages"", ""kirkwoodneighbors"", ""myahsenpai"", ""riversideatl"", ""senpainoodlesupply"", ""therestaurantjunkie"", ""walkandeatandwalk""], ""likes"": 12943, ""comments"": 104, ""video_views"": 143472}}","{""meal_type"": ""lunch"", ""cuisines"": [""american""], ""content_type"": ""event"", ""location"": {""name"": ""Atlanta, Georgia"", ""slug"": null}, ""signals"": {""meal_evidence"": {""embedding_label"": ""snack"", ""embedding_similarity"": 0.461, ""baseline_label"": ""lunch"", ""baseline_confidence"": 0.75, ""override"": false, ""reason"": ""embedding_disagrees_but_baseline_sufficient""}, ""cuisine_evidence"": {""embedding_cuisines"": [""american""], ""embedding_similarities"": {""american"": 0.526}, ""baseline_cuisines"": [""american"", ""bakery"", ""japanese"", ""seafood"", ""thai""], ""newly_detected"": [], ""removed"": [""bakery"", ""japanese"", ""seafood"", ""thai""], ""reason"": ""embedding_refined_cuisine_list""}, ""content_evidence"": {""embedding_label"": ""food_spot"", ""embedding_similarity"": 0.399, ""second_label"": ""mixed"", ""second_similarity"": 0.17, ""margin"": 0.229, ""baseline_label"": ""event"", ""baseline_confidence"": 0.75, ""override"": false, ""reason"": ""weak_embedding_match_keep_baseline""}}, ""metadata"": {""hashtags"": [""atlantaeats"", ""atleats"", ""atlfood"", ""atlfoodie""], ""mentions"": [""atlantawestend"", ""atljerkking"", ""atllovesmo"", ""boggssocial"", ""evergreenbutcherandbaker"", ""fraziesmeatandmarket"", ""fripperssausages"", ""kirkwoodneighbors"", ""myahsenpai"", ""riversideatl"", ""senpainoodlesupply"", ""therestaurantjunkie"", ""walkandeatandwalk""], ""refined_from"": ""rules-food-events-v1""}, ""refinement"": {""meal_type_evidence"": {""embedding_label"": ""snack"", ""embedding_similarity"": 0.461, ""baseline_label"": ""lunch"", ""baseline_confidence"": 0.75, ""override"": false, ""reason"": ""embedding_disagrees_but_baseline_sufficient""}, ""cuisine_evidence"": {""embedding_cuisines"": [""american""], ""embedding_similarities"": {""american"": 0.526}, ""baseline_cuisines"": [""american"", ""bakery"", ""japanese"", ""seafood"", ""thai""], ""newly_detected"": [], ""removed"": [""bakery"", ""japanese"", ""seafood"", ""thai""], ""reason"": ""embedding_refined_cuisine_list""}, ""content_type_evidence"": {""embedding_label"": ""food_spot"", ""embedding_similarity"": 0.399, ""second_label"": ""mixed"", ""second_similarity"": 0.17, ""margin"": 0.229, ""baseline_label"": ""event"", ""baseline_confidence"": 0.75, ""override"": false, ""reason"": ""weak_embedding_match_keep_baseline""}, ""needs_review"": true, ""category_adjustment_reason"": ""none""}}",lunch,lunch,event,event,american|japanese|thai|seafood|bakery,american,True,none,https://www.instagram.com/p/Cx9FPzDP5K_,american,/all_day,food_spot	,TRUE,matched
3267756321360546831,https://www.instagram.com/p/C1ZZw-bO4wP/,drinks,0.95,drinks,0.867,CONFIDENCE_UPDATED,-0.083,"{""meal_type"": ""drinks"", ""cuisines"": [""american"", ""mexican"", ""seafood""], ""content_type"": ""food_spot"", ""location"": {""name"": ""Wahoo! Grill"", ""slug"": ""wahoo-grill""}, ""signals"": {""meal_evidence"": {""dinner"": [""dinner""], ""dessert"": [""dessert""], ""drinks"": [""cocktail"", ""cocktails"", ""alcohol"", ""wine"", ""beer"", ""bar"", ""happy hour"", ""gin""]}, ""cuisine_evidence"": {""american"": [""burger""], ""mexican"": [""taco""], ""seafood"": [""seafood"", ""oyster"", ""crab"", ""fish""]}, ""content_evidence"": {""food_spot"": [""location_present""]}}, ""metadata"": {""hashtags"": [""atlanta"", ""atlblog"", ""atleats"", ""atlfoodie"", ""atlhappyhour""], ""mentions"": [""atllovesmo"", ""lure.atl"", ""rwbyatl"", ""wahoo_grill"", ""wahoowine""], ""likes"": 20281, ""comments"": 113, ""video_views"": 143116}}","{""meal_type"": ""drinks"", ""cuisines"": [""american""], ""content_type"": ""food_spot"", ""location"": {""name"": ""Wahoo! Grill"", ""slug"": null}, ""signals"": {""meal_evidence"": {""embedding_label"": ""snack"", ""embedding_similarity"": 0.461, ""baseline_label"": ""drinks"", ""baseline_confidence"": 0.95, ""override"": false, ""reason"": ""embedding_disagrees_but_baseline_sufficient""}, ""cuisine_evidence"": {""embedding_cuisines"": [""american""], ""embedding_similarities"": {""american"": 0.459}, ""baseline_cuisines"": [""american"", ""mexican"", ""seafood""], ""newly_detected"": [], ""removed"": [""mexican"", ""seafood""], ""reason"": ""embedding_refined_cuisine_list""}, ""content_evidence"": {""embedding_label"": ""food_spot"", ""embedding_similarity"": 0.481, ""second_label"": ""mixed"", ""second_similarity"": 0.285, ""margin"": 0.196, ""baseline_label"": ""food_spot"", ""baseline_confidence"": 0.95, ""override"": false, ""reason"": ""embedding_agrees_boost_baseline""}}, ""metadata"": {""hashtags"": [""atlanta"", ""atlblog"", ""atleats"", ""atlfoodie"", ""atlhappyhour""], ""mentions"": [""atllovesmo"", ""lure.atl"", ""rwbyatl"", ""wahoo_grill"", ""wahoowine""], ""refined_from"": ""rules-food-events-v1""}, ""refinement"": {""meal_type_evidence"": {""embedding_label"": ""snack"", ""embedding_similarity"": 0.461, ""baseline_label"": ""drinks"", ""baseline_confidence"": 0.95, ""override"": false, ""reason"": ""embedding_disagrees_but_baseline_sufficient""}, ""cuisine_evidence"": {""embedding_cuisines"": [""american""], ""embedding_similarities"": {""american"": 0.459}, ""baseline_cuisines"": [""american"", ""mexican"", ""seafood""], ""newly_detected"": [], ""removed"": [""mexican"", ""seafood""], ""reason"": ""embedding_refined_cuisine_list""}, ""content_type_evidence"": {""embedding_label"": ""food_spot"", ""embedding_similarity"": 0.481, ""second_label"": ""mixed"", ""second_similarity"": 0.285, ""margin"": 0.196, ""baseline_label"": ""food_spot"", ""baseline_confidence"": 0.95, ""override"": false, ""reason"": ""embedding_agrees_boost_baseline""}, ""needs_review"": false, ""category_adjustment_reason"": ""none""}}",drinks,drinks,food_spot,food_spot,american|mexican|seafood,american,False,none,https://www.instagram.com/p/C1ZZw-bO4wP/,american|seafood,dinner,food_spot	,TRUE,matched
3311976979345916506,https://www.instagram.com/p/C32gYPeL0Ja/,drinks,0.7,drinks,0.63,CONFIDENCE_UPDATED,-0.07,"{""meal_type"": ""drinks"", ""cuisines"": [], ""content_type"": ""food_spot"", ""location"": {""name"": ""Atlanta, Georgia"", ""slug"": ""atlanta-georgia""}, ""signals"": {""meal_evidence"": {""drinks"": [""gin""]}, ""cuisine_evidence"": {}, ""content_evidence"": {""food_spot"": [""location_present""]}}, ""metadata"": {""hashtags"": [""atlblog"", ""atleats"", ""atlgames"", ""thingstodoinatlanta""], ""mentions"": [""activategames"", ""atllovesmo""], ""likes"": 24918, ""comments"": 131, ""video_views"": 139312}}","{""meal_type"": ""drinks"", ""cuisines"": [], ""content_type"": ""food_spot"", ""location"": {""name"": ""Atlanta, Georgia"", ""slug"": null}, ""signals"": {""meal_evidence"": {""embedding_label"": ""snack"", ""embedding_similarity"": 0.129, ""baseline_label"": ""drinks"", ""baseline_confidence"": 0.7, ""override"": false, ""reason"": ""weak_embedding_match_keep_baseline""}, ""cuisine_evidence"": {""embedding_cuisines"": [], ""embedding_similarities"": {}, ""baseline_cuisines"": [], ""newly_detected"": [], ""removed"": [], ""reason"": ""no_strong_embedding_matches_keep_baseline""}, ""content_evidence"": {""embedding_label"": ""activity"", ""embedding_similarity"": 0.33, ""second_label"": ""mixed"", ""second_similarity"": 0.236, ""margin"": 0.093, ""baseline_label"": ""food_spot"", ""baseline_confidence"": 0.7, ""override"": false, ""reason"": ""weak_embedding_match_keep_baseline""}}, ""metadata"": {""hashtags"": [""atlblog"", ""atleats"", ""atlgames"", ""thingstodoinatlanta""], ""mentions"": [""activategames"", ""atllovesmo""], ""refined_from"": ""rules-food-events-v1""}, ""refinement"": {""meal_type_evidence"": {""embedding_label"": ""snack"", ""embedding_similarity"": 0.129, ""baseline_label"": ""drinks"", ""baseline_confidence"": 0.7, ""override"": false, ""reason"": ""weak_embedding_match_keep_baseline""}, ""cuisine_evidence"": {""embedding_cuisines"": [], ""embedding_similarities"": {}, ""baseline_cuisines"": [], ""newly_detected"": [], ""removed"": [], ""reason"": ""no_strong_embedding_matches_keep_baseline""}, ""content_type_evidence"": {""embedding_label"": ""activity"", ""embedding_similarity"": 0.33, ""second_label"": ""mixed"", ""second_similarity"": 0.236, ""margin"": 0.093, ""baseline_label"": ""food_spot"", ""baseline_confidence"": 0.7, ""override"": false, ""reason"": ""weak_embedding_match_keep_baseline""}, ""needs_review"": true, ""category_adjustment_reason"": ""none""}}",drinks,drinks,food_spot,food_spot,,,True,none,https://www.instagram.com/p/C32gYPeL0Ja/,,unknown,event	,TRUE,matched
3262700013028516632,https://www.instagram.com/p/C1HcGAVOiMY/,drinks,0.85,drinks,0.775,CONFIDENCE_UPDATED,-0.075,"{""meal_type"": ""drinks"", ""cuisines"": [""indian"", ""seafood""], ""content_type"": ""food_spot"", ""location"": {""name"": ""Tabla Atlanta"", ""slug"": ""tabla-atlanta""}, ""signals"": {""meal_evidence"": {""dinner"": [""date night""], ""dessert"": [""dessert""], ""drinks"": [""cocktail"", ""cocktails"", ""bar""]}, ""cuisine_evidence"": {""indian"": [""curry"", ""naan""], ""seafood"": [""fish""]}, ""content_evidence"": {""food_spot"": [""location_present""]}}, ""metadata"": {""hashtags"": [""atlantafood"", ""atldatenight"", ""atleats"", ""atlfoodie"", ""hosted""], ""mentions"": [""atllovesmo"", ""tablaatlanta""], ""likes"": 12185, ""comments"": 212, ""video_views"": 137642}}","{""meal_type"": ""drinks"", ""cuisines"": [""american""], ""content_type"": ""food_spot"", ""location"": {""name"": ""Tabla Atlanta"", ""slug"": null}, ""signals"": {""meal_evidence"": {""embedding_label"": ""dinner"", ""embedding_similarity"": 0.417, ""baseline_label"": ""drinks"", ""baseline_confidence"": 0.85, ""override"": false, ""reason"": ""embedding_disagrees_but_baseline_sufficient""}, ""cuisine_evidence"": {""embedding_cuisines"": [""american""], ""embedding_similarities"": {""american"": 0.477}, ""baseline_cuisines"": [""indian"", ""seafood""], ""newly_detected"": [""american""], ""removed"": [""indian"", ""seafood""], ""reason"": ""embedding_refined_cuisine_list""}, ""content_evidence"": {""embedding_label"": ""food_spot"", ""embedding_similarity"": 0.403, ""second_label"": ""mixed"", ""second_similarity"": 0.263, ""margin"": 0.14, ""baseline_label"": ""food_spot"", ""baseline_confidence"": 0.85, ""override"": false, ""reason"": ""embedding_agrees_boost_baseline""}}, ""metadata"": {""hashtags"": [""atlantafood"", ""atldatenight"", ""atleats"", ""atlfoodie"", ""hosted""], ""mentions"": [""atllovesmo"", ""tablaatlanta""], ""refined_from"": ""rules-food-events-v1""}, ""refinement"": {""meal_type_evidence"": {""embedding_label"": ""dinner"", ""embedding_similarity"": 0.417, ""baseline_label"": ""drinks"", ""baseline_confidence"": 0.85, ""override"": false, ""reason"": ""embedding_disagrees_but_baseline_sufficient""}, ""cuisine_evidence"": {""embedding_cuisines"": [""american""], ""embedding_similarities"": {""american"": 0.477}, ""baseline_cuisines"": [""indian"", ""seafood""], ""newly_detected"": [""american""], ""removed"": [""indian"", ""seafood""], ""reason"": ""embedding_refined_cuisine_list""}, ""content_type_evidence"": {""embedding_label"": ""food_spot"", ""embedding_similarity"": 0.403, ""second_label"": ""mixed"", ""second_similarity"": 0.263, ""margin"": 0.14, ""baseline_label"": ""food_spot"", ""baseline_confidence"": 0.85, ""override"": false, ""reason"": ""embedding_agrees_boost_baseline""}, ""needs_review"": false, ""category_adjustment_reason"": ""none""}}",drinks,drinks,food_spot,food_spot,indian|seafood,american,False,none,https://www.instagram.com/p/C1HcGAVOiMY/,indian,dinner,food_spot	,TRUE,matched
