post_id,baseline_category,baseline_confidence,refined_category,refined_confidence,change_type,confidence_delta,baseline_entities,refined_entities
3222102468103602375,drinks,0.7,unknown,0.639,CHANGED,-0.061,"{""meal_type"": ""drinks"", ""cuisines"": [""italian""], ""content_type"": ""food_spot"", ""location"": {""name"": ""Pielands Sub & Slice"", ""slug"": ""pielands-sub-slice""}, ""signals"": {""meal_evidence"": {""drinks"": [""gin""]}, ""cuisine_evidence"": {""italian"": [""pizza""]}, ""content_evidence"": {""food_spot"": [""location_present""]}}, ""metadata"": {""hashtags"": [""atlantapizza"", ""atleats"", ""atlfoodie"", ""pielands"", ""pielandsatl"", ""virginiahighland""], ""mentions"": [""atllovesmo"", ""pielandspizza"", ""sayimafoodie"", ""virginiahighlanddistrict""], ""likes"": 46228, ""comments"": 468, ""video_views"": 445021}}","{""meal_type_evidence"": {""embedding_label"": ""snack"", ""embedding_similarity"": 0.304, ""baseline_label"": ""unknown"", ""baseline_confidence"": 0.7, ""override"": false, ""reason"": ""embedding_disagrees_but_baseline_sufficient""}, ""cuisine_evidence"": {""embedding_cuisines"": [], ""embedding_similarities"": {}, ""baseline_cuisines"": [""italian""], ""newly_detected"": [], ""removed"": [""italian""], ""reason"": ""no_strong_embedding_matches_keep_baseline""}, ""content_type_evidence"": {""embedding_label"": ""food_spot"", ""embedding_similarity"": 0.354, ""baseline_label"": ""food_spot"", ""baseline_confidence"": 0.7, ""override"": false, ""reason"": ""embedding_agrees_boost_baseline""}}"
3514476187495546860,dinner,0.75,activity,0.686,CHANGED,-0.064,"{""meal_type"": ""dinner"", ""cuisines"": [""bakery""], ""content_type"": ""activity"", ""location"": {""name"": null, ""slug"": null}, ""signals"": {""meal_evidence"": {""dinner"": [""dinner"", ""date night""], ""dessert"": [""dessert""], ""drinks"": [""bar"", ""drink""]}, ""cuisine_evidence"": {""bakery"": [""bread""]}, ""content_evidence"": {""activity"": [""experience""]}}, ""metadata"": {""hashtags"": [""atlblog"", ""atldatenight"", ""atleats""], ""mentions"": [""atllovesmo"", ""barblancatlanta""], ""likes"": 2473, ""comments"": 99, ""video_views"": 24199}}","{""meal_type_evidence"": {""embedding_label"": ""dinner"", ""embedding_similarity"": 0.442, ""baseline_label"": ""dinner"", ""baseline_confidence"": 0.75, ""override"": false, ""reason"": ""embedding_agrees_boost_baseline""}, ""cuisine_evidence"": {""embedding_cuisines"": [], ""embedding_similarities"": {}, ""baseline_cuisines"": [""bakery""], ""newly_detected"": [], ""removed"": [""bakery""], ""reason"": ""no_strong_embedding_matches_keep_baseline""}, ""content_type_evidence"": {""embedding_label"": ""food_spot"", ""embedding_similarity"": 0.442, ""baseline_label"": ""activity"", ""baseline_confidence"": 0.75, ""override"": false, ""reason"": ""embedding_disagrees_but_baseline_acceptable""}}"
3289522123696571084,drinks,0.75,dinner,0.683,CHANGED,-0.067,"{""meal_type"": ""drinks"", ""cuisines"": [], ""content_type"": ""food_spot"", ""location"": {""name"": ""Atlanta, Georgia"", ""slug"": ""atlanta-georgia""}, ""signals"": {""meal_evidence"": {""dinner"": [""date night""], ""drinks"": [""drink"", ""drinks""]}, ""cuisine_evidence"": {}, ""content_evidence"": {""food_spot"": [""location_present""]}}, ""metadata"": {""hashtags"": [""atldatenight"", ""atleats"", ""atlfun"", ""thingstodoinatlanta""], ""mentions"": [""atlantamagazine"", ""atllovesmo"", ""your3rdspot""], ""likes"": 44232, ""comments"": 1299, ""video_views"": 268973}}","{""meal_type_evidence"": {""embedding_label"": ""dinner"", ""embedding_similarity"": 0.33, ""baseline_label"": ""dinner"", ""baseline_confidence"": 0.7, ""override"": false, ""reason"": ""embedding_agrees_boost_baseline""}, ""cuisine_evidence"": {""embedding_cuisines"": [], ""embedding_similarities"": {}, ""baseline_cuisines"": [], ""newly_detected"": [], ""removed"": [], ""reason"": ""no_strong_embedding_matches_keep_baseline""}, ""content_type_evidence"": {""embedding_label"": ""food_spot"", ""embedding_similarity"": 0.38, ""baseline_label"": ""food_spot"", ""baseline_confidence"": 0.7, ""override"": false, ""reason"": ""embedding_agrees_boost_baseline""}}"
3317775349544925778,dinner,0.75,activity,0.683,CHANGED,-0.067,"{""meal_type"": ""dinner"", ""cuisines"": [], ""content_type"": ""activity"", ""location"": {""name"": null, ""slug"": null}, ""signals"": {""meal_evidence"": {""dinner"": [""dinner"", ""date night""], ""drinks"": [""cocktail""]}, ""cuisine_evidence"": {}, ""content_evidence"": {""activity"": [""experience""]}}, ""metadata"": {""hashtags"": [""atlantaeats"", ""atleats"", ""atlfoodies"", ""midtownatlanta"", ""thingstodoinatlanta""], ""mentions"": [""altatoro.atl"", ""atllovesmo"", ""linacapturelife""], ""likes"": 2872, ""comments"": 969, ""video_views"": 23069}}","{""meal_type_evidence"": {""embedding_label"": ""dinner"", ""embedding_similarity"": 0.337, ""baseline_label"": ""dinner"", ""baseline_confidence"": 0.75, ""override"": false, ""reason"": ""embedding_agrees_boost_baseline""}, ""cuisine_evidence"": {""embedding_cuisines"": [], ""embedding_similarities"": {}, ""baseline_cuisines"": [], ""newly_detected"": [], ""removed"": [], ""reason"": ""no_strong_embedding_matches_keep_baseline""}, ""content_type_evidence"": {""embedding_label"": ""food_spot"", ""embedding_similarity"": 0.338, ""baseline_label"": ""activity"", ""baseline_confidence"": 0.75, ""override"": false, ""reason"": ""weak_embedding_match_keep_baseline""}}"
3345326897829264823,unknown,0.65,activity,0.569,CHANGED,-0.081,"{""meal_type"": ""unknown"", ""cuisines"": [""mexican"", ""coffee_cafe""], ""content_type"": ""activity"", ""location"": {""name"": null, ""slug"": null}, ""signals"": {""meal_evidence"": {}, ""cuisine_evidence"": {""mexican"": [""taco""], ""coffee_cafe"": [""coffee"", ""cafe"", ""latte""]}, ""content_evidence"": {""activity"": [""park""]}}, ""metadata"": {""hashtags"": [""atlantacoffee"", ""atlblog"", ""atlcoffee"", ""atlfoodie""], ""mentions"": [""atllovesmo"", ""mercedesbenzstadium"", ""spillerpark""], ""likes"": 2230, ""comments"": 68, ""video_views"": 17386}}","{""meal_type_evidence"": {""embedding_label"": ""snack"", ""embedding_similarity"": 0.294, ""baseline_label"": ""unknown"", ""baseline_confidence"": 0.65, ""override"": false, ""reason"": ""weak_embedding_match_keep_baseline""}, ""cuisine_evidence"": {""embedding_cuisines"": [], ""embedding_similarities"": {}, ""baseline_cuisines"": [""mexican"", ""coffee_cafe""], ""newly_detected"": [], ""removed"": [""mexican"", ""coffee_cafe""], ""reason"": ""no_strong_embedding_matches_keep_baseline""}, ""content_type_evidence"": {""embedding_label"": ""food_spot"", ""embedding_similarity"": 0.452, ""baseline_label"": ""activity"", ""baseline_confidence"": 0.65, ""override"": false, ""reason"": ""embedding_disagrees_but_baseline_acceptable""}}"
3594729993219217954,unknown,0.65,activity,0.569,CHANGED,-0.081,"{""meal_type"": ""unknown"", ""cuisines"": [""coffee_cafe""], ""content_type"": ""activity"", ""location"": {""name"": null, ""slug"": null}, ""signals"": {""meal_evidence"": {}, ""cuisine_evidence"": {""coffee_cafe"": [""coffee""]}, ""content_evidence"": {""activity"": [""park""]}}, ""metadata"": {""hashtags"": [""atlblog"", ""sandysprings"", ""thingstodoinatlanta""], ""mentions"": [""welloworksatlanta""], ""likes"": 662, ""comments"": 86, ""video_views"": 6619}}","{""meal_type_evidence"": {""embedding_label"": ""drinks"", ""embedding_similarity"": 0.203, ""baseline_label"": ""unknown"", ""baseline_confidence"": 0.65, ""override"": false, ""reason"": ""weak_embedding_match_keep_baseline""}, ""cuisine_evidence"": {""embedding_cuisines"": [], ""embedding_similarities"": {}, ""baseline_cuisines"": [""coffee_cafe""], ""newly_detected"": [], ""removed"": [""coffee_cafe""], ""reason"": ""no_strong_embedding_matches_keep_baseline""}, ""content_type_evidence"": {""embedding_label"": ""mixed"", ""embedding_similarity"": 0.255, ""baseline_label"": ""activity"", ""baseline_confidence"": 0.65, ""override"": false, ""reason"": ""weak_embedding_match_keep_baseline""}}"
3332967156785293155,drinks,0.95,activity,0.864,CHANGED,-0.086,"{""meal_type"": ""drinks"", ""cuisines"": [""seafood"", ""vegan""], ""content_type"": ""activity"", ""location"": {""name"": null, ""slug"": null}, ""signals"": {""meal_evidence"": {""dinner"": [""dinner"", ""supper""], ""drinks"": [""cocktail"", ""cocktails"", ""bar"", ""drink"", ""drinks""]}, ""cuisine_evidence"": {""seafood"": [""lobster"", ""shrimp""], ""vegan"": [""vegan""]}, ""content_evidence"": {""activity"": [""show"", ""park""]}}, ""metadata"": {""hashtags"": [""atlantablog"", ""atlcabaret"", ""atleats"", ""atlnightlife"", ""thingstodoinatlanta""], ""mentions"": [""atllovesmo"", ""damselatlanta"", ""theworksatl""], ""likes"": 4712, ""comments"": 139, ""video_views"": 38136}}","{""meal_type_evidence"": {""embedding_label"": ""drinks"", ""embedding_similarity"": 0.365, ""baseline_label"": ""drinks"", ""baseline_confidence"": 0.95, ""override"": false, ""reason"": ""embedding_agrees_boost_baseline""}, ""cuisine_evidence"": {""embedding_cuisines"": [], ""embedding_similarities"": {}, ""baseline_cuisines"": [""seafood"", ""vegan""], ""newly_detected"": [], ""removed"": [""seafood"", ""vegan""], ""reason"": ""no_strong_embedding_matches_keep_baseline""}, ""content_type_evidence"": {""embedding_label"": ""food_spot"", ""embedding_similarity"": 0.404, ""baseline_label"": ""activity"", ""baseline_confidence"": 0.95, ""override"": false, ""reason"": ""embedding_disagrees_but_baseline_acceptable""}}"
3328646527159512572,lunch,0.7,activity,0.613,CHANGED,-0.087,"{""meal_type"": ""lunch"", ""cuisines"": [], ""content_type"": ""activity"", ""location"": {""name"": null, ""slug"": null}, ""signals"": {""meal_evidence"": {""lunch"": [""lunch""], ""dinner"": [""dinner""], ""drinks"": [""bar""]}, ""cuisine_evidence"": {}, ""content_evidence"": {""activity"": [""experience"", ""exhibit""]}}, ""metadata"": {""hashtags"": [""atlantablog"", ""atlfoodie"", ""atlhotels"", ""thompsonhotel""], ""mentions"": [""artmelanated."", ""atllovesmo"", ""buckheadvillagedistrict"", ""dirtyrascalatl"", ""shakeshack"", ""tesseraeatl"", ""thompsonbuckhead"", ""thompsonbuckhead.""], ""likes"": 3147, ""comments"": 97, ""video_views"": 27910}}","{""meal_type_evidence"": {""embedding_label"": ""drinks"", ""embedding_similarity"": 0.27, ""baseline_label"": ""lunch"", ""baseline_confidence"": 0.7, ""override"": false, ""reason"": ""weak_embedding_match_keep_baseline""}, ""cuisine_evidence"": {""embedding_cuisines"": [], ""embedding_similarities"": {}, ""baseline_cuisines"": [], ""newly_detected"": [], ""removed"": [], ""reason"": ""no_strong_embedding_matches_keep_baseline""}, ""content_type_evidence"": {""embedding_label"": ""food_spot"", ""embedding_similarity"": 0.357, ""baseline_label"": ""activity"", ""baseline_confidence"": 0.7, ""override"": false, ""reason"": ""embedding_disagrees_but_baseline_acceptable""}}"
3523693589622604632,unknown,0.7,activity,0.613,CHANGED,-0.087,"{""meal_type"": ""unknown"", ""cuisines"": [""coffee_cafe""], ""content_type"": ""activity"", ""location"": {""name"": null, ""slug"": null}, ""signals"": {""meal_evidence"": {}, ""cuisine_evidence"": {""coffee_cafe"": [""coffee""]}, ""content_evidence"": {""activity"": [""walk"", ""trail""]}}, ""metadata"": {""hashtags"": [""atlblog"", ""rcmemories"", ""visitlakeoconee""], ""mentions"": [""ritzcarltonreynoldslakeoconee"", ""visitlakeoconee""], ""likes"": 1546, ""comments"": 90, ""video_views"": 19659}}","{""meal_type_evidence"": {""embedding_label"": ""drinks"", ""embedding_similarity"": 0.17, ""baseline_label"": ""unknown"", ""baseline_confidence"": 0.7, ""override"": false, ""reason"": ""weak_embedding_match_keep_baseline""}, ""cuisine_evidence"": {""embedding_cuisines"": [], ""embedding_similarities"": {}, ""baseline_cuisines"": [""coffee_cafe""], ""newly_detected"": [], ""removed"": [""coffee_cafe""], ""reason"": ""no_strong_embedding_matches_keep_baseline""}, ""content_type_evidence"": {""embedding_label"": ""food_spot"", ""embedding_similarity"": 0.253, ""baseline_label"": ""activity"", ""baseline_confidence"": 0.7, ""override"": false, ""reason"": ""weak_embedding_match_keep_baseline""}}"
3348194738651834132,drinks,0.75,activity,0.656,CHANGED,-0.094,"{""meal_type"": ""drinks"", ""cuisines"": [], ""content_type"": ""activity"", ""location"": {""name"": null, ""slug"": null}, ""signals"": {""meal_evidence"": {""dinner"": [""dinner""], ""drinks"": [""cocktail"", ""cocktails""]}, ""cuisine_evidence"": {}, ""content_evidence"": {""activity"": [""walk""]}}, ""metadata"": {""hashtags"": [""atlantafoodie"", ""atldatenight"", ""atleats"", ""atlrooftop""], ""mentions"": [""atllovesmo"", ""buckheadvillagedistrict"", ""tesseraeatl"", ""thompsonbuckhead"", ""yeppacoatl""], ""likes"": 22789, ""comments"": 139, ""video_views"": 170869}}","{""meal_type_evidence"": {""embedding_label"": ""dinner"", ""embedding_similarity"": 0.245, ""baseline_label"": ""drinks"", ""baseline_confidence"": 0.75, ""override"": false, ""reason"": ""weak_embedding_match_keep_baseline""}, ""cuisine_evidence"": {""embedding_cuisines"": [], ""embedding_similarities"": {}, ""baseline_cuisines"": [], ""newly_detected"": [], ""removed"": [], ""reason"": ""no_strong_embedding_matches_keep_baseline""}, ""content_type_evidence"": {""embedding_label"": ""food_spot"", ""embedding_similarity"": 0.354, ""baseline_label"": ""activity"", ""baseline_confidence"": 0.75, ""override"": false, ""reason"": ""embedding_disagrees_but_baseline_acceptable""}}"
3730145498826359503,dinner,0.65,activity,0.552,CHANGED,-0.098,"{""meal_type"": ""dinner"", ""cuisines"": [""american"", ""chinese"", ""seafood""], ""content_type"": ""activity"", ""location"": {""name"": null, ""slug"": null}, ""signals"": {""meal_evidence"": {""dinner"": [""dinner""]}, ""cuisine_evidence"": {""american"": [""american""], ""chinese"": [""chinese"", ""dim sum"", ""dumpling"", ""szechuan""], ""seafood"": [""shrimp""]}, ""content_evidence"": {""activity"": [""walk""]}}, ""metadata"": {""hashtags"": [""atlblog"", ""atleats"", ""marietta""], ""mentions"": [""atllovesmo"", ""hongkongstarga""], ""likes"": 543, ""comments"": 80, ""video_views"": 7378}}","{""meal_type_evidence"": {""embedding_label"": ""snack"", ""embedding_similarity"": 0.317, ""baseline_label"": ""dinner"", ""baseline_confidence"": 0.65, ""override"": false, ""reason"": ""embedding_disagrees_but_baseline_sufficient""}, ""cuisine_evidence"": {""embedding_cuisines"": [""american"", ""chinese""], ""embedding_similarities"": {""american"": 0.416, ""chinese"": 0.514}, ""baseline_cuisines"": [""american"", ""chinese"", ""seafood""], ""newly_detected"": [], ""removed"": [""seafood""], ""reason"": ""embedding_refined_cuisine_list""}, ""content_type_evidence"": {""embedding_label"": ""food_spot"", ""embedding_similarity"": 0.353, ""baseline_label"": ""activity"", ""baseline_confidence"": 0.65, ""override"": false, ""reason"": ""embedding_disagrees_but_baseline_acceptable""}}"
3177855629943332445,breakfast,0.7,activity,0.595,CHANGED,-0.105,"{""meal_type"": ""breakfast"", ""cuisines"": [""mexican"", ""coffee_cafe""], ""content_type"": ""activity"", ""location"": {""name"": null, ""slug"": null}, ""signals"": {""meal_evidence"": {""breakfast"": [""breakfast""], ""brunch"": [""brunch""]}, ""cuisine_evidence"": {""mexican"": [""taco""], ""coffee_cafe"": [""coffee"", ""latte""]}, ""content_evidence"": {""activity"": [""walk"", ""park""]}}, ""metadata"": {""hashtags"": [""atlantacoffee"", ""atlantaeats"", ""atlbrunch"", ""atlcoffee"", ""atlcoffeeshops""], ""mentions"": [""atllovesmo"", ""brashcoffee"", ""thechastainatl""], ""likes"": 1682, ""comments"": 63, ""video_views"": 16696}}","{""meal_type_evidence"": {""embedding_label"": ""snack"", ""embedding_similarity"": 0.321, ""baseline_label"": ""breakfast"", ""baseline_confidence"": 0.7, ""override"": false, ""reason"": ""embedding_disagrees_but_baseline_sufficient""}, ""cuisine_evidence"": {""embedding_cuisines"": [""coffee_cafe""], ""embedding_similarities"": {""coffee_cafe"": 0.409}, ""baseline_cuisines"": [""mexican"", ""coffee_cafe""], ""newly_detected"": [], ""removed"": [""mexican""], ""reason"": ""embedding_refined_cuisine_list""}, ""content_type_evidence"": {""embedding_label"": ""food_spot"", ""embedding_similarity"": 0.409, ""baseline_label"": ""activity"", ""baseline_confidence"": 0.7, ""override"": false, ""reason"": ""embedding_disagrees_but_baseline_acceptable""}}"
3738434550960871123,drinks,0.85,activity,0.744,CHANGED,-0.106,"{""meal_type"": ""drinks"", ""cuisines"": [""coffee_cafe""], ""content_type"": ""activity"", ""location"": {""name"": null, ""slug"": null}, ""signals"": {""meal_evidence"": {""drinks"": [""beer"", ""drink"", ""drinks""]}, ""cuisine_evidence"": {""coffee_cafe"": [""coffee""]}, ""content_evidence"": {""activity"": [""park""]}}, ""metadata"": {""hashtags"": [], ""mentions"": [""beerwildheaven"", ""chromeyellowatl"", ""decaturpackagestore"", ""radioroasterscoffee"", ""switchyards""], ""likes"": 1050, ""comments"": 55, ""video_views"": 8601}}","{""meal_type_evidence"": {""embedding_label"": ""snack"", ""embedding_similarity"": 0.179, ""baseline_label"": ""drinks"", ""baseline_confidence"": 0.85, ""override"": false, ""reason"": ""weak_embedding_match_keep_baseline""}, ""cuisine_evidence"": {""embedding_cuisines"": [], ""embedding_similarities"": {}, ""baseline_cuisines"": [""coffee_cafe""], ""newly_detected"": [], ""removed"": [""coffee_cafe""], ""reason"": ""no_strong_embedding_matches_keep_baseline""}, ""content_type_evidence"": {""embedding_label"": ""activity"", ""embedding_similarity"": 0.312, ""baseline_label"": ""activity"", ""baseline_confidence"": 0.85, ""override"": false, ""reason"": ""weak_embedding_match_keep_baseline""}}"
3264203916932816963,drinks,0.85,dinner,0.735,CHANGED,-0.115,"{""meal_type"": ""drinks"", ""cuisines"": [""bakery""], ""content_type"": ""food_spot"", ""location"": {""name"": ""Atlanta, Georgia"", ""slug"": ""atlanta-georgia""}, ""signals"": {""meal_evidence"": {""dinner"": [""dinner"", ""date night""], ""dessert"": [""dessert""], ""drinks"": [""cocktail"", ""cocktails"", ""bar""]}, ""cuisine_evidence"": {""bakery"": [""bread""]}, ""content_evidence"": {""food_spot"": [""location_present""]}}, ""metadata"": {""hashtags"": [""atlantafood"", ""atldatenight"", ""atleats"", ""atlfoodie""], ""mentions"": [""atllovesmo"", ""barblancatlanta"", ""littlesparrowatlanta.""], ""likes"": 23741, ""comments"": 178, ""video_views"": 260461}}","{""meal_type_evidence"": {""embedding_label"": ""dinner"", ""embedding_similarity"": 0.413, ""baseline_label"": ""dinner"", ""baseline_confidence"": 0.75, ""override"": false, ""reason"": ""embedding_agrees_boost_baseline""}, ""cuisine_evidence"": {""embedding_cuisines"": [""american"", ""mexican""], ""embedding_similarities"": {""american"": 0.469, ""mexican"": 0.4}, ""baseline_cuisines"": [""bakery""], ""newly_detected"": [""mexican"", ""american""], ""removed"": [""bakery""], ""reason"": ""embedding_refined_cuisine_list""}, ""content_type_evidence"": {""embedding_label"": ""food_spot"", ""embedding_similarity"": 0.471, ""baseline_label"": ""food_spot"", ""baseline_confidence"": 0.75, ""override"": false, ""reason"": ""embedding_agrees_boost_baseline""}}"
3340252016733353523,drinks,0.85,activity,0.722,CHANGED,-0.128,"{""meal_type"": ""drinks"", ""cuisines"": [""italian"", ""seafood""], ""content_type"": ""activity"", ""location"": {""name"": null, ""slug"": null}, ""signals"": {""meal_evidence"": {""dinner"": [""dinner"", ""date night""], ""drinks"": [""cocktail"", ""cocktails"", ""gin""]}, ""cuisine_evidence"": {""italian"": [""pasta""], ""seafood"": [""lobster""]}, ""content_evidence"": {""activity"": [""show"", ""park""]}}, ""metadata"": {""hashtags"": [""atlantafoodie"", ""atldatenight"", ""atleats"", ""atlfoodie""], ""mentions"": [""flashsquaddancers."", ""tulumatl""], ""likes"": 21819, ""comments"": 174, ""video_views"": 160220}}","{""meal_type_evidence"": {""embedding_label"": ""dinner"", ""embedding_similarity"": 0.421, ""baseline_label"": ""drinks"", ""baseline_confidence"": 0.85, ""override"": false, ""reason"": ""embedding_disagrees_but_baseline_sufficient""}, ""cuisine_evidence"": {""embedding_cuisines"": [""american""], ""embedding_similarities"": {""american"": 0.408}, ""baseline_cuisines"": [""italian"", ""seafood""], ""newly_detected"": [""american""], ""removed"": [""italian"", ""seafood""], ""reason"": ""embedding_refined_cuisine_list""}, ""content_type_evidence"": {""embedding_label"": ""food_spot"", ""embedding_similarity"": 0.374, ""baseline_label"": ""activity"", ""baseline_confidence"": 0.85, ""override"": false, ""reason"": ""embedding_disagrees_but_baseline_acceptable""}}"
3435895736741848248,drinks,0.75,dinner,0.613,CHANGED,-0.137,"{""meal_type"": ""drinks"", ""cuisines"": [""american""], ""content_type"": ""food_spot"", ""location"": {""name"": ""Atlanta, Georgia"", ""slug"": ""atlanta-georgia""}, ""signals"": {""meal_evidence"": {""dinner"": [""date night""], ""drinks"": [""bar"", ""margarita""]}, ""cuisine_evidence"": {""american"": [""southern""]}, ""content_evidence"": {""food_spot"": [""location_present""]}}, ""metadata"": {""hashtags"": [""atlantahotels"", ""atlblog"", ""atlfood"", ""thingstodoinatlanta""], ""mentions"": [""aparium"", ""atllovesmo"", ""hotelgranada_atlanta"", ""opentable""], ""likes"": 24054, ""comments"": 214, ""video_views"": 212705}}","{""meal_type_evidence"": {""embedding_label"": ""dinner"", ""embedding_similarity"": 0.293, ""baseline_label"": ""dinner"", ""baseline_confidence"": 0.7, ""override"": false, ""reason"": ""weak_embedding_match_keep_baseline""}, ""cuisine_evidence"": {""embedding_cuisines"": [], ""embedding_similarities"": {}, ""baseline_cuisines"": [""american""], ""newly_detected"": [], ""removed"": [""american""], ""reason"": ""no_strong_embedding_matches_keep_baseline""}, ""content_type_evidence"": {""embedding_label"": ""food_spot"", ""embedding_similarity"": 0.343, ""baseline_label"": ""food_spot"", ""baseline_confidence"": 0.7, ""override"": false, ""reason"": ""weak_embedding_match_keep_baseline""}}"
3343842742209768838,drinks,0.95,activity,0.807,CHANGED,-0.143,"{""meal_type"": ""drinks"", ""cuisines"": [""thai"", ""indian"", ""seafood""], ""content_type"": ""activity"", ""location"": {""name"": null, ""slug"": null}, ""signals"": {""meal_evidence"": {""dinner"": [""dinner""], ""drinks"": [""cocktail"", ""cocktails"", ""bar"", ""drink"", ""drinks"", ""gin""]}, ""cuisine_evidence"": {""thai"": [""green curry""], ""indian"": [""curry""], ""seafood"": [""seafood""]}, ""content_evidence"": {""activity"": [""walk"", ""park""]}}, ""metadata"": {""hashtags"": [""atlantaspeakeasy"", ""atlblog"", ""atldatenight"", ""atlfoodie""], ""mentions"": [""atllovesmo"", ""girldiveratl""], ""likes"": 5888, ""comments"": 96, ""video_views"": 58713}}","{""meal_type_evidence"": {""embedding_label"": ""dinner"", ""embedding_similarity"": 0.488, ""baseline_label"": ""drinks"", ""baseline_confidence"": 0.95, ""override"": false, ""reason"": ""embedding_disagrees_but_baseline_sufficient""}, ""cuisine_evidence"": {""embedding_cuisines"": [], ""embedding_similarities"": {}, ""baseline_cuisines"": [""thai"", ""indian"", ""seafood""], ""newly_detected"": [], ""removed"": [""thai"", ""seafood"", ""indian""], ""reason"": ""no_strong_embedding_matches_keep_baseline""}, ""content_type_evidence"": {""embedding_label"": ""food_spot"", ""embedding_similarity"": 0.5, ""baseline_label"": ""activity"", ""baseline_confidence"": 0.95, ""override"": false, ""reason"": ""embedding_disagrees_but_baseline_acceptable""}}"
3513534477874010103,drinks,0.95,activity,0.807,CHANGED,-0.143,"{""meal_type"": ""drinks"", ""cuisines"": [""american"", ""italian"", ""mediterranean"", ""seafood"", ""bakery"", ""coffee_cafe""], ""content_type"": ""activity"", ""location"": {""name"": null, ""slug"": null}, ""signals"": {""meal_evidence"": {""dinner"": [""dinner"", ""date night""], ""dessert"": [""dessert"", ""cookie""], ""drinks"": [""cocktail"", ""cocktails"", ""wine"", ""bar"", ""drink"", ""drinks"", ""martini"", ""rum""]}, ""cuisine_evidence"": {""american"": [""american""], ""italian"": [""pasta""], ""mediterranean"": [""hummus""], ""seafood"": [""oyster""], ""bakery"": [""bread""], ""coffee_cafe"": [""cafe""]}, ""content_evidence"": {""activity"": [""walk"", ""park""]}}, ""metadata"": {""hashtags"": [""atlblog"", ""atldatenight"", ""atleats"", ""thingstodoinatlanta""], ""mentions"": [""colonysquareatl"", ""colonysquareatl."", ""politanrow.colonysquare."", ""rumiskitchenofficial."", ""saintscouncil."", ""serenapastificio.""], ""likes"": 2728, ""comments"": 79, ""video_views"": 22425}}","{""meal_type_evidence"": {""embedding_label"": ""dinner"", ""embedding_similarity"": 0.62, ""baseline_label"": ""drinks"", ""baseline_confidence"": 0.95, ""override"": false, ""reason"": ""embedding_disagrees_but_baseline_sufficient""}, ""cuisine_evidence"": {""embedding_cuisines"": [""italian""], ""embedding_similarities"": {""italian"": 0.433}, ""baseline_cuisines"": [""american"", ""italian"", ""mediterranean"", ""seafood"", ""bakery"", ""coffee_cafe""], ""newly_detected"": [], ""removed"": [""coffee_cafe"", ""mediterranean"", ""seafood"", ""american"", ""bakery""], ""reason"": ""embedding_refined_cuisine_list""}, ""content_type_evidence"": {""embedding_label"": ""food_spot"", ""embedding_similarity"": 0.426, ""baseline_label"": ""activity"", ""baseline_confidence"": 0.95, ""override"": false, ""reason"": ""embedding_disagrees_but_baseline_acceptable""}}"
3227185721718160523,drinks,0.95,activity,0.807,CHANGED,-0.143,"{""meal_type"": ""drinks"", ""cuisines"": [""thai"", ""seafood""], ""content_type"": ""activity"", ""location"": {""name"": null, ""slug"": null}, ""signals"": {""meal_evidence"": {""dinner"": [""dinner"", ""date night""], ""drinks"": [""bar"", ""drink"", ""drinks"", ""margarita""]}, ""cuisine_evidence"": {""thai"": [""thai""], ""seafood"": [""oyster"", ""lobster"", ""shrimp"", ""fish""]}, ""content_evidence"": {""activity"": [""experience""]}}, ""metadata"": {""hashtags"": [""atleats"", ""atlfood"", ""atlfoodie"", ""atlthaifood"", ""hosted""], ""mentions"": [""atllovesmo"", ""snapthai""], ""likes"": 741, ""comments"": 88, ""video_views"": 9600}}","{""meal_type_evidence"": {""embedding_label"": ""dinner"", ""embedding_similarity"": 0.411, ""baseline_label"": ""drinks"", ""baseline_confidence"": 0.95, ""override"": false, ""reason"": ""embedding_disagrees_but_baseline_sufficient""}, ""cuisine_evidence"": {""embedding_cuisines"": [""american"", ""thai"", ""seafood""], ""embedding_similarities"": {""american"": 0.502, ""thai"": 0.434, ""seafood"": 0.469}, ""baseline_cuisines"": [""thai"", ""seafood""], ""newly_detected"": [""american""], ""removed"": [], ""reason"": ""embedding_refined_cuisine_list""}, ""content_type_evidence"": {""embedding_label"": ""food_spot"", ""embedding_similarity"": 0.446, ""baseline_label"": ""activity"", ""baseline_confidence"": 0.95, ""override"": false, ""reason"": ""embedding_disagrees_but_baseline_acceptable""}}"
3317051010474361880,drinks,0.85,dessert,0.595,CHANGED,-0.255,"{""meal_type"": ""drinks"", ""cuisines"": [""chinese"", ""indian"", ""coffee_cafe""], ""content_type"": ""food_spot"", ""location"": {""name"": ""Nathu’s Sweets Decatur"", ""slug"": ""nathus-sweets-decatur""}, ""signals"": {""meal_evidence"": {""dessert"": [""dessert""], ""drinks"": [""drink"", ""drinks"", ""gin""], ""snack"": [""street food""]}, ""cuisine_evidence"": {""chinese"": [""chinese""], ""indian"": [""indian"", ""naan""], ""coffee_cafe"": [""latte""]}, ""content_evidence"": {""food_spot"": [""location_present""]}}, ""metadata"": {""hashtags"": [""atlantaeats"", ""atlantaindianrestaurants"", ""atlblog"", ""atlfoodie"", ""atlvegeterianrestaurants"", ""nathusweets""], ""mentions"": [""atllovesmo"", ""nathusweetsdecatur"", ""wearezenshi""], ""likes"": 32002, ""comments"": 260, ""video_views"": 315053}}","{""meal_type_evidence"": {""embedding_label"": ""dinner"", ""embedding_similarity"": 0.361, ""baseline_label"": ""dessert"", ""baseline_confidence"": 0.7, ""override"": false, ""reason"": ""embedding_disagrees_but_baseline_sufficient""}, ""cuisine_evidence"": {""embedding_cuisines"": [""american""], ""embedding_similarities"": {""american"": 0.433}, ""baseline_cuisines"": [""chinese"", ""indian"", ""coffee_cafe""], ""newly_detected"": [""american""], ""removed"": [""chinese"", ""coffee_cafe"", ""indian""], ""reason"": ""embedding_refined_cuisine_list""}, ""content_type_evidence"": {""embedding_label"": ""food_spot"", ""embedding_similarity"": 0.317, ""baseline_label"": ""food_spot"", ""baseline_confidence"": 0.7, ""override"": false, ""reason"": ""weak_embedding_match_keep_baseline""}}"
3336206765128672698,drinks,0.95,brunch,0.64,CHANGED,-0.31,"{""meal_type"": ""drinks"", ""cuisines"": [""american"", ""mexican"", ""seafood"", ""coffee_cafe""], ""content_type"": ""food_spot"", ""location"": {""name"": ""Atlanta, Georgia"", ""slug"": ""atlanta-georgia""}, ""signals"": {""meal_evidence"": {""brunch"": [""brunch""], ""dinner"": [""dinner""], ""dessert"": [""dessert""], ""drinks"": [""cocktail"", ""cocktails"", ""margarita"", ""martini""]}, ""cuisine_evidence"": {""american"": [""southern""], ""mexican"": [""mexican"", ""taco"", ""quesadilla"", ""birria""], ""seafood"": [""fish""], ""coffee_cafe"": [""coffee"", ""espresso"", ""latte""]}, ""content_evidence"": {""food_spot"": [""location_present""]}}, ""metadata"": {""hashtags"": [""atlantacoffee"", ""atlcoffeeshop"", ""atleats"", ""atlfoodie"", ""decaturfood""], ""mentions"": [""atlantacoffeeshops"", ""atllovesmo"", ""katherine_boggs"", ""lachiquiada_decatur""], ""likes"": 31594, ""comments"": 164, ""video_views"": 205268}}","{""meal_type_evidence"": {""embedding_label"": ""drinks"", ""embedding_similarity"": 0.362, ""baseline_label"": ""brunch"", ""baseline_confidence"": 0.7, ""override"": false, ""reason"": ""embedding_disagrees_but_baseline_sufficient""}, ""cuisine_evidence"": {""embedding_cuisines"": [""mexican""], ""embedding_similarities"": {""mexican"": 0.521}, ""baseline_cuisines"": [""american"", ""mexican"", ""seafood"", ""coffee_cafe""], ""newly_detected"": [], ""removed"": [""coffee_cafe"", ""seafood"", ""american""], ""reason"": ""embedding_refined_cuisine_list""}, ""content_type_evidence"": {""embedding_label"": ""food_spot"", ""embedding_similarity"": 0.415, ""baseline_label"": ""food_spot"", ""baseline_confidence"": 0.7, ""override"": false, ""reason"": ""embedding_agrees_boost_baseline""}}"
3211206218928079309,dinner,0.7,dinner,0.69,CONFIDENCE_UPDATED,-0.01,"{""meal_type"": ""dinner"", ""cuisines"": [], ""content_type"": ""food_spot"", ""location"": {""name"": ""Atlanta, Georgia"", ""slug"": ""atlanta-georgia""}, ""signals"": {""meal_evidence"": {""dinner"": [""dinner""], ""drinks"": [""wine""]}, ""cuisine_evidence"": {}, ""content_evidence"": {""food_spot"": [""location_present""]}}, ""metadata"": {""hashtags"": [""atldinnerclub"", ""atleats"", ""atlfoodie"", ""secretatlanta"", ""thingstodoinatlanta""], ""mentions"": [""atllovesmo"", ""cheftrevorshankman""], ""likes"": 2212, ""comments"": 111, ""video_views"": 23551}}","{""meal_type_evidence"": {""embedding_label"": ""dinner"", ""embedding_similarity"": 0.5, ""baseline_label"": ""dinner"", ""baseline_confidence"": 0.7, ""override"": false, ""reason"": ""embedding_agrees_boost_baseline""}, ""cuisine_evidence"": {""embedding_cuisines"": [], ""embedding_similarities"": {}, ""baseline_cuisines"": [], ""newly_detected"": [], ""removed"": [], ""reason"": ""no_strong_embedding_matches_keep_baseline""}, ""content_type_evidence"": {""embedding_label"": ""food_spot"", ""embedding_similarity"": 0.5, ""baseline_label"": ""food_spot"", ""baseline_confidence"": 0.7, ""override"": false, ""reason"": ""embedding_agrees_boost_baseline""}}"
3309834709075130582,dinner,0.7,dinner,0.69,CONFIDENCE_UPDATED,-0.01,"{""meal_type"": ""dinner"", ""cuisines"": [], ""content_type"": ""food_spot"", ""location"": {""name"": ""Atlanta, Georgia"", ""slug"": ""atlanta-georgia""}, ""signals"": {""meal_evidence"": {""dinner"": [""dinner""], ""dessert"": [""cookie""], ""drinks"": [""wine""]}, ""cuisine_evidence"": {}, ""content_evidence"": {""food_spot"": [""location_present""]}}, ""metadata"": {""hashtags"": [""atldatenight"", ""atldinnerclub"", ""atleats"", ""atlfoodie"", ""thingstodoinatlanta""], ""mentions"": [""atllovesmo"", ""cheftrevorshankman"", ""pickyourleisure""], ""likes"": 753, ""comments"": 114, ""video_views"": 11225}}","{""meal_type_evidence"": {""embedding_label"": ""dinner"", ""embedding_similarity"": 0.508, ""baseline_label"": ""dinner"", ""baseline_confidence"": 0.7, ""override"": false, ""reason"": ""embedding_agrees_boost_baseline""}, ""cuisine_evidence"": {""embedding_cuisines"": [""mexican""], ""embedding_similarities"": {""mexican"": 0.403}, ""baseline_cuisines"": [], ""newly_detected"": [""mexican""], ""removed"": [], ""reason"": ""embedding_refined_cuisine_list""}, ""content_type_evidence"": {""embedding_label"": ""food_spot"", ""embedding_similarity"": 0.494, ""baseline_label"": ""food_spot"", ""baseline_confidence"": 0.7, ""override"": false, ""reason"": ""embedding_agrees_boost_baseline""}}"
3169878759796895535,dinner,0.7,dinner,0.689,CONFIDENCE_UPDATED,-0.011,"{""meal_type"": ""dinner"", ""cuisines"": [""american"", ""italian""], ""content_type"": ""food_spot"", ""location"": {""name"": ""Mission + Market"", ""slug"": ""mission-market""}, ""signals"": {""meal_evidence"": {""dinner"": [""date night""], ""drinks"": [""whiskey""]}, ""cuisine_evidence"": {""american"": [""american""], ""italian"": [""gnocchi""]}, ""content_evidence"": {""food_spot"": [""location_present""]}}, ""metadata"": {""hashtags"": [""atlantafoodie"", ""atldatenight"", ""atleats"", ""atlfoodie""], ""mentions"": [""atllovesmo"", ""ianwinslade"", ""jenisicecreams"", ""missionandmkt""], ""likes"": 1119, ""comments"": 56, ""video_views"": 20036}}","{""meal_type_evidence"": {""embedding_label"": ""dinner"", ""embedding_similarity"": 0.521, ""baseline_label"": ""dinner"", ""baseline_confidence"": 0.7, ""override"": false, ""reason"": ""embedding_agrees_boost_baseline""}, ""cuisine_evidence"": {""embedding_cuisines"": [""american""], ""embedding_similarities"": {""american"": 0.402}, ""baseline_cuisines"": [""american"", ""italian""], ""newly_detected"": [], ""removed"": [""italian""], ""reason"": ""embedding_refined_cuisine_list""}, ""content_type_evidence"": {""embedding_label"": ""food_spot"", ""embedding_similarity"": 0.456, ""baseline_label"": ""food_spot"", ""baseline_confidence"": 0.7, ""override"": false, ""reason"": ""embedding_agrees_boost_baseline""}}"
3079498342934256413,drinks,0.7,drinks,0.689,CONFIDENCE_UPDATED,-0.011,"{""meal_type"": ""drinks"", ""cuisines"": [], ""content_type"": ""food_spot"", ""location"": {""name"": ""Atlanta, Georgia"", ""slug"": ""atlanta-georgia""}, ""signals"": {""meal_evidence"": {""drinks"": [""cocktail""]}, ""cuisine_evidence"": {}, ""content_evidence"": {""food_spot"": [""location_present""]}}, ""metadata"": {""hashtags"": [], ""mentions"": [""leandrafthouse""], ""likes"": 129, ""comments"": 16, ""video_views"": 962}}","{""meal_type_evidence"": {""embedding_label"": ""drinks"", ""embedding_similarity"": 0.524, ""baseline_label"": ""drinks"", ""baseline_confidence"": 0.7, ""override"": false, ""reason"": ""embedding_agrees_boost_baseline""}, ""cuisine_evidence"": {""embedding_cuisines"": [], ""embedding_similarities"": {}, ""baseline_cuisines"": [], ""newly_detected"": [], ""removed"": [], ""reason"": ""no_strong_embedding_matches_keep_baseline""}, ""content_type_evidence"": {""embedding_label"": ""food_spot"", ""embedding_similarity"": 0.418, ""baseline_label"": ""food_spot"", ""baseline_confidence"": 0.7, ""override"": false, ""reason"": ""embedding_agrees_boost_baseline""}}"
3429360995980779390,dinner,0.75,dinner,0.738,CONFIDENCE_UPDATED,-0.012,"{""meal_type"": ""dinner"", ""cuisines"": [""mediterranean"", ""coffee_cafe""], ""content_type"": ""food_spot"", ""location"": {""name"": ""Atlanta, Georgia"", ""slug"": ""atlanta-georgia""}, ""signals"": {""meal_evidence"": {""dinner"": [""dinner"", ""date night""], ""drinks"": [""bar"", ""drink""]}, ""cuisine_evidence"": {""mediterranean"": [""mediterranean"", ""falafel"", ""hummus""], ""coffee_cafe"": [""cafe""]}, ""content_evidence"": {""food_spot"": [""location_present""]}}, ""metadata"": {""hashtags"": [], ""mentions"": [""atlantabeltline"", ""barpremioatlanta"", ""elektraatl"", ""forthatlanta""], ""likes"": 13493, ""comments"": 114, ""video_views"": 105083}}","{""meal_type_evidence"": {""embedding_label"": ""dinner"", ""embedding_similarity"": 0.51, ""baseline_label"": ""dinner"", ""baseline_confidence"": 0.75, ""override"": false, ""reason"": ""embedding_agrees_boost_baseline""}, ""cuisine_evidence"": {""embedding_cuisines"": [], ""embedding_similarities"": {}, ""baseline_cuisines"": [""mediterranean"", ""coffee_cafe""], ""newly_detected"": [], ""removed"": [""coffee_cafe"", ""mediterranean""], ""reason"": ""no_strong_embedding_matches_keep_baseline""}, ""content_type_evidence"": {""embedding_label"": ""food_spot"", ""embedding_similarity"": 0.495, ""baseline_label"": ""food_spot"", ""baseline_confidence"": 0.75, ""override"": false, ""reason"": ""embedding_agrees_boost_baseline""}}"
3203983633353870711,snack,0.7,snack,0.688,CONFIDENCE_UPDATED,-0.012,"{""meal_type"": ""snack"", ""cuisines"": [""thai"", ""bakery"", ""coffee_cafe""], ""content_type"": ""food_spot"", ""location"": {""name"": ""Atlanta, Georgia"", ""slug"": ""atlanta-georgia""}, ""signals"": {""meal_evidence"": {""snack"": [""street food""]}, ""cuisine_evidence"": {""thai"": [""thai""], ""bakery"": [""bakery""], ""coffee_cafe"": [""cafe""]}, ""content_evidence"": {""food_spot"": [""location_present""]}}, ""metadata"": {""hashtags"": [""ad"", ""atlasianeats"", ""atleats"", ""atlfoodie""], ""mentions"": [""foodterminalofficial"", ""sweethutbakerycafe.""], ""likes"": 4882, ""comments"": 69, ""video_views"": 36640}}","{""meal_type_evidence"": {""embedding_label"": ""snack"", ""embedding_similarity"": 0.488, ""baseline_label"": ""snack"", ""baseline_confidence"": 0.7, ""override"": false, ""reason"": ""embedding_agrees_boost_baseline""}, ""cuisine_evidence"": {""embedding_cuisines"": [""american"", ""thai""], ""embedding_similarities"": {""american"": 0.465, ""thai"": 0.406}, ""baseline_cuisines"": [""thai"", ""bakery"", ""coffee_cafe""], ""newly_detected"": [""american""], ""removed"": [""coffee_cafe"", ""bakery""], ""reason"": ""embedding_refined_cuisine_list""}, ""content_type_evidence"": {""embedding_label"": ""food_spot"", ""embedding_similarity"": 0.445, ""baseline_label"": ""food_spot"", ""baseline_confidence"": 0.7, ""override"": false, ""reason"": ""embedding_agrees_boost_baseline""}}"
3288100268531375885,dinner,0.75,dinner,0.738,CONFIDENCE_UPDATED,-0.012,"{""meal_type"": ""dinner"", ""cuisines"": [""mediterranean"", ""seafood""], ""content_type"": ""food_spot"", ""location"": {""name"": ""Atlanta, Georgia"", ""slug"": ""atlanta-georgia""}, ""signals"": {""meal_evidence"": {""brunch"": [""brunch""], ""dinner"": [""dinner"", ""date night""], ""drinks"": [""cocktail"", ""bar""]}, ""cuisine_evidence"": {""mediterranean"": [""mediterranean""], ""seafood"": [""seafood""]}, ""content_evidence"": {""food_spot"": [""location_present""]}}, ""metadata"": {""hashtags"": [""atlantafood"", ""atlblog"", ""atleats"", ""atlfoodie"", ""hosted""], ""mentions"": [""atllovesmo"", ""buckheadvillagedistrict"", ""carmelatl""], ""likes"": 1898, ""comments"": 109, ""video_views"": 19503}}","{""meal_type_evidence"": {""embedding_label"": ""dinner"", ""embedding_similarity"": 0.538, ""baseline_label"": ""dinner"", ""baseline_confidence"": 0.75, ""override"": false, ""reason"": ""embedding_agrees_boost_baseline""}, ""cuisine_evidence"": {""embedding_cuisines"": [""american""], ""embedding_similarities"": {""american"": 0.408}, ""baseline_cuisines"": [""mediterranean"", ""seafood""], ""newly_detected"": [""american""], ""removed"": [""mediterranean"", ""seafood""], ""reason"": ""embedding_refined_cuisine_list""}, ""content_type_evidence"": {""embedding_label"": ""food_spot"", ""embedding_similarity"": 0.48, ""baseline_label"": ""food_spot"", ""baseline_confidence"": 0.75, ""override"": false, ""reason"": ""embedding_agrees_boost_baseline""}}"
3460070879591821072,dinner,0.75,dinner,0.737,CONFIDENCE_UPDATED,-0.013,"{""meal_type"": ""dinner"", ""cuisines"": [""american"", ""italian"", ""bakery""], ""content_type"": ""food_spot"", ""location"": {""name"": ""Atlanta, Georgia"", ""slug"": ""atlanta-georgia""}, ""signals"": {""meal_evidence"": {""dinner"": [""dinner"", ""date night""], ""dessert"": [""dessert""], ""drinks"": [""wine"", ""bar""], ""snack"": [""small bites""]}, ""cuisine_evidence"": {""american"": [""southern""], ""italian"": [""italian"", ""pizza""], ""bakery"": [""bread""]}, ""content_evidence"": {""food_spot"": [""location_present""]}}, ""metadata"": {""hashtags"": [], ""mentions"": [""_oliveandpine_"", ""atllovesmo"", ""barblancatlanta"", ""commune_atl"", ""pendolinoatl""], ""likes"": 8712, ""comments"": 93, ""video_views"": 75089}}","{""meal_type_evidence"": {""embedding_label"": ""dinner"", ""embedding_similarity"": 0.464, ""baseline_label"": ""dinner"", ""baseline_confidence"": 0.75, ""override"": false, ""reason"": ""embedding_agrees_boost_baseline""}, ""cuisine_evidence"": {""embedding_cuisines"": [""italian""], ""embedding_similarities"": {""italian"": 0.428}, ""baseline_cuisines"": [""american"", ""italian"", ""bakery""], ""newly_detected"": [], ""removed"": [""american"", ""bakery""], ""reason"": ""embedding_refined_cuisine_list""}, ""content_type_evidence"": {""embedding_label"": ""food_spot"", ""embedding_similarity"": 0.515, ""baseline_label"": ""food_spot"", ""baseline_confidence"": 0.75, ""override"": false, ""reason"": ""embedding_agrees_boost_baseline""}}"
3709123737607590060,dinner,0.7,dinner,0.687,CONFIDENCE_UPDATED,-0.013,"{""meal_type"": ""dinner"", ""cuisines"": [""italian"", ""japanese"", ""seafood"", ""bakery"", ""coffee_cafe""], ""content_type"": ""food_spot"", ""location"": {""name"": ""Atlanta, Georgia"", ""slug"": ""atlanta-georgia""}, ""signals"": {""meal_evidence"": {""dinner"": [""date night""], ""dessert"": [""gelato""], ""drinks"": [""martini""]}, ""cuisine_evidence"": {""italian"": [""pasta""], ""japanese"": [""omakase""], ""seafood"": [""seafood"", ""fish""], ""bakery"": [""bread""], ""coffee_cafe"": [""espresso""]}, ""content_evidence"": {""food_spot"": [""location_present""]}}, ""metadata"": {""hashtags"": [""atlantafood"", ""atlblog"", ""thingstodoinatl""], ""mentions"": [""atllovesmo"", ""chefjoeyward"", ""georgiaboyatlanta"", ""ryokou.atl"", ""stceciliaatl""], ""likes"": 2478, ""comments"": 85, ""video_views"": 22592}}","{""meal_type_evidence"": {""embedding_label"": ""dinner"", ""embedding_similarity"": 0.432, ""baseline_label"": ""dinner"", ""baseline_confidence"": 0.7, ""override"": false, ""reason"": ""embedding_agrees_boost_baseline""}, ""cuisine_evidence"": {""embedding_cuisines"": [""american""], ""embedding_similarities"": {""american"": 0.42}, ""baseline_cuisines"": [""italian"", ""japanese"", ""seafood"", ""bakery"", ""coffee_cafe""], ""newly_detected"": [""american""], ""removed"": [""coffee_cafe"", ""seafood"", ""japanese"", ""italian"", ""bakery""], ""reason"": ""embedding_refined_cuisine_list""}, ""content_type_evidence"": {""embedding_label"": ""food_spot"", ""embedding_similarity"": 0.466, ""baseline_label"": ""food_spot"", ""baseline_confidence"": 0.7, ""override"": false, ""reason"": ""embedding_agrees_boost_baseline""}}"
3651878237678037362,dinner,0.7,dinner,0.687,CONFIDENCE_UPDATED,-0.013,"{""meal_type"": ""dinner"", ""cuisines"": [""italian"", ""seafood"", ""bakery""], ""content_type"": ""food_spot"", ""location"": {""name"": ""Atlanta, Georgia"", ""slug"": ""atlanta-georgia""}, ""signals"": {""meal_evidence"": {""dinner"": [""date night""]}, ""cuisine_evidence"": {""italian"": [""italian"", ""pasta""], ""seafood"": [""shrimp""], ""bakery"": [""bread""]}, ""content_evidence"": {""food_spot"": [""location_present""]}}, ""metadata"": {""hashtags"": [""atlblog"", ""atldatenight"", ""atlfoodie""], ""mentions"": [""atllovesmo"", ""pendolinoatl""], ""likes"": 2509, ""comments"": 88, ""video_views"": 2012}}","{""meal_type_evidence"": {""embedding_label"": ""dinner"", ""embedding_similarity"": 0.442, ""baseline_label"": ""dinner"", ""baseline_confidence"": 0.7, ""override"": false, ""reason"": ""embedding_agrees_boost_baseline""}, ""cuisine_evidence"": {""embedding_cuisines"": [""italian""], ""embedding_similarities"": {""italian"": 0.424}, ""baseline_cuisines"": [""italian"", ""seafood"", ""bakery""], ""newly_detected"": [], ""removed"": [""seafood"", ""bakery""], ""reason"": ""embedding_refined_cuisine_list""}, ""content_type_evidence"": {""embedding_label"": ""food_spot"", ""embedding_similarity"": 0.419, ""baseline_label"": ""food_spot"", ""baseline_confidence"": 0.7, ""override"": false, ""reason"": ""embedding_agrees_boost_baseline""}}"
3185141853418203601,dinner,0.75,dinner,0.736,CONFIDENCE_UPDATED,-0.014,"{""meal_type"": ""dinner"", ""cuisines"": [""indian"", ""seafood""], ""content_type"": ""food_spot"", ""location"": {""name"": ""LEE + WHITE"", ""slug"": ""lee-white""}, ""signals"": {""meal_evidence"": {""dinner"": [""dinner"", ""tasting menu""], ""dessert"": [""cake""], ""drinks"": [""wine""]}, ""cuisine_evidence"": {""indian"": [""curry""], ""seafood"": [""lobster"", ""crab""]}, ""content_evidence"": {""food_spot"": [""location_present""]}}, ""metadata"": {""hashtags"": [], ""mentions"": [""atlantawestend."", ""atllovesmo"", ""bovinoafterdark"", ""gunshowatl"", ""herobovinoatl"", ""hopcityatl"", ""leeandwhite"", ""millerunionatl"", ""mykelburkhart"", ""resy."", ""saltyourfood_atl"", ""stonemountaincattle"", ""xelanow""], ""likes"": 3338, ""comments"": 108, ""video_views"": 48816}}","{""meal_type_evidence"": {""embedding_label"": ""dinner"", ""embedding_similarity"": 0.527, ""baseline_label"": ""dinner"", ""baseline_confidence"": 0.75, ""override"": false, ""reason"": ""embedding_agrees_boost_baseline""}, ""cuisine_evidence"": {""embedding_cuisines"": [], ""embedding_similarities"": {}, ""baseline_cuisines"": [""indian"", ""seafood""], ""newly_detected"": [], ""removed"": [""seafood"", ""indian""], ""reason"": ""no_strong_embedding_matches_keep_baseline""}, ""content_type_evidence"": {""embedding_label"": ""food_spot"", ""embedding_similarity"": 0.418, ""baseline_label"": ""food_spot"", ""baseline_confidence"": 0.75, ""override"": false, ""reason"": ""embedding_agrees_boost_baseline""}}"
3404260519710582974,dinner,0.75,dinner,0.736,CONFIDENCE_UPDATED,-0.014,"{""meal_type"": ""dinner"", ""cuisines"": [], ""content_type"": ""food_spot"", ""location"": {""name"": ""Atlanta, Georgia"", ""slug"": ""atlanta-georgia""}, ""signals"": {""meal_evidence"": {""dinner"": [""dinner"", ""tasting menu""], ""drinks"": [""wine""]}, ""cuisine_evidence"": {}, ""content_evidence"": {""food_spot"": [""location_present""]}}, ""metadata"": {""hashtags"": [""atlblog"", ""atleats"", ""atlfoodie"", ""thingstodoinatlanta""], ""mentions"": [""atlantawestend."", ""atllovesmo"", ""bovinoafterdark"", ""exploretock."", ""gunshowatl"", ""herobovinoatl"", ""hopcityatl"", ""leeandwhite"", ""saltyourfood_atl"", ""xelanow.""], ""likes"": 2349, ""comments"": 132, ""video_views"": 33903}}","{""meal_type_evidence"": {""embedding_label"": ""dinner"", ""embedding_similarity"": 0.491, ""baseline_label"": ""dinner"", ""baseline_confidence"": 0.75, ""override"": false, ""reason"": ""embedding_agrees_boost_baseline""}, ""cuisine_evidence"": {""embedding_cuisines"": [], ""embedding_similarities"": {}, ""baseline_cuisines"": [], ""newly_detected"": [], ""removed"": [], ""reason"": ""no_strong_embedding_matches_keep_baseline""}, ""content_type_evidence"": {""embedding_label"": ""food_spot"", ""embedding_similarity"": 0.448, ""baseline_label"": ""food_spot"", ""baseline_confidence"": 0.75, ""override"": false, ""reason"": ""embedding_agrees_boost_baseline""}}"
3784070199151522973,dinner,0.7,dinner,0.686,CONFIDENCE_UPDATED,-0.014,"{""meal_type"": ""dinner"", ""cuisines"": [""italian"", ""coffee_cafe""], ""content_type"": ""food_spot"", ""location"": {""name"": ""Atlanta, Georgia"", ""slug"": ""atlanta-georgia""}, ""signals"": {""meal_evidence"": {""dinner"": [""date night""], ""dessert"": [""gelato""], ""drinks"": [""martini""]}, ""cuisine_evidence"": {""italian"": [""pasta"", ""pizza""], ""coffee_cafe"": [""espresso""]}, ""content_evidence"": {""food_spot"": [""location_present""]}}, ""metadata"": {""hashtags"": [""atlblog"", ""atlfoodie""], ""mentions"": [""atllovesmo"", ""sunnysidepizzeria""], ""likes"": 1878, ""comments"": 68, ""video_views"": 9844}}","{""meal_type_evidence"": {""embedding_label"": ""dinner"", ""embedding_similarity"": 0.419, ""baseline_label"": ""dinner"", ""baseline_confidence"": 0.7, ""override"": false, ""reason"": ""embedding_agrees_boost_baseline""}, ""cuisine_evidence"": {""embedding_cuisines"": [""italian""], ""embedding_similarities"": {""italian"": 0.478}, ""baseline_cuisines"": [""italian"", ""coffee_cafe""], ""newly_detected"": [], ""removed"": [""coffee_cafe""], ""reason"": ""embedding_refined_cuisine_list""}, ""content_type_evidence"": {""embedding_label"": ""food_spot"", ""embedding_similarity"": 0.404, ""baseline_label"": ""food_spot"", ""baseline_confidence"": 0.7, ""override"": false, ""reason"": ""embedding_agrees_boost_baseline""}}"
3367773388401709713,dinner,0.75,dinner,0.735,CONFIDENCE_UPDATED,-0.015,"{""meal_type"": ""dinner"", ""cuisines"": [""italian""], ""content_type"": ""food_spot"", ""location"": {""name"": ""KR SteakBar"", ""slug"": ""kr-steakbar""}, ""signals"": {""meal_evidence"": {""dinner"": [""dinner"", ""date night""], ""drinks"": [""wine"", ""bar""]}, ""cuisine_evidence"": {""italian"": [""pasta""]}, ""content_evidence"": {""food_spot"": [""location_present""]}}, ""metadata"": {""hashtags"": [""atlantafood"", ""atlblog"", ""atldatenight"", ""atleats""], ""mentions"": [""atllovesmo"", ""chefkevinrathbun"", ""kevinrathbunsteak"", ""krsteakbar""], ""likes"": 4809, ""comments"": 142, ""video_views"": 52928}}","{""meal_type_evidence"": {""embedding_label"": ""dinner"", ""embedding_similarity"": 0.477, ""baseline_label"": ""dinner"", ""baseline_confidence"": 0.75, ""override"": false, ""reason"": ""embedding_agrees_boost_baseline""}, ""cuisine_evidence"": {""embedding_cuisines"": [""american""], ""embedding_similarities"": {""american"": 0.417}, ""baseline_cuisines"": [""italian""], ""newly_detected"": [""american""], ""removed"": [""italian""], ""reason"": ""embedding_refined_cuisine_list""}, ""content_type_evidence"": {""embedding_label"": ""food_spot"", ""embedding_similarity"": 0.412, ""baseline_label"": ""food_spot"", ""baseline_confidence"": 0.75, ""override"": false, ""reason"": ""embedding_agrees_boost_baseline""}}"
3686240942651590041,dinner,0.75,dinner,0.735,CONFIDENCE_UPDATED,-0.015,"{""meal_type"": ""dinner"", ""cuisines"": [], ""content_type"": ""food_spot"", ""location"": {""name"": ""Atlanta, Georgia"", ""slug"": ""atlanta-georgia""}, ""signals"": {""meal_evidence"": {""dinner"": [""dinner"", ""tasting menu""], ""drinks"": [""gin""]}, ""cuisine_evidence"": {}, ""content_evidence"": {""food_spot"": [""location_present""]}}, ""metadata"": {""hashtags"": [""atlblog"", ""atleats"", ""atlfoodie""], ""mentions"": [""atllovesmo"", ""chefjaredwarwick"", ""majinbeen"", ""wickandnicks""], ""likes"": 2754, ""comments"": 59, ""video_views"": 21141}}","{""meal_type_evidence"": {""embedding_label"": ""dinner"", ""embedding_similarity"": 0.42, ""baseline_label"": ""dinner"", ""baseline_confidence"": 0.75, ""override"": false, ""reason"": ""embedding_agrees_boost_baseline""}, ""cuisine_evidence"": {""embedding_cuisines"": [], ""embedding_similarities"": {}, ""baseline_cuisines"": [], ""newly_detected"": [], ""removed"": [], ""reason"": ""no_strong_embedding_matches_keep_baseline""}, ""content_type_evidence"": {""embedding_label"": ""food_spot"", ""embedding_similarity"": 0.464, ""baseline_label"": ""food_spot"", ""baseline_confidence"": 0.75, ""override"": false, ""reason"": ""embedding_agrees_boost_baseline""}}"
3710657136570177283,dinner,0.75,dinner,0.735,CONFIDENCE_UPDATED,-0.015,"{""meal_type"": ""dinner"", ""cuisines"": [""italian""], ""content_type"": ""food_spot"", ""location"": {""name"": ""Roswell, Georgia"", ""slug"": ""roswell-georgia""}, ""signals"": {""meal_evidence"": {""dinner"": [""dinner"", ""date night""], ""dessert"": [""gelato""], ""drinks"": [""wine"", ""happy hour""]}, ""cuisine_evidence"": {""italian"": [""italian"", ""pasta"", ""pizza""]}, ""content_evidence"": {""food_spot"": [""location_present""]}}, ""metadata"": {""hashtags"": [""atlblog"", ""atlfoodie"", ""roswellga""], ""mentions"": [""amorinousa"", ""atllovesmo"", ""madridspanishtaverna."", ""osteriamattone""], ""likes"": 2352, ""comments"": 58, ""video_views"": 20206}}","{""meal_type_evidence"": {""embedding_label"": ""dinner"", ""embedding_similarity"": 0.516, ""baseline_label"": ""dinner"", ""baseline_confidence"": 0.75, ""override"": false, ""reason"": ""embedding_agrees_boost_baseline""}, ""cuisine_evidence"": {""embedding_cuisines"": [""mexican"", ""italian""], ""embedding_similarities"": {""mexican"": 0.404, ""italian"": 0.451}, ""baseline_cuisines"": [""italian""], ""newly_detected"": [""mexican""], ""removed"": [], ""reason"": ""embedding_refined_cuisine_list""}, ""content_type_evidence"": {""embedding_label"": ""food_spot"", ""embedding_similarity"": 0.387, ""baseline_label"": ""food_spot"", ""baseline_confidence"": 0.75, ""override"": false, ""reason"": ""embedding_agrees_boost_baseline""}}"
3420200230702556857,dinner,0.7,dinner,0.685,CONFIDENCE_UPDATED,-0.015,"{""meal_type"": ""dinner"", ""cuisines"": [""mediterranean""], ""content_type"": ""food_spot"", ""location"": {""name"": ""Atlanta, Georgia"", ""slug"": ""atlanta-georgia""}, ""signals"": {""meal_evidence"": {""dinner"": [""date night""], ""dessert"": [""dessert""]}, ""cuisine_evidence"": {""mediterranean"": [""falafel""]}, ""content_evidence"": {""food_spot"": [""location_present""]}}, ""metadata"": {""hashtags"": [""atlblog"", ""atleats"", ""atlfoodie"", ""buckheadrestaurantweek""], ""mentions"": [""buckheadrestaurantweek"", ""livablebuckhead"", ""zakiarestaurant""], ""likes"": 1356, ""comments"": 73, ""video_views"": 13056}}","{""meal_type_evidence"": {""embedding_label"": ""dinner"", ""embedding_similarity"": 0.387, ""baseline_label"": ""dinner"", ""baseline_confidence"": 0.7, ""override"": false, ""reason"": ""embedding_agrees_boost_baseline""}, ""cuisine_evidence"": {""embedding_cuisines"": [], ""embedding_similarities"": {}, ""baseline_cuisines"": [""mediterranean""], ""newly_detected"": [], ""removed"": [""mediterranean""], ""reason"": ""no_strong_embedding_matches_keep_baseline""}, ""content_type_evidence"": {""embedding_label"": ""food_spot"", ""embedding_similarity"": 0.403, ""baseline_label"": ""food_spot"", ""baseline_confidence"": 0.7, ""override"": false, ""reason"": ""embedding_agrees_boost_baseline""}}"
3292438117310101805,drinks,0.7,drinks,0.685,CONFIDENCE_UPDATED,-0.015,"{""meal_type"": ""drinks"", ""cuisines"": [""coffee_cafe""], ""content_type"": ""food_spot"", ""location"": {""name"": ""Atlanta, Georgia"", ""slug"": ""atlanta-georgia""}, ""signals"": {""meal_evidence"": {""drinks"": [""drink""]}, ""cuisine_evidence"": {""coffee_cafe"": [""coffee""]}, ""content_evidence"": {""food_spot"": [""location_present""]}}, ""metadata"": {""hashtags"": [""atlanta"", ""atlblog"", ""atlclub"", ""switchyards"", ""workclub""], ""mentions"": [""switchyards""], ""likes"": 444, ""comments"": 87, ""video_views"": null}}","{""meal_type_evidence"": {""embedding_label"": ""drinks"", ""embedding_similarity"": 0.335, ""baseline_label"": ""drinks"", ""baseline_confidence"": 0.7, ""override"": false, ""reason"": ""embedding_agrees_boost_baseline""}, ""cuisine_evidence"": {""embedding_cuisines"": [], ""embedding_similarities"": {}, ""baseline_cuisines"": [""coffee_cafe""], ""newly_detected"": [], ""removed"": [""coffee_cafe""], ""reason"": ""no_strong_embedding_matches_keep_baseline""}, ""content_type_evidence"": {""embedding_label"": ""food_spot"", ""embedding_similarity"": 0.446, ""baseline_label"": ""food_spot"", ""baseline_confidence"": 0.7, ""override"": false, ""reason"": ""embedding_agrees_boost_baseline""}}"
3280113883019819258,dinner,0.75,dinner,0.734,CONFIDENCE_UPDATED,-0.016,"{""meal_type"": ""dinner"", ""cuisines"": [""bakery""], ""content_type"": ""food_spot"", ""location"": {""name"": ""Bask Steakhouse"", ""slug"": ""bask-steakhouse""}, ""signals"": {""meal_evidence"": {""dinner"": [""dinner"", ""date night""], ""dessert"": [""dessert""], ""drinks"": [""cocktail"", ""gin""]}, ""cuisine_evidence"": {""bakery"": [""bread""]}, ""content_evidence"": {""food_spot"": [""location_present""]}}, ""metadata"": {""hashtags"": [""atlantafood"", ""atleats"", ""atlfoodie"", ""roswellgeorgia"", ""roswellrw""], ""mentions"": [""atllovesmo"", ""basksteakhouse"", ""elliotrubenstein"", ""roswellrw""], ""likes"": 2156, ""comments"": 93, ""video_views"": 22683}}","{""meal_type_evidence"": {""embedding_label"": ""dinner"", ""embedding_similarity"": 0.432, ""baseline_label"": ""dinner"", ""baseline_confidence"": 0.75, ""override"": false, ""reason"": ""embedding_agrees_boost_baseline""}, ""cuisine_evidence"": {""embedding_cuisines"": [""american""], ""embedding_similarities"": {""american"": 0.449}, ""baseline_cuisines"": [""bakery""], ""newly_detected"": [""american""], ""removed"": [""bakery""], ""reason"": ""embedding_refined_cuisine_list""}, ""content_type_evidence"": {""embedding_label"": ""food_spot"", ""embedding_similarity"": 0.433, ""baseline_label"": ""food_spot"", ""baseline_confidence"": 0.75, ""override"": false, ""reason"": ""embedding_agrees_boost_baseline""}}"
3778254267795763591,drinks,0.75,drinks,0.734,CONFIDENCE_UPDATED,-0.016,"{""meal_type"": ""drinks"", ""cuisines"": [""coffee_cafe""], ""content_type"": ""food_spot"", ""location"": {""name"": ""Atlanta, Georgia"", ""slug"": ""atlanta-georgia""}, ""signals"": {""meal_evidence"": {""drinks"": [""wine"", ""martini""]}, ""cuisine_evidence"": {""coffee_cafe"": [""coffee"", ""espresso""]}, ""content_evidence"": {""food_spot"": [""location_present""]}}, ""metadata"": {""hashtags"": [""atlblog"", ""atleats""], ""mentions"": [""atllovesmo"", ""fincatofilter"", ""sidesaddlewine""], ""likes"": 2044, ""comments"": 55, ""video_views"": 15353}}","{""meal_type_evidence"": {""embedding_label"": ""drinks"", ""embedding_similarity"": 0.433, ""baseline_label"": ""drinks"", ""baseline_confidence"": 0.75, ""override"": false, ""reason"": ""embedding_agrees_boost_baseline""}, ""cuisine_evidence"": {""embedding_cuisines"": [], ""embedding_similarities"": {}, ""baseline_cuisines"": [""coffee_cafe""], ""newly_detected"": [], ""removed"": [""coffee_cafe""], ""reason"": ""no_strong_embedding_matches_keep_baseline""}, ""content_type_evidence"": {""embedding_label"": ""food_spot"", ""embedding_similarity"": 0.429, ""baseline_label"": ""food_spot"", ""baseline_confidence"": 0.75, ""override"": false, ""reason"": ""embedding_agrees_boost_baseline""}}"
3663022270814551661,dinner,0.7,dinner,0.684,CONFIDENCE_UPDATED,-0.016,"{""meal_type"": ""dinner"", ""cuisines"": [], ""content_type"": ""food_spot"", ""location"": {""name"": ""Atlanta, Georgia"", ""slug"": ""atlanta-georgia""}, ""signals"": {""meal_evidence"": {""dinner"": [""date night""]}, ""cuisine_evidence"": {}, ""content_evidence"": {""food_spot"": [""location_present""]}}, ""metadata"": {""hashtags"": [""atlantafoodie"", ""atlblog""], ""mentions"": [""atllovesmo"", ""mollysanyourceramicsstudio""], ""likes"": 5328, ""comments"": 71, ""video_views"": 2110}}","{""meal_type_evidence"": {""embedding_label"": ""dinner"", ""embedding_similarity"": 0.4, ""baseline_label"": ""dinner"", ""baseline_confidence"": 0.7, ""override"": false, ""reason"": ""embedding_agrees_boost_baseline""}, ""cuisine_evidence"": {""embedding_cuisines"": [], ""embedding_similarities"": {}, ""baseline_cuisines"": [], ""newly_detected"": [], ""removed"": [], ""reason"": ""no_strong_embedding_matches_keep_baseline""}, ""content_type_evidence"": {""embedding_label"": ""food_spot"", ""embedding_similarity"": 0.369, ""baseline_label"": ""food_spot"", ""baseline_confidence"": 0.7, ""override"": false, ""reason"": ""embedding_agrees_boost_baseline""}}"
3095674106473407392,dinner,0.7,dinner,0.684,CONFIDENCE_UPDATED,-0.016,"{""meal_type"": ""dinner"", ""cuisines"": [], ""content_type"": ""food_spot"", ""location"": {""name"": ""Atlanta, Georgia"", ""slug"": ""atlanta-georgia""}, ""signals"": {""meal_evidence"": {""dinner"": [""date night""]}, ""cuisine_evidence"": {}, ""content_evidence"": {""food_spot"": [""location_present""]}}, ""metadata"": {""hashtags"": [""atlantafood"", ""atlfood"", ""atlfoodie"", ""tinylousatl""], ""mentions"": [""hotelclermont"", ""tinylousatl""], ""likes"": 234, ""comments"": 28, ""video_views"": 1980}}","{""meal_type_evidence"": {""embedding_label"": ""dinner"", ""embedding_similarity"": 0.372, ""baseline_label"": ""dinner"", ""baseline_confidence"": 0.7, ""override"": false, ""reason"": ""embedding_agrees_boost_baseline""}, ""cuisine_evidence"": {""embedding_cuisines"": [], ""embedding_similarities"": {}, ""baseline_cuisines"": [], ""newly_detected"": [], ""removed"": [], ""reason"": ""no_strong_embedding_matches_keep_baseline""}, ""content_type_evidence"": {""embedding_label"": ""food_spot"", ""embedding_similarity"": 0.4, ""baseline_label"": ""food_spot"", ""baseline_confidence"": 0.7, ""override"": false, ""reason"": ""embedding_agrees_boost_baseline""}}"
3563553462019318437,dinner,0.7,dinner,0.684,CONFIDENCE_UPDATED,-0.016,"{""meal_type"": ""dinner"", ""cuisines"": [""japanese"", ""seafood""], ""content_type"": ""food_spot"", ""location"": {""name"": ""Atlanta, Georgia"", ""slug"": ""atlanta-georgia""}, ""signals"": {""meal_evidence"": {""dinner"": [""date night""], ""drinks"": [""bar""]}, ""cuisine_evidence"": {""japanese"": [""sushi""], ""seafood"": [""seafood""]}, ""content_evidence"": {""food_spot"": [""location_present""]}}, ""metadata"": {""hashtags"": [""atlbeltline"", ""atleats"", ""atlfoodie""], ""mentions"": [""atlantabeltline"", ""atllovesmo"", ""thekrogdistrictatl"", ""yujiatlanta""], ""likes"": 3878, ""comments"": 113, ""video_views"": null}}","{""meal_type_evidence"": {""embedding_label"": ""dinner"", ""embedding_similarity"": 0.342, ""baseline_label"": ""dinner"", ""baseline_confidence"": 0.7, ""override"": false, ""reason"": ""embedding_agrees_boost_baseline""}, ""cuisine_evidence"": {""embedding_cuisines"": [], ""embedding_similarities"": {}, ""baseline_cuisines"": [""japanese"", ""seafood""], ""newly_detected"": [], ""removed"": [""japanese"", ""seafood""], ""reason"": ""no_strong_embedding_matches_keep_baseline""}, ""content_type_evidence"": {""embedding_label"": ""food_spot"", ""embedding_similarity"": 0.404, ""baseline_label"": ""food_spot"", ""baseline_confidence"": 0.7, ""override"": false, ""reason"": ""embedding_agrees_boost_baseline""}}"
3581122782152175695,dinner,0.7,dinner,0.683,CONFIDENCE_UPDATED,-0.017,"{""meal_type"": ""dinner"", ""cuisines"": [""japanese"", ""seafood""], ""content_type"": ""food_spot"", ""location"": {""name"": ""Atlanta, Georgia"", ""slug"": ""atlanta-georgia""}, ""signals"": {""meal_evidence"": {""dinner"": [""date night""], ""drinks"": [""bar""]}, ""cuisine_evidence"": {""japanese"": [""sushi""], ""seafood"": [""seafood""]}, ""content_evidence"": {""food_spot"": [""location_present""]}}, ""metadata"": {""hashtags"": [""atlbeltline"", ""atleats"", ""atlfoodie""], ""mentions"": [""alexkinjo"", ""atlantabeltline"", ""atllovesmo"", ""thekrogdistrictatl"", ""yujiatlanta""], ""likes"": 2086, ""comments"": 82, ""video_views"": 15913}}","{""meal_type_evidence"": {""embedding_label"": ""dinner"", ""embedding_similarity"": 0.317, ""baseline_label"": ""dinner"", ""baseline_confidence"": 0.7, ""override"": false, ""reason"": ""embedding_agrees_boost_baseline""}, ""cuisine_evidence"": {""embedding_cuisines"": [], ""embedding_similarities"": {}, ""baseline_cuisines"": [""japanese"", ""seafood""], ""newly_detected"": [], ""removed"": [""japanese"", ""seafood""], ""reason"": ""no_strong_embedding_matches_keep_baseline""}, ""content_type_evidence"": {""embedding_label"": ""food_spot"", ""embedding_similarity"": 0.387, ""baseline_label"": ""food_spot"", ""baseline_confidence"": 0.7, ""override"": false, ""reason"": ""embedding_agrees_boost_baseline""}}"
3586641742885533685,dinner,0.7,dinner,0.683,CONFIDENCE_UPDATED,-0.017,"{""meal_type"": ""dinner"", ""cuisines"": [""mexican"", ""coffee_cafe""], ""content_type"": ""food_spot"", ""location"": {""name"": ""Atlanta, Georgia"", ""slug"": ""atlanta-georgia""}, ""signals"": {""meal_evidence"": {""dinner"": [""date night""], ""drinks"": [""bar""]}, ""cuisine_evidence"": {""mexican"": [""mexican"", ""taco""], ""coffee_cafe"": [""latte""]}, ""content_evidence"": {""food_spot"": [""location_present""]}}, ""metadata"": {""hashtags"": [""atlantaeats"", ""atlblog"", ""atldatenight""], ""mentions"": [""atllovesmo"", ""rrealtacos""], ""likes"": 1206, ""comments"": 75, ""video_views"": 12373}}","{""meal_type_evidence"": {""embedding_label"": ""dinner"", ""embedding_similarity"": 0.329, ""baseline_label"": ""dinner"", ""baseline_confidence"": 0.7, ""override"": false, ""reason"": ""embedding_agrees_boost_baseline""}, ""cuisine_evidence"": {""embedding_cuisines"": [""mexican""], ""embedding_similarities"": {""mexican"": 0.49}, ""baseline_cuisines"": [""mexican"", ""coffee_cafe""], ""newly_detected"": [], ""removed"": [""coffee_cafe""], ""reason"": ""embedding_refined_cuisine_list""}, ""content_type_evidence"": {""embedding_label"": ""food_spot"", ""embedding_similarity"": 0.387, ""baseline_label"": ""food_spot"", ""baseline_confidence"": 0.7, ""override"": false, ""reason"": ""embedding_agrees_boost_baseline""}}"
3824470145968980272,dinner,0.7,dinner,0.683,CONFIDENCE_UPDATED,-0.017,"{""meal_type"": ""dinner"", ""cuisines"": [""mediterranean""], ""content_type"": ""food_spot"", ""location"": {""name"": ""Atlanta, Georgia"", ""slug"": ""atlanta-georgia""}, ""signals"": {""meal_evidence"": {""dinner"": [""date night""], ""drinks"": [""cocktail""]}, ""cuisine_evidence"": {""mediterranean"": [""mediterranean""]}, ""content_evidence"": {""food_spot"": [""location_present""]}}, ""metadata"": {""hashtags"": [], ""mentions"": [""atllovesmo"", ""ela.atlanta""], ""likes"": 1060, ""comments"": 86, ""video_views"": null}}","{""meal_type_evidence"": {""embedding_label"": ""dinner"", ""embedding_similarity"": 0.311, ""baseline_label"": ""dinner"", ""baseline_confidence"": 0.7, ""override"": false, ""reason"": ""embedding_agrees_boost_baseline""}, ""cuisine_evidence"": {""embedding_cuisines"": [""american""], ""embedding_similarities"": {""american"": 0.418}, ""baseline_cuisines"": [""mediterranean""], ""newly_detected"": [""american""], ""removed"": [""mediterranean""], ""reason"": ""embedding_refined_cuisine_list""}, ""content_type_evidence"": {""embedding_label"": ""food_spot"", ""embedding_similarity"": 0.395, ""baseline_label"": ""food_spot"", ""baseline_confidence"": 0.7, ""override"": false, ""reason"": ""embedding_agrees_boost_baseline""}}"
3463437271259490870,dinner,0.75,dinner,0.732,CONFIDENCE_UPDATED,-0.018,"{""meal_type"": ""dinner"", ""cuisines"": [], ""content_type"": ""food_spot"", ""location"": {""name"": ""Atlanta, Georgia"", ""slug"": ""atlanta-georgia""}, ""signals"": {""meal_evidence"": {""dinner"": [""dinner"", ""date night""], ""dessert"": [""dessert""], ""drinks"": [""cocktail"", ""cocktails""]}, ""cuisine_evidence"": {}, ""content_evidence"": {""food_spot"": [""location_present""]}}, ""metadata"": {""hashtags"": [""atlantafoodie"", ""atldatenight"", ""atleats"", ""atlfoodie""], ""mentions"": [""opentable"", ""tulumatl""], ""likes"": 1330, ""comments"": 60, ""video_views"": 16277}}","{""meal_type_evidence"": {""embedding_label"": ""dinner"", ""embedding_similarity"": 0.388, ""baseline_label"": ""dinner"", ""baseline_confidence"": 0.75, ""override"": false, ""reason"": ""embedding_agrees_boost_baseline""}, ""cuisine_evidence"": {""embedding_cuisines"": [], ""embedding_similarities"": {}, ""baseline_cuisines"": [], ""newly_detected"": [], ""removed"": [], ""reason"": ""no_strong_embedding_matches_keep_baseline""}, ""content_type_evidence"": {""embedding_label"": ""food_spot"", ""embedding_similarity"": 0.373, ""baseline_label"": ""food_spot"", ""baseline_confidence"": 0.75, ""override"": false, ""reason"": ""embedding_agrees_boost_baseline""}}"
3776612088350355317,dinner,0.75,dinner,0.732,CONFIDENCE_UPDATED,-0.018,"{""meal_type"": ""dinner"", ""cuisines"": [""seafood""], ""content_type"": ""food_spot"", ""location"": {""name"": ""Atlanta, Georgia"", ""slug"": ""atlanta-georgia""}, ""signals"": {""meal_evidence"": {""dinner"": [""dinner"", ""date night""], ""dessert"": [""dessert"", ""cake""], ""drinks"": [""wine""]}, ""cuisine_evidence"": {""seafood"": [""crab""]}, ""content_evidence"": {""food_spot"": [""location_present""]}}, ""metadata"": {""hashtags"": [""atlantadatenight"", ""atlantafood"", ""atleats"", ""atlfoodie""], ""mentions"": [""atllovesmo"", ""newyorkprime""], ""likes"": 1533, ""comments"": 1768, ""video_views"": 14832}}","{""meal_type_evidence"": {""embedding_label"": ""dinner"", ""embedding_similarity"": 0.391, ""baseline_label"": ""dinner"", ""baseline_confidence"": 0.75, ""override"": false, ""reason"": ""embedding_agrees_boost_baseline""}, ""cuisine_evidence"": {""embedding_cuisines"": [], ""embedding_similarities"": {}, ""baseline_cuisines"": [""seafood""], ""newly_detected"": [], ""removed"": [""seafood""], ""reason"": ""no_strong_embedding_matches_keep_baseline""}, ""content_type_evidence"": {""embedding_label"": ""food_spot"", ""embedding_similarity"": 0.382, ""baseline_label"": ""food_spot"", ""baseline_confidence"": 0.75, ""override"": false, ""reason"": ""embedding_agrees_boost_baseline""}}"
3716707047150008611,dinner,0.75,dinner,0.732,CONFIDENCE_UPDATED,-0.018,"{""meal_type"": ""dinner"", ""cuisines"": [""italian""], ""content_type"": ""food_spot"", ""location"": {""name"": ""Atlanta, Georgia"", ""slug"": ""atlanta-georgia""}, ""signals"": {""meal_evidence"": {""dinner"": [""dinner"", ""date night""]}, ""cuisine_evidence"": {""italian"": [""italian""]}, ""content_evidence"": {""food_spot"": [""location_present""]}}, ""metadata"": {""hashtags"": [], ""mentions"": [""atllovesmo"", ""gigisitaliankitchen""], ""likes"": 1137, ""comments"": 73, ""video_views"": 9130}}","{""meal_type_evidence"": {""embedding_label"": ""dinner"", ""embedding_similarity"": 0.344, ""baseline_label"": ""dinner"", ""baseline_confidence"": 0.75, ""override"": false, ""reason"": ""embedding_agrees_boost_baseline""}, ""cuisine_evidence"": {""embedding_cuisines"": [""italian""], ""embedding_similarities"": {""italian"": 0.411}, ""baseline_cuisines"": [""italian""], ""newly_detected"": [], ""removed"": [], ""reason"": ""embedding_confirms_baseline""}, ""content_type_evidence"": {""embedding_label"": ""food_spot"", ""embedding_similarity"": 0.448, ""baseline_label"": ""food_spot"", ""baseline_confidence"": 0.75, ""override"": false, ""reason"": ""embedding_agrees_boost_baseline""}}"
3322128551212017381,dinner,0.7,dinner,0.681,CONFIDENCE_UPDATED,-0.019,"{""meal_type"": ""dinner"", ""cuisines"": [], ""content_type"": ""food_spot"", ""location"": {""name"": ""Atlanta, Georgia"", ""slug"": ""atlanta-georgia""}, ""signals"": {""meal_evidence"": {""dinner"": [""date night""]}, ""cuisine_evidence"": {}, ""content_evidence"": {""food_spot"": [""location_present""]}}, ""metadata"": {""hashtags"": [""atlantarestaurantclubpartner"", ""atleats"", ""atlfoodie"", ""thingstodoinatl"", ""whattodoinatl""], ""mentions"": [""atlantarestaurantclub"", ""atllovesmo"", ""elvinedolocal"", ""torchedhopbrewing""], ""likes"": 939, ""comments"": 87, ""video_views"": 13223}}","{""meal_type_evidence"": {""embedding_label"": ""dinner"", ""embedding_similarity"": 0.302, ""baseline_label"": ""dinner"", ""baseline_confidence"": 0.7, ""override"": false, ""reason"": ""embedding_agrees_boost_baseline""}, ""cuisine_evidence"": {""embedding_cuisines"": [], ""embedding_similarities"": {}, ""baseline_cuisines"": [], ""newly_detected"": [], ""removed"": [], ""reason"": ""no_strong_embedding_matches_keep_baseline""}, ""content_type_evidence"": {""embedding_label"": ""food_spot"", ""embedding_similarity"": 0.355, ""baseline_label"": ""food_spot"", ""baseline_confidence"": 0.7, ""override"": false, ""reason"": ""embedding_agrees_boost_baseline""}}"
3399935215643054689,event,0.75,event,0.731,CONFIDENCE_UPDATED,-0.019,"{""meal_type"": ""dinner"", ""cuisines"": [], ""content_type"": ""event"", ""location"": {""name"": ""Chamblee, Georgia"", ""slug"": ""chamblee-georgia""}, ""signals"": {""meal_evidence"": {""dinner"": [""date night""], ""drinks"": [""bar""]}, ""cuisine_evidence"": {}, ""content_evidence"": {""event"": [""event"", ""concert""]}}, ""metadata"": {""hashtags"": [""atldatenight"", ""atleats"", ""chambleega"", ""thingstodoinatlanta""], ""mentions"": [""atllovesmo"", ""discover.chamblee"", ""platinumband"", ""whosbadmusic""], ""likes"": 1020, ""comments"": 66, ""video_views"": 9969}}","{""meal_type_evidence"": {""embedding_label"": ""dinner"", ""embedding_similarity"": 0.33, ""baseline_label"": ""dinner"", ""baseline_confidence"": 0.75, ""override"": false, ""reason"": ""embedding_agrees_boost_baseline""}, ""cuisine_evidence"": {""embedding_cuisines"": [], ""embedding_similarities"": {}, ""baseline_cuisines"": [], ""newly_detected"": [], ""removed"": [], ""reason"": ""no_strong_embedding_matches_keep_baseline""}, ""content_type_evidence"": {""embedding_label"": ""event"", ""embedding_similarity"": 0.416, ""baseline_label"": ""event"", ""baseline_confidence"": 0.75, ""override"": false, ""reason"": ""embedding_agrees_boost_baseline""}}"
3519275459500516550,snack,0.75,snack,0.73,CONFIDENCE_UPDATED,-0.02,"{""meal_type"": ""snack"", ""cuisines"": [""bakery"", ""coffee_cafe""], ""content_type"": ""food_spot"", ""location"": {""name"": ""Atlanta, Georgia"", ""slug"": ""atlanta-georgia""}, ""signals"": {""meal_evidence"": {""drinks"": [""bar""], ""snack"": [""snack"", ""quick bite""]}, ""cuisine_evidence"": {""bakery"": [""pastry""], ""coffee_cafe"": [""coffee""]}, ""content_evidence"": {""food_spot"": [""location_present""]}}, ""metadata"": {""hashtags"": [""atlantabeltline"", ""atlantabeltlinecreatorcollective"", ""atlblog"", ""atlcoffee"", ""atleats"", ""atlfoodie""], ""mentions"": [""atlantabeltline"", ""brashcoffee"", ""chispas.snacks.atl"", ""forthatlanta"", ""strollatlanta""], ""likes"": 2455, ""comments"": 79, ""video_views"": 24503}}","{""meal_type_evidence"": {""embedding_label"": ""snack"", ""embedding_similarity"": 0.331, ""baseline_label"": ""snack"", ""baseline_confidence"": 0.75, ""override"": false, ""reason"": ""embedding_agrees_boost_baseline""}, ""cuisine_evidence"": {""embedding_cuisines"": [], ""embedding_similarities"": {}, ""baseline_cuisines"": [""bakery"", ""coffee_cafe""], ""newly_detected"": [], ""removed"": [""coffee_cafe"", ""bakery""], ""reason"": ""no_strong_embedding_matches_keep_baseline""}, ""content_type_evidence"": {""embedding_label"": ""food_spot"", ""embedding_similarity"": 0.355, ""baseline_label"": ""food_spot"", ""baseline_confidence"": 0.75, ""override"": false, ""reason"": ""embedding_agrees_boost_baseline""}}"
3643475541975027691,event,0.75,event,0.73,CONFIDENCE_UPDATED,-0.02,"{""meal_type"": ""drinks"", ""cuisines"": [], ""content_type"": ""event"", ""location"": {""name"": ""Atlanta, Georgia"", ""slug"": ""atlanta-georgia""}, ""signals"": {""meal_evidence"": {""drinks"": [""gin""]}, ""cuisine_evidence"": {}, ""content_evidence"": {""event"": [""event"", ""ticket""]}}, ""metadata"": {""hashtags"": [""atlantaeats"", ""atlblog"", ""atlparty"", ""rewindatlanta"", ""thingstodoinatlanta""], ""mentions"": [""districtatlanta"", ""rewindyourera""], ""likes"": 772, ""comments"": 44, ""video_views"": 156}}","{""meal_type_evidence"": {""embedding_label"": ""drinks"", ""embedding_similarity"": 0.328, ""baseline_label"": ""drinks"", ""baseline_confidence"": 0.75, ""override"": false, ""reason"": ""embedding_agrees_boost_baseline""}, ""cuisine_evidence"": {""embedding_cuisines"": [], ""embedding_similarities"": {}, ""baseline_cuisines"": [], ""newly_detected"": [], ""removed"": [], ""reason"": ""no_strong_embedding_matches_keep_baseline""}, ""content_type_evidence"": {""embedding_label"": ""event"", ""embedding_similarity"": 0.372, ""baseline_label"": ""event"", ""baseline_confidence"": 0.75, ""override"": false, ""reason"": ""embedding_agrees_boost_baseline""}}"
3836052549330360352,drinks,0.85,drinks,0.83,CONFIDENCE_UPDATED,-0.02,"{""meal_type"": ""drinks"", ""cuisines"": [""coffee_cafe""], ""content_type"": ""food_spot"", ""location"": {""name"": ""Atlanta, Georgia"", ""slug"": ""atlanta-georgia""}, ""signals"": {""meal_evidence"": {""drinks"": [""cocktail"", ""cocktails"", ""drink""]}, ""cuisine_evidence"": {""coffee_cafe"": [""coffee""]}, ""content_evidence"": {""food_spot"": [""location_present""]}}, ""metadata"": {""hashtags"": [], ""mentions"": [""bansheelatenight"", ""chef_tableware"", ""common.coffee.cocktails"", ""florafaunaatl"", ""spacequeen_atl""], ""likes"": 4071, ""comments"": 120, ""video_views"": null}}","{""meal_type_evidence"": {""embedding_label"": ""drinks"", ""embedding_similarity"": 0.496, ""baseline_label"": ""drinks"", ""baseline_confidence"": 0.85, ""override"": false, ""reason"": ""embedding_agrees_boost_baseline""}, ""cuisine_evidence"": {""embedding_cuisines"": [], ""embedding_similarities"": {}, ""baseline_cuisines"": [""coffee_cafe""], ""newly_detected"": [], ""removed"": [""coffee_cafe""], ""reason"": ""no_strong_embedding_matches_keep_baseline""}, ""content_type_evidence"": {""embedding_label"": ""food_spot"", ""embedding_similarity"": 0.419, ""baseline_label"": ""food_spot"", ""baseline_confidence"": 0.85, ""override"": false, ""reason"": ""embedding_agrees_boost_baseline""}}"
3176403958872996187,dessert,0.85,dessert,0.829,CONFIDENCE_UPDATED,-0.021,"{""meal_type"": ""dessert"", ""cuisines"": [""vegan"", ""coffee_cafe""], ""content_type"": ""food_spot"", ""location"": {""name"": ""Atlanta, Georgia"", ""slug"": ""atlanta-georgia""}, ""signals"": {""meal_evidence"": {""lunch"": [""sandwich""], ""dessert"": [""dessert"", ""ice cream"", ""cake""], ""drinks"": [""rum""]}, ""cuisine_evidence"": {""vegan"": [""vegan""], ""coffee_cafe"": [""matcha""]}, ""content_evidence"": {""food_spot"": [""location_present""]}}, ""metadata"": {""hashtags"": [""atlantafood"", ""atldesserts"", ""atleats"", ""atlsweets""], ""mentions"": [""atllovesmo"", ""bigsoftieatl"", ""lisas.creperie"", ""millasmacarons"", ""summerhill_atl""], ""likes"": 32931, ""comments"": 134, ""video_views"": 231538}}","{""meal_type_evidence"": {""embedding_label"": ""dessert"", ""embedding_similarity"": 0.482, ""baseline_label"": ""dessert"", ""baseline_confidence"": 0.85, ""override"": false, ""reason"": ""embedding_agrees_boost_baseline""}, ""cuisine_evidence"": {""embedding_cuisines"": [], ""embedding_similarities"": {}, ""baseline_cuisines"": [""vegan"", ""coffee_cafe""], ""newly_detected"": [], ""removed"": [""coffee_cafe"", ""vegan""], ""reason"": ""no_strong_embedding_matches_keep_baseline""}, ""content_type_evidence"": {""embedding_label"": ""food_spot"", ""embedding_similarity"": 0.392, ""baseline_label"": ""food_spot"", ""baseline_confidence"": 0.85, ""override"": false, ""reason"": ""embedding_agrees_boost_baseline""}}"
3503409727029578799,drinks,0.85,drinks,0.828,CONFIDENCE_UPDATED,-0.022,"{""meal_type"": ""drinks"", ""cuisines"": [""american"", ""seafood"", ""coffee_cafe""], ""content_type"": ""food_spot"", ""location"": {""name"": ""Atlanta, Georgia"", ""slug"": ""atlanta-georgia""}, ""signals"": {""meal_evidence"": {""dinner"": [""dinner""], ""drinks"": [""cocktail"", ""wine"", ""martini""]}, ""cuisine_evidence"": {""american"": [""southern""], ""seafood"": [""lobster""], ""coffee_cafe"": [""espresso""]}, ""content_evidence"": {""food_spot"": [""location_present""]}}, ""metadata"": {""hashtags"": [""atlblog"", ""atldatenight"", ""atleats"", ""atlfoodie""], ""mentions"": [""chefjoeyward"", ""georgiaboyatlanta""], ""likes"": 13191, ""comments"": 160, ""video_views"": 125549}}","{""meal_type_evidence"": {""embedding_label"": ""drinks"", ""embedding_similarity"": 0.406, ""baseline_label"": ""drinks"", ""baseline_confidence"": 0.85, ""override"": false, ""reason"": ""embedding_agrees_boost_baseline""}, ""cuisine_evidence"": {""embedding_cuisines"": [], ""embedding_similarities"": {}, ""baseline_cuisines"": [""american"", ""seafood"", ""coffee_cafe""], ""newly_detected"": [], ""removed"": [""coffee_cafe"", ""american"", ""seafood""], ""reason"": ""no_strong_embedding_matches_keep_baseline""}, ""content_type_evidence"": {""embedding_label"": ""food_spot"", ""embedding_similarity"": 0.427, ""baseline_label"": ""food_spot"", ""baseline_confidence"": 0.85, ""override"": false, ""reason"": ""embedding_agrees_boost_baseline""}}"
3783352400821188189,drinks,0.85,drinks,0.828,CONFIDENCE_UPDATED,-0.022,"{""meal_type"": ""drinks"", ""cuisines"": [""italian"", ""coffee_cafe""], ""content_type"": ""food_spot"", ""location"": {""name"": ""Atlanta, Georgia"", ""slug"": ""atlanta-georgia""}, ""signals"": {""meal_evidence"": {""breakfast"": [""breakfast""], ""lunch"": [""sandwich""], ""dinner"": [""date night""], ""dessert"": [""dessert""], ""drinks"": [""cocktail"", ""beer"", ""bar""]}, ""cuisine_evidence"": {""italian"": [""pizza""], ""coffee_cafe"": [""coffee"", ""espresso""]}, ""content_evidence"": {""food_spot"": [""location_present""]}}, ""metadata"": {""hashtags"": [], ""mentions"": [""atlantabeltline"", ""barana.atl"", ""burlesbar"", ""closecompanybar"", ""mondaynightgrove"", ""recuerdos.atl""], ""likes"": 1529, ""comments"": 80, ""video_views"": 13691}}","{""meal_type_evidence"": {""embedding_label"": ""drinks"", ""embedding_similarity"": 0.409, ""baseline_label"": ""drinks"", ""baseline_confidence"": 0.85, ""override"": false, ""reason"": ""embedding_agrees_boost_baseline""}, ""cuisine_evidence"": {""embedding_cuisines"": [], ""embedding_similarities"": {}, ""baseline_cuisines"": [""italian"", ""coffee_cafe""], ""newly_detected"": [], ""removed"": [""coffee_cafe"", ""italian""], ""reason"": ""no_strong_embedding_matches_keep_baseline""}, ""content_type_evidence"": {""embedding_label"": ""food_spot"", ""embedding_similarity"": 0.413, ""baseline_label"": ""food_spot"", ""baseline_confidence"": 0.85, ""override"": false, ""reason"": ""embedding_agrees_boost_baseline""}}"
3631120927904575697,drinks,0.95,drinks,0.928,CONFIDENCE_UPDATED,-0.022,"{""meal_type"": ""drinks"", ""cuisines"": [""american"", ""bbq"", ""bakery"", ""coffee_cafe""], ""content_type"": ""food_spot"", ""location"": {""name"": ""Atlanta, Georgia"", ""slug"": ""atlanta-georgia""}, ""signals"": {""meal_evidence"": {""lunch"": [""sandwich""], ""dinner"": [""dinner""], ""drinks"": [""cocktail"", ""cocktails"", ""bar"", ""drink"", ""gin""]}, ""cuisine_evidence"": {""american"": [""burger""], ""bbq"": [""smoked""], ""bakery"": [""bakery"", ""bread""], ""coffee_cafe"": [""latte"", ""matcha""]}, ""content_evidence"": {""food_spot"": [""location_present""]}}, ""metadata"": {""hashtags"": [""atlblog"", ""atleats"", ""atlfoodie""], ""mentions"": [""atllovesmo"", ""avize.atl"", ""bar.avize"", ""redactedbasementdrinkparlor"", ""sammysatl"", ""summerhill_atl.""], ""likes"": 2397, ""comments"": 75, ""video_views"": 1368}}","{""meal_type_evidence"": {""embedding_label"": ""drinks"", ""embedding_similarity"": 0.496, ""baseline_label"": ""drinks"", ""baseline_confidence"": 0.95, ""override"": false, ""reason"": ""embedding_agrees_boost_baseline""}, ""cuisine_evidence"": {""embedding_cuisines"": [], ""embedding_similarities"": {}, ""baseline_cuisines"": [""american"", ""bbq"", ""bakery"", ""coffee_cafe""], ""newly_detected"": [], ""removed"": [""bbq"", ""coffee_cafe"", ""american"", ""bakery""], ""reason"": ""no_strong_embedding_matches_keep_baseline""}, ""content_type_evidence"": {""embedding_label"": ""food_spot"", ""embedding_similarity"": 0.505, ""baseline_label"": ""food_spot"", ""baseline_confidence"": 0.95, ""override"": false, ""reason"": ""embedding_agrees_boost_baseline""}}"
3492480289903973928,drinks,0.85,drinks,0.827,CONFIDENCE_UPDATED,-0.023,"{""meal_type"": ""drinks"", ""cuisines"": [""coffee_cafe""], ""content_type"": ""food_spot"", ""location"": {""name"": ""Atlanta, Georgia"", ""slug"": ""atlanta-georgia""}, ""signals"": {""meal_evidence"": {""dinner"": [""date night""], ""drinks"": [""cocktail"", ""cocktails"", ""bar""]}, ""cuisine_evidence"": {""coffee_cafe"": [""matcha""]}, ""content_evidence"": {""food_spot"": [""location_present""]}}, ""metadata"": {""hashtags"": [""atlblog"", ""atldatenight"", ""atlfoodie""], ""mentions"": [""atllovesmo"", ""hotelgranada_atlanta"", ""maypeel_atlanta""], ""likes"": 2855, ""comments"": 57, ""video_views"": 21703}}","{""meal_type_evidence"": {""embedding_label"": ""drinks"", ""embedding_similarity"": 0.359, ""baseline_label"": ""drinks"", ""baseline_confidence"": 0.85, ""override"": false, ""reason"": ""embedding_agrees_boost_baseline""}, ""cuisine_evidence"": {""embedding_cuisines"": [], ""embedding_similarities"": {}, ""baseline_cuisines"": [""coffee_cafe""], ""newly_detected"": [], ""removed"": [""coffee_cafe""], ""reason"": ""no_strong_embedding_matches_keep_baseline""}, ""content_type_evidence"": {""embedding_label"": ""food_spot"", ""embedding_similarity"": 0.426, ""baseline_label"": ""food_spot"", ""baseline_confidence"": 0.85, ""override"": false, ""reason"": ""embedding_agrees_boost_baseline""}}"
3230790008906085340,drinks,0.95,drinks,0.927,CONFIDENCE_UPDATED,-0.023,"{""meal_type"": ""drinks"", ""cuisines"": [""coffee_cafe""], ""content_type"": ""food_spot"", ""location"": {""name"": ""Atlanta, Georgia"", ""slug"": ""atlanta-georgia""}, ""signals"": {""meal_evidence"": {""dinner"": [""date night""], ""drinks"": [""cocktail"", ""cocktails"", ""bar"", ""drink"", ""drinks"", ""martini""]}, ""cuisine_evidence"": {""coffee_cafe"": [""espresso""]}, ""content_evidence"": {""food_spot"": [""location_present""]}}, ""metadata"": {""hashtags"": [""atlanta"", ""atldatenight"", ""atldrinks"", ""atlfoodie""], ""mentions"": [""barpolitan"", ""boldmonkbrewing"", ""hotelclermont"", ""politanrow.colonysquare"", ""yalda.atl""], ""likes"": 1791, ""comments"": 68, ""video_views"": 14308}}","{""meal_type_evidence"": {""embedding_label"": ""drinks"", ""embedding_similarity"": 0.518, ""baseline_label"": ""drinks"", ""baseline_confidence"": 0.95, ""override"": false, ""reason"": ""embedding_agrees_boost_baseline""}, ""cuisine_evidence"": {""embedding_cuisines"": [], ""embedding_similarities"": {}, ""baseline_cuisines"": [""coffee_cafe""], ""newly_detected"": [], ""removed"": [""coffee_cafe""], ""reason"": ""no_strong_embedding_matches_keep_baseline""}, ""content_type_evidence"": {""embedding_label"": ""food_spot"", ""embedding_similarity"": 0.451, ""baseline_label"": ""food_spot"", ""baseline_confidence"": 0.95, ""override"": false, ""reason"": ""embedding_agrees_boost_baseline""}}"
3653321243064975044,drinks,0.95,drinks,0.927,CONFIDENCE_UPDATED,-0.023,"{""meal_type"": ""drinks"", ""cuisines"": [""american""], ""content_type"": ""food_spot"", ""location"": {""name"": ""Atlanta, Georgia"", ""slug"": ""atlanta-georgia""}, ""signals"": {""meal_evidence"": {""dinner"": [""dinner""], ""drinks"": [""cocktail"", ""cocktails"", ""bar"", ""happy hour"", ""martini""]}, ""cuisine_evidence"": {""american"": [""burger"", ""hot dog""]}, ""content_evidence"": {""food_spot"": [""location_present""]}}, ""metadata"": {""hashtags"": [""atlblog"", ""atleats"", ""atlfoodie""], ""mentions"": [""atllovesmo"", ""avize.atl"", ""bar.avize"", ""resy""], ""likes"": 8284, ""comments"": 178, ""video_views"": 6006}}","{""meal_type_evidence"": {""embedding_label"": ""drinks"", ""embedding_similarity"": 0.506, ""baseline_label"": ""drinks"", ""baseline_confidence"": 0.95, ""override"": false, ""reason"": ""embedding_agrees_boost_baseline""}, ""cuisine_evidence"": {""embedding_cuisines"": [], ""embedding_similarities"": {}, ""baseline_cuisines"": [""american""], ""newly_detected"": [], ""removed"": [""american""], ""reason"": ""no_strong_embedding_matches_keep_baseline""}, ""content_type_evidence"": {""embedding_label"": ""food_spot"", ""embedding_similarity"": 0.461, ""baseline_label"": ""food_spot"", ""baseline_confidence"": 0.95, ""override"": false, ""reason"": ""embedding_agrees_boost_baseline""}}"
3403546036776277431,drinks,0.85,drinks,0.826,CONFIDENCE_UPDATED,-0.024,"{""meal_type"": ""drinks"", ""cuisines"": [""mexican"", ""italian""], ""content_type"": ""food_spot"", ""location"": {""name"": ""Atlanta, Georgia"", ""slug"": ""atlanta-georgia""}, ""signals"": {""meal_evidence"": {""drinks"": [""bar"", ""drink"", ""drinks""]}, ""cuisine_evidence"": {""mexican"": [""taco"", ""birria""], ""italian"": [""pizza""]}, ""content_evidence"": {""food_spot"": [""location_present""]}}, ""metadata"": {""hashtags"": [""atlblog"", ""atleats"", ""atlfoodie"", ""thingstodoinatl""], ""mentions"": [""42barandgrill"", ""atllovesmo"", ""theonlyharryyouknow""], ""likes"": 9051, ""comments"": 84, ""video_views"": 79728}}","{""meal_type_evidence"": {""embedding_label"": ""drinks"", ""embedding_similarity"": 0.327, ""baseline_label"": ""drinks"", ""baseline_confidence"": 0.85, ""override"": false, ""reason"": ""embedding_agrees_boost_baseline""}, ""cuisine_evidence"": {""embedding_cuisines"": [], ""embedding_similarities"": {}, ""baseline_cuisines"": [""mexican"", ""italian""], ""newly_detected"": [], ""removed"": [""mexican"", ""italian""], ""reason"": ""no_strong_embedding_matches_keep_baseline""}, ""content_type_evidence"": {""embedding_label"": ""food_spot"", ""embedding_similarity"": 0.408, ""baseline_label"": ""food_spot"", ""baseline_confidence"": 0.85, ""override"": false, ""reason"": ""embedding_agrees_boost_baseline""}}"
3417766903769474410,drinks,0.95,drinks,0.926,CONFIDENCE_UPDATED,-0.024,"{""meal_type"": ""drinks"", ""cuisines"": [""mediterranean"", ""bakery"", ""coffee_cafe""], ""content_type"": ""food_spot"", ""location"": {""name"": ""Atlanta, Georgia"", ""slug"": ""atlanta-georgia""}, ""signals"": {""meal_evidence"": {""dinner"": [""dinner""], ""drinks"": [""cocktail"", ""cocktails"", ""wine"", ""bar""], ""snack"": [""quick bite""]}, ""cuisine_evidence"": {""mediterranean"": [""mediterranean"", ""hummus""], ""bakery"": [""pastry""], ""coffee_cafe"": [""coffee""]}, ""content_evidence"": {""food_spot"": [""location_present""]}}, ""metadata"": {""hashtags"": [""atlantablog"", ""atlcoffee"", ""atldatenight"", ""atleats""], ""mentions"": [""atllovesmo"", ""elektraatl"", ""forthatlanta""], ""likes"": 5326, ""comments"": 84, ""video_views"": 37753}}","{""meal_type_evidence"": {""embedding_label"": ""drinks"", ""embedding_similarity"": 0.453, ""baseline_label"": ""drinks"", ""baseline_confidence"": 0.95, ""override"": false, ""reason"": ""embedding_agrees_boost_baseline""}, ""cuisine_evidence"": {""embedding_cuisines"": [""mediterranean""], ""embedding_similarities"": {""mediterranean"": 0.402}, ""baseline_cuisines"": [""mediterranean"", ""bakery"", ""coffee_cafe""], ""newly_detected"": [], ""removed"": [""coffee_cafe"", ""bakery""], ""reason"": ""embedding_refined_cuisine_list""}, ""content_type_evidence"": {""embedding_label"": ""food_spot"", ""embedding_similarity"": 0.476, ""baseline_label"": ""food_spot"", ""baseline_confidence"": 0.95, ""override"": false, ""reason"": ""embedding_agrees_boost_baseline""}}"
3390979927116780084,drinks,0.95,drinks,0.926,CONFIDENCE_UPDATED,-0.024,"{""meal_type"": ""drinks"", ""cuisines"": [""bbq"", ""bakery""], ""content_type"": ""food_spot"", ""location"": {""name"": ""Atlanta, Georgia"", ""slug"": ""atlanta-georgia""}, ""signals"": {""meal_evidence"": {""breakfast"": [""eggs""], ""brunch"": [""brunch""], ""dinner"": [""dinner""], ""dessert"": [""cake""], ""drinks"": [""cocktail"", ""cocktails"", ""wine"", ""beer"", ""bar"", ""happy hour""]}, ""cuisine_evidence"": {""bbq"": [""bbq"", ""brisket""], ""bakery"": [""bread""]}, ""content_evidence"": {""food_spot"": [""location_present""]}}, ""metadata"": {""hashtags"": [""atlantaeats"", ""atlblog"", ""atlfoodie"", ""atlhappyhour""], ""mentions"": [""atllovesmo"", ""marcusbarandgrille"", ""marcuscooks""], ""likes"": 3330, ""comments"": 114, ""video_views"": 32766}}","{""meal_type_evidence"": {""embedding_label"": ""drinks"", ""embedding_similarity"": 0.558, ""baseline_label"": ""drinks"", ""baseline_confidence"": 0.95, ""override"": false, ""reason"": ""embedding_agrees_boost_baseline""}, ""cuisine_evidence"": {""embedding_cuisines"": [], ""embedding_similarities"": {}, ""baseline_cuisines"": [""bbq"", ""bakery""], ""newly_detected"": [], ""removed"": [""bbq"", ""bakery""], ""reason"": ""no_strong_embedding_matches_keep_baseline""}, ""content_type_evidence"": {""embedding_label"": ""food_spot"", ""embedding_similarity"": 0.364, ""baseline_label"": ""food_spot"", ""baseline_confidence"": 0.95, ""override"": false, ""reason"": ""embedding_agrees_boost_baseline""}}"
3496813031898582077,drinks,0.85,drinks,0.825,CONFIDENCE_UPDATED,-0.025,"{""meal_type"": ""drinks"", ""cuisines"": [], ""content_type"": ""food_spot"", ""location"": {""name"": ""Atlanta, Georgia"", ""slug"": ""atlanta-georgia""}, ""signals"": {""meal_evidence"": {""dinner"": [""dinner"", ""date night""], ""drinks"": [""cocktail"", ""cocktails"", ""bar""]}, ""cuisine_evidence"": {}, ""content_evidence"": {""food_spot"": [""location_present""]}}, ""metadata"": {""hashtags"": [""atl"", ""atldatenight"", ""thingstodoinatlanta""], ""mentions"": [""atllovesmo"", ""storicofresco"", ""theblindpigparlourbar"", ""yebobeachhaus""], ""likes"": 1700, ""comments"": 59, ""video_views"": 10847}}","{""meal_type_evidence"": {""embedding_label"": ""drinks"", ""embedding_similarity"": 0.307, ""baseline_label"": ""drinks"", ""baseline_confidence"": 0.85, ""override"": false, ""reason"": ""embedding_agrees_boost_baseline""}, ""cuisine_evidence"": {""embedding_cuisines"": [], ""embedding_similarities"": {}, ""baseline_cuisines"": [], ""newly_detected"": [], ""removed"": [], ""reason"": ""no_strong_embedding_matches_keep_baseline""}, ""content_type_evidence"": {""embedding_label"": ""food_spot"", ""embedding_similarity"": 0.387, ""baseline_label"": ""food_spot"", ""baseline_confidence"": 0.85, ""override"": false, ""reason"": ""embedding_agrees_boost_baseline""}}"
3668125023924519305,drinks,0.95,drinks,0.925,CONFIDENCE_UPDATED,-0.025,"{""meal_type"": ""drinks"", ""cuisines"": [""italian"", ""coffee_cafe""], ""content_type"": ""food_spot"", ""location"": {""name"": ""Atlanta, Georgia"", ""slug"": ""atlanta-georgia""}, ""signals"": {""meal_evidence"": {""dinner"": [""date night""], ""drinks"": [""cocktail"", ""cocktails"", ""wine"", ""bar""]}, ""cuisine_evidence"": {""italian"": [""pizza""], ""coffee_cafe"": [""coffee"", ""latte""]}, ""content_evidence"": {""food_spot"": [""location_present""]}}, ""metadata"": {""hashtags"": [""atlbar"", ""atldatenight"", ""atlvinyl"", ""thingstodoinatlanta""], ""mentions"": [""atllovesmo"", ""lloydspizzaparty"", ""stereoatl""], ""likes"": 3502, ""comments"": 64, ""video_views"": 4497}}","{""meal_type_evidence"": {""embedding_label"": ""drinks"", ""embedding_similarity"": 0.448, ""baseline_label"": ""drinks"", ""baseline_confidence"": 0.95, ""override"": false, ""reason"": ""embedding_agrees_boost_baseline""}, ""cuisine_evidence"": {""embedding_cuisines"": [], ""embedding_similarities"": {}, ""baseline_cuisines"": [""italian"", ""coffee_cafe""], ""newly_detected"": [], ""removed"": [""coffee_cafe"", ""italian""], ""reason"": ""no_strong_embedding_matches_keep_baseline""}, ""content_type_evidence"": {""embedding_label"": ""food_spot"", ""embedding_similarity"": 0.435, ""baseline_label"": ""food_spot"", ""baseline_confidence"": 0.95, ""override"": false, ""reason"": ""embedding_agrees_boost_baseline""}}"
3509365884269318991,drinks,0.95,drinks,0.924,CONFIDENCE_UPDATED,-0.026,"{""meal_type"": ""drinks"", ""cuisines"": [""japanese""], ""content_type"": ""food_spot"", ""location"": {""name"": ""Atlanta, USA"", ""slug"": ""atlanta-usa""}, ""signals"": {""meal_evidence"": {""drinks"": [""cocktail"", ""cocktails"", ""bar"", ""drink"", ""drinks"", ""gin""]}, ""cuisine_evidence"": {""japanese"": [""omakase""]}, ""content_evidence"": {""food_spot"": [""location_present""]}}, ""metadata"": {""hashtags"": [""atlblog"", ""atldatenight"", ""atleats"", ""atlfoodie""], ""mentions"": [""atllovesmo"", ""muchachoatl"", ""resy."", ""tigersunatl""], ""likes"": 11196, ""comments"": 185, ""video_views"": 130145}}","{""meal_type_evidence"": {""embedding_label"": ""drinks"", ""embedding_similarity"": 0.385, ""baseline_label"": ""drinks"", ""baseline_confidence"": 0.95, ""override"": false, ""reason"": ""embedding_agrees_boost_baseline""}, ""cuisine_evidence"": {""embedding_cuisines"": [], ""embedding_similarities"": {}, ""baseline_cuisines"": [""japanese""], ""newly_detected"": [], ""removed"": [""japanese""], ""reason"": ""no_strong_embedding_matches_keep_baseline""}, ""content_type_evidence"": {""embedding_label"": ""food_spot"", ""embedding_similarity"": 0.479, ""baseline_label"": ""food_spot"", ""baseline_confidence"": 0.95, ""override"": false, ""reason"": ""embedding_agrees_boost_baseline""}}"
3807999009529871398,drinks,0.95,drinks,0.924,CONFIDENCE_UPDATED,-0.026,"{""meal_type"": ""drinks"", ""cuisines"": [""american"", ""coffee_cafe""], ""content_type"": ""food_spot"", ""location"": {""name"": ""Atlanta, Georgia"", ""slug"": ""atlanta-georgia""}, ""signals"": {""meal_evidence"": {""drinks"": [""cocktail"", ""cocktails"", ""bar"", ""margarita""]}, ""cuisine_evidence"": {""american"": [""burger""], ""coffee_cafe"": [""coffee"", ""espresso""]}, ""content_evidence"": {""food_spot"": [""location_present""]}}, ""metadata"": {""hashtags"": [""atlblog"", ""atleats"", ""atlfoodie""], ""mentions"": [""atllovesmo"", ""brasseriemargotatl"", ""fsatlanta"", ""midcity.atl"", ""thewestwoodatl""], ""likes"": 2767, ""comments"": 74, ""video_views"": 23998}}","{""meal_type_evidence"": {""embedding_label"": ""drinks"", ""embedding_similarity"": 0.426, ""baseline_label"": ""drinks"", ""baseline_confidence"": 0.95, ""override"": false, ""reason"": ""embedding_agrees_boost_baseline""}, ""cuisine_evidence"": {""embedding_cuisines"": [], ""embedding_similarities"": {}, ""baseline_cuisines"": [""american"", ""coffee_cafe""], ""newly_detected"": [], ""removed"": [""coffee_cafe"", ""american""], ""reason"": ""no_strong_embedding_matches_keep_baseline""}, ""content_type_evidence"": {""embedding_label"": ""food_spot"", ""embedding_similarity"": 0.442, ""baseline_label"": ""food_spot"", ""baseline_confidence"": 0.95, ""override"": false, ""reason"": ""embedding_agrees_boost_baseline""}}"
3269293782205080155,drinks,0.95,drinks,0.924,CONFIDENCE_UPDATED,-0.026,"{""meal_type"": ""drinks"", ""cuisines"": [""coffee_cafe""], ""content_type"": ""food_spot"", ""location"": {""name"": ""Atlanta, Georgia"", ""slug"": ""atlanta-georgia""}, ""signals"": {""meal_evidence"": {""drinks"": [""cocktail"", ""cocktails"", ""bar"", ""drink"", ""drinks"", ""martini""]}, ""cuisine_evidence"": {""coffee_cafe"": [""espresso""]}, ""content_evidence"": {""food_spot"": [""location_present""]}}, ""metadata"": {""hashtags"": [""atlantaeats"", ""atlcocktails"", ""atldatenight"", ""atldrinks""], ""mentions"": [""atllovesmo"", ""barblancatlanta"", ""beetlecatatl"", ""bontonatlanta"", ""burlesbar"", ""elmalo.atl"", ""inmanpark"", ""islaandcoatl"", ""justkeepwaitingroom"", ""littlespiritatl"", ""thevictorianatlanta""], ""likes"": 1971, ""comments"": 78, ""video_views"": 20428}}","{""meal_type_evidence"": {""embedding_label"": ""drinks"", ""embedding_similarity"": 0.445, ""baseline_label"": ""drinks"", ""baseline_confidence"": 0.95, ""override"": false, ""reason"": ""embedding_agrees_boost_baseline""}, ""cuisine_evidence"": {""embedding_cuisines"": [], ""embedding_similarities"": {}, ""baseline_cuisines"": [""coffee_cafe""], ""newly_detected"": [], ""removed"": [""coffee_cafe""], ""reason"": ""no_strong_embedding_matches_keep_baseline""}, ""content_type_evidence"": {""embedding_label"": ""food_spot"", ""embedding_similarity"": 0.417, ""baseline_label"": ""food_spot"", ""baseline_confidence"": 0.95, ""override"": false, ""reason"": ""embedding_agrees_boost_baseline""}}"
3237350955732918812,drinks,0.95,drinks,0.924,CONFIDENCE_UPDATED,-0.026,"{""meal_type"": ""drinks"", ""cuisines"": [], ""content_type"": ""food_spot"", ""location"": {""name"": ""Moxy Atlanta Midtown"", ""slug"": ""moxy-atlanta-midtown""}, ""signals"": {""meal_evidence"": {""drinks"": [""cocktail"", ""cocktails"", ""bar"", ""mocktail"", ""whiskey"", ""gin""]}, ""cuisine_evidence"": {}, ""content_evidence"": {""food_spot"": [""location_present""]}}, ""metadata"": {""hashtags"": [""atlstaycation"", ""hosted"", ""marriot"", ""moxyhotels"", ""thingstodoinatlanta""], ""mentions"": [""atllovesmo"", ""highnoteatl"", ""moxyhotels"", ""moxymidtownatl"", ""piedmontpark"", ""whiskey.garden""], ""likes"": 1045, ""comments"": 103, ""video_views"": 11218}}","{""meal_type_evidence"": {""embedding_label"": ""drinks"", ""embedding_similarity"": 0.448, ""baseline_label"": ""drinks"", ""baseline_confidence"": 0.95, ""override"": false, ""reason"": ""embedding_agrees_boost_baseline""}, ""cuisine_evidence"": {""embedding_cuisines"": [], ""embedding_similarities"": {}, ""baseline_cuisines"": [], ""newly_detected"": [], ""removed"": [], ""reason"": ""no_strong_embedding_matches_keep_baseline""}, ""content_type_evidence"": {""embedding_label"": ""food_spot"", ""embedding_similarity"": 0.394, ""baseline_label"": ""food_spot"", ""baseline_confidence"": 0.95, ""override"": false, ""reason"": ""embedding_agrees_boost_baseline""}}"
3301155809403180728,drinks,0.95,drinks,0.923,CONFIDENCE_UPDATED,-0.027,"{""meal_type"": ""drinks"", ""cuisines"": [""seafood""], ""content_type"": ""food_spot"", ""location"": {""name"": ""Bar Diver"", ""slug"": ""bar-diver""}, ""signals"": {""meal_evidence"": {""breakfast"": [""eggs""], ""dinner"": [""dinner"", ""date night""], ""drinks"": [""cocktail"", ""cocktails"", ""bar"", ""drink"", ""drinks""], ""snack"": [""small bites""]}, ""cuisine_evidence"": {""seafood"": [""shrimp""]}, ""content_evidence"": {""food_spot"": [""location_present""]}}, ""metadata"": {""hashtags"": [""atlanta"", ""atlblog"", ""atldatenight"", ""atleats""], ""mentions"": [""atllovesmo"", ""bardiveratl"", ""girldiveratl"", ""westsidepaper.atl""], ""likes"": 17821, ""comments"": 163, ""video_views"": 144943}}","{""meal_type_evidence"": {""embedding_label"": ""drinks"", ""embedding_similarity"": 0.395, ""baseline_label"": ""drinks"", ""baseline_confidence"": 0.95, ""override"": false, ""reason"": ""embedding_agrees_boost_baseline""}, ""cuisine_evidence"": {""embedding_cuisines"": [], ""embedding_similarities"": {}, ""baseline_cuisines"": [""seafood""], ""newly_detected"": [], ""removed"": [""seafood""], ""reason"": ""no_strong_embedding_matches_keep_baseline""}, ""content_type_evidence"": {""embedding_label"": ""food_spot"", ""embedding_similarity"": 0.411, ""baseline_label"": ""food_spot"", ""baseline_confidence"": 0.95, ""override"": false, ""reason"": ""embedding_agrees_boost_baseline""}}"
3172049597874501797,drinks,0.95,drinks,0.923,CONFIDENCE_UPDATED,-0.027,"{""meal_type"": ""drinks"", ""cuisines"": [], ""content_type"": ""food_spot"", ""location"": {""name"": ""High Society Buckhead"", ""slug"": ""high-society-buckhead""}, ""signals"": {""meal_evidence"": {""breakfast"": [""waffle""], ""brunch"": [""brunch"", ""mimosa""], ""dinner"": [""dinner"", ""date night""], ""drinks"": [""cocktail"", ""bar"", ""drink"", ""drinks"", ""margarita"", ""martini""]}, ""cuisine_evidence"": {}, ""content_evidence"": {""food_spot"": [""location_present""]}}, ""metadata"": {""hashtags"": [""atlantabrunch"", ""atlantafoodie"", ""atlbrunch"", ""atleats""], ""mentions"": [""atllovesmo"", ""highsocietybuckhead"", ""therooftopathighsociety""], ""likes"": 3954, ""comments"": 59, ""video_views"": 42513}}","{""meal_type_evidence"": {""embedding_label"": ""drinks"", ""embedding_similarity"": 0.373, ""baseline_label"": ""drinks"", ""baseline_confidence"": 0.95, ""override"": false, ""reason"": ""embedding_agrees_boost_baseline""}, ""cuisine_evidence"": {""embedding_cuisines"": [], ""embedding_similarities"": {}, ""baseline_cuisines"": [], ""newly_detected"": [], ""removed"": [], ""reason"": ""no_strong_embedding_matches_keep_baseline""}, ""content_type_evidence"": {""embedding_label"": ""food_spot"", ""embedding_similarity"": 0.433, ""baseline_label"": ""food_spot"", ""baseline_confidence"": 0.95, ""override"": false, ""reason"": ""embedding_agrees_boost_baseline""}}"
3713737525082323845,drinks,0.95,drinks,0.923,CONFIDENCE_UPDATED,-0.027,"{""meal_type"": ""drinks"", ""cuisines"": [""american"", ""korean"", ""coffee_cafe""], ""content_type"": ""food_spot"", ""location"": {""name"": ""Atlanta, Georgia"", ""slug"": ""atlanta-georgia""}, ""signals"": {""meal_evidence"": {""drinks"": [""cocktail"", ""cocktails"", ""margarita"", ""martini""]}, ""cuisine_evidence"": {""american"": [""burger""], ""korean"": [""kimchi""], ""coffee_cafe"": [""espresso""]}, ""content_evidence"": {""food_spot"": [""location_present""]}}, ""metadata"": {""hashtags"": [""atlblog"", ""atldatenight"", ""atleats"", ""doraville"", ""karaokeatl""], ""mentions"": [""atllovesmo"", ""micsktv""], ""likes"": 1636, ""comments"": 105, ""video_views"": 14710}}","{""meal_type_evidence"": {""embedding_label"": ""drinks"", ""embedding_similarity"": 0.4, ""baseline_label"": ""drinks"", ""baseline_confidence"": 0.95, ""override"": false, ""reason"": ""embedding_agrees_boost_baseline""}, ""cuisine_evidence"": {""embedding_cuisines"": [], ""embedding_similarities"": {}, ""baseline_cuisines"": [""american"", ""korean"", ""coffee_cafe""], ""newly_detected"": [], ""removed"": [""korean"", ""coffee_cafe"", ""american""], ""reason"": ""no_strong_embedding_matches_keep_baseline""}, ""content_type_evidence"": {""embedding_label"": ""food_spot"", ""embedding_similarity"": 0.429, ""baseline_label"": ""food_spot"", ""baseline_confidence"": 0.95, ""override"": false, ""reason"": ""embedding_agrees_boost_baseline""}}"
3372108513374052708,drinks,0.95,drinks,0.922,CONFIDENCE_UPDATED,-0.028,"{""meal_type"": ""drinks"", ""cuisines"": [], ""content_type"": ""food_spot"", ""location"": {""name"": ""Atlanta, Georgia"", ""slug"": ""atlanta-georgia""}, ""signals"": {""meal_evidence"": {""drinks"": [""cocktail"", ""cocktails"", ""bar"", ""drink"", ""drinks""]}, ""cuisine_evidence"": {}, ""content_evidence"": {""food_spot"": [""location_present""]}}, ""metadata"": {""hashtags"": [""atlantabeltline"", ""atlblog"", ""atleats"", ""atlfoodie""], ""mentions"": [""atlantabeltline."", ""atlantawestend"", ""atllovesmo"", ""electrichospitality"", ""leeandwhite"", ""strangersinparadiseatl""], ""likes"": 8057, ""comments"": 126, ""video_views"": 74868}}","{""meal_type_evidence"": {""embedding_label"": ""drinks"", ""embedding_similarity"": 0.347, ""baseline_label"": ""drinks"", ""baseline_confidence"": 0.95, ""override"": false, ""reason"": ""embedding_agrees_boost_baseline""}, ""cuisine_evidence"": {""embedding_cuisines"": [], ""embedding_similarities"": {}, ""baseline_cuisines"": [], ""newly_detected"": [], ""removed"": [], ""reason"": ""no_strong_embedding_matches_keep_baseline""}, ""content_type_evidence"": {""embedding_label"": ""food_spot"", ""embedding_similarity"": 0.415, ""baseline_label"": ""food_spot"", ""baseline_confidence"": 0.95, ""override"": false, ""reason"": ""embedding_agrees_boost_baseline""}}"
3193133222728489109,drinks,0.95,drinks,0.922,CONFIDENCE_UPDATED,-0.028,"{""meal_type"": ""drinks"", ""cuisines"": [""coffee_cafe""], ""content_type"": ""food_spot"", ""location"": {""name"": ""Atlanta, Georgia"", ""slug"": ""atlanta-georgia""}, ""signals"": {""meal_evidence"": {""breakfast"": [""eggs""], ""brunch"": [""brunch""], ""dessert"": [""cake""], ""drinks"": [""cocktail"", ""cocktails"", ""drink"", ""martini""]}, ""cuisine_evidence"": {""coffee_cafe"": [""coffee"", ""espresso"", ""latte""]}, ""content_evidence"": {""food_spot"": [""location_present""]}}, ""metadata"": {""hashtags"": [""atlantabrunch"", ""atlantafood"", ""atlbrunch"", ""atleats"", ""atlfoodie"", ""hosted""], ""mentions"": [""atllovesmo"", ""castleberryhill"", ""dirtyrascalatl"", ""foxtheatreinst"", ""highsocietybuckhead"", ""hotelclermont"", ""omnicoffeeandeggs"", ""theponceroom"", ""thompsonbuckhead"", ""tinylousatl""], ""likes"": 7936, ""comments"": 63, ""video_views"": 66294}}","{""meal_type_evidence"": {""embedding_label"": ""drinks"", ""embedding_similarity"": 0.397, ""baseline_label"": ""drinks"", ""baseline_confidence"": 0.95, ""override"": false, ""reason"": ""embedding_agrees_boost_baseline""}, ""cuisine_evidence"": {""embedding_cuisines"": [], ""embedding_similarities"": {}, ""baseline_cuisines"": [""coffee_cafe""], ""newly_detected"": [], ""removed"": [""coffee_cafe""], ""reason"": ""no_strong_embedding_matches_keep_baseline""}, ""content_type_evidence"": {""embedding_label"": ""food_spot"", ""embedding_similarity"": 0.365, ""baseline_label"": ""food_spot"", ""baseline_confidence"": 0.95, ""override"": false, ""reason"": ""embedding_agrees_boost_baseline""}}"
3148425340874683154,drinks,0.95,drinks,0.922,CONFIDENCE_UPDATED,-0.028,"{""meal_type"": ""drinks"", ""cuisines"": [""indian""], ""content_type"": ""food_spot"", ""location"": {""name"": ""The Burgess Hotel, Atlanta, A Tribute Portfolio Hotel"", ""slug"": ""the-burgess-hotel-atlanta-a-tribute-portfolio-hotel""}, ""signals"": {""meal_evidence"": {""drinks"": [""cocktail"", ""cocktails"", ""bar"", ""shot""]}, ""cuisine_evidence"": {""indian"": [""indian""]}, ""content_evidence"": {""food_spot"": [""location_present""]}}, ""metadata"": {""hashtags"": [""atlantafoodie"", ""atlbar"", ""atlcocktails"", ""atlhiddengem"", ""hosted""], ""mentions"": [""atllovesmo"", ""fia_atlanta"", ""theburgesshotel"", ""theburgesshotel.""], ""likes"": 5213, ""comments"": 44, ""video_views"": 65113}}","{""meal_type_evidence"": {""embedding_label"": ""drinks"", ""embedding_similarity"": 0.382, ""baseline_label"": ""drinks"", ""baseline_confidence"": 0.95, ""override"": false, ""reason"": ""embedding_agrees_boost_baseline""}, ""cuisine_evidence"": {""embedding_cuisines"": [""american""], ""embedding_similarities"": {""american"": 0.436}, ""baseline_cuisines"": [""indian""], ""newly_detected"": [""american""], ""removed"": [""indian""], ""reason"": ""embedding_refined_cuisine_list""}, ""content_type_evidence"": {""embedding_label"": ""food_spot"", ""embedding_similarity"": 0.413, ""baseline_label"": ""food_spot"", ""baseline_confidence"": 0.95, ""override"": false, ""reason"": ""embedding_agrees_boost_baseline""}}"
3398918094490737700,drinks,0.95,drinks,0.922,CONFIDENCE_UPDATED,-0.028,"{""meal_type"": ""drinks"", ""cuisines"": [""mexican""], ""content_type"": ""food_spot"", ""location"": {""name"": ""Atlanta, Georgia"", ""slug"": ""atlanta-georgia""}, ""signals"": {""meal_evidence"": {""dinner"": [""date night""], ""drinks"": [""cocktail"", ""cocktails"", ""drink"", ""drinks"", ""tequila""]}, ""cuisine_evidence"": {""mexican"": [""mexican""]}, ""content_evidence"": {""food_spot"": [""location_present""]}}, ""metadata"": {""hashtags"": [""atlblog"", ""atlcocktails"", ""atldatenight"", ""atleats""], ""mentions"": [""atllovesmo"", ""dixeebeatl""], ""likes"": 4299, ""comments"": 118, ""video_views"": 49341}}","{""meal_type_evidence"": {""embedding_label"": ""drinks"", ""embedding_similarity"": 0.425, ""baseline_label"": ""drinks"", ""baseline_confidence"": 0.95, ""override"": false, ""reason"": ""embedding_agrees_boost_baseline""}, ""cuisine_evidence"": {""embedding_cuisines"": [""mexican""], ""embedding_similarities"": {""mexican"": 0.413}, ""baseline_cuisines"": [""mexican""], ""newly_detected"": [], ""removed"": [], ""reason"": ""embedding_confirms_baseline""}, ""content_type_evidence"": {""embedding_label"": ""food_spot"", ""embedding_similarity"": 0.368, ""baseline_label"": ""food_spot"", ""baseline_confidence"": 0.95, ""override"": false, ""reason"": ""embedding_agrees_boost_baseline""}}"
3285191865317041330,drinks,0.95,drinks,0.922,CONFIDENCE_UPDATED,-0.028,"{""meal_type"": ""drinks"", ""cuisines"": [""mexican"", ""coffee_cafe""], ""content_type"": ""food_spot"", ""location"": {""name"": ""Atlanta, Georgia"", ""slug"": ""atlanta-georgia""}, ""signals"": {""meal_evidence"": {""dinner"": [""date night""], ""drinks"": [""cocktail"", ""cocktails"", ""bar"", ""gin""]}, ""cuisine_evidence"": {""mexican"": [""taco""], ""coffee_cafe"": [""coffee"", ""cafe""]}, ""content_evidence"": {""food_spot"": [""location_present""]}}, ""metadata"": {""hashtags"": [""atlantacoffee"", ""atlbar"", ""atlcoffee"", ""atldatenight""], ""mentions"": [""atlantacoffeeshops"", ""atllovesmo"", ""salutinthecity"", ""stereoatl""], ""likes"": 5153, ""comments"": 94, ""video_views"": 41071}}","{""meal_type_evidence"": {""embedding_label"": ""drinks"", ""embedding_similarity"": 0.371, ""baseline_label"": ""drinks"", ""baseline_confidence"": 0.95, ""override"": false, ""reason"": ""embedding_agrees_boost_baseline""}, ""cuisine_evidence"": {""embedding_cuisines"": [], ""embedding_similarities"": {}, ""baseline_cuisines"": [""mexican"", ""coffee_cafe""], ""newly_detected"": [], ""removed"": [""mexican"", ""coffee_cafe""], ""reason"": ""no_strong_embedding_matches_keep_baseline""}, ""content_type_evidence"": {""embedding_label"": ""food_spot"", ""embedding_similarity"": 0.407, ""baseline_label"": ""food_spot"", ""baseline_confidence"": 0.95, ""override"": false, ""reason"": ""embedding_agrees_boost_baseline""}}"
3249653604733787641,event,0.95,event,0.921,CONFIDENCE_UPDATED,-0.029,"{""meal_type"": ""drinks"", ""cuisines"": [""italian""], ""content_type"": ""event"", ""location"": {""name"": ""Underground Atlanta"", ""slug"": ""underground-atlanta""}, ""signals"": {""meal_evidence"": {""dinner"": [""date night""], ""drinks"": [""bar"", ""drink"", ""drinks"", ""shot""]}, ""cuisine_evidence"": {""italian"": [""pizza""]}, ""content_evidence"": {""event"": [""popup"", ""ticket""]}}, ""metadata"": {""hashtags"": [""atlantachristmas"", ""atlbars"", ""atlchristmas"", ""atlfoodie"", ""atlpopup""], ""mentions"": [""atllovesmo"", ""bigxpopup"", ""dolospizza.co"", ""future_atlanta"", ""masquerade_atl"", ""thefriskywhiskeratl"", ""thepigalle"", ""underground_atlanta"", ""underground_atlanta."", ""urlocal_ronster""], ""likes"": 19143, ""comments"": 178, ""video_views"": 157232}}","{""meal_type_evidence"": {""embedding_label"": ""drinks"", ""embedding_similarity"": 0.38, ""baseline_label"": ""drinks"", ""baseline_confidence"": 0.95, ""override"": false, ""reason"": ""embedding_agrees_boost_baseline""}, ""cuisine_evidence"": {""embedding_cuisines"": [], ""embedding_similarities"": {}, ""baseline_cuisines"": [""italian""], ""newly_detected"": [], ""removed"": [""italian""], ""reason"": ""no_strong_embedding_matches_keep_baseline""}, ""content_type_evidence"": {""embedding_label"": ""event"", ""embedding_similarity"": 0.372, ""baseline_label"": ""event"", ""baseline_confidence"": 0.95, ""override"": false, ""reason"": ""embedding_agrees_boost_baseline""}}"
3185838890476976669,event,0.95,event,0.921,CONFIDENCE_UPDATED,-0.029,"{""meal_type"": ""drinks"", ""cuisines"": [], ""content_type"": ""event"", ""location"": {""name"": ""Atlantic Station"", ""slug"": ""atlantic-station""}, ""signals"": {""meal_evidence"": {""drinks"": [""cocktail"", ""cocktails"", ""bar"", ""drink"", ""happy hour""]}, ""cuisine_evidence"": {}, ""content_evidence"": {""event"": [""event"", ""market"", ""ticket""]}}, ""metadata"": {""hashtags"": [""atlanta"", ""atlantadrink"", ""atlskate"", ""atlthingstodo"", ""hosted"", ""midnightmarket""], ""mentions"": [""atlanticstation"", ""atllovesmo"", ""gittsbajanpeppersauce"", ""midnightmarketatl"", ""sugar_shanes""], ""likes"": 12560, ""comments"": 195, ""video_views"": 120162}}","{""meal_type_evidence"": {""embedding_label"": ""drinks"", ""embedding_similarity"": 0.321, ""baseline_label"": ""drinks"", ""baseline_confidence"": 0.95, ""override"": false, ""reason"": ""embedding_agrees_boost_baseline""}, ""cuisine_evidence"": {""embedding_cuisines"": [], ""embedding_similarities"": {}, ""baseline_cuisines"": [], ""newly_detected"": [], ""removed"": [], ""reason"": ""no_strong_embedding_matches_keep_baseline""}, ""content_type_evidence"": {""embedding_label"": ""event"", ""embedding_similarity"": 0.425, ""baseline_label"": ""event"", ""baseline_confidence"": 0.95, ""override"": false, ""reason"": ""embedding_agrees_boost_baseline""}}"
3296031458522262104,drinks,0.95,drinks,0.921,CONFIDENCE_UPDATED,-0.029,"{""meal_type"": ""drinks"", ""cuisines"": [""mexican""], ""content_type"": ""food_spot"", ""location"": {""name"": ""Avenue East Cobb"", ""slug"": ""avenue-east-cobb""}, ""signals"": {""meal_evidence"": {""dinner"": [""date night""], ""drinks"": [""cocktail"", ""cocktails"", ""bar"", ""margarita""]}, ""cuisine_evidence"": {""mexican"": [""taco""]}, ""content_evidence"": {""food_spot"": [""location_present""]}}, ""metadata"": {""hashtags"": [""atlantagamers"", ""atlblogger"", ""atldatenight"", ""atleats""], ""mentions"": [""atllovesmo"", ""avenueeastcobb"", ""tinlizzyscantina"", ""tinpingamebar""], ""likes"": 11770, ""comments"": 129, ""video_views"": 90680}}","{""meal_type_evidence"": {""embedding_label"": ""drinks"", ""embedding_similarity"": 0.38, ""baseline_label"": ""drinks"", ""baseline_confidence"": 0.95, ""override"": false, ""reason"": ""embedding_agrees_boost_baseline""}, ""cuisine_evidence"": {""embedding_cuisines"": [""american""], ""embedding_similarities"": {""american"": 0.402}, ""baseline_cuisines"": [""mexican""], ""newly_detected"": [""american""], ""removed"": [""mexican""], ""reason"": ""embedding_refined_cuisine_list""}, ""content_type_evidence"": {""embedding_label"": ""food_spot"", ""embedding_similarity"": 0.368, ""baseline_label"": ""food_spot"", ""baseline_confidence"": 0.95, ""override"": false, ""reason"": ""embedding_agrees_boost_baseline""}}"
3375787099889750075,drinks,0.95,drinks,0.921,CONFIDENCE_UPDATED,-0.029,"{""meal_type"": ""drinks"", ""cuisines"": [], ""content_type"": ""food_spot"", ""location"": {""name"": ""Atlanta, Georgia"", ""slug"": ""atlanta-georgia""}, ""signals"": {""meal_evidence"": {""lunch"": [""sandwich""], ""drinks"": [""cocktail"", ""cocktails"", ""bar"", ""gin""]}, ""cuisine_evidence"": {}, ""content_evidence"": {""food_spot"": [""location_present""]}}, ""metadata"": {""hashtags"": [""atlantafood"", ""atlblog"", ""atleats"", ""atlfoodie""], ""mentions"": [""atlantabeltline"", ""atllovesmo"", ""breakerbreaker_atl""], ""likes"": 5169, ""comments"": 112, ""video_views"": 49295}}","{""meal_type_evidence"": {""embedding_label"": ""drinks"", ""embedding_similarity"": 0.362, ""baseline_label"": ""drinks"", ""baseline_confidence"": 0.95, ""override"": false, ""reason"": ""embedding_agrees_boost_baseline""}, ""cuisine_evidence"": {""embedding_cuisines"": [""american""], ""embedding_similarities"": {""american"": 0.418}, ""baseline_cuisines"": [], ""newly_detected"": [""american""], ""removed"": [], ""reason"": ""embedding_refined_cuisine_list""}, ""content_type_evidence"": {""embedding_label"": ""food_spot"", ""embedding_similarity"": 0.39, ""baseline_label"": ""food_spot"", ""baseline_confidence"": 0.95, ""override"": false, ""reason"": ""embedding_agrees_boost_baseline""}}"
3355474601481943499,drinks,0.95,drinks,0.921,CONFIDENCE_UPDATED,-0.029,"{""meal_type"": ""drinks"", ""cuisines"": [""mediterranean""], ""content_type"": ""food_spot"", ""location"": {""name"": ""Atlanta, Georgia"", ""slug"": ""atlanta-georgia""}, ""signals"": {""meal_evidence"": {""dinner"": [""date night""], ""drinks"": [""cocktail"", ""cocktails"", ""bar"", ""martini""], ""snack"": [""small bites""]}, ""cuisine_evidence"": {""mediterranean"": [""mediterranean""]}, ""content_evidence"": {""food_spot"": [""location_present""]}}, ""metadata"": {""hashtags"": [""atlantarooftop"", ""atldatenight"", ""atleats"", ""atlrooftop"", ""thingstodoinatl""], ""mentions"": [""atllovesmo"", ""hyattcentricbuckheadatl"", ""spacemanatl""], ""likes"": 2243, ""comments"": 75, ""video_views"": 19781}}","{""meal_type_evidence"": {""embedding_label"": ""drinks"", ""embedding_similarity"": 0.336, ""baseline_label"": ""drinks"", ""baseline_confidence"": 0.95, ""override"": false, ""reason"": ""embedding_agrees_boost_baseline""}, ""cuisine_evidence"": {""embedding_cuisines"": [], ""embedding_similarities"": {}, ""baseline_cuisines"": [""mediterranean""], ""newly_detected"": [], ""removed"": [""mediterranean""], ""reason"": ""no_strong_embedding_matches_keep_baseline""}, ""content_type_evidence"": {""embedding_label"": ""food_spot"", ""embedding_similarity"": 0.384, ""baseline_label"": ""food_spot"", ""baseline_confidence"": 0.95, ""override"": false, ""reason"": ""embedding_agrees_boost_baseline""}}"
3261978718234010136,drinks,0.95,drinks,0.921,CONFIDENCE_UPDATED,-0.029,"{""meal_type"": ""drinks"", ""cuisines"": [], ""content_type"": ""food_spot"", ""location"": {""name"": ""Atlanta, Georgia"", ""slug"": ""atlanta-georgia""}, ""signals"": {""meal_evidence"": {""dessert"": [""dessert""], ""drinks"": [""cocktail"", ""cocktails"", ""bar"", ""drink""]}, ""cuisine_evidence"": {}, ""content_evidence"": {""food_spot"": [""location_present""]}}, ""metadata"": {""hashtags"": [""atlanta"", ""atlcocktails"", ""atleats"", ""atlfoodie""], ""mentions"": [""atlantabeltline"", ""atllovesmo"", ""ladybirdatlanta"", ""rangerstationatl""], ""likes"": 762, ""comments"": 51, ""video_views"": 9505}}","{""meal_type_evidence"": {""embedding_label"": ""drinks"", ""embedding_similarity"": 0.343, ""baseline_label"": ""drinks"", ""baseline_confidence"": 0.95, ""override"": false, ""reason"": ""embedding_agrees_boost_baseline""}, ""cuisine_evidence"": {""embedding_cuisines"": [], ""embedding_similarities"": {}, ""baseline_cuisines"": [], ""newly_detected"": [], ""removed"": [], ""reason"": ""no_strong_embedding_matches_keep_baseline""}, ""content_type_evidence"": {""embedding_label"": ""food_spot"", ""embedding_similarity"": 0.401, ""baseline_label"": ""food_spot"", ""baseline_confidence"": 0.95, ""override"": false, ""reason"": ""embedding_agrees_boost_baseline""}}"
3673139186421830539,drinks,0.95,drinks,0.921,CONFIDENCE_UPDATED,-0.029,"{""meal_type"": ""drinks"", ""cuisines"": [], ""content_type"": ""food_spot"", ""location"": {""name"": ""Atlanta, Georgia"", ""slug"": ""atlanta-georgia""}, ""signals"": {""meal_evidence"": {""drinks"": [""cocktail"", ""cocktails"", ""beer"", ""drink""]}, ""cuisine_evidence"": {}, ""content_evidence"": {""food_spot"": [""location_present""]}}, ""metadata"": {""hashtags"": [""atlblog"", ""cobbcounty"", ""explorega"", ""mlballstargame"", ""travelcobb""], ""mentions"": [""batteryatl"", ""kftbatteryatl"", ""mlb"", ""pheast_atl"", ""pokeburribattery"", ""propaganda.atl"", ""smyrnastoutbrothers"", ""travelcobb""], ""likes"": 2992, ""comments"": 75, ""video_views"": 2568}}","{""meal_type_evidence"": {""embedding_label"": ""drinks"", ""embedding_similarity"": 0.334, ""baseline_label"": ""drinks"", ""baseline_confidence"": 0.95, ""override"": false, ""reason"": ""embedding_agrees_boost_baseline""}, ""cuisine_evidence"": {""embedding_cuisines"": [], ""embedding_similarities"": {}, ""baseline_cuisines"": [], ""newly_detected"": [], ""removed"": [], ""reason"": ""no_strong_embedding_matches_keep_baseline""}, ""content_type_evidence"": {""embedding_label"": ""food_spot"", ""embedding_similarity"": 0.406, ""baseline_label"": ""food_spot"", ""baseline_confidence"": 0.95, ""override"": false, ""reason"": ""embedding_agrees_boost_baseline""}}"
3592710139364153769,drinks,0.95,drinks,0.92,CONFIDENCE_UPDATED,-0.03,"{""meal_type"": ""drinks"", ""cuisines"": [""mexican"", ""japanese"", ""bbq"", ""coffee_cafe""], ""content_type"": ""food_spot"", ""location"": {""name"": ""Atlanta, Georgia"", ""slug"": ""atlanta-georgia""}, ""signals"": {""meal_evidence"": {""dinner"": [""date night""], ""drinks"": [""cocktail"", ""cocktails"", ""bar"", ""gin"", ""rum""]}, ""cuisine_evidence"": {""mexican"": [""taco""], ""japanese"": [""japanese""], ""bbq"": [""bbq""], ""coffee_cafe"": [""coffee"", ""cafe""]}, ""content_evidence"": {""food_spot"": [""location_present""]}}, ""metadata"": {""hashtags"": [""atlblog"", ""atleats"", ""atlfoodie""], ""mentions"": [""atlantacoffeeshops"", ""atllovesmo"", ""blockanddrum"", ""chamblee.ga."", ""madreselvaatl"", ""wagyuhouseatl""], ""likes"": 25811, ""comments"": 120, ""video_views"": 129438}}","{""meal_type_evidence"": {""embedding_label"": ""drinks"", ""embedding_similarity"": 0.311, ""baseline_label"": ""drinks"", ""baseline_confidence"": 0.95, ""override"": false, ""reason"": ""embedding_agrees_boost_baseline""}, ""cuisine_evidence"": {""embedding_cuisines"": [], ""embedding_similarities"": {}, ""baseline_cuisines"": [""mexican"", ""japanese"", ""bbq"", ""coffee_cafe""], ""newly_detected"": [], ""removed"": [""bbq"", ""mexican"", ""coffee_cafe"", ""japanese""], ""reason"": ""no_strong_embedding_matches_keep_baseline""}, ""content_type_evidence"": {""embedding_label"": ""food_spot"", ""embedding_similarity"": 0.389, ""baseline_label"": ""food_spot"", ""baseline_confidence"": 0.95, ""override"": false, ""reason"": ""embedding_agrees_boost_baseline""}}"
3635314713396987146,drinks,0.95,drinks,0.92,CONFIDENCE_UPDATED,-0.03,"{""meal_type"": ""drinks"", ""cuisines"": [""japanese""], ""content_type"": ""food_spot"", ""location"": {""name"": ""Atlanta, Georgia"", ""slug"": ""atlanta-georgia""}, ""signals"": {""meal_evidence"": {""dinner"": [""date night""], ""drinks"": [""cocktail"", ""cocktails"", ""drink"", ""drinks""]}, ""cuisine_evidence"": {""japanese"": [""omakase""]}, ""content_evidence"": {""food_spot"": [""location_present""]}}, ""metadata"": {""hashtags"": [""atlblog"", ""atleats"", ""atlfoodie""], ""mentions"": [""atllovesmo"", ""tigersunatl""], ""likes"": 1199, ""comments"": 66, ""video_views"": 364}}","{""meal_type_evidence"": {""embedding_label"": ""drinks"", ""embedding_similarity"": 0.329, ""baseline_label"": ""drinks"", ""baseline_confidence"": 0.95, ""override"": false, ""reason"": ""embedding_agrees_boost_baseline""}, ""cuisine_evidence"": {""embedding_cuisines"": [], ""embedding_similarities"": {}, ""baseline_cuisines"": [""japanese""], ""newly_detected"": [], ""removed"": [""japanese""], ""reason"": ""no_strong_embedding_matches_keep_baseline""}, ""content_type_evidence"": {""embedding_label"": ""food_spot"", ""embedding_similarity"": 0.366, ""baseline_label"": ""food_spot"", ""baseline_confidence"": 0.95, ""override"": false, ""reason"": ""embedding_agrees_boost_baseline""}}"
3008558485928099038,drinks,0.95,drinks,0.919,CONFIDENCE_UPDATED,-0.031,"{""meal_type"": ""drinks"", ""cuisines"": [], ""content_type"": ""food_spot"", ""location"": {""name"": ""Atlanta, Georgia"", ""slug"": ""atlanta-georgia""}, ""signals"": {""meal_evidence"": {""dinner"": [""date night""], ""drinks"": [""wine"", ""beer"", ""drink"", ""drinks"", ""shot"", ""shots""]}, ""cuisine_evidence"": {}, ""content_evidence"": {""food_spot"": [""location_present""]}}, ""metadata"": {""hashtags"": [""atlantadatenight"", ""atlantafoodblogger"", ""atlantafoodie"", ""atlantasocialgameclub"", ""atlarcade"", ""atldatenight"", ""atlgamenight"", ""atlgamers"", ""atlsocialclub""], ""mentions"": [""slingshotsocialatl""], ""likes"": 525, ""comments"": 16, ""video_views"": 10397}}","{""meal_type_evidence"": {""embedding_label"": ""drinks"", ""embedding_similarity"": 0.31, ""baseline_label"": ""drinks"", ""baseline_confidence"": 0.95, ""override"": false, ""reason"": ""embedding_agrees_boost_baseline""}, ""cuisine_evidence"": {""embedding_cuisines"": [], ""embedding_similarities"": {}, ""baseline_cuisines"": [], ""newly_detected"": [], ""removed"": [], ""reason"": ""no_strong_embedding_matches_keep_baseline""}, ""content_type_evidence"": {""embedding_label"": ""food_spot"", ""embedding_similarity"": 0.369, ""baseline_label"": ""food_spot"", ""baseline_confidence"": 0.95, ""override"": false, ""reason"": ""embedding_agrees_boost_baseline""}}"
3178612438655952514,breakfast,0.7,breakfast,0.66,CONFIDENCE_UPDATED,-0.04,"{""meal_type"": ""breakfast"", ""cuisines"": [""mexican"", ""coffee_cafe""], ""content_type"": ""food_spot"", ""location"": {""name"": ""Atlanta, Georgia"", ""slug"": ""atlanta-georgia""}, ""signals"": {""meal_evidence"": {""breakfast"": [""breakfast""]}, ""cuisine_evidence"": {""mexican"": [""taco""], ""coffee_cafe"": [""coffee"", ""latte"", ""matcha""]}, ""content_evidence"": {""food_spot"": [""location_present""]}}, ""metadata"": {""hashtags"": [""atlantacoffeeshops"", ""atlantawfh"", ""atlcoffee"", ""atlcoffeeshop""], ""mentions"": [""_oliveandpine_"", ""atllovesmo"", ""avondaleestates"", ""biggerstaffbrewing"", ""blackcoffeeatl"", ""conlecheatl"", ""mercedesbenzstadium"", ""portraitcoffee"", ""wonderfulworldcoffeeandtea""], ""likes"": 1521, ""comments"": 72, ""video_views"": 13177}}","{""meal_type_evidence"": {""embedding_label"": ""dessert"", ""embedding_similarity"": 0.266, ""baseline_label"": ""breakfast"", ""baseline_confidence"": 0.7, ""override"": false, ""reason"": ""weak_embedding_match_keep_baseline""}, ""cuisine_evidence"": {""embedding_cuisines"": [""coffee_cafe""], ""embedding_similarities"": {""coffee_cafe"": 0.454}, ""baseline_cuisines"": [""mexican"", ""coffee_cafe""], ""newly_detected"": [], ""removed"": [""mexican""], ""reason"": ""embedding_refined_cuisine_list""}, ""content_type_evidence"": {""embedding_label"": ""food_spot"", ""embedding_similarity"": 0.483, ""baseline_label"": ""food_spot"", ""baseline_confidence"": 0.7, ""override"": false, ""reason"": ""embedding_agrees_boost_baseline""}}"
3841371990091999118,event,0.7,event,0.66,CONFIDENCE_UPDATED,-0.04,"{""meal_type"": ""unknown"", ""cuisines"": [], ""content_type"": ""event"", ""location"": {""name"": ""Atlanta, Georgia"", ""slug"": ""atlanta-georgia""}, ""signals"": {""meal_evidence"": {}, ""cuisine_evidence"": {}, ""content_evidence"": {""event"": [""festival""]}}, ""metadata"": {""hashtags"": [], ""mentions"": [""closefriendsati"", ""closefriendsatl"", ""parktavern""], ""likes"": 563, ""comments"": 42, ""video_views"": 7678}}","{""meal_type_evidence"": {""embedding_label"": ""dinner"", ""embedding_similarity"": 0.244, ""baseline_label"": ""unknown"", ""baseline_confidence"": 0.7, ""override"": false, ""reason"": ""weak_embedding_match_keep_baseline""}, ""cuisine_evidence"": {""embedding_cuisines"": [], ""embedding_similarities"": {}, ""baseline_cuisines"": [], ""newly_detected"": [], ""removed"": [], ""reason"": ""no_strong_embedding_matches_keep_baseline""}, ""content_type_evidence"": {""embedding_label"": ""event"", ""embedding_similarity"": 0.5, ""baseline_label"": ""event"", ""baseline_confidence"": 0.7, ""override"": false, ""reason"": ""embedding_agrees_boost_baseline""}}"
3805849726701663739,dinner,0.7,dinner,0.659,CONFIDENCE_UPDATED,-0.041,"{""meal_type"": ""dinner"", ""cuisines"": [""italian""], ""content_type"": ""food_spot"", ""location"": {""name"": ""Atlanta, Georgia"", ""slug"": ""atlanta-georgia""}, ""signals"": {""meal_evidence"": {""dinner"": [""date night""], ""drinks"": [""bar""]}, ""cuisine_evidence"": {""italian"": [""pizza""]}, ""content_evidence"": {""food_spot"": [""location_present""]}}, ""metadata"": {""hashtags"": [], ""mentions"": [""atllovesmo"", ""krogbar_pizza_""], ""likes"": 1350, ""comments"": 82, ""video_views"": null}}","{""meal_type_evidence"": {""embedding_label"": ""dinner"", ""embedding_similarity"": 0.272, ""baseline_label"": ""dinner"", ""baseline_confidence"": 0.7, ""override"": false, ""reason"": ""weak_embedding_match_keep_baseline""}, ""cuisine_evidence"": {""embedding_cuisines"": [], ""embedding_similarities"": {}, ""baseline_cuisines"": [""italian""], ""newly_detected"": [], ""removed"": [""italian""], ""reason"": ""no_strong_embedding_matches_keep_baseline""}, ""content_type_evidence"": {""embedding_label"": ""food_spot"", ""embedding_similarity"": 0.454, ""baseline_label"": ""food_spot"", ""baseline_confidence"": 0.7, ""override"": false, ""reason"": ""embedding_agrees_boost_baseline""}}"
3393863754453514782,dinner,0.7,dinner,0.658,CONFIDENCE_UPDATED,-0.042,"{""meal_type"": ""dinner"", ""cuisines"": [], ""content_type"": ""food_spot"", ""location"": {""name"": ""Atlanta, Georgia"", ""slug"": ""atlanta-georgia""}, ""signals"": {""meal_evidence"": {""dinner"": [""date night""], ""drinks"": [""cocktail""]}, ""cuisine_evidence"": {}, ""content_evidence"": {""food_spot"": [""location_present""]}}, ""metadata"": {""hashtags"": [""atlblog"", ""atldance"", ""atldatenight"", ""thingstodoinatlanta""], ""mentions"": [""atllovesmo"", ""jjjonqqq."", ""jojosbeloved"", ""politanrow.colonysquare""], ""likes"": 9955, ""comments"": 125, ""video_views"": 71339}}","{""meal_type_evidence"": {""embedding_label"": ""drinks"", ""embedding_similarity"": 0.272, ""baseline_label"": ""dinner"", ""baseline_confidence"": 0.7, ""override"": false, ""reason"": ""weak_embedding_match_keep_baseline""}, ""cuisine_evidence"": {""embedding_cuisines"": [], ""embedding_similarities"": {}, ""baseline_cuisines"": [], ""newly_detected"": [], ""removed"": [], ""reason"": ""no_strong_embedding_matches_keep_baseline""}, ""content_type_evidence"": {""embedding_label"": ""food_spot"", ""embedding_similarity"": 0.412, ""baseline_label"": ""food_spot"", ""baseline_confidence"": 0.7, ""override"": false, ""reason"": ""embedding_agrees_boost_baseline""}}"
3148972286665279704,unknown,0.7,unknown,0.658,CONFIDENCE_UPDATED,-0.042,"{""meal_type"": ""unknown"", ""cuisines"": [""mexican"", ""coffee_cafe""], ""content_type"": ""food_spot"", ""location"": {""name"": ""Prevail Union ATL"", ""slug"": ""prevail-union-atl""}, ""signals"": {""meal_evidence"": {}, ""cuisine_evidence"": {""mexican"": [""taco""], ""coffee_cafe"": [""coffee""]}, ""content_evidence"": {""food_spot"": [""location_present""]}}, ""metadata"": {""hashtags"": [""atlantacoffee"", ""atlantafoodie"", ""atlcoffee"", ""atlworkfromhome""], ""mentions"": [""atllovesmo"", ""prevailcoffee"", ""sentrallife""], ""likes"": 2291, ""comments"": 57, ""video_views"": 18978}}","{""meal_type_evidence"": {""embedding_label"": ""snack"", ""embedding_similarity"": 0.209, ""baseline_label"": ""unknown"", ""baseline_confidence"": 0.7, ""override"": false, ""reason"": ""weak_embedding_match_keep_baseline""}, ""cuisine_evidence"": {""embedding_cuisines"": [], ""embedding_similarities"": {}, ""baseline_cuisines"": [""mexican"", ""coffee_cafe""], ""newly_detected"": [], ""removed"": [""mexican"", ""coffee_cafe""], ""reason"": ""no_strong_embedding_matches_keep_baseline""}, ""content_type_evidence"": {""embedding_label"": ""food_spot"", ""embedding_similarity"": 0.409, ""baseline_label"": ""food_spot"", ""baseline_confidence"": 0.7, ""override"": false, ""reason"": ""embedding_agrees_boost_baseline""}}"
3140187970929841836,drinks,0.7,drinks,0.658,CONFIDENCE_UPDATED,-0.042,"{""meal_type"": ""drinks"", ""cuisines"": [""mexican"", ""coffee_cafe""], ""content_type"": ""food_spot"", ""location"": {""name"": ""PERC Atlanta"", ""slug"": ""perc-atlanta""}, ""signals"": {""meal_evidence"": {""drinks"": [""gin""]}, ""cuisine_evidence"": {""mexican"": [""taco""], ""coffee_cafe"": [""coffee"", ""latte""]}, ""content_evidence"": {""food_spot"": [""location_present""]}}, ""metadata"": {""hashtags"": [""atlantacoffee"", ""atlantacoffeeshops"", ""atlblog"", ""atlcoffee""], ""mentions"": [""atllovesmo"", ""percatlanta""], ""likes"": 996, ""comments"": 51, ""video_views"": 9297}}","{""meal_type_evidence"": {""embedding_label"": ""snack"", ""embedding_similarity"": 0.283, ""baseline_label"": ""drinks"", ""baseline_confidence"": 0.7, ""override"": false, ""reason"": ""weak_embedding_match_keep_baseline""}, ""cuisine_evidence"": {""embedding_cuisines"": [], ""embedding_similarities"": {}, ""baseline_cuisines"": [""mexican"", ""coffee_cafe""], ""newly_detected"": [], ""removed"": [""mexican"", ""coffee_cafe""], ""reason"": ""no_strong_embedding_matches_keep_baseline""}, ""content_type_evidence"": {""embedding_label"": ""food_spot"", ""embedding_similarity"": 0.434, ""baseline_label"": ""food_spot"", ""baseline_confidence"": 0.7, ""override"": false, ""reason"": ""embedding_agrees_boost_baseline""}}"
3819489455401701228,event,0.7,event,0.658,CONFIDENCE_UPDATED,-0.042,"{""meal_type"": ""drinks"", ""cuisines"": [""seafood""], ""content_type"": ""event"", ""location"": {""name"": ""Atlanta, Georgia"", ""slug"": ""atlanta-georgia""}, ""signals"": {""meal_evidence"": {""drinks"": [""gin""]}, ""cuisine_evidence"": {""seafood"": [""fish""]}, ""content_evidence"": {""event"": [""ticket""]}}, ""metadata"": {""hashtags"": [], ""mentions"": [""breakaway"", ""breakawayatl"", ""centerparcatl.""], ""likes"": 682, ""comments"": 57, ""video_views"": 5543}}","{""meal_type_evidence"": {""embedding_label"": ""snack"", ""embedding_similarity"": 0.159, ""baseline_label"": ""drinks"", ""baseline_confidence"": 0.7, ""override"": false, ""reason"": ""weak_embedding_match_keep_baseline""}, ""cuisine_evidence"": {""embedding_cuisines"": [], ""embedding_similarities"": {}, ""baseline_cuisines"": [""seafood""], ""newly_detected"": [], ""removed"": [""seafood""], ""reason"": ""no_strong_embedding_matches_keep_baseline""}, ""content_type_evidence"": {""embedding_label"": ""event"", ""embedding_similarity"": 0.438, ""baseline_label"": ""event"", ""baseline_confidence"": 0.7, ""override"": false, ""reason"": ""embedding_agrees_boost_baseline""}}"
3686768300270287632,event,0.7,event,0.658,CONFIDENCE_UPDATED,-0.042,"{""meal_type"": ""unknown"", ""cuisines"": [], ""content_type"": ""event"", ""location"": {""name"": ""Atlanta, Georgia"", ""slug"": ""atlanta-georgia""}, ""signals"": {""meal_evidence"": {}, ""cuisine_evidence"": {}, ""content_evidence"": {""event"": [""ticket""]}}, ""metadata"": {""hashtags"": [""atlblog"", ""omfambassador2025"", ""thingstodoinatl""], ""mentions"": [""onemusicfest""], ""likes"": 1047, ""comments"": 101, ""video_views"": null}}","{""meal_type_evidence"": {""embedding_label"": ""drinks"", ""embedding_similarity"": 0.082, ""baseline_label"": ""unknown"", ""baseline_confidence"": 0.7, ""override"": false, ""reason"": ""weak_embedding_match_keep_baseline""}, ""cuisine_evidence"": {""embedding_cuisines"": [], ""embedding_similarities"": {}, ""baseline_cuisines"": [], ""newly_detected"": [], ""removed"": [], ""reason"": ""no_strong_embedding_matches_keep_baseline""}, ""content_type_evidence"": {""embedding_label"": ""event"", ""embedding_similarity"": 0.405, ""baseline_label"": ""event"", ""baseline_confidence"": 0.7, ""override"": false, ""reason"": ""embedding_agrees_boost_baseline""}}"
3085186194887812521,unknown,0.7,unknown,0.658,CONFIDENCE_UPDATED,-0.042,"{""meal_type"": ""unknown"", ""cuisines"": [], ""content_type"": ""food_spot"", ""location"": {""name"": ""Atlanta, Georgia"", ""slug"": ""atlanta-georgia""}, ""signals"": {""meal_evidence"": {}, ""cuisine_evidence"": {}, ""content_evidence"": {""food_spot"": [""location_present""]}}, ""metadata"": {""hashtags"": [], ""mentions"": [""forzastorico""], ""likes"": 124, ""comments"": 21, ""video_views"": null}}","{""meal_type_evidence"": {""embedding_label"": ""dinner"", ""embedding_similarity"": 0.231, ""baseline_label"": ""unknown"", ""baseline_confidence"": 0.7, ""override"": false, ""reason"": ""weak_embedding_match_keep_baseline""}, ""cuisine_evidence"": {""embedding_cuisines"": [], ""embedding_similarities"": {}, ""baseline_cuisines"": [], ""newly_detected"": [], ""removed"": [], ""reason"": ""no_strong_embedding_matches_keep_baseline""}, ""content_type_evidence"": {""embedding_label"": ""food_spot"", ""embedding_similarity"": 0.401, ""baseline_label"": ""food_spot"", ""baseline_confidence"": 0.7, ""override"": false, ""reason"": ""embedding_agrees_boost_baseline""}}"
3607917502421504601,dinner,0.7,dinner,0.657,CONFIDENCE_UPDATED,-0.043,"{""meal_type"": ""dinner"", ""cuisines"": [""american""], ""content_type"": ""food_spot"", ""location"": {""name"": ""Atlanta, Georgia"", ""slug"": ""atlanta-georgia""}, ""signals"": {""meal_evidence"": {""dinner"": [""date night""], ""drinks"": [""bar""]}, ""cuisine_evidence"": {""american"": [""southern""]}, ""content_evidence"": {""food_spot"": [""location_present""]}}, ""metadata"": {""hashtags"": [""atlantahotels"", ""atlblog"", ""atlfood"", ""thingstodoinatlanta""], ""mentions"": [""atllovesmo"", ""hotelgranada_atlanta"", ""maypeel_atlanta""], ""likes"": 20330, ""comments"": 168, ""video_views"": 118112}}","{""meal_type_evidence"": {""embedding_label"": ""dinner"", ""embedding_similarity"": 0.264, ""baseline_label"": ""dinner"", ""baseline_confidence"": 0.7, ""override"": false, ""reason"": ""weak_embedding_match_keep_baseline""}, ""cuisine_evidence"": {""embedding_cuisines"": [], ""embedding_similarities"": {}, ""baseline_cuisines"": [""american""], ""newly_detected"": [], ""removed"": [""american""], ""reason"": ""no_strong_embedding_matches_keep_baseline""}, ""content_type_evidence"": {""embedding_label"": ""food_spot"", ""embedding_similarity"": 0.381, ""baseline_label"": ""food_spot"", ""baseline_confidence"": 0.7, ""override"": false, ""reason"": ""embedding_agrees_boost_baseline""}}"
3476581497987431627,drinks,0.7,drinks,0.657,CONFIDENCE_UPDATED,-0.043,"{""meal_type"": ""drinks"", ""cuisines"": [], ""content_type"": ""food_spot"", ""location"": {""name"": ""Atlanta, Georgia"", ""slug"": ""atlanta-georgia""}, ""signals"": {""meal_evidence"": {""drinks"": [""bar""]}, ""cuisine_evidence"": {}, ""content_evidence"": {""food_spot"": [""location_present""]}}, ""metadata"": {""hashtags"": [""atlblog"", ""atldatenight"", ""atleats"", ""thingstodoinatlanta""], ""mentions"": [""atllovesmo"", ""kennedyspacecenter"", ""polarisatlanta""], ""likes"": 11736, ""comments"": 77, ""video_views"": 73687}}","{""meal_type_evidence"": {""embedding_label"": ""lunch"", ""embedding_similarity"": 0.232, ""baseline_label"": ""drinks"", ""baseline_confidence"": 0.7, ""override"": false, ""reason"": ""weak_embedding_match_keep_baseline""}, ""cuisine_evidence"": {""embedding_cuisines"": [], ""embedding_similarities"": {}, ""baseline_cuisines"": [], ""newly_detected"": [], ""removed"": [], ""reason"": ""no_strong_embedding_matches_keep_baseline""}, ""content_type_evidence"": {""embedding_label"": ""food_spot"", ""embedding_similarity"": 0.36, ""baseline_label"": ""food_spot"", ""baseline_confidence"": 0.7, ""override"": false, ""reason"": ""embedding_agrees_boost_baseline""}}"
3143135386355454680,unknown,0.7,unknown,0.657,CONFIDENCE_UPDATED,-0.043,"{""meal_type"": ""unknown"", ""cuisines"": [""mexican"", ""bakery"", ""coffee_cafe""], ""content_type"": ""food_spot"", ""location"": {""name"": ""Reynoldstown"", ""slug"": ""reynoldstown""}, ""signals"": {""meal_evidence"": {}, ""cuisine_evidence"": {""mexican"": [""taco""], ""bakery"": [""bread""], ""coffee_cafe"": [""coffee""]}, ""content_evidence"": {""food_spot"": [""location_present""]}}, ""metadata"": {""hashtags"": [""atlanta"", ""atlantacoffeeshops"", ""atlcoffee"", ""atlcoffeeshops""], ""mentions"": [""atllovesmo"", ""conlecheatl"", ""eatclickrepeat_""], ""likes"": 3949, ""comments"": 59, ""video_views"": 45685}}","{""meal_type_evidence"": {""embedding_label"": ""snack"", ""embedding_similarity"": 0.279, ""baseline_label"": ""unknown"", ""baseline_confidence"": 0.7, ""override"": false, ""reason"": ""weak_embedding_match_keep_baseline""}, ""cuisine_evidence"": {""embedding_cuisines"": [], ""embedding_similarities"": {}, ""baseline_cuisines"": [""mexican"", ""bakery"", ""coffee_cafe""], ""newly_detected"": [], ""removed"": [""mexican"", ""coffee_cafe"", ""bakery""], ""reason"": ""no_strong_embedding_matches_keep_baseline""}, ""content_type_evidence"": {""embedding_label"": ""food_spot"", ""embedding_similarity"": 0.4, ""baseline_label"": ""food_spot"", ""baseline_confidence"": 0.7, ""override"": false, ""reason"": ""embedding_agrees_boost_baseline""}}"
3132929712649215346,drinks,0.7,drinks,0.657,CONFIDENCE_UPDATED,-0.043,"{""meal_type"": ""drinks"", ""cuisines"": [""coffee_cafe""], ""content_type"": ""food_spot"", ""location"": {""name"": ""Bellwood Coffee"", ""slug"": ""bellwood-coffee""}, ""signals"": {""meal_evidence"": {""drinks"": [""bar""]}, ""cuisine_evidence"": {""coffee_cafe"": [""coffee""]}, ""content_evidence"": {""food_spot"": [""location_present""]}}, ""metadata"": {""hashtags"": [""atlanta"", ""atlantawfh"", ""atlbeltline"", ""atlcoffee"", ""coffeeshopsatl""], ""mentions"": [""bellwoodcoffee"", ""thevictorianatlanta""], ""likes"": 5381, ""comments"": 45, ""video_views"": 38356}}","{""meal_type_evidence"": {""embedding_label"": ""snack"", ""embedding_similarity"": 0.158, ""baseline_label"": ""drinks"", ""baseline_confidence"": 0.7, ""override"": false, ""reason"": ""weak_embedding_match_keep_baseline""}, ""cuisine_evidence"": {""embedding_cuisines"": [], ""embedding_similarities"": {}, ""baseline_cuisines"": [""coffee_cafe""], ""newly_detected"": [], ""removed"": [""coffee_cafe""], ""reason"": ""no_strong_embedding_matches_keep_baseline""}, ""content_type_evidence"": {""embedding_label"": ""food_spot"", ""embedding_similarity"": 0.37, ""baseline_label"": ""food_spot"", ""baseline_confidence"": 0.7, ""override"": false, ""reason"": ""embedding_agrees_boost_baseline""}}"
3684005951569806677,lunch,0.7,lunch,0.657,CONFIDENCE_UPDATED,-0.043,"{""meal_type"": ""lunch"", ""cuisines"": [""mexican"", ""seafood""], ""content_type"": ""food_spot"", ""location"": {""name"": ""Roswell, Georgia"", ""slug"": ""roswell-georgia""}, ""signals"": {""meal_evidence"": {""lunch"": [""sandwich""], ""drinks"": [""bar""]}, ""cuisine_evidence"": {""mexican"": [""taco""], ""seafood"": [""seafood"", ""lobster"", ""shrimp"", ""fish""]}, ""content_evidence"": {""food_spot"": [""location_present""]}}, ""metadata"": {""hashtags"": [""atlblog"", ""atlfoodie"", ""roswellga"", ""thingstodoinatlanta""], ""mentions"": [""acrossthecoastseafood"", ""atllovesmo"", ""cheffrazierfit1"", ""prettylittletacosroswell"", ""roswelljunction.""], ""likes"": 2351, ""comments"": 80, ""video_views"": 21297}}","{""meal_type_evidence"": {""embedding_label"": ""snack"", ""embedding_similarity"": 0.292, ""baseline_label"": ""lunch"", ""baseline_confidence"": 0.7, ""override"": false, ""reason"": ""weak_embedding_match_keep_baseline""}, ""cuisine_evidence"": {""embedding_cuisines"": [""seafood""], ""embedding_similarities"": {""seafood"": 0.477}, ""baseline_cuisines"": [""mexican"", ""seafood""], ""newly_detected"": [], ""removed"": [""mexican""], ""reason"": ""embedding_refined_cuisine_list""}, ""content_type_evidence"": {""embedding_label"": ""food_spot"", ""embedding_similarity"": 0.379, ""baseline_label"": ""food_spot"", ""baseline_confidence"": 0.7, ""override"": false, ""reason"": ""embedding_agrees_boost_baseline""}}"
3743489215637297995,event,0.7,event,0.657,CONFIDENCE_UPDATED,-0.043,"{""meal_type"": ""unknown"", ""cuisines"": [], ""content_type"": ""event"", ""location"": {""name"": ""Atlanta, Georgia"", ""slug"": ""atlanta-georgia""}, ""signals"": {""meal_evidence"": {}, ""cuisine_evidence"": {}, ""content_evidence"": {""event"": [""ticket""]}}, ""metadata"": {""hashtags"": [""101"", ""atlblog"", ""atleats"", ""atlhalloween""], ""mentions"": [""closefriendsatl"", ""newrealmbrewing""], ""likes"": 1322, ""comments"": 53, ""video_views"": 17440}}","{""meal_type_evidence"": {""embedding_label"": ""drinks"", ""embedding_similarity"": 0.18, ""baseline_label"": ""unknown"", ""baseline_confidence"": 0.7, ""override"": false, ""reason"": ""weak_embedding_match_keep_baseline""}, ""cuisine_evidence"": {""embedding_cuisines"": [], ""embedding_similarities"": {}, ""baseline_cuisines"": [], ""newly_detected"": [], ""removed"": [], ""reason"": ""no_strong_embedding_matches_keep_baseline""}, ""content_type_evidence"": {""embedding_label"": ""event"", ""embedding_similarity"": 0.388, ""baseline_label"": ""event"", ""baseline_confidence"": 0.7, ""override"": false, ""reason"": ""embedding_agrees_boost_baseline""}}"
3504359570321228526,unknown,0.7,unknown,0.657,CONFIDENCE_UPDATED,-0.043,"{""meal_type"": ""unknown"", ""cuisines"": [""coffee_cafe""], ""content_type"": ""food_spot"", ""location"": {""name"": ""Atlanta, Georgia"", ""slug"": ""atlanta-georgia""}, ""signals"": {""meal_evidence"": {}, ""cuisine_evidence"": {""coffee_cafe"": [""coffee""]}, ""content_evidence"": {""food_spot"": [""location_present""]}}, ""metadata"": {""hashtags"": [""atlblog"", ""atleats"", ""atlfoodie""], ""mentions"": [""atllovesmo"", ""brashcoffee""], ""likes"": 1881, ""comments"": 87, ""video_views"": 13450}}","{""meal_type_evidence"": {""embedding_label"": ""snack"", ""embedding_similarity"": 0.186, ""baseline_label"": ""unknown"", ""baseline_confidence"": 0.7, ""override"": false, ""reason"": ""weak_embedding_match_keep_baseline""}, ""cuisine_evidence"": {""embedding_cuisines"": [], ""embedding_similarities"": {}, ""baseline_cuisines"": [""coffee_cafe""], ""newly_detected"": [], ""removed"": [""coffee_cafe""], ""reason"": ""no_strong_embedding_matches_keep_baseline""}, ""content_type_evidence"": {""embedding_label"": ""food_spot"", ""embedding_similarity"": 0.362, ""baseline_label"": ""food_spot"", ""baseline_confidence"": 0.7, ""override"": false, ""reason"": ""embedding_agrees_boost_baseline""}}"
3252527032755078761,brunch,0.7,brunch,0.657,CONFIDENCE_UPDATED,-0.043,"{""meal_type"": ""brunch"", ""cuisines"": [""mexican"", ""coffee_cafe""], ""content_type"": ""food_spot"", ""location"": {""name"": ""Bellwood Coffee"", ""slug"": ""bellwood-coffee""}, ""signals"": {""meal_evidence"": {""brunch"": [""brunch""]}, ""cuisine_evidence"": {""mexican"": [""taco""], ""coffee_cafe"": [""coffee""]}, ""content_evidence"": {""food_spot"": [""location_present""]}}, ""metadata"": {""hashtags"": [""109"", ""atlantacoffee"", ""atlcoffee"", ""atleats""], ""mentions"": [""atl_bucketlist"", ""bellwoodcoffee"", ""riversideatl.""], ""likes"": 710, ""comments"": 79, ""video_views"": 7526}}","{""meal_type_evidence"": {""embedding_label"": ""dessert"", ""embedding_similarity"": 0.25, ""baseline_label"": ""brunch"", ""baseline_confidence"": 0.7, ""override"": false, ""reason"": ""weak_embedding_match_keep_baseline""}, ""cuisine_evidence"": {""embedding_cuisines"": [], ""embedding_similarities"": {}, ""baseline_cuisines"": [""mexican"", ""coffee_cafe""], ""newly_detected"": [], ""removed"": [""mexican"", ""coffee_cafe""], ""reason"": ""no_strong_embedding_matches_keep_baseline""}, ""content_type_evidence"": {""embedding_label"": ""food_spot"", ""embedding_similarity"": 0.378, ""baseline_label"": ""food_spot"", ""baseline_confidence"": 0.7, ""override"": false, ""reason"": ""embedding_agrees_boost_baseline""}}"
3672889617063305214,event,0.7,event,0.657,CONFIDENCE_UPDATED,-0.043,"{""meal_type"": ""drinks"", ""cuisines"": [], ""content_type"": ""event"", ""location"": {""name"": ""Atlanta, Georgia"", ""slug"": ""atlanta-georgia""}, ""signals"": {""meal_evidence"": {""drinks"": [""gin""]}, ""cuisine_evidence"": {}, ""content_evidence"": {""event"": [""concert""]}}, ""metadata"": {""hashtags"": [""atlblog"", ""atldatenight"", ""atlfoodie"", ""atlmusic"", ""thingstodoinatlanta""], ""mentions"": [""atllovesmo"", ""fitfolabs"", ""madace.jpg""], ""likes"": 4221, ""comments"": 116, ""video_views"": 4179}}","{""meal_type_evidence"": {""embedding_label"": ""drinks"", ""embedding_similarity"": 0.134, ""baseline_label"": ""drinks"", ""baseline_confidence"": 0.7, ""override"": false, ""reason"": ""weak_embedding_match_keep_baseline""}, ""cuisine_evidence"": {""embedding_cuisines"": [], ""embedding_similarities"": {}, ""baseline_cuisines"": [], ""newly_detected"": [], ""removed"": [], ""reason"": ""no_strong_embedding_matches_keep_baseline""}, ""content_type_evidence"": {""embedding_label"": ""event"", ""embedding_similarity"": 0.384, ""baseline_label"": ""event"", ""baseline_confidence"": 0.7, ""override"": false, ""reason"": ""embedding_agrees_boost_baseline""}}"
3676776151507615018,unknown,0.7,unknown,0.657,CONFIDENCE_UPDATED,-0.043,"{""meal_type"": ""unknown"", ""cuisines"": [""italian"", ""coffee_cafe""], ""content_type"": ""food_spot"", ""location"": {""name"": ""Atlanta, Georgia"", ""slug"": ""atlanta-georgia""}, ""signals"": {""meal_evidence"": {}, ""cuisine_evidence"": {""italian"": [""italian""], ""coffee_cafe"": [""coffee""]}, ""content_evidence"": {""food_spot"": [""location_present""]}}, ""metadata"": {""hashtags"": [""atlblog"", ""atlliving"", ""thingstodoinatlanta""], ""mentions"": [""stellastarmetals""], ""likes"": 1139, ""comments"": 83, ""video_views"": 1933}}","{""meal_type_evidence"": {""embedding_label"": ""snack"", ""embedding_similarity"": 0.203, ""baseline_label"": ""unknown"", ""baseline_confidence"": 0.7, ""override"": false, ""reason"": ""weak_embedding_match_keep_baseline""}, ""cuisine_evidence"": {""embedding_cuisines"": [], ""embedding_similarities"": {}, ""baseline_cuisines"": [""italian"", ""coffee_cafe""], ""newly_detected"": [], ""removed"": [""coffee_cafe"", ""italian""], ""reason"": ""no_strong_embedding_matches_keep_baseline""}, ""content_type_evidence"": {""embedding_label"": ""food_spot"", ""embedding_similarity"": 0.398, ""baseline_label"": ""food_spot"", ""baseline_confidence"": 0.7, ""override"": false, ""reason"": ""embedding_agrees_boost_baseline""}}"
3609907734860037123,unknown,0.7,unknown,0.657,CONFIDENCE_UPDATED,-0.043,"{""meal_type"": ""unknown"", ""cuisines"": [""mexican"", ""coffee_cafe""], ""content_type"": ""food_spot"", ""location"": {""name"": ""Atlanta, Georgia"", ""slug"": ""atlanta-georgia""}, ""signals"": {""meal_evidence"": {}, ""cuisine_evidence"": {""mexican"": [""taco""], ""coffee_cafe"": [""coffee"", ""latte""]}, ""content_evidence"": {""food_spot"": [""location_present""]}}, ""metadata"": {""hashtags"": [""atlblog"", ""atlcoffee"", ""atleats""], ""mentions"": [""atlantacoffeeshops"", ""atllovesmo""], ""likes"": 1474, ""comments"": 103, ""video_views"": null}}","{""meal_type_evidence"": {""embedding_label"": ""snack"", ""embedding_similarity"": 0.253, ""baseline_label"": ""unknown"", ""baseline_confidence"": 0.7, ""override"": false, ""reason"": ""weak_embedding_match_keep_baseline""}, ""cuisine_evidence"": {""embedding_cuisines"": [], ""embedding_similarities"": {}, ""baseline_cuisines"": [""mexican"", ""coffee_cafe""], ""newly_detected"": [], ""removed"": [""mexican"", ""coffee_cafe""], ""reason"": ""no_strong_embedding_matches_keep_baseline""}, ""content_type_evidence"": {""embedding_label"": ""food_spot"", ""embedding_similarity"": 0.38, ""baseline_label"": ""food_spot"", ""baseline_confidence"": 0.7, ""override"": false, ""reason"": ""embedding_agrees_boost_baseline""}}"
3604111996611935351,event,0.75,event,0.707,CONFIDENCE_UPDATED,-0.043,"{""meal_type"": ""drinks"", ""cuisines"": [], ""content_type"": ""event"", ""location"": {""name"": ""Atlanta, Georgia"", ""slug"": ""atlanta-georgia""}, ""signals"": {""meal_evidence"": {""drinks"": [""drink""]}, ""cuisine_evidence"": {}, ""content_evidence"": {""event"": [""festival"", ""ticket""]}}, ""metadata"": {""hashtags"": [""atlblog"", ""breakawayatl"", ""breakawayfest"", ""thingstodoinatlanta""], ""mentions"": [""atllovesmo"", ""breakaway"", ""breakawayatl"", ""chrislake"", ""illenium"", ""zedd""], ""likes"": 704, ""comments"": 2042, ""video_views"": null}}","{""meal_type_evidence"": {""embedding_label"": ""drinks"", ""embedding_similarity"": 0.189, ""baseline_label"": ""drinks"", ""baseline_confidence"": 0.75, ""override"": false, ""reason"": ""weak_embedding_match_keep_baseline""}, ""cuisine_evidence"": {""embedding_cuisines"": [], ""embedding_similarities"": {}, ""baseline_cuisines"": [], ""newly_detected"": [], ""removed"": [], ""reason"": ""no_strong_embedding_matches_keep_baseline""}, ""content_type_evidence"": {""embedding_label"": ""event"", ""embedding_similarity"": 0.515, ""baseline_label"": ""event"", ""baseline_confidence"": 0.75, ""override"": false, ""reason"": ""embedding_agrees_boost_baseline""}}"
3136532841033395190,unknown,0.7,unknown,0.656,CONFIDENCE_UPDATED,-0.044,"{""meal_type"": ""unknown"", ""cuisines"": [""mexican"", ""coffee_cafe""], ""content_type"": ""food_spot"", ""location"": {""name"": ""Spiller Park Coffee Toco Hill"", ""slug"": ""spiller-park-coffee-toco-hill""}, ""signals"": {""meal_evidence"": {}, ""cuisine_evidence"": {""mexican"": [""taco""], ""coffee_cafe"": [""coffee""]}, ""content_evidence"": {""food_spot"": [""location_present""]}}, ""metadata"": {""hashtags"": [""atlantacoffee"", ""atlantacoffeeshops"", ""atlcoffee""], ""mentions"": [""atllovesmo"", ""spillerpark""], ""likes"": 1151, ""comments"": 34, ""video_views"": 12579}}","{""meal_type_evidence"": {""embedding_label"": ""snack"", ""embedding_similarity"": 0.201, ""baseline_label"": ""unknown"", ""baseline_confidence"": 0.7, ""override"": false, ""reason"": ""weak_embedding_match_keep_baseline""}, ""cuisine_evidence"": {""embedding_cuisines"": [], ""embedding_similarities"": {}, ""baseline_cuisines"": [""mexican"", ""coffee_cafe""], ""newly_detected"": [], ""removed"": [""mexican"", ""coffee_cafe""], ""reason"": ""no_strong_embedding_matches_keep_baseline""}, ""content_type_evidence"": {""embedding_label"": ""food_spot"", ""embedding_similarity"": 0.356, ""baseline_label"": ""food_spot"", ""baseline_confidence"": 0.7, ""override"": false, ""reason"": ""embedding_agrees_boost_baseline""}}"
3711328465283715380,unknown,0.7,unknown,0.656,CONFIDENCE_UPDATED,-0.044,"{""meal_type"": ""unknown"", ""cuisines"": [""mexican"", ""coffee_cafe""], ""content_type"": ""food_spot"", ""location"": {""name"": ""Suwanee, Georgia"", ""slug"": ""suwanee-georgia""}, ""signals"": {""meal_evidence"": {}, ""cuisine_evidence"": {""mexican"": [""taco""], ""coffee_cafe"": [""coffee"", ""espresso"", ""latte"", ""matcha""]}, ""content_evidence"": {""food_spot"": [""location_present""]}}, ""metadata"": {""hashtags"": [""atlantacoffee"", ""atlblog"", ""atlcoffee"", ""atleats"", ""suwanee""], ""mentions"": [""atllovesmo"", ""warmwavescoffee""], ""likes"": 886, ""comments"": 95, ""video_views"": 8405}}","{""meal_type_evidence"": {""embedding_label"": ""dessert"", ""embedding_similarity"": 0.3, ""baseline_label"": ""unknown"", ""baseline_confidence"": 0.7, ""override"": false, ""reason"": ""weak_embedding_match_keep_baseline""}, ""cuisine_evidence"": {""embedding_cuisines"": [""coffee_cafe""], ""embedding_similarities"": {""coffee_cafe"": 0.476}, ""baseline_cuisines"": [""mexican"", ""coffee_cafe""], ""newly_detected"": [], ""removed"": [""mexican""], ""reason"": ""embedding_refined_cuisine_list""}, ""content_type_evidence"": {""embedding_label"": ""food_spot"", ""embedding_similarity"": 0.352, ""baseline_label"": ""food_spot"", ""baseline_confidence"": 0.7, ""override"": false, ""reason"": ""embedding_agrees_boost_baseline""}}"
3605747287407350520,drinks,0.7,drinks,0.656,CONFIDENCE_UPDATED,-0.044,"{""meal_type"": ""drinks"", ""cuisines"": [""italian""], ""content_type"": ""food_spot"", ""location"": {""name"": ""Atlanta, Georgia"", ""slug"": ""atlanta-georgia""}, ""signals"": {""meal_evidence"": {""drinks"": [""gin""]}, ""cuisine_evidence"": {""italian"": [""pizza""]}, ""content_evidence"": {""food_spot"": [""location_present""]}}, ""metadata"": {""hashtags"": [""atlblog"", ""extraordinarypizza"", ""mistero1"", ""mistero1pizza""], ""mentions"": [""mistero1pizza"", ""mistero1pizza.""], ""likes"": 8814, ""comments"": 193, ""video_views"": null}}","{""meal_type_evidence"": {""embedding_label"": ""snack"", ""embedding_similarity"": 0.262, ""baseline_label"": ""drinks"", ""baseline_confidence"": 0.7, ""override"": false, ""reason"": ""weak_embedding_match_keep_baseline""}, ""cuisine_evidence"": {""embedding_cuisines"": [""italian""], ""embedding_similarities"": {""italian"": 0.541}, ""baseline_cuisines"": [""italian""], ""newly_detected"": [], ""removed"": [], ""reason"": ""embedding_confirms_baseline""}, ""content_type_evidence"": {""embedding_label"": ""food_spot"", ""embedding_similarity"": 0.359, ""baseline_label"": ""food_spot"", ""baseline_confidence"": 0.7, ""override"": false, ""reason"": ""embedding_agrees_boost_baseline""}}"
3604903734666583379,drinks,0.75,drinks,0.704,CONFIDENCE_UPDATED,-0.046,"{""meal_type"": ""drinks"", ""cuisines"": [], ""content_type"": ""food_spot"", ""location"": {""name"": ""Atlanta, Georgia"", ""slug"": ""atlanta-georgia""}, ""signals"": {""meal_evidence"": {""dinner"": [""date night""], ""drinks"": [""cocktail"", ""drink""]}, ""cuisine_evidence"": {}, ""content_evidence"": {""food_spot"": [""location_present""]}}, ""metadata"": {""hashtags"": [""atlblog"", ""atldance"", ""atldatenight"", ""thingstodoinatlanta""], ""mentions"": [""atllovesmo"", ""drinkninedot."", ""elmalo.atl"", ""johnnyshideaway"", ""jojosbeloved"", ""mjqofficial"", ""pisces.atl"", ""politanrow.colonysquare."", ""underground_atlanta.""], ""likes"": 24098, ""comments"": 185, ""video_views"": 104911}}","{""meal_type_evidence"": {""embedding_label"": ""dinner"", ""embedding_similarity"": 0.269, ""baseline_label"": ""drinks"", ""baseline_confidence"": 0.75, ""override"": false, ""reason"": ""weak_embedding_match_keep_baseline""}, ""cuisine_evidence"": {""embedding_cuisines"": [], ""embedding_similarities"": {}, ""baseline_cuisines"": [], ""newly_detected"": [], ""removed"": [], ""reason"": ""no_strong_embedding_matches_keep_baseline""}, ""content_type_evidence"": {""embedding_label"": ""food_spot"", ""embedding_similarity"": 0.396, ""baseline_label"": ""food_spot"", ""baseline_confidence"": 0.75, ""override"": false, ""reason"": ""embedding_agrees_boost_baseline""}}"
3180749053017976722,drinks,0.75,drinks,0.704,CONFIDENCE_UPDATED,-0.046,"{""meal_type"": ""drinks"", ""cuisines"": [""coffee_cafe""], ""content_type"": ""food_spot"", ""location"": {""name"": ""Café Belli"", ""slug"": ""cafe-belli""}, ""signals"": {""meal_evidence"": {""drinks"": [""drink"", ""drinks""]}, ""cuisine_evidence"": {""coffee_cafe"": [""coffee"", ""cafe""]}, ""content_evidence"": {""food_spot"": [""location_present""]}}, ""metadata"": {""hashtags"": [""atlantafood"", ""atlcoffeeshop"", ""atleats"", ""hapeville"", ""hapevillega""], ""mentions"": [""atllovesmo"", ""cafebelliatl"", ""visithapeville""], ""likes"": 6993, ""comments"": 111, ""video_views"": 62741}}","{""meal_type_evidence"": {""embedding_label"": ""snack"", ""embedding_similarity"": 0.288, ""baseline_label"": ""drinks"", ""baseline_confidence"": 0.75, ""override"": false, ""reason"": ""weak_embedding_match_keep_baseline""}, ""cuisine_evidence"": {""embedding_cuisines"": [], ""embedding_similarities"": {}, ""baseline_cuisines"": [""coffee_cafe""], ""newly_detected"": [], ""removed"": [""coffee_cafe""], ""reason"": ""no_strong_embedding_matches_keep_baseline""}, ""content_type_evidence"": {""embedding_label"": ""food_spot"", ""embedding_similarity"": 0.409, ""baseline_label"": ""food_spot"", ""baseline_confidence"": 0.75, ""override"": false, ""reason"": ""embedding_agrees_boost_baseline""}}"
3244557846077916201,drinks,0.75,drinks,0.704,CONFIDENCE_UPDATED,-0.046,"{""meal_type"": ""drinks"", ""cuisines"": [""mexican"", ""coffee_cafe""], ""content_type"": ""food_spot"", ""location"": {""name"": ""Atlanta, Georgia"", ""slug"": ""atlanta-georgia""}, ""signals"": {""meal_evidence"": {""drinks"": [""wine"", ""drink""]}, ""cuisine_evidence"": {""mexican"": [""taco""], ""coffee_cafe"": [""coffee"", ""cafe"", ""latte"", ""matcha""]}, ""content_evidence"": {""food_spot"": [""location_present""]}}, ""metadata"": {""hashtags"": [""atlanta"", ""atlantacoffeeshops"", ""atlcoffee"", ""wfh""], ""mentions"": [""atllovesmo"", ""blandtownatl"", ""daydreamercafe"", ""drinkcoffeeman"", ""georgiatech"", ""grantparkatlanta"", ""peoplestownatl"", ""peoplestowncoffee"", ""percatlanta"", ""wave3coffeeshop""], ""likes"": 3371, ""comments"": 81, ""video_views"": 26090}}","{""meal_type_evidence"": {""embedding_label"": ""snack"", ""embedding_similarity"": 0.228, ""baseline_label"": ""drinks"", ""baseline_confidence"": 0.75, ""override"": false, ""reason"": ""weak_embedding_match_keep_baseline""}, ""cuisine_evidence"": {""embedding_cuisines"": [], ""embedding_similarities"": {}, ""baseline_cuisines"": [""mexican"", ""coffee_cafe""], ""newly_detected"": [], ""removed"": [""mexican"", ""coffee_cafe""], ""reason"": ""no_strong_embedding_matches_keep_baseline""}, ""content_type_evidence"": {""embedding_label"": ""food_spot"", ""embedding_similarity"": 0.429, ""baseline_label"": ""food_spot"", ""baseline_confidence"": 0.75, ""override"": false, ""reason"": ""embedding_agrees_boost_baseline""}}"
3238761969292666129,event,0.75,event,0.704,CONFIDENCE_UPDATED,-0.046,"{""meal_type"": ""drinks"", ""cuisines"": [], ""content_type"": ""event"", ""location"": {""name"": ""Atlanta, Georgia"", ""slug"": ""atlanta-georgia""}, ""signals"": {""meal_evidence"": {""drinks"": [""gin""]}, ""cuisine_evidence"": {}, ""content_evidence"": {""event"": [""event"", ""ticket""]}}, ""metadata"": {""hashtags"": [""atlblog"", ""atldatenight"", ""atleats"", ""atthefox"", ""broadwayatlanta"", ""thewiz"", ""thewizbroadway"", ""thingstodoinatlanta""], ""mentions"": [""alotttoloveevents"", ""annie_broadway"", ""atllovesmo"", ""drewfriday_"", ""elsewherebrewing"", ""elsewheregreenhouse"", ""salsa_zero_atl"", ""thefoxtheatre"", ""thenutcrackerballet"", ""thewizbway"", ""tickpick.""], ""likes"": 1293, ""comments"": 42, ""video_views"": 14532}}","{""meal_type_evidence"": {""embedding_label"": ""dinner"", ""embedding_similarity"": 0.209, ""baseline_label"": ""drinks"", ""baseline_confidence"": 0.75, ""override"": false, ""reason"": ""weak_embedding_match_keep_baseline""}, ""cuisine_evidence"": {""embedding_cuisines"": [], ""embedding_similarities"": {}, ""baseline_cuisines"": [], ""newly_detected"": [], ""removed"": [], ""reason"": ""no_strong_embedding_matches_keep_baseline""}, ""content_type_evidence"": {""embedding_label"": ""event"", ""embedding_similarity"": 0.428, ""baseline_label"": ""event"", ""baseline_confidence"": 0.75, ""override"": false, ""reason"": ""embedding_agrees_boost_baseline""}}"
3576531289752695600,event,0.75,event,0.703,CONFIDENCE_UPDATED,-0.047,"{""meal_type"": ""unknown"", ""cuisines"": [], ""content_type"": ""event"", ""location"": {""name"": ""Atlanta, Georgia"", ""slug"": ""atlanta-georgia""}, ""signals"": {""meal_evidence"": {}, ""cuisine_evidence"": {}, ""content_evidence"": {""event"": [""festival"", ""ticket""]}}, ""metadata"": {""hashtags"": [""atlblog"", ""atlfestivals"", ""shakyknees"", ""thingstodoinatl""], ""mentions"": [""atllovesmo"", ""bilmuriband"", ""blink182"", ""mychemicalromance"", ""shakykneesfest""], ""likes"": 2732, ""comments"": 6121, ""video_views"": null}}","{""meal_type_evidence"": {""embedding_label"": ""snack"", ""embedding_similarity"": 0.223, ""baseline_label"": ""unknown"", ""baseline_confidence"": 0.75, ""override"": false, ""reason"": ""weak_embedding_match_keep_baseline""}, ""cuisine_evidence"": {""embedding_cuisines"": [], ""embedding_similarities"": {}, ""baseline_cuisines"": [], ""newly_detected"": [], ""removed"": [], ""reason"": ""no_strong_embedding_matches_keep_baseline""}, ""content_type_evidence"": {""embedding_label"": ""event"", ""embedding_similarity"": 0.369, ""baseline_label"": ""event"", ""baseline_confidence"": 0.75, ""override"": false, ""reason"": ""embedding_agrees_boost_baseline""}}"
3656232405561749846,event,0.75,event,0.703,CONFIDENCE_UPDATED,-0.047,"{""meal_type"": ""unknown"", ""cuisines"": [], ""content_type"": ""event"", ""location"": {""name"": ""Atlanta, Georgia"", ""slug"": ""atlanta-georgia""}, ""signals"": {""meal_evidence"": {}, ""cuisine_evidence"": {}, ""content_evidence"": {""event"": [""festival"", ""ticket""]}}, ""metadata"": {""hashtags"": [""atlblog"", ""beauténoirfest"", ""juneteenthatl"", ""mariahthescientist""], ""mentions"": [""agenda.studios."", ""atllovesmo"", ""beautenoirfest"", ""camillerosenaturals"", ""prattpullmandistrict""], ""likes"": 826, ""comments"": 413, ""video_views"": null}}","{""meal_type_evidence"": {""embedding_label"": ""dinner"", ""embedding_similarity"": 0.181, ""baseline_label"": ""unknown"", ""baseline_confidence"": 0.75, ""override"": false, ""reason"": ""weak_embedding_match_keep_baseline""}, ""cuisine_evidence"": {""embedding_cuisines"": [], ""embedding_similarities"": {}, ""baseline_cuisines"": [], ""newly_detected"": [], ""removed"": [], ""reason"": ""no_strong_embedding_matches_keep_baseline""}, ""content_type_evidence"": {""embedding_label"": ""event"", ""embedding_similarity"": 0.36, ""baseline_label"": ""event"", ""baseline_confidence"": 0.75, ""override"": false, ""reason"": ""embedding_agrees_boost_baseline""}}"
3177267599054724471,event,0.8,event,0.752,CONFIDENCE_UPDATED,-0.048,"{""meal_type"": ""unknown"", ""cuisines"": [], ""content_type"": ""event"", ""location"": {""name"": ""Atlanta, Georgia"", ""slug"": ""atlanta-georgia""}, ""signals"": {""meal_evidence"": {}, ""cuisine_evidence"": {}, ""content_evidence"": {""event"": [""event"", ""live music"", ""ticket""]}}, ""metadata"": {""hashtags"": [], ""mentions"": [""atllovesmo"", ""tickpick""], ""likes"": 5649, ""comments"": 113, ""video_views"": 110235}}","{""meal_type_evidence"": {""embedding_label"": ""snack"", ""embedding_similarity"": 0.157, ""baseline_label"": ""unknown"", ""baseline_confidence"": 0.8, ""override"": false, ""reason"": ""weak_embedding_match_keep_baseline""}, ""cuisine_evidence"": {""embedding_cuisines"": [], ""embedding_similarities"": {}, ""baseline_cuisines"": [], ""newly_detected"": [], ""removed"": [], ""reason"": ""no_strong_embedding_matches_keep_baseline""}, ""content_type_evidence"": {""embedding_label"": ""event"", ""embedding_similarity"": 0.479, ""baseline_label"": ""event"", ""baseline_confidence"": 0.8, ""override"": false, ""reason"": ""embedding_agrees_boost_baseline""}}"
3501487617956789684,event,0.8,event,0.752,CONFIDENCE_UPDATED,-0.048,"{""meal_type"": ""drinks"", ""cuisines"": [], ""content_type"": ""event"", ""location"": {""name"": ""Atlanta, Georgia"", ""slug"": ""atlanta-georgia""}, ""signals"": {""meal_evidence"": {""drinks"": [""beer""]}, ""cuisine_evidence"": {}, ""content_evidence"": {""event"": [""festival"", ""event"", ""ticket""]}}, ""metadata"": {""hashtags"": [""420fest2025"", ""atlblog"", ""sweetwater420fest"", ""thingstodoinatlanta""], ""mentions"": [""420fest"", ""atllovesmo"", ""sweetwaterbrew""], ""likes"": 400, ""comments"": 330, ""video_views"": 5916}}","{""meal_type_evidence"": {""embedding_label"": ""drinks"", ""embedding_similarity"": 0.271, ""baseline_label"": ""drinks"", ""baseline_confidence"": 0.8, ""override"": false, ""reason"": ""weak_embedding_match_keep_baseline""}, ""cuisine_evidence"": {""embedding_cuisines"": [], ""embedding_similarities"": {}, ""baseline_cuisines"": [], ""newly_detected"": [], ""removed"": [], ""reason"": ""no_strong_embedding_matches_keep_baseline""}, ""content_type_evidence"": {""embedding_label"": ""event"", ""embedding_similarity"": 0.468, ""baseline_label"": ""event"", ""baseline_confidence"": 0.8, ""override"": false, ""reason"": ""embedding_agrees_boost_baseline""}}"
3473244989645743998,event,0.8,event,0.75,CONFIDENCE_UPDATED,-0.05,"{""meal_type"": ""drinks"", ""cuisines"": [], ""content_type"": ""event"", ""location"": {""name"": ""Atlanta, Georgia"", ""slug"": ""atlanta-georgia""}, ""signals"": {""meal_evidence"": {""drinks"": [""drink"", ""drinks""]}, ""cuisine_evidence"": {}, ""content_evidence"": {""event"": [""event"", ""market"", ""live music""]}}, ""metadata"": {""hashtags"": [""atlblog"", ""atldatenight"", ""atlfoodie"", ""thingstodoinatlanta""], ""mentions"": [""emilydeeisroyaltee"", ""geexella"", ""gummythunk"", ""ilovecharlita"", ""jarvis.hammer"", ""jesscronindesigns"", ""jordywonderland"", ""lilpassatchey"", ""mysticdistrictmarket"", ""naomi.wav"", ""pixietwixt"", ""saliva_godiva"", ""sudiemusic"", ""westside_motor_lounge""], ""likes"": 563, ""comments"": 41, ""video_views"": 6185}}","{""meal_type_evidence"": {""embedding_label"": ""snack"", ""embedding_similarity"": 0.238, ""baseline_label"": ""drinks"", ""baseline_confidence"": 0.8, ""override"": false, ""reason"": ""weak_embedding_match_keep_baseline""}, ""cuisine_evidence"": {""embedding_cuisines"": [], ""embedding_similarities"": {}, ""baseline_cuisines"": [], ""newly_detected"": [], ""removed"": [], ""reason"": ""no_strong_embedding_matches_keep_baseline""}, ""content_type_evidence"": {""embedding_label"": ""event"", ""embedding_similarity"": 0.413, ""baseline_label"": ""event"", ""baseline_confidence"": 0.8, ""override"": false, ""reason"": ""embedding_agrees_boost_baseline""}}"
3306904759653378383,event,0.85,event,0.798,CONFIDENCE_UPDATED,-0.052,"{""meal_type"": ""drinks"", ""cuisines"": [], ""content_type"": ""event"", ""location"": {""name"": ""Westside Motor Lounge"", ""slug"": ""westside-motor-lounge""}, ""signals"": {""meal_evidence"": {""drinks"": [""gin""]}, ""cuisine_evidence"": {}, ""content_evidence"": {""event"": [""event"", ""market"", ""live music"", ""ticket""]}}, ""metadata"": {""hashtags"": [""atlanta"", ""atlblog"", ""atlevents"", ""thingstodoinatlanta""], ""mentions"": [""atllovesmo"", ""mysticdistrictmarket"", ""westside_motor_lounge"", ""westside_motor_lounge.""], ""likes"": 1040, ""comments"": 67, ""video_views"": 12181}}","{""meal_type_evidence"": {""embedding_label"": ""drinks"", ""embedding_similarity"": 0.174, ""baseline_label"": ""drinks"", ""baseline_confidence"": 0.85, ""override"": false, ""reason"": ""weak_embedding_match_keep_baseline""}, ""cuisine_evidence"": {""embedding_cuisines"": [], ""embedding_similarities"": {}, ""baseline_cuisines"": [], ""newly_detected"": [], ""removed"": [], ""reason"": ""no_strong_embedding_matches_keep_baseline""}, ""content_type_evidence"": {""embedding_label"": ""event"", ""embedding_similarity"": 0.469, ""baseline_label"": ""event"", ""baseline_confidence"": 0.85, ""override"": false, ""reason"": ""embedding_agrees_boost_baseline""}}"
3670833851862957827,drinks,0.85,drinks,0.796,CONFIDENCE_UPDATED,-0.054,"{""meal_type"": ""drinks"", ""cuisines"": [""japanese"", ""thai"", ""seafood""], ""content_type"": ""food_spot"", ""location"": {""name"": ""Atlanta, Georgia"", ""slug"": ""atlanta-georgia""}, ""signals"": {""meal_evidence"": {""dinner"": [""dinner"", ""date night""], ""drinks"": [""cocktail"", ""cocktails"", ""martini""]}, ""cuisine_evidence"": {""japanese"": [""sushi""], ""thai"": [""thai""], ""seafood"": [""lobster"", ""shrimp""]}, ""content_evidence"": {""food_spot"": [""location_present""]}}, ""metadata"": {""hashtags"": [""atlanta"", ""atleats"", ""atlfood"", ""atlfoodie"", ""atlthai"", ""hosted""], ""mentions"": [""atllovesmo"", ""tikithai_atl""], ""likes"": 1574, ""comments"": 69, ""video_views"": 3059}}","{""meal_type_evidence"": {""embedding_label"": ""snack"", ""embedding_similarity"": 0.284, ""baseline_label"": ""drinks"", ""baseline_confidence"": 0.85, ""override"": false, ""reason"": ""weak_embedding_match_keep_baseline""}, ""cuisine_evidence"": {""embedding_cuisines"": [""japanese"", ""thai""], ""embedding_similarities"": {""japanese"": 0.402, ""thai"": 0.402}, ""baseline_cuisines"": [""japanese"", ""thai"", ""seafood""], ""newly_detected"": [], ""removed"": [""seafood""], ""reason"": ""embedding_refined_cuisine_list""}, ""content_type_evidence"": {""embedding_label"": ""food_spot"", ""embedding_similarity"": 0.377, ""baseline_label"": ""food_spot"", ""baseline_confidence"": 0.85, ""override"": false, ""reason"": ""embedding_agrees_boost_baseline""}}"
3210535541371691501,event,0.85,event,0.795,CONFIDENCE_UPDATED,-0.055,"{""meal_type"": ""drinks"", ""cuisines"": [], ""content_type"": ""event"", ""location"": {""name"": ""Atlanta, Georgia"", ""slug"": ""atlanta-georgia""}, ""signals"": {""meal_evidence"": {""drinks"": [""cocktail"", ""cocktails"", ""bar""]}, ""cuisine_evidence"": {}, ""content_evidence"": {""event"": [""event"", ""ticket""]}}, ""metadata"": {""hashtags"": [""atlanta"", ""atlbars"", ""thingstodoinatlanta"", ""undergroundatl""], ""mentions"": [""atllovesmo"", ""thepigalle"", ""underground_atlanta""], ""likes"": 6040, ""comments"": 101, ""video_views"": 68542}}","{""meal_type_evidence"": {""embedding_label"": ""dinner"", ""embedding_similarity"": 0.18, ""baseline_label"": ""drinks"", ""baseline_confidence"": 0.85, ""override"": false, ""reason"": ""weak_embedding_match_keep_baseline""}, ""cuisine_evidence"": {""embedding_cuisines"": [], ""embedding_similarities"": {}, ""baseline_cuisines"": [], ""newly_detected"": [], ""removed"": [], ""reason"": ""no_strong_embedding_matches_keep_baseline""}, ""content_type_evidence"": {""embedding_label"": ""event"", ""embedding_similarity"": 0.365, ""baseline_label"": ""event"", ""baseline_confidence"": 0.85, ""override"": false, ""reason"": ""embedding_agrees_boost_baseline""}}"
3174208051473196284,unknown,0.45,unknown,0.394,CONFIDENCE_UPDATED,-0.056,"{""meal_type"": ""unknown"", ""cuisines"": [""mexican"", ""coffee_cafe""], ""content_type"": ""mixed"", ""location"": {""name"": null, ""slug"": null}, ""signals"": {""meal_evidence"": {}, ""cuisine_evidence"": {""mexican"": [""taco""], ""coffee_cafe"": [""coffee"", ""latte""]}, ""content_evidence"": {}}, ""metadata"": {""hashtags"": [""atlantacoffee"", ""atlcoffee"", ""atlcoffeeshops"", ""atlwestend""], ""mentions"": [""atllovesmo"", ""portraitcoffee""], ""likes"": 2561, ""comments"": 66, ""video_views"": 18272}}","{""meal_type_evidence"": {""embedding_label"": ""snack"", ""embedding_similarity"": 0.278, ""baseline_label"": ""unknown"", ""baseline_confidence"": 0.45, ""override"": false, ""reason"": ""weak_embedding_match_keep_baseline""}, ""cuisine_evidence"": {""embedding_cuisines"": [""coffee_cafe""], ""embedding_similarities"": {""coffee_cafe"": 0.45}, ""baseline_cuisines"": [""mexican"", ""coffee_cafe""], ""newly_detected"": [], ""removed"": [""mexican""], ""reason"": ""embedding_refined_cuisine_list""}, ""content_type_evidence"": {""embedding_label"": ""food_spot"", ""embedding_similarity"": 0.386, ""baseline_label"": ""mixed"", ""baseline_confidence"": 0.45, ""override"": false, ""reason"": ""embedding_disagrees_but_baseline_acceptable""}}"
2951292363088134960,unknown,0.45,unknown,0.394,CONFIDENCE_UPDATED,-0.056,"{""meal_type"": ""unknown"", ""cuisines"": [], ""content_type"": ""mixed"", ""location"": {""name"": null, ""slug"": null}, ""signals"": {""meal_evidence"": {}, ""cuisine_evidence"": {}, ""content_evidence"": {}}, ""metadata"": {""hashtags"": [], ""mentions"": [""lebonnosh""], ""likes"": 236, ""comments"": 45, ""video_views"": 1479}}","{""meal_type_evidence"": {""embedding_label"": ""snack"", ""embedding_similarity"": 0.277, ""baseline_label"": ""unknown"", ""baseline_confidence"": 0.45, ""override"": false, ""reason"": ""weak_embedding_match_keep_baseline""}, ""cuisine_evidence"": {""embedding_cuisines"": [], ""embedding_similarities"": {}, ""baseline_cuisines"": [], ""newly_detected"": [], ""removed"": [], ""reason"": ""no_strong_embedding_matches_keep_baseline""}, ""content_type_evidence"": {""embedding_label"": ""food_spot"", ""embedding_similarity"": 0.21, ""baseline_label"": ""mixed"", ""baseline_confidence"": 0.45, ""override"": false, ""reason"": ""weak_embedding_match_keep_baseline""}}"
2981910596108965184,unknown,0.45,unknown,0.394,CONFIDENCE_UPDATED,-0.056,"{""meal_type"": ""unknown"", ""cuisines"": [], ""content_type"": ""mixed"", ""location"": {""name"": null, ""slug"": null}, ""signals"": {""meal_evidence"": {}, ""cuisine_evidence"": {}, ""content_evidence"": {}}, ""metadata"": {""hashtags"": [""atlanta"", ""atlantafacial"", ""atlesthetician"", ""atlfacial"", ""atlfacials"", ""atlfoodie"", ""atllifestyle"", ""atlselfcare"", ""cleanyourdirtyface"", ""cleanyourdirtyfacepartner"", ""facials"", ""icequeen""], ""mentions"": [""cleanyourdirtyface"", ""cleanyourdirtyface.com""], ""likes"": 182, ""comments"": 28, ""video_views"": 1264}}","{""meal_type_evidence"": {""embedding_label"": ""dessert"", ""embedding_similarity"": 0.208, ""baseline_label"": ""unknown"", ""baseline_confidence"": 0.45, ""override"": false, ""reason"": ""weak_embedding_match_keep_baseline""}, ""cuisine_evidence"": {""embedding_cuisines"": [], ""embedding_similarities"": {}, ""baseline_cuisines"": [], ""newly_detected"": [], ""removed"": [], ""reason"": ""no_strong_embedding_matches_keep_baseline""}, ""content_type_evidence"": {""embedding_label"": ""food_spot"", ""embedding_similarity"": 0.086, ""baseline_label"": ""mixed"", ""baseline_confidence"": 0.45, ""override"": false, ""reason"": ""weak_embedding_match_keep_baseline""}}"
2634617101375931943,dessert,0.65,dessert,0.594,CONFIDENCE_UPDATED,-0.056,"{""meal_type"": ""dessert"", ""cuisines"": [""vegan""], ""content_type"": ""mixed"", ""location"": {""name"": null, ""slug"": null}, ""signals"": {""meal_evidence"": {""dessert"": [""cookie""]}, ""cuisine_evidence"": {""vegan"": [""vegan""]}, ""content_evidence"": {}}, ""metadata"": {""hashtags"": [], ""mentions"": [""chattahoocheefoodworks"", ""monstercookies_atl""], ""likes"": 75, ""comments"": 5, ""video_views"": null}}","{""meal_type_evidence"": {""embedding_label"": ""dessert"", ""embedding_similarity"": 0.361, ""baseline_label"": ""dessert"", ""baseline_confidence"": 0.65, ""override"": false, ""reason"": ""embedding_agrees_boost_baseline""}, ""cuisine_evidence"": {""embedding_cuisines"": [], ""embedding_similarities"": {}, ""baseline_cuisines"": [""vegan""], ""newly_detected"": [], ""removed"": [""vegan""], ""reason"": ""no_strong_embedding_matches_keep_baseline""}, ""content_type_evidence"": {""embedding_label"": ""mixed"", ""embedding_similarity"": 0.251, ""baseline_label"": ""mixed"", ""baseline_confidence"": 0.65, ""override"": false, ""reason"": ""weak_embedding_match_keep_baseline""}}"
3768887346440795164,drinks,0.7,drinks,0.643,CONFIDENCE_UPDATED,-0.057,"{""meal_type"": ""drinks"", ""cuisines"": [""thai"", ""mediterranean""], ""content_type"": ""food_spot"", ""location"": {""name"": ""Atlanta, Georgia"", ""slug"": ""atlanta-georgia""}, ""signals"": {""meal_evidence"": {""drinks"": [""wine""]}, ""cuisine_evidence"": {""thai"": [""thai""], ""mediterranean"": [""mediterranean""]}, ""content_evidence"": {""food_spot"": [""location_present""]}}, ""metadata"": {""hashtags"": [], ""mentions"": [""atllovesmo"", ""eliseartscenter"", ""highmuseumofart"", ""lokeeatl"", ""mozaika_mezze"", ""tipsythaiger"", ""truthbetoldlounge""], ""likes"": 1104, ""comments"": 64, ""video_views"": null}}","{""meal_type_evidence"": {""embedding_label"": ""dinner"", ""embedding_similarity"": 0.349, ""baseline_label"": ""drinks"", ""baseline_confidence"": 0.7, ""override"": false, ""reason"": ""embedding_disagrees_but_baseline_sufficient""}, ""cuisine_evidence"": {""embedding_cuisines"": [], ""embedding_similarities"": {}, ""baseline_cuisines"": [""thai"", ""mediterranean""], ""newly_detected"": [], ""removed"": [""thai"", ""mediterranean""], ""reason"": ""no_strong_embedding_matches_keep_baseline""}, ""content_type_evidence"": {""embedding_label"": ""food_spot"", ""embedding_similarity"": 0.508, ""baseline_label"": ""food_spot"", ""baseline_confidence"": 0.7, ""override"": false, ""reason"": ""embedding_agrees_boost_baseline""}}"
3566650704694929762,dinner,0.7,dinner,0.642,CONFIDENCE_UPDATED,-0.058,"{""meal_type"": ""dinner"", ""cuisines"": [""italian""], ""content_type"": ""food_spot"", ""location"": {""name"": ""Atlanta, Georgia"", ""slug"": ""atlanta-georgia""}, ""signals"": {""meal_evidence"": {""dinner"": [""date night""], ""dessert"": [""dessert""]}, ""cuisine_evidence"": {""italian"": [""pasta""]}, ""content_evidence"": {""food_spot"": [""location_present""]}}, ""metadata"": {""hashtags"": [""atlblog"", ""atleats"", ""atlfoodie""], ""mentions"": [""tulumatl""], ""likes"": 4551, ""comments"": 84, ""video_views"": 41804}}","{""meal_type_evidence"": {""embedding_label"": ""dinner"", ""embedding_similarity"": 0.465, ""baseline_label"": ""dinner"", ""baseline_confidence"": 0.7, ""override"": false, ""reason"": ""embedding_agrees_boost_baseline""}, ""cuisine_evidence"": {""embedding_cuisines"": [], ""embedding_similarities"": {}, ""baseline_cuisines"": [""italian""], ""newly_detected"": [], ""removed"": [""italian""], ""reason"": ""no_strong_embedding_matches_keep_baseline""}, ""content_type_evidence"": {""embedding_label"": ""food_spot"", ""embedding_similarity"": 0.299, ""baseline_label"": ""food_spot"", ""baseline_confidence"": 0.7, ""override"": false, ""reason"": ""weak_embedding_match_keep_baseline""}}"
3183672414000674496,event,0.7,event,0.642,CONFIDENCE_UPDATED,-0.058,"{""meal_type"": ""dinner"", ""cuisines"": [""mexican"", ""seafood"", ""vegan""], ""content_type"": ""event"", ""location"": {""name"": ""Nourish Botanica"", ""slug"": ""nourish-botanica""}, ""signals"": {""meal_evidence"": {""dinner"": [""dinner""], ""dessert"": [""cake""], ""drinks"": [""drink""]}, ""cuisine_evidence"": {""mexican"": [""taco""], ""seafood"": [""crab"", ""fish""], ""vegan"": [""vegan""]}, ""content_evidence"": {""event"": [""event""]}}, ""metadata"": {""hashtags"": [""atlantacommunity"", ""atlantaeats"", ""atldinnerparty"", ""atlevents"", ""atlfoodie"", ""atlvegan""], ""mentions"": [""atllovesmo"", ""drinkdromme"", ""getgraza"", ""merakisoul.co"", ""nnekkaa_"", ""nourishbotanica"", ""topcakebitch""], ""likes"": 3667, ""comments"": 120, ""video_views"": 35636}}","{""meal_type_evidence"": {""embedding_label"": ""dinner"", ""embedding_similarity"": 0.479, ""baseline_label"": ""dinner"", ""baseline_confidence"": 0.7, ""override"": false, ""reason"": ""embedding_agrees_boost_baseline""}, ""cuisine_evidence"": {""embedding_cuisines"": [], ""embedding_similarities"": {}, ""baseline_cuisines"": [""mexican"", ""seafood"", ""vegan""], ""newly_detected"": [], ""removed"": [""mexican"", ""seafood"", ""vegan""], ""reason"": ""no_strong_embedding_matches_keep_baseline""}, ""content_type_evidence"": {""embedding_label"": ""food_spot"", ""embedding_similarity"": 0.413, ""baseline_label"": ""event"", ""baseline_confidence"": 0.7, ""override"": false, ""reason"": ""embedding_disagrees_but_baseline_acceptable""}}"
3587620162850699474,event,0.7,event,0.642,CONFIDENCE_UPDATED,-0.058,"{""meal_type"": ""dinner"", ""cuisines"": [], ""content_type"": ""event"", ""location"": {""name"": ""Atlanta, Georgia"", ""slug"": ""atlanta-georgia""}, ""signals"": {""meal_evidence"": {""dinner"": [""dinner""]}, ""cuisine_evidence"": {}, ""content_evidence"": {""event"": [""ticket""]}}, ""metadata"": {""hashtags"": [""atleats"", ""atlfoodie"", ""thingstodoinatlanta""], ""mentions"": [""atllovesmo"", ""cheftrevorshankman"", ""thevineclubatl""], ""likes"": 1673, ""comments"": 136, ""video_views"": 14745}}","{""meal_type_evidence"": {""embedding_label"": ""dinner"", ""embedding_similarity"": 0.483, ""baseline_label"": ""dinner"", ""baseline_confidence"": 0.7, ""override"": false, ""reason"": ""embedding_agrees_boost_baseline""}, ""cuisine_evidence"": {""embedding_cuisines"": [], ""embedding_similarities"": {}, ""baseline_cuisines"": [], ""newly_detected"": [], ""removed"": [], ""reason"": ""no_strong_embedding_matches_keep_baseline""}, ""content_type_evidence"": {""embedding_label"": ""food_spot"", ""embedding_similarity"": 0.512, ""baseline_label"": ""event"", ""baseline_confidence"": 0.7, ""override"": false, ""reason"": ""embedding_disagrees_but_baseline_acceptable""}}"
3808738872214541721,breakfast,0.7,breakfast,0.642,CONFIDENCE_UPDATED,-0.058,"{""meal_type"": ""breakfast"", ""cuisines"": [""coffee_cafe""], ""content_type"": ""food_spot"", ""location"": {""name"": ""Atlanta, Georgia"", ""slug"": ""atlanta-georgia""}, ""signals"": {""meal_evidence"": {""breakfast"": [""breakfast""], ""brunch"": [""brunch""]}, ""cuisine_evidence"": {""coffee_cafe"": [""coffee""]}, ""content_evidence"": {""food_spot"": [""location_present""]}}, ""metadata"": {""hashtags"": [], ""mentions"": [""atllovesmo"", ""homegrownga."", ""storytellergoods""], ""likes"": 1035, ""comments"": 83, ""video_views"": 11425}}","{""meal_type_evidence"": {""embedding_label"": ""dinner"", ""embedding_similarity"": 0.329, ""baseline_label"": ""breakfast"", ""baseline_confidence"": 0.7, ""override"": false, ""reason"": ""embedding_disagrees_but_baseline_sufficient""}, ""cuisine_evidence"": {""embedding_cuisines"": [], ""embedding_similarities"": {}, ""baseline_cuisines"": [""coffee_cafe""], ""newly_detected"": [], ""removed"": [""coffee_cafe""], ""reason"": ""no_strong_embedding_matches_keep_baseline""}, ""content_type_evidence"": {""embedding_label"": ""food_spot"", ""embedding_similarity"": 0.463, ""baseline_label"": ""food_spot"", ""baseline_confidence"": 0.7, ""override"": false, ""reason"": ""embedding_agrees_boost_baseline""}}"
3702170456560666143,event,0.7,event,0.642,CONFIDENCE_UPDATED,-0.058,"{""meal_type"": ""dinner"", ""cuisines"": [], ""content_type"": ""event"", ""location"": {""name"": ""Atlanta, Georgia"", ""slug"": ""atlanta-georgia""}, ""signals"": {""meal_evidence"": {""dinner"": [""date night""], ""dessert"": [""dessert""], ""drinks"": [""rum""]}, ""cuisine_evidence"": {}, ""content_evidence"": {""event"": [""seasonal""]}}, ""metadata"": {""hashtags"": [""atlblog"", ""atldatenight"", ""atleats""], ""mentions"": [""atllovesmo"", ""littlesparrowatlanta""], ""likes"": 843, ""comments"": 73, ""video_views"": 8533}}","{""meal_type_evidence"": {""embedding_label"": ""dinner"", ""embedding_similarity"": 0.461, ""baseline_label"": ""dinner"", ""baseline_confidence"": 0.7, ""override"": false, ""reason"": ""embedding_agrees_boost_baseline""}, ""cuisine_evidence"": {""embedding_cuisines"": [], ""embedding_similarities"": {}, ""baseline_cuisines"": [], ""newly_detected"": [], ""removed"": [], ""reason"": ""no_strong_embedding_matches_keep_baseline""}, ""content_type_evidence"": {""embedding_label"": ""food_spot"", ""embedding_similarity"": 0.429, ""baseline_label"": ""event"", ""baseline_confidence"": 0.7, ""override"": false, ""reason"": ""embedding_disagrees_but_baseline_acceptable""}}"
2831532838685192452,unknown,0.7,unknown,0.642,CONFIDENCE_UPDATED,-0.058,"{""meal_type"": ""unknown"", ""cuisines"": [""vegan""], ""content_type"": ""food_spot"", ""location"": {""name"": ""Atlanta, Georgia"", ""slug"": ""atlanta-georgia""}, ""signals"": {""meal_evidence"": {}, ""cuisine_evidence"": {""vegan"": [""vegan""]}, ""content_evidence"": {""food_spot"": [""location_present""]}}, ""metadata"": {""hashtags"": [], ""mentions"": [""calaveritasatl"", ""chichiveganatl"", ""littlereyalcarbon"", ""muchachoatl"", ""puretaqueria"", ""supericatexmex"", ""taqueriadelsol""], ""likes"": 646, ""comments"": 70, ""video_views"": null}}","{""meal_type_evidence"": {""embedding_label"": ""snack"", ""embedding_similarity"": 0.421, ""baseline_label"": ""unknown"", ""baseline_confidence"": 0.7, ""override"": false, ""reason"": ""embedding_disagrees_but_baseline_sufficient""}, ""cuisine_evidence"": {""embedding_cuisines"": [], ""embedding_similarities"": {}, ""baseline_cuisines"": [""vegan""], ""newly_detected"": [], ""removed"": [""vegan""], ""reason"": ""no_strong_embedding_matches_keep_baseline""}, ""content_type_evidence"": {""embedding_label"": ""food_spot"", ""embedding_similarity"": 0.461, ""baseline_label"": ""food_spot"", ""baseline_confidence"": 0.7, ""override"": false, ""reason"": ""embedding_agrees_boost_baseline""}}"
3159018211729755841,drinks,0.7,drinks,0.641,CONFIDENCE_UPDATED,-0.059,"{""meal_type"": ""drinks"", ""cuisines"": [""japanese"", ""seafood"", ""vegan""], ""content_type"": ""food_spot"", ""location"": {""name"": ""Bully Boy"", ""slug"": ""bully-boy""}, ""signals"": {""meal_evidence"": {""drinks"": [""cocktail""]}, ""cuisine_evidence"": {""japanese"": [""sushi""], ""seafood"": [""seafood""], ""vegan"": [""vegan""]}, ""content_evidence"": {""food_spot"": [""location_present""]}}, ""metadata"": {""hashtags"": [""atlanta"", ""atlantafoodie"", ""atlfinedining"", ""atlfood"", ""atlvegan"", ""hosted""], ""mentions"": [""atllovesmo"", ""bullyboyatl"", ""toddrushing."", ""twourbanlicks""], ""likes"": 8180, ""comments"": 80, ""video_views"": 64556}}","{""meal_type_evidence"": {""embedding_label"": ""snack"", ""embedding_similarity"": 0.388, ""baseline_label"": ""drinks"", ""baseline_confidence"": 0.7, ""override"": false, ""reason"": ""embedding_disagrees_but_baseline_sufficient""}, ""cuisine_evidence"": {""embedding_cuisines"": [""american""], ""embedding_similarities"": {""american"": 0.461}, ""baseline_cuisines"": [""japanese"", ""seafood"", ""vegan""], ""newly_detected"": [""american""], ""removed"": [""japanese"", ""seafood"", ""vegan""], ""reason"": ""embedding_refined_cuisine_list""}, ""content_type_evidence"": {""embedding_label"": ""food_spot"", ""embedding_similarity"": 0.423, ""baseline_label"": ""food_spot"", ""baseline_confidence"": 0.7, ""override"": false, ""reason"": ""embedding_agrees_boost_baseline""}}"
3308365852699718429,lunch,0.7,lunch,0.641,CONFIDENCE_UPDATED,-0.059,"{""meal_type"": ""lunch"", ""cuisines"": [""mexican""], ""content_type"": ""food_spot"", ""location"": {""name"": ""Ashford Lane"", ""slug"": ""ashford-lane""}, ""signals"": {""meal_evidence"": {""lunch"": [""lunch""], ""drinks"": [""bar""]}, ""cuisine_evidence"": {""mexican"": [""taco""]}, ""content_evidence"": {""food_spot"": [""location_present""]}}, ""metadata"": {""hashtags"": [""ashfordlane"", ""atleats"", ""atlfoodie"", ""politanrow"", ""politanrowashfordlane"", ""thingstodoinatlanta""], ""mentions"": [""atllovesmo"", ""bucatiniristorante"", ""delilahseverydaysoul."", ""jojosbeloved"", ""okayannysbar"", ""politanrow.ashfordlane"", ""politanrow.colonysquare."", ""prettylittletacosatl"", ""smokehouseq"", ""tandooriatl""], ""likes"": 5359, ""comments"": 135, ""video_views"": 45507}}","{""meal_type_evidence"": {""embedding_label"": ""snack"", ""embedding_similarity"": 0.313, ""baseline_label"": ""lunch"", ""baseline_confidence"": 0.7, ""override"": false, ""reason"": ""embedding_disagrees_but_baseline_sufficient""}, ""cuisine_evidence"": {""embedding_cuisines"": [], ""embedding_similarities"": {}, ""baseline_cuisines"": [""mexican""], ""newly_detected"": [], ""removed"": [""mexican""], ""reason"": ""no_strong_embedding_matches_keep_baseline""}, ""content_type_evidence"": {""embedding_label"": ""food_spot"", ""embedding_similarity"": 0.456, ""baseline_label"": ""food_spot"", ""baseline_confidence"": 0.7, ""override"": false, ""reason"": ""embedding_agrees_boost_baseline""}}"
3810959654764270791,event,0.7,event,0.641,CONFIDENCE_UPDATED,-0.059,"{""meal_type"": ""dinner"", ""cuisines"": [""american"", ""italian"", ""bakery""], ""content_type"": ""event"", ""location"": {""name"": ""Atlanta, Georgia"", ""slug"": ""atlanta-georgia""}, ""signals"": {""meal_evidence"": {""dinner"": [""date night""], ""drinks"": [""wine""]}, ""cuisine_evidence"": {""american"": [""southern""], ""italian"": [""italian"", ""pasta""], ""bakery"": [""bread""]}, ""content_evidence"": {""event"": [""seasonal""]}}, ""metadata"": {""hashtags"": [], ""mentions"": [""atllovesmo"", ""lylalilaatl"", ""michelinguide""], ""likes"": 2028, ""comments"": 99, ""video_views"": 20542}}","{""meal_type_evidence"": {""embedding_label"": ""dinner"", ""embedding_similarity"": 0.445, ""baseline_label"": ""dinner"", ""baseline_confidence"": 0.7, ""override"": false, ""reason"": ""embedding_agrees_boost_baseline""}, ""cuisine_evidence"": {""embedding_cuisines"": [], ""embedding_similarities"": {}, ""baseline_cuisines"": [""american"", ""italian"", ""bakery""], ""newly_detected"": [], ""removed"": [""american"", ""italian"", ""bakery""], ""reason"": ""no_strong_embedding_matches_keep_baseline""}, ""content_type_evidence"": {""embedding_label"": ""food_spot"", ""embedding_similarity"": 0.437, ""baseline_label"": ""event"", ""baseline_confidence"": 0.7, ""override"": false, ""reason"": ""embedding_disagrees_but_baseline_acceptable""}}"
3163365833615073887,breakfast,0.7,breakfast,0.641,CONFIDENCE_UPDATED,-0.059,"{""meal_type"": ""breakfast"", ""cuisines"": [""mexican"", ""bbq"", ""vegan"", ""bakery"", ""coffee_cafe""], ""content_type"": ""food_spot"", ""location"": {""name"": ""Atlanta, Georgia"", ""slug"": ""atlanta-georgia""}, ""signals"": {""meal_evidence"": {""breakfast"": [""breakfast""], ""brunch"": [""brunch""], ""lunch"": [""sandwich""], ""drinks"": [""gin""]}, ""cuisine_evidence"": {""mexican"": [""taco"", ""burrito""], ""bbq"": [""smoked"", ""brisket""], ""vegan"": [""vegan""], ""bakery"": [""bread""], ""coffee_cafe"": [""latte""]}, ""content_evidence"": {""food_spot"": [""location_present""]}}, ""metadata"": {""hashtags"": [""atlantafood"", ""atlbreakfast"", ""atlbrunch"", ""atlfood"", ""atlfoodie""], ""mentions"": [""atllovesmo"", ""biggerstaffbrewing"", ""butcherandbee"", ""inmanpark"", ""muchachoatl"", ""oldfourthward"", ""reynoldstown_atl"", ""thedailyatl"", ""westmidtownatl""], ""likes"": 1241, ""comments"": 59, ""video_views"": 12853}}","{""meal_type_evidence"": {""embedding_label"": ""snack"", ""embedding_similarity"": 0.451, ""baseline_label"": ""breakfast"", ""baseline_confidence"": 0.7, ""override"": false, ""reason"": ""embedding_disagrees_but_baseline_sufficient""}, ""cuisine_evidence"": {""embedding_cuisines"": [""american"", ""mexican""], ""embedding_similarities"": {""american"": 0.531, ""mexican"": 0.424}, ""baseline_cuisines"": [""mexican"", ""bbq"", ""vegan"", ""bakery"", ""coffee_cafe""], ""newly_detected"": [""american""], ""removed"": [""bbq"", ""coffee_cafe"", ""bakery"", ""vegan""], ""reason"": ""embedding_refined_cuisine_list""}, ""content_type_evidence"": {""embedding_label"": ""food_spot"", ""embedding_similarity"": 0.453, ""baseline_label"": ""food_spot"", ""baseline_confidence"": 0.7, ""override"": false, ""reason"": ""embedding_agrees_boost_baseline""}}"
3752888286458279210,dessert,0.7,dessert,0.641,CONFIDENCE_UPDATED,-0.059,"{""meal_type"": ""dessert"", ""cuisines"": [], ""content_type"": ""food_spot"", ""location"": {""name"": ""Atlanta, Georgia"", ""slug"": ""atlanta-georgia""}, ""signals"": {""meal_evidence"": {""dessert"": [""cake""]}, ""cuisine_evidence"": {}, ""content_evidence"": {""food_spot"": [""location_present""]}}, ""metadata"": {""hashtags"": [""atlblog"", ""atldatenight"", ""atleats""], ""mentions"": [""chelseaolivia13"", ""cooksatl""], ""likes"": 1121, ""comments"": 82, ""video_views"": 12243}}","{""meal_type_evidence"": {""embedding_label"": ""dinner"", ""embedding_similarity"": 0.356, ""baseline_label"": ""dessert"", ""baseline_confidence"": 0.7, ""override"": false, ""reason"": ""embedding_disagrees_but_baseline_sufficient""}, ""cuisine_evidence"": {""embedding_cuisines"": [], ""embedding_similarities"": {}, ""baseline_cuisines"": [], ""newly_detected"": [], ""removed"": [], ""reason"": ""no_strong_embedding_matches_keep_baseline""}, ""content_type_evidence"": {""embedding_label"": ""food_spot"", ""embedding_similarity"": 0.437, ""baseline_label"": ""food_spot"", ""baseline_confidence"": 0.7, ""override"": false, ""reason"": ""embedding_agrees_boost_baseline""}}"
3138713530702068547,dinner,0.7,dinner,0.641,CONFIDENCE_UPDATED,-0.059,"{""meal_type"": ""dinner"", ""cuisines"": [], ""content_type"": ""food_spot"", ""location"": {""name"": ""Mission + Market"", ""slug"": ""mission-market""}, ""signals"": {""meal_evidence"": {""dinner"": [""date night""], ""dessert"": [""dessert""]}, ""cuisine_evidence"": {}, ""content_evidence"": {""food_spot"": [""location_present""]}}, ""metadata"": {""hashtags"": [""atlantafood"", ""atlantafoodie"", ""atldatenight"", ""atlfinest"", ""hosted""], ""mentions"": [""atllovesmo"", ""ianwinslade."", ""jenisicecreams"", ""missionandmkt""], ""likes"": 331, ""comments"": 28, ""video_views"": 4909}}","{""meal_type_evidence"": {""embedding_label"": ""snack"", ""embedding_similarity"": 0.451, ""baseline_label"": ""dinner"", ""baseline_confidence"": 0.7, ""override"": false, ""reason"": ""embedding_disagrees_but_baseline_sufficient""}, ""cuisine_evidence"": {""embedding_cuisines"": [], ""embedding_similarities"": {}, ""baseline_cuisines"": [], ""newly_detected"": [], ""removed"": [], ""reason"": ""no_strong_embedding_matches_keep_baseline""}, ""content_type_evidence"": {""embedding_label"": ""food_spot"", ""embedding_similarity"": 0.45, ""baseline_label"": ""food_spot"", ""baseline_confidence"": 0.7, ""override"": false, ""reason"": ""embedding_agrees_boost_baseline""}}"
3517940714744638836,lunch,0.7,lunch,0.64,CONFIDENCE_UPDATED,-0.06,"{""meal_type"": ""lunch"", ""cuisines"": [], ""content_type"": ""food_spot"", ""location"": {""name"": ""Decatur, Georgia"", ""slug"": ""decatur-georgia""}, ""signals"": {""meal_evidence"": {""lunch"": [""sandwich""], ""dinner"": [""date night""], ""drinks"": [""bar""]}, ""cuisine_evidence"": {}, ""content_evidence"": {""food_spot"": [""location_present""]}}, ""metadata"": {""hashtags"": [""atlblog"", ""atleats"", ""thingstodoinatlanta""], ""mentions"": [""atllovesmo"", ""independent_distilling"", ""mothers.best"", ""zabs.""], ""likes"": 32350, ""comments"": 211, ""video_views"": 267598}}","{""meal_type_evidence"": {""embedding_label"": ""snack"", ""embedding_similarity"": 0.431, ""baseline_label"": ""lunch"", ""baseline_confidence"": 0.7, ""override"": false, ""reason"": ""embedding_disagrees_but_baseline_sufficient""}, ""cuisine_evidence"": {""embedding_cuisines"": [""american""], ""embedding_similarities"": {""american"": 0.477}, ""baseline_cuisines"": [], ""newly_detected"": [""american""], ""removed"": [], ""reason"": ""embedding_refined_cuisine_list""}, ""content_type_evidence"": {""embedding_label"": ""food_spot"", ""embedding_similarity"": 0.395, ""baseline_label"": ""food_spot"", ""baseline_confidence"": 0.7, ""override"": false, ""reason"": ""embedding_agrees_boost_baseline""}}"
3149574155740887927,drinks,0.7,drinks,0.64,CONFIDENCE_UPDATED,-0.06,"{""meal_type"": ""drinks"", ""cuisines"": [""italian"", ""vegan""], ""content_type"": ""food_spot"", ""location"": {""name"": ""Summerhill"", ""slug"": ""summerhill""}, ""signals"": {""meal_evidence"": {""drinks"": [""beer""], ""snack"": [""quick bite""]}, ""cuisine_evidence"": {""italian"": [""pizza""], ""vegan"": [""vegan""]}, ""content_evidence"": {""food_spot"": [""location_present""]}}, ""metadata"": {""hashtags"": [""atlantafood"", ""atlantafoodie"", ""atlfood"", ""atlsummerhill"", ""atlvegan"", ""veganatlanta""], ""mentions"": [""atllovesmo"", ""halfwaycrooksbeer"", ""howcrispy"", ""juniorspizza_atl"", ""summerhill_atl""], ""likes"": 2562, ""comments"": 37, ""video_views"": 28696}}","{""meal_type_evidence"": {""embedding_label"": ""snack"", ""embedding_similarity"": 0.458, ""baseline_label"": ""drinks"", ""baseline_confidence"": 0.7, ""override"": false, ""reason"": ""embedding_disagrees_but_baseline_sufficient""}, ""cuisine_evidence"": {""embedding_cuisines"": [""american""], ""embedding_similarities"": {""american"": 0.431}, ""baseline_cuisines"": [""italian"", ""vegan""], ""newly_detected"": [""american""], ""removed"": [""italian"", ""vegan""], ""reason"": ""embedding_refined_cuisine_list""}, ""content_type_evidence"": {""embedding_label"": ""food_spot"", ""embedding_similarity"": 0.398, ""baseline_label"": ""food_spot"", ""baseline_confidence"": 0.7, ""override"": false, ""reason"": ""embedding_agrees_boost_baseline""}}"
3384423475971600015,dinner,0.7,dinner,0.64,CONFIDENCE_UPDATED,-0.06,"{""meal_type"": ""dinner"", ""cuisines"": [""japanese"", ""seafood"", ""vegan""], ""content_type"": ""food_spot"", ""location"": {""name"": ""Atlanta, Georgia"", ""slug"": ""atlanta-georgia""}, ""signals"": {""meal_evidence"": {""dinner"": [""date night""], ""drinks"": [""cocktail""]}, ""cuisine_evidence"": {""japanese"": [""sushi""], ""seafood"": [""seafood""], ""vegan"": [""vegan""]}, ""content_evidence"": {""food_spot"": [""location_present""]}}, ""metadata"": {""hashtags"": [""atlantafoodie"", ""atlblog"", ""atleats"", ""atlfood"", ""atlvegan""], ""mentions"": [""atlantabeltline."", ""atllovesmo"", ""bullyboyatl""], ""likes"": 2991, ""comments"": 60, ""video_views"": 28126}}","{""meal_type_evidence"": {""embedding_label"": ""snack"", ""embedding_similarity"": 0.427, ""baseline_label"": ""dinner"", ""baseline_confidence"": 0.7, ""override"": false, ""reason"": ""embedding_disagrees_but_baseline_sufficient""}, ""cuisine_evidence"": {""embedding_cuisines"": [""american""], ""embedding_similarities"": {""american"": 0.446}, ""baseline_cuisines"": [""japanese"", ""seafood"", ""vegan""], ""newly_detected"": [""american""], ""removed"": [""japanese"", ""seafood"", ""vegan""], ""reason"": ""embedding_refined_cuisine_list""}, ""content_type_evidence"": {""embedding_label"": ""food_spot"", ""embedding_similarity"": 0.415, ""baseline_label"": ""food_spot"", ""baseline_confidence"": 0.7, ""override"": false, ""reason"": ""embedding_agrees_boost_baseline""}}"
3568654433841930368,brunch,0.7,brunch,0.64,CONFIDENCE_UPDATED,-0.06,"{""meal_type"": ""brunch"", ""cuisines"": [""mediterranean""], ""content_type"": ""food_spot"", ""location"": {""name"": ""Atlanta, Georgia"", ""slug"": ""atlanta-georgia""}, ""signals"": {""meal_evidence"": {""brunch"": [""brunch""], ""lunch"": [""sandwich""]}, ""cuisine_evidence"": {""mediterranean"": [""mediterranean""]}, ""content_evidence"": {""food_spot"": [""location_present""]}}, ""metadata"": {""hashtags"": [""atlantafood"", ""atlblog"", ""atlbrunch"", ""atleats"", ""wheretoeatinatlanta""], ""mentions"": [""atllovesmo"", ""ela.atlanta""], ""likes"": 3495, ""comments"": 1165, ""video_views"": 27545}}","{""meal_type_evidence"": {""embedding_label"": ""snack"", ""embedding_similarity"": 0.42, ""baseline_label"": ""brunch"", ""baseline_confidence"": 0.7, ""override"": false, ""reason"": ""embedding_disagrees_but_baseline_sufficient""}, ""cuisine_evidence"": {""embedding_cuisines"": [""american""], ""embedding_similarities"": {""american"": 0.406}, ""baseline_cuisines"": [""mediterranean""], ""newly_detected"": [""american""], ""removed"": [""mediterranean""], ""reason"": ""embedding_refined_cuisine_list""}, ""content_type_evidence"": {""embedding_label"": ""food_spot"", ""embedding_similarity"": 0.383, ""baseline_label"": ""food_spot"", ""baseline_confidence"": 0.7, ""override"": false, ""reason"": ""embedding_agrees_boost_baseline""}}"
3718826035619366116,event,0.7,event,0.64,CONFIDENCE_UPDATED,-0.06,"{""meal_type"": ""dinner"", ""cuisines"": [""seafood""], ""content_type"": ""event"", ""location"": {""name"": ""Atlanta, Georgia"", ""slug"": ""atlanta-georgia""}, ""signals"": {""meal_evidence"": {""dinner"": [""dinner""]}, ""cuisine_evidence"": {""seafood"": [""shrimp""]}, ""content_evidence"": {""event"": [""live music""]}}, ""metadata"": {""hashtags"": [""atlantafood"", ""atlblog""], ""mentions"": [""atllovesmo"", ""eclipsediluna""], ""likes"": 3442, ""comments"": 92, ""video_views"": 26794}}","{""meal_type_evidence"": {""embedding_label"": ""dinner"", ""embedding_similarity"": 0.393, ""baseline_label"": ""dinner"", ""baseline_confidence"": 0.7, ""override"": false, ""reason"": ""embedding_agrees_boost_baseline""}, ""cuisine_evidence"": {""embedding_cuisines"": [], ""embedding_similarities"": {}, ""baseline_cuisines"": [""seafood""], ""newly_detected"": [], ""removed"": [""seafood""], ""reason"": ""no_strong_embedding_matches_keep_baseline""}, ""content_type_evidence"": {""embedding_label"": ""food_spot"", ""embedding_similarity"": 0.334, ""baseline_label"": ""event"", ""baseline_confidence"": 0.7, ""override"": false, ""reason"": ""weak_embedding_match_keep_baseline""}}"
3597757347180471013,drinks,0.7,drinks,0.64,CONFIDENCE_UPDATED,-0.06,"{""meal_type"": ""drinks"", ""cuisines"": [], ""content_type"": ""food_spot"", ""location"": {""name"": ""Atlanta, Georgia"", ""slug"": ""atlanta-georgia""}, ""signals"": {""meal_evidence"": {""drinks"": [""margarita""]}, ""cuisine_evidence"": {}, ""content_evidence"": {""food_spot"": [""location_present""]}}, ""metadata"": {""hashtags"": [""atlblog"", ""atleats""], ""mentions"": [""atllovesmo"", ""zocalo""], ""likes"": 2367, ""comments"": 92, ""video_views"": 22239}}","{""meal_type_evidence"": {""embedding_label"": ""snack"", ""embedding_similarity"": 0.379, ""baseline_label"": ""drinks"", ""baseline_confidence"": 0.7, ""override"": false, ""reason"": ""embedding_disagrees_but_baseline_sufficient""}, ""cuisine_evidence"": {""embedding_cuisines"": [""mexican"", ""italian""], ""embedding_similarities"": {""mexican"": 0.524, ""italian"": 0.42}, ""baseline_cuisines"": [], ""newly_detected"": [""mexican"", ""italian""], ""removed"": [], ""reason"": ""embedding_refined_cuisine_list""}, ""content_type_evidence"": {""embedding_label"": ""food_spot"", ""embedding_similarity"": 0.393, ""baseline_label"": ""food_spot"", ""baseline_confidence"": 0.7, ""override"": false, ""reason"": ""embedding_agrees_boost_baseline""}}"
3130047919884877365,breakfast,0.7,breakfast,0.64,CONFIDENCE_UPDATED,-0.06,"{""meal_type"": ""breakfast"", ""cuisines"": [""mexican"", ""vegan"", ""coffee_cafe""], ""content_type"": ""food_spot"", ""location"": {""name"": ""Muchacho"", ""slug"": ""muchacho""}, ""signals"": {""meal_evidence"": {""breakfast"": [""breakfast""]}, ""cuisine_evidence"": {""mexican"": [""taco"", ""burrito""], ""vegan"": [""vegan""], ""coffee_cafe"": [""coffee""]}, ""content_evidence"": {""food_spot"": [""location_present""]}}, ""metadata"": {""hashtags"": [""atlantabreakfast"", ""atlantafood"", ""atlfoodie"", ""atltacos"", ""atlvegan""], ""mentions"": [""atllovesmo"", ""muchachoatl""], ""likes"": 1833, ""comments"": 22, ""video_views"": 19541}}","{""meal_type_evidence"": {""embedding_label"": ""snack"", ""embedding_similarity"": 0.347, ""baseline_label"": ""breakfast"", ""baseline_confidence"": 0.7, ""override"": false, ""reason"": ""embedding_disagrees_but_baseline_sufficient""}, ""cuisine_evidence"": {""embedding_cuisines"": [""mexican""], ""embedding_similarities"": {""mexican"": 0.438}, ""baseline_cuisines"": [""mexican"", ""vegan"", ""coffee_cafe""], ""newly_detected"": [], ""removed"": [""coffee_cafe"", ""vegan""], ""reason"": ""embedding_refined_cuisine_list""}, ""content_type_evidence"": {""embedding_label"": ""food_spot"", ""embedding_similarity"": 0.384, ""baseline_label"": ""food_spot"", ""baseline_confidence"": 0.7, ""override"": false, ""reason"": ""embedding_agrees_boost_baseline""}}"
3157547147750572905,event,0.7,event,0.64,CONFIDENCE_UPDATED,-0.06,"{""meal_type"": ""dinner"", ""cuisines"": [""vegan""], ""content_type"": ""event"", ""location"": {""name"": ""La Semilla"", ""slug"": ""la-semilla""}, ""signals"": {""meal_evidence"": {""dinner"": [""date night""], ""drinks"": [""wine""]}, ""cuisine_evidence"": {""vegan"": [""vegan"", ""plant based""]}, ""content_evidence"": {""event"": [""event""]}}, ""metadata"": {""hashtags"": [""atlantafood"", ""atlantavegan"", ""atldatenight"", ""atlfoodie"", ""atlvegan"", ""hosted""], ""mentions"": [""atllovesmo"", ""happyseed"", ""lasemilla.atl"", ""lasemilla.atl.""], ""likes"": 1452, ""comments"": 27, ""video_views"": 17576}}","{""meal_type_evidence"": {""embedding_label"": ""dinner"", ""embedding_similarity"": 0.403, ""baseline_label"": ""dinner"", ""baseline_confidence"": 0.7, ""override"": false, ""reason"": ""embedding_agrees_boost_baseline""}, ""cuisine_evidence"": {""embedding_cuisines"": [""american"", ""mexican""], ""embedding_similarities"": {""american"": 0.426, ""mexican"": 0.456}, ""baseline_cuisines"": [""vegan""], ""newly_detected"": [""mexican"", ""american""], ""removed"": [""vegan""], ""reason"": ""embedding_refined_cuisine_list""}, ""content_type_evidence"": {""embedding_label"": ""food_spot"", ""embedding_similarity"": 0.373, ""baseline_label"": ""event"", ""baseline_confidence"": 0.7, ""override"": false, ""reason"": ""embedding_disagrees_but_baseline_acceptable""}}"
3179344619798681263,lunch,0.7,lunch,0.64,CONFIDENCE_UPDATED,-0.06,"{""meal_type"": ""lunch"", ""cuisines"": [""mediterranean""], ""content_type"": ""food_spot"", ""location"": {""name"": ""Atlanta, Georgia"", ""slug"": ""atlanta-georgia""}, ""signals"": {""meal_evidence"": {""lunch"": [""lunch""], ""dinner"": [""date night""]}, ""cuisine_evidence"": {""mediterranean"": [""hummus""]}, ""content_evidence"": {""food_spot"": [""location_present""]}}, ""metadata"": {""hashtags"": [""atlantaeats"", ""atlantafood"", ""atleats"", ""atlfood"", ""hosted""], ""mentions"": [""atllovesmo"", ""ianwinslade"", ""zakiarestaurant""], ""likes"": 1442, ""comments"": 61, ""video_views"": 13635}}","{""meal_type_evidence"": {""embedding_label"": ""snack"", ""embedding_similarity"": 0.329, ""baseline_label"": ""lunch"", ""baseline_confidence"": 0.7, ""override"": false, ""reason"": ""embedding_disagrees_but_baseline_sufficient""}, ""cuisine_evidence"": {""embedding_cuisines"": [""american""], ""embedding_similarities"": {""american"": 0.441}, ""baseline_cuisines"": [""mediterranean""], ""newly_detected"": [""american""], ""removed"": [""mediterranean""], ""reason"": ""embedding_refined_cuisine_list""}, ""content_type_evidence"": {""embedding_label"": ""food_spot"", ""embedding_similarity"": 0.402, ""baseline_label"": ""food_spot"", ""baseline_confidence"": 0.7, ""override"": false, ""reason"": ""embedding_agrees_boost_baseline""}}"
3348921211725703880,event,0.7,event,0.64,CONFIDENCE_UPDATED,-0.06,"{""meal_type"": ""dinner"", ""cuisines"": [], ""content_type"": ""event"", ""location"": {""name"": ""Cooks & Soldiers"", ""slug"": ""cooks-soldiers""}, ""signals"": {""meal_evidence"": {""dinner"": [""dinner""], ""dessert"": [""dessert""], ""drinks"": [""wine""]}, ""cuisine_evidence"": {}, ""content_evidence"": {""event"": [""seasonal""]}}, ""metadata"": {""hashtags"": [""atlantafood"", ""atldatenight"", ""atlfoodie"", ""atlwine""], ""mentions"": [""atllovesmo"", ""bodegas_vizcarra"", ""celiavizcarrawines"", ""cooksatl"", ""opentable""], ""likes"": 322, ""comments"": 78, ""video_views"": 5149}}","{""meal_type_evidence"": {""embedding_label"": ""dinner"", ""embedding_similarity"": 0.408, ""baseline_label"": ""dinner"", ""baseline_confidence"": 0.7, ""override"": false, ""reason"": ""embedding_agrees_boost_baseline""}, ""cuisine_evidence"": {""embedding_cuisines"": [], ""embedding_similarities"": {}, ""baseline_cuisines"": [], ""newly_detected"": [], ""removed"": [], ""reason"": ""no_strong_embedding_matches_keep_baseline""}, ""content_type_evidence"": {""embedding_label"": ""food_spot"", ""embedding_similarity"": 0.284, ""baseline_label"": ""event"", ""baseline_confidence"": 0.7, ""override"": false, ""reason"": ""weak_embedding_match_keep_baseline""}}"
3811408367806673417,dinner,0.7,dinner,0.64,CONFIDENCE_UPDATED,-0.06,"{""meal_type"": ""dinner"", ""cuisines"": [], ""content_type"": ""food_spot"", ""location"": {""name"": ""Atlanta, Georgia"", ""slug"": ""atlanta-georgia""}, ""signals"": {""meal_evidence"": {""dinner"": [""date night""], ""drinks"": [""wine""]}, ""cuisine_evidence"": {}, ""content_evidence"": {""food_spot"": [""location_present""]}}, ""metadata"": {""hashtags"": [], ""mentions"": [""atllovesmo""], ""likes"": 2487, ""comments"": 126, ""video_views"": null}}","{""meal_type_evidence"": {""embedding_label"": ""dinner"", ""embedding_similarity"": 0.4, ""baseline_label"": ""dinner"", ""baseline_confidence"": 0.7, ""override"": false, ""reason"": ""embedding_agrees_boost_baseline""}, ""cuisine_evidence"": {""embedding_cuisines"": [], ""embedding_similarities"": {}, ""baseline_cuisines"": [], ""newly_detected"": [], ""removed"": [], ""reason"": ""no_strong_embedding_matches_keep_baseline""}, ""content_type_evidence"": {""embedding_label"": ""food_spot"", ""embedding_similarity"": 0.331, ""baseline_label"": ""food_spot"", ""baseline_confidence"": 0.7, ""override"": false, ""reason"": ""weak_embedding_match_keep_baseline""}}"
2806205423620502400,unknown,0.7,unknown,0.64,CONFIDENCE_UPDATED,-0.06,"{""meal_type"": ""unknown"", ""cuisines"": [""japanese""], ""content_type"": ""food_spot"", ""location"": {""name"": ""Yebo Beach Haus"", ""slug"": ""yebo-beach-haus""}, ""signals"": {""meal_evidence"": {}, ""cuisine_evidence"": {""japanese"": [""sushi""]}, ""content_evidence"": {""food_spot"": [""location_present""]}}, ""metadata"": {""hashtags"": [], ""mentions"": [""yebobeachhaus""], ""likes"": 197, ""comments"": 44, ""video_views"": null}}","{""meal_type_evidence"": {""embedding_label"": ""lunch"", ""embedding_similarity"": 0.442, ""baseline_label"": ""unknown"", ""baseline_confidence"": 0.7, ""override"": false, ""reason"": ""embedding_disagrees_but_baseline_sufficient""}, ""cuisine_evidence"": {""embedding_cuisines"": [], ""embedding_similarities"": {}, ""baseline_cuisines"": [""japanese""], ""newly_detected"": [], ""removed"": [""japanese""], ""reason"": ""no_strong_embedding_matches_keep_baseline""}, ""content_type_evidence"": {""embedding_label"": ""food_spot"", ""embedding_similarity"": 0.4, ""baseline_label"": ""food_spot"", ""baseline_confidence"": 0.7, ""override"": false, ""reason"": ""embedding_agrees_boost_baseline""}}"
2480969173306935331,dessert,0.7,dessert,0.64,CONFIDENCE_UPDATED,-0.06,"{""meal_type"": ""dessert"", ""cuisines"": [""vegan"", ""coffee_cafe""], ""content_type"": ""food_spot"", ""location"": {""name"": ""Cafe Sunflower Buckhead"", ""slug"": ""cafe-sunflower-buckhead""}, ""signals"": {""meal_evidence"": {""dessert"": [""cake""]}, ""cuisine_evidence"": {""vegan"": [""vegan""], ""coffee_cafe"": [""cafe""]}, ""content_evidence"": {""food_spot"": [""location_present""]}}, ""metadata"": {""hashtags"": [""atlantafoodie"", ""atlfoodblog"", ""atlglutenfree"", ""atlvegan""], ""mentions"": [""cafesunflower""], ""likes"": 73, ""comments"": 11, ""video_views"": null}}","{""meal_type_evidence"": {""embedding_label"": ""snack"", ""embedding_similarity"": 0.437, ""baseline_label"": ""dessert"", ""baseline_confidence"": 0.7, ""override"": false, ""reason"": ""embedding_disagrees_but_baseline_sufficient""}, ""cuisine_evidence"": {""embedding_cuisines"": [], ""embedding_similarities"": {}, ""baseline_cuisines"": [""vegan"", ""coffee_cafe""], ""newly_detected"": [], ""removed"": [""coffee_cafe"", ""vegan""], ""reason"": ""no_strong_embedding_matches_keep_baseline""}, ""content_type_evidence"": {""embedding_label"": ""food_spot"", ""embedding_similarity"": 0.382, ""baseline_label"": ""food_spot"", ""baseline_confidence"": 0.7, ""override"": false, ""reason"": ""embedding_agrees_boost_baseline""}}"
3271412754551567687,unknown,0.7,unknown,0.639,CONFIDENCE_UPDATED,-0.061,"{""meal_type"": ""unknown"", ""cuisines"": [""mexican"", ""coffee_cafe""], ""content_type"": ""food_spot"", ""location"": {""name"": ""Portrait Coffee"", ""slug"": ""portrait-coffee""}, ""signals"": {""meal_evidence"": {}, ""cuisine_evidence"": {""mexican"": [""taco""], ""coffee_cafe"": [""coffee"", ""latte""]}, ""content_evidence"": {""food_spot"": [""location_present""]}}, ""metadata"": {""hashtags"": [""atlantacoffee"", ""atlantaeats"", ""atlcoffee"", ""atlfoodie""], ""mentions"": [""atlantawestend"", ""atllovesmo"", ""portraitcoffee""], ""likes"": 22264, ""comments"": 252, ""video_views"": 204388}}","{""meal_type_evidence"": {""embedding_label"": ""snack"", ""embedding_similarity"": 0.343, ""baseline_label"": ""unknown"", ""baseline_confidence"": 0.7, ""override"": false, ""reason"": ""embedding_disagrees_but_baseline_sufficient""}, ""cuisine_evidence"": {""embedding_cuisines"": [""coffee_cafe""], ""embedding_similarities"": {""coffee_cafe"": 0.439}, ""baseline_cuisines"": [""mexican"", ""coffee_cafe""], ""newly_detected"": [], ""removed"": [""mexican""], ""reason"": ""embedding_refined_cuisine_list""}, ""content_type_evidence"": {""embedding_label"": ""food_spot"", ""embedding_similarity"": 0.369, ""baseline_label"": ""food_spot"", ""baseline_confidence"": 0.7, ""override"": false, ""reason"": ""embedding_agrees_boost_baseline""}}"
3231560684961028308,drinks,0.7,drinks,0.639,CONFIDENCE_UPDATED,-0.061,"{""meal_type"": ""drinks"", ""cuisines"": [""american"", ""bakery""], ""content_type"": ""food_spot"", ""location"": {""name"": ""Evergreen Butcher And Baker"", ""slug"": ""evergreen-butcher-and-baker""}, ""signals"": {""meal_evidence"": {""drinks"": [""drink""]}, ""cuisine_evidence"": {""american"": [""burger""], ""bakery"": [""bakery"", ""bread""]}, ""content_evidence"": {""food_spot"": [""location_present""]}}, ""metadata"": {""hashtags"": [""atlantafood"", ""atlfood"", ""atlfoodie""], ""mentions"": [""atllovesmo"", ""evergreenbutcherandbaker"", ""kirkwoodneighbors.""], ""likes"": 16159, ""comments"": 207, ""video_views"": 199826}}","{""meal_type_evidence"": {""embedding_label"": ""snack"", ""embedding_similarity"": 0.357, ""baseline_label"": ""drinks"", ""baseline_confidence"": 0.7, ""override"": false, ""reason"": ""embedding_disagrees_but_baseline_sufficient""}, ""cuisine_evidence"": {""embedding_cuisines"": [], ""embedding_similarities"": {}, ""baseline_cuisines"": [""american"", ""bakery""], ""newly_detected"": [], ""removed"": [""bakery"", ""american""], ""reason"": ""no_strong_embedding_matches_keep_baseline""}, ""content_type_evidence"": {""embedding_label"": ""food_spot"", ""embedding_similarity"": 0.364, ""baseline_label"": ""food_spot"", ""baseline_confidence"": 0.7, ""override"": false, ""reason"": ""embedding_agrees_boost_baseline""}}"
3356890092293509232,drinks,0.7,drinks,0.639,CONFIDENCE_UPDATED,-0.061,"{""meal_type"": ""drinks"", ""cuisines"": [""coffee_cafe""], ""content_type"": ""food_spot"", ""location"": {""name"": ""Atlanta, Georgia"", ""slug"": ""atlanta-georgia""}, ""signals"": {""meal_evidence"": {""drinks"": [""bar""]}, ""cuisine_evidence"": {""coffee_cafe"": [""coffee"", ""espresso"", ""latte""]}, ""content_evidence"": {""food_spot"": [""location_present""]}}, ""metadata"": {""hashtags"": [""atlblog"", ""atlcoffee"", ""atlcoffeeshop"", ""atldatenight"", ""thingstodoinatl""], ""mentions"": [""atllovesmo"", ""opocoffee""], ""likes"": 5749, ""comments"": 95, ""video_views"": 51427}}","{""meal_type_evidence"": {""embedding_label"": ""dinner"", ""embedding_similarity"": 0.341, ""baseline_label"": ""drinks"", ""baseline_confidence"": 0.7, ""override"": false, ""reason"": ""embedding_disagrees_but_baseline_sufficient""}, ""cuisine_evidence"": {""embedding_cuisines"": [""coffee_cafe""], ""embedding_similarities"": {""coffee_cafe"": 0.435}, ""baseline_cuisines"": [""coffee_cafe""], ""newly_detected"": [], ""removed"": [], ""reason"": ""embedding_confirms_baseline""}, ""content_type_evidence"": {""embedding_label"": ""food_spot"", ""embedding_similarity"": 0.378, ""baseline_label"": ""food_spot"", ""baseline_confidence"": 0.7, ""override"": false, ""reason"": ""embedding_agrees_boost_baseline""}}"
3196947016886064954,event,0.7,event,0.639,CONFIDENCE_UPDATED,-0.061,"{""meal_type"": ""snack"", ""cuisines"": [""mexican""], ""content_type"": ""event"", ""location"": {""name"": ""Hotel Clermont"", ""slug"": ""hotel-clermont""}, ""signals"": {""meal_evidence"": {""snack"": [""street food""]}, ""cuisine_evidence"": {""mexican"": [""mexican"", ""taco"", ""elote""]}, ""content_evidence"": {""event"": [""live music""]}}, ""metadata"": {""hashtags"": [""atleats"", ""atlfoodie"", ""atlrooftop"", ""hosted"", ""thingstodoinatlanta""], ""mentions"": [""atllovesmo"", ""hotelclermont"", ""jasminejanai_""], ""likes"": 5953, ""comments"": 51, ""video_views"": 45105}}","{""meal_type_evidence"": {""embedding_label"": ""snack"", ""embedding_similarity"": 0.347, ""baseline_label"": ""snack"", ""baseline_confidence"": 0.7, ""override"": false, ""reason"": ""embedding_agrees_boost_baseline""}, ""cuisine_evidence"": {""embedding_cuisines"": [""mexican""], ""embedding_similarities"": {""mexican"": 0.564}, ""baseline_cuisines"": [""mexican""], ""newly_detected"": [], ""removed"": [], ""reason"": ""embedding_confirms_baseline""}, ""content_type_evidence"": {""embedding_label"": ""food_spot"", ""embedding_similarity"": 0.417, ""baseline_label"": ""event"", ""baseline_confidence"": 0.7, ""override"": false, ""reason"": ""embedding_disagrees_but_baseline_acceptable""}}"
3575802077043262434,lunch,0.7,lunch,0.639,CONFIDENCE_UPDATED,-0.061,"{""meal_type"": ""lunch"", ""cuisines"": [""italian"", ""coffee_cafe""], ""content_type"": ""food_spot"", ""location"": {""name"": ""Atlanta, Georgia"", ""slug"": ""atlanta-georgia""}, ""signals"": {""meal_evidence"": {""lunch"": [""lunch""], ""dinner"": [""dinner""], ""dessert"": [""gelato""], ""drinks"": [""martini""]}, ""cuisine_evidence"": {""italian"": [""italian"", ""pasta"", ""pizza""], ""coffee_cafe"": [""espresso""]}, ""content_evidence"": {""food_spot"": [""location_present""]}}, ""metadata"": {""hashtags"": [""atlblog"", ""atleats"", ""atlfoodie""], ""mentions"": [""atllovesmo"", ""sunnysidepizzeria""], ""likes"": 3921, ""comments"": 107, ""video_views"": 33765}}","{""meal_type_evidence"": {""embedding_label"": ""snack"", ""embedding_similarity"": 0.348, ""baseline_label"": ""lunch"", ""baseline_confidence"": 0.7, ""override"": false, ""reason"": ""embedding_disagrees_but_baseline_sufficient""}, ""cuisine_evidence"": {""embedding_cuisines"": [""italian""], ""embedding_similarities"": {""italian"": 0.519}, ""baseline_cuisines"": [""italian"", ""coffee_cafe""], ""newly_detected"": [], ""removed"": [""coffee_cafe""], ""reason"": ""embedding_refined_cuisine_list""}, ""content_type_evidence"": {""embedding_label"": ""food_spot"", ""embedding_similarity"": 0.367, ""baseline_label"": ""food_spot"", ""baseline_confidence"": 0.7, ""override"": false, ""reason"": ""embedding_agrees_boost_baseline""}}"
3161905003660163761,breakfast,0.7,breakfast,0.639,CONFIDENCE_UPDATED,-0.061,"{""meal_type"": ""breakfast"", ""cuisines"": [""mexican"", ""bakery"", ""coffee_cafe""], ""content_type"": ""food_spot"", ""location"": {""name"": ""Summerhill"", ""slug"": ""summerhill""}, ""signals"": {""meal_evidence"": {""breakfast"": [""breakfast""], ""lunch"": [""sandwich""]}, ""cuisine_evidence"": {""mexican"": [""taco""], ""bakery"": [""croissant""], ""coffee_cafe"": [""coffee"", ""latte""]}, ""content_evidence"": {""food_spot"": [""location_present""]}}, ""metadata"": {""hashtags"": [""atlantacoffee"", ""atlantafoodie"", ""atlbreakfast"", ""atlcoffee"", ""atlcoffeeshop""], ""mentions"": [""littletartbakeshop"", ""sistersong_woc"", ""summerhill_atl""], ""likes"": 3950, ""comments"": 62, ""video_views"": 27145}}","{""meal_type_evidence"": {""embedding_label"": ""snack"", ""embedding_similarity"": 0.429, ""baseline_label"": ""breakfast"", ""baseline_confidence"": 0.7, ""override"": false, ""reason"": ""embedding_disagrees_but_baseline_sufficient""}, ""cuisine_evidence"": {""embedding_cuisines"": [""coffee_cafe""], ""embedding_similarities"": {""coffee_cafe"": 0.409}, ""baseline_cuisines"": [""mexican"", ""bakery"", ""coffee_cafe""], ""newly_detected"": [], ""removed"": [""mexican"", ""bakery""], ""reason"": ""embedding_refined_cuisine_list""}, ""content_type_evidence"": {""embedding_label"": ""food_spot"", ""embedding_similarity"": 0.371, ""baseline_label"": ""food_spot"", ""baseline_confidence"": 0.7, ""override"": false, ""reason"": ""embedding_agrees_boost_baseline""}}"
3296763963567100675,unknown,0.7,unknown,0.639,CONFIDENCE_UPDATED,-0.061,"{""meal_type"": ""unknown"", ""cuisines"": [""mexican"", ""coffee_cafe""], ""content_type"": ""food_spot"", ""location"": {""name"": ""Atlanta, Georgia"", ""slug"": ""atlanta-georgia""}, ""signals"": {""meal_evidence"": {}, ""cuisine_evidence"": {""mexican"": [""taco""], ""coffee_cafe"": [""coffee"", ""espresso"", ""latte"", ""matcha""]}, ""content_evidence"": {""food_spot"": [""location_present""]}}, ""metadata"": {""hashtags"": [""atlantacoffee"", ""atlblog"", ""atlcoffee"", ""atleats"", ""suwanee""], ""mentions"": [""atllovesmo"", ""warmwavescoffee""], ""likes"": 2536, ""comments"": 98, ""video_views"": 23796}}","{""meal_type_evidence"": {""embedding_label"": ""dessert"", ""embedding_similarity"": 0.355, ""baseline_label"": ""unknown"", ""baseline_confidence"": 0.7, ""override"": false, ""reason"": ""embedding_disagrees_but_baseline_sufficient""}, ""cuisine_evidence"": {""embedding_cuisines"": [""coffee_cafe""], ""embedding_similarities"": {""coffee_cafe"": 0.482}, ""baseline_cuisines"": [""mexican"", ""coffee_cafe""], ""newly_detected"": [], ""removed"": [""mexican""], ""reason"": ""embedding_refined_cuisine_list""}, ""content_type_evidence"": {""embedding_label"": ""food_spot"", ""embedding_similarity"": 0.378, ""baseline_label"": ""food_spot"", ""baseline_confidence"": 0.7, ""override"": false, ""reason"": ""embedding_agrees_boost_baseline""}}"
3397754374953711485,lunch,0.7,lunch,0.639,CONFIDENCE_UPDATED,-0.061,"{""meal_type"": ""lunch"", ""cuisines"": [""american"", ""indian"", ""bbq""], ""content_type"": ""food_spot"", ""location"": {""name"": ""Atlanta, Georgia"", ""slug"": ""atlanta-georgia""}, ""signals"": {""meal_evidence"": {""lunch"": [""sandwich""]}, ""cuisine_evidence"": {""american"": [""burger"", ""southern""], ""indian"": [""indian"", ""masala""], ""bbq"": [""bbq""]}, ""content_evidence"": {""food_spot"": [""location_present""]}}, ""metadata"": {""hashtags"": [""atlantaeats"", ""atlblog"", ""atlfood"", ""atlfoodie""], ""mentions"": [""atllovesmo"", ""properhoproswell"", ""smyrnastoutbrothers"", ""thedhababbq"", ""vikingalchemist""], ""likes"": 1762, ""comments"": 107, ""video_views"": 20931}}","{""meal_type_evidence"": {""embedding_label"": ""snack"", ""embedding_similarity"": 0.376, ""baseline_label"": ""lunch"", ""baseline_confidence"": 0.7, ""override"": false, ""reason"": ""embedding_disagrees_but_baseline_sufficient""}, ""cuisine_evidence"": {""embedding_cuisines"": [""american""], ""embedding_similarities"": {""american"": 0.57}, ""baseline_cuisines"": [""american"", ""indian"", ""bbq""], ""newly_detected"": [], ""removed"": [""bbq"", ""indian""], ""reason"": ""embedding_refined_cuisine_list""}, ""content_type_evidence"": {""embedding_label"": ""food_spot"", ""embedding_similarity"": 0.364, ""baseline_label"": ""food_spot"", ""baseline_confidence"": 0.7, ""override"": false, ""reason"": ""embedding_agrees_boost_baseline""}}"
3166218152514354756,drinks,0.7,drinks,0.639,CONFIDENCE_UPDATED,-0.061,"{""meal_type"": ""drinks"", ""cuisines"": [""seafood""], ""content_type"": ""food_spot"", ""location"": {""name"": ""Steami's Lobster"", ""slug"": ""steamis-lobster""}, ""signals"": {""meal_evidence"": {""drinks"": [""rum""]}, ""cuisine_evidence"": {""seafood"": [""lobster"", ""shrimp"", ""crab""]}, ""content_evidence"": {""food_spot"": [""location_present""]}}, ""metadata"": {""hashtags"": [""atlantafood"", ""atleats"", ""atlfoodie"", ""atllobster"", ""duluthfood"", ""hosted""], ""mentions"": [""atllovesmo"", ""steamis_lobster""], ""likes"": 1327, ""comments"": 72, ""video_views"": 16278}}","{""meal_type_evidence"": {""embedding_label"": ""snack"", ""embedding_similarity"": 0.412, ""baseline_label"": ""drinks"", ""baseline_confidence"": 0.7, ""override"": false, ""reason"": ""embedding_disagrees_but_baseline_sufficient""}, ""cuisine_evidence"": {""embedding_cuisines"": [""american""], ""embedding_similarities"": {""american"": 0.407}, ""baseline_cuisines"": [""seafood""], ""newly_detected"": [""american""], ""removed"": [""seafood""], ""reason"": ""embedding_refined_cuisine_list""}, ""content_type_evidence"": {""embedding_label"": ""food_spot"", ""embedding_similarity"": 0.352, ""baseline_label"": ""food_spot"", ""baseline_confidence"": 0.7, ""override"": false, ""reason"": ""embedding_agrees_boost_baseline""}}"
3428655470993518714,breakfast,0.7,breakfast,0.639,CONFIDENCE_UPDATED,-0.061,"{""meal_type"": ""breakfast"", ""cuisines"": [""seafood"", ""coffee_cafe""], ""content_type"": ""food_spot"", ""location"": {""name"": ""Serenbe"", ""slug"": ""serenbe""}, ""signals"": {""meal_evidence"": {""breakfast"": [""breakfast""], ""lunch"": [""lunch""], ""dessert"": [""cake""], ""drinks"": [""gin""]}, ""cuisine_evidence"": {""seafood"": [""crab""], ""coffee_cafe"": [""coffee""]}, ""content_evidence"": {""food_spot"": [""location_present""]}}, ""metadata"": {""hashtags"": [], ""mentions"": [""bamboojuices."", ""blueeyeddaisybakeshop"", ""halsaserenbe."", ""innatserenbe"", ""serenbe"", ""serenbefarmhouse""], ""likes"": 2235, ""comments"": 99, ""video_views"": 15295}}","{""meal_type_evidence"": {""embedding_label"": ""dinner"", ""embedding_similarity"": 0.352, ""baseline_label"": ""breakfast"", ""baseline_confidence"": 0.7, ""override"": false, ""reason"": ""embedding_disagrees_but_baseline_sufficient""}, ""cuisine_evidence"": {""embedding_cuisines"": [], ""embedding_similarities"": {}, ""baseline_cuisines"": [""seafood"", ""coffee_cafe""], ""newly_detected"": [], ""removed"": [""coffee_cafe"", ""seafood""], ""reason"": ""no_strong_embedding_matches_keep_baseline""}, ""content_type_evidence"": {""embedding_label"": ""food_spot"", ""embedding_similarity"": 0.375, ""baseline_label"": ""food_spot"", ""baseline_confidence"": 0.7, ""override"": false, ""reason"": ""embedding_agrees_boost_baseline""}}"
3622431234417694126,dessert,0.7,dessert,0.639,CONFIDENCE_UPDATED,-0.061,"{""meal_type"": ""dessert"", ""cuisines"": [""italian"", ""coffee_cafe""], ""content_type"": ""food_spot"", ""location"": {""name"": ""Atlanta, Georgia"", ""slug"": ""atlanta-georgia""}, ""signals"": {""meal_evidence"": {""dessert"": [""gelato""], ""drinks"": [""martini""]}, ""cuisine_evidence"": {""italian"": [""pasta"", ""pizza""], ""coffee_cafe"": [""espresso""]}, ""content_evidence"": {""food_spot"": [""location_present""]}}, ""metadata"": {""hashtags"": [""atlblog"", ""atlfoodie"", ""thingstodoinatlanta""], ""mentions"": [""atllovesmo"", ""sunnysidepizzeria""], ""likes"": 1464, ""comments"": 68, ""video_views"": 13120}}","{""meal_type_evidence"": {""embedding_label"": ""snack"", ""embedding_similarity"": 0.344, ""baseline_label"": ""dessert"", ""baseline_confidence"": 0.7, ""override"": false, ""reason"": ""embedding_disagrees_but_baseline_sufficient""}, ""cuisine_evidence"": {""embedding_cuisines"": [""italian""], ""embedding_similarities"": {""italian"": 0.479}, ""baseline_cuisines"": [""italian"", ""coffee_cafe""], ""newly_detected"": [], ""removed"": [""coffee_cafe""], ""reason"": ""embedding_refined_cuisine_list""}, ""content_type_evidence"": {""embedding_label"": ""food_spot"", ""embedding_similarity"": 0.364, ""baseline_label"": ""food_spot"", ""baseline_confidence"": 0.7, ""override"": false, ""reason"": ""embedding_agrees_boost_baseline""}}"
3525070279229826822,brunch,0.7,brunch,0.639,CONFIDENCE_UPDATED,-0.061,"{""meal_type"": ""brunch"", ""cuisines"": [""mexican""], ""content_type"": ""food_spot"", ""location"": {""name"": ""Atlanta, Georgia"", ""slug"": ""atlanta-georgia""}, ""signals"": {""meal_evidence"": {""brunch"": [""brunch""], ""drinks"": [""tequila""]}, ""cuisine_evidence"": {""mexican"": [""taco"", ""elote""]}, ""content_evidence"": {""food_spot"": [""location_present""]}}, ""metadata"": {""hashtags"": [""atlantafood"", ""atleats"", ""atlfoodie""], ""mentions"": [""tacosandtequilas""], ""likes"": 1235, ""comments"": 78, ""video_views"": 13098}}","{""meal_type_evidence"": {""embedding_label"": ""snack"", ""embedding_similarity"": 0.475, ""baseline_label"": ""brunch"", ""baseline_confidence"": 0.7, ""override"": false, ""reason"": ""embedding_disagrees_but_baseline_sufficient""}, ""cuisine_evidence"": {""embedding_cuisines"": [""mexican""], ""embedding_similarities"": {""mexican"": 0.445}, ""baseline_cuisines"": [""mexican""], ""newly_detected"": [], ""removed"": [], ""reason"": ""embedding_confirms_baseline""}, ""content_type_evidence"": {""embedding_label"": ""food_spot"", ""embedding_similarity"": 0.375, ""baseline_label"": ""food_spot"", ""baseline_confidence"": 0.7, ""override"": false, ""reason"": ""embedding_agrees_boost_baseline""}}"
3240224986257535225,unknown,0.7,unknown,0.639,CONFIDENCE_UPDATED,-0.061,"{""meal_type"": ""unknown"", ""cuisines"": [""american"", ""italian"", ""thai"", ""bbq""], ""content_type"": ""food_spot"", ""location"": {""name"": ""Atlanta, Georgia"", ""slug"": ""atlanta-georgia""}, ""signals"": {""meal_evidence"": {}, ""cuisine_evidence"": {""american"": [""burger""], ""italian"": [""pizza""], ""thai"": [""thai""], ""bbq"": [""bbq""]}, ""content_evidence"": {""food_spot"": [""location_present""]}}, ""metadata"": {""hashtags"": [""atlantapizza"", ""atleats"", ""atlfood"", ""atlfoodie"", ""hosted""], ""mentions"": [""atllovesmo"", ""bluemoonpizza""], ""likes"": 770, ""comments"": 79, ""video_views"": 10682}}","{""meal_type_evidence"": {""embedding_label"": ""snack"", ""embedding_similarity"": 0.363, ""baseline_label"": ""unknown"", ""baseline_confidence"": 0.7, ""override"": false, ""reason"": ""embedding_disagrees_but_baseline_sufficient""}, ""cuisine_evidence"": {""embedding_cuisines"": [""american"", ""italian""], ""embedding_similarities"": {""american"": 0.404, ""italian"": 0.402}, ""baseline_cuisines"": [""american"", ""italian"", ""thai"", ""bbq""], ""newly_detected"": [], ""removed"": [""thai"", ""bbq""], ""reason"": ""embedding_refined_cuisine_list""}, ""content_type_evidence"": {""embedding_label"": ""food_spot"", ""embedding_similarity"": 0.357, ""baseline_label"": ""food_spot"", ""baseline_confidence"": 0.7, ""override"": false, ""reason"": ""embedding_agrees_boost_baseline""}}"
3246724946151068909,unknown,0.7,unknown,0.639,CONFIDENCE_UPDATED,-0.061,"{""meal_type"": ""unknown"", ""cuisines"": [], ""content_type"": ""food_spot"", ""location"": {""name"": ""Atlanta, Georgia"", ""slug"": ""atlanta-georgia""}, ""signals"": {""meal_evidence"": {}, ""cuisine_evidence"": {}, ""content_evidence"": {""food_spot"": [""location_present""]}}, ""metadata"": {""hashtags"": [""atleats"", ""atlfoodie"", ""thingstodoinatl"", ""whattodoinatl""], ""mentions"": [""atlantarestaurantclub"", ""atllovesmo"", ""elsewheregreenhouse"", ""islaandco"", ""tinylousatl""], ""likes"": 820, ""comments"": 92, ""video_views"": 10111}}","{""meal_type_evidence"": {""embedding_label"": ""snack"", ""embedding_similarity"": 0.333, ""baseline_label"": ""unknown"", ""baseline_confidence"": 0.7, ""override"": false, ""reason"": ""embedding_disagrees_but_baseline_sufficient""}, ""cuisine_evidence"": {""embedding_cuisines"": [], ""embedding_similarities"": {}, ""baseline_cuisines"": [], ""newly_detected"": [], ""removed"": [], ""reason"": ""no_strong_embedding_matches_keep_baseline""}, ""content_type_evidence"": {""embedding_label"": ""food_spot"", ""embedding_similarity"": 0.36, ""baseline_label"": ""food_spot"", ""baseline_confidence"": 0.7, ""override"": false, ""reason"": ""embedding_agrees_boost_baseline""}}"
3016358814639144815,unknown,0.7,unknown,0.639,CONFIDENCE_UPDATED,-0.061,"{""meal_type"": ""unknown"", ""cuisines"": [""mexican""], ""content_type"": ""food_spot"", ""location"": {""name"": ""Pollo Primo"", ""slug"": ""pollo-primo""}, ""signals"": {""meal_evidence"": {}, ""cuisine_evidence"": {""mexican"": [""taco""]}, ""content_evidence"": {""food_spot"": [""location_present""]}}, ""metadata"": {""hashtags"": [], ""mentions"": [""polloprimoatl""], ""likes"": 879, ""comments"": 35, ""video_views"": 7962}}","{""meal_type_evidence"": {""embedding_label"": ""snack"", ""embedding_similarity"": 0.341, ""baseline_label"": ""unknown"", ""baseline_confidence"": 0.7, ""override"": false, ""reason"": ""embedding_disagrees_but_baseline_sufficient""}, ""cuisine_evidence"": {""embedding_cuisines"": [""mexican""], ""embedding_similarities"": {""mexican"": 0.536}, ""baseline_cuisines"": [""mexican""], ""newly_detected"": [], ""removed"": [], ""reason"": ""embedding_confirms_baseline""}, ""content_type_evidence"": {""embedding_label"": ""food_spot"", ""embedding_similarity"": 0.363, ""baseline_label"": ""food_spot"", ""baseline_confidence"": 0.7, ""override"": false, ""reason"": ""embedding_agrees_boost_baseline""}}"
3217722197329722197,drinks,0.7,drinks,0.639,CONFIDENCE_UPDATED,-0.061,"{""meal_type"": ""drinks"", ""cuisines"": [""american""], ""content_type"": ""food_spot"", ""location"": {""name"": ""Craft Burger by Shane"", ""slug"": ""craft-burger-by-shane""}, ""signals"": {""meal_evidence"": {""drinks"": [""bar""]}, ""cuisine_evidence"": {""american"": [""burger""]}, ""content_evidence"": {""food_spot"": [""location_present""]}}, ""metadata"": {""hashtags"": [""alpharettafoodie"", ""atleats"", ""atlfoodie"", ""hosted"", ""sponsored""], ""mentions"": [""craftburgerbyshane""], ""likes"": 558, ""comments"": 76, ""video_views"": 7203}}","{""meal_type_evidence"": {""embedding_label"": ""snack"", ""embedding_similarity"": 0.382, ""baseline_label"": ""drinks"", ""baseline_confidence"": 0.7, ""override"": false, ""reason"": ""embedding_disagrees_but_baseline_sufficient""}, ""cuisine_evidence"": {""embedding_cuisines"": [""american""], ""embedding_similarities"": {""american"": 0.512}, ""baseline_cuisines"": [""american""], ""newly_detected"": [], ""removed"": [], ""reason"": ""embedding_confirms_baseline""}, ""content_type_evidence"": {""embedding_label"": ""food_spot"", ""embedding_similarity"": 0.377, ""baseline_label"": ""food_spot"", ""baseline_confidence"": 0.7, ""override"": false, ""reason"": ""embedding_agrees_boost_baseline""}}"
2960843287667168125,drinks,0.7,drinks,0.639,CONFIDENCE_UPDATED,-0.061,"{""meal_type"": ""drinks"", ""cuisines"": [""japanese"", ""vegan""], ""content_type"": ""food_spot"", ""location"": {""name"": ""wagamama"", ""slug"": ""wagamama""}, ""signals"": {""meal_evidence"": {""drinks"": [""cocktail""]}, ""cuisine_evidence"": {""japanese"": [""japanese"", ""ramen""], ""vegan"": [""vegan""]}, ""content_evidence"": {""food_spot"": [""location_present""]}}, ""metadata"": {""hashtags"": [], ""mentions"": [""gazoakley"", ""wagamamausa""], ""likes"": 310, ""comments"": 23, ""video_views"": 5365}}","{""meal_type_evidence"": {""embedding_label"": ""snack"", ""embedding_similarity"": 0.363, ""baseline_label"": ""drinks"", ""baseline_confidence"": 0.7, ""override"": false, ""reason"": ""embedding_disagrees_but_baseline_sufficient""}, ""cuisine_evidence"": {""embedding_cuisines"": [], ""embedding_similarities"": {}, ""baseline_cuisines"": [""japanese"", ""vegan""], ""newly_detected"": [], ""removed"": [""japanese"", ""vegan""], ""reason"": ""no_strong_embedding_matches_keep_baseline""}, ""content_type_evidence"": {""embedding_label"": ""food_spot"", ""embedding_similarity"": 0.374, ""baseline_label"": ""food_spot"", ""baseline_confidence"": 0.7, ""override"": false, ""reason"": ""embedding_agrees_boost_baseline""}}"
3664984412992807802,breakfast,0.7,breakfast,0.639,CONFIDENCE_UPDATED,-0.061,"{""meal_type"": ""breakfast"", ""cuisines"": [""seafood"", ""coffee_cafe""], ""content_type"": ""food_spot"", ""location"": {""name"": ""Serenbe"", ""slug"": ""serenbe""}, ""signals"": {""meal_evidence"": {""breakfast"": [""breakfast""], ""lunch"": [""lunch""], ""dessert"": [""cake""], ""drinks"": [""gin""]}, ""cuisine_evidence"": {""seafood"": [""crab""], ""coffee_cafe"": [""coffee""]}, ""content_evidence"": {""food_spot"": [""location_present""]}}, ""metadata"": {""hashtags"": [], ""mentions"": [""bamboojuices."", ""blueeyeddaisybakeshop"", ""halsaserenbe."", ""innatserenbe"", ""serenbe"", ""serenbefarmhouse""], ""likes"": 6202, ""comments"": 112, ""video_views"": 3638}}","{""meal_type_evidence"": {""embedding_label"": ""dinner"", ""embedding_similarity"": 0.349, ""baseline_label"": ""breakfast"", ""baseline_confidence"": 0.7, ""override"": false, ""reason"": ""embedding_disagrees_but_baseline_sufficient""}, ""cuisine_evidence"": {""embedding_cuisines"": [], ""embedding_similarities"": {}, ""baseline_cuisines"": [""seafood"", ""coffee_cafe""], ""newly_detected"": [], ""removed"": [""coffee_cafe"", ""seafood""], ""reason"": ""no_strong_embedding_matches_keep_baseline""}, ""content_type_evidence"": {""embedding_label"": ""food_spot"", ""embedding_similarity"": 0.372, ""baseline_label"": ""food_spot"", ""baseline_confidence"": 0.7, ""override"": false, ""reason"": ""embedding_agrees_boost_baseline""}}"
3031642466768401863,dessert,0.7,dessert,0.639,CONFIDENCE_UPDATED,-0.061,"{""meal_type"": ""dessert"", ""cuisines"": [], ""content_type"": ""food_spot"", ""location"": {""name"": ""Atlanta, Georgia"", ""slug"": ""atlanta-georgia""}, ""signals"": {""meal_evidence"": {""dessert"": [""cookie""]}, ""cuisine_evidence"": {}, ""content_evidence"": {""food_spot"": [""location_present""]}}, ""metadata"": {""hashtags"": [], ""mentions"": [], ""likes"": 225, ""comments"": 18, ""video_views"": 2153}}","{""meal_type_evidence"": {""embedding_label"": ""dessert"", ""embedding_similarity"": 0.345, ""baseline_label"": ""dessert"", ""baseline_confidence"": 0.7, ""override"": false, ""reason"": ""embedding_agrees_boost_baseline""}, ""cuisine_evidence"": {""embedding_cuisines"": [], ""embedding_similarities"": {}, ""baseline_cuisines"": [], ""newly_detected"": [], ""removed"": [], ""reason"": ""no_strong_embedding_matches_keep_baseline""}, ""content_type_evidence"": {""embedding_label"": ""activity"", ""embedding_similarity"": 0.103, ""baseline_label"": ""food_spot"", ""baseline_confidence"": 0.7, ""override"": false, ""reason"": ""weak_embedding_match_keep_baseline""}}"
3645616540348089795,unknown,0.7,unknown,0.639,CONFIDENCE_UPDATED,-0.061,"{""meal_type"": ""unknown"", ""cuisines"": [""bakery""], ""content_type"": ""food_spot"", ""location"": {""name"": ""Atlanta, Georgia"", ""slug"": ""atlanta-georgia""}, ""signals"": {""meal_evidence"": {}, ""cuisine_evidence"": {""bakery"": [""bread""]}, ""content_evidence"": {""food_spot"": [""location_present""]}}, ""metadata"": {""hashtags"": [""atlblog"", ""atleats"", ""atlfoodie"", ""atlwings""], ""mentions"": [""atllovesmo"", ""thebando_atl""], ""likes"": 1148, ""comments"": 102, ""video_views"": 915}}","{""meal_type_evidence"": {""embedding_label"": ""snack"", ""embedding_similarity"": 0.414, ""baseline_label"": ""unknown"", ""baseline_confidence"": 0.7, ""override"": false, ""reason"": ""embedding_disagrees_but_baseline_sufficient""}, ""cuisine_evidence"": {""embedding_cuisines"": [""american""], ""embedding_similarities"": {""american"": 0.552}, ""baseline_cuisines"": [""bakery""], ""newly_detected"": [""american""], ""removed"": [""bakery""], ""reason"": ""embedding_refined_cuisine_list""}, ""content_type_evidence"": {""embedding_label"": ""food_spot"", ""embedding_similarity"": 0.356, ""baseline_label"": ""food_spot"", ""baseline_confidence"": 0.7, ""override"": false, ""reason"": ""embedding_agrees_boost_baseline""}}"
3588088787395566649,drinks,0.7,drinks,0.639,CONFIDENCE_UPDATED,-0.061,"{""meal_type"": ""drinks"", ""cuisines"": [""coffee_cafe""], ""content_type"": ""food_spot"", ""location"": {""name"": ""Atlanta, Georgia"", ""slug"": ""atlanta-georgia""}, ""signals"": {""meal_evidence"": {""drinks"": [""martini""]}, ""cuisine_evidence"": {""coffee_cafe"": [""espresso"", ""latte""]}, ""content_evidence"": {""food_spot"": [""location_present""]}}, ""metadata"": {""hashtags"": [""atlblog"", ""atleats"", ""espressomartini"", ""martinimo""], ""mentions"": [""atllovesmo""], ""likes"": 4698, ""comments"": 196, ""video_views"": null}}","{""meal_type_evidence"": {""embedding_label"": ""drinks"", ""embedding_similarity"": 0.357, ""baseline_label"": ""drinks"", ""baseline_confidence"": 0.7, ""override"": false, ""reason"": ""embedding_agrees_boost_baseline""}, ""cuisine_evidence"": {""embedding_cuisines"": [""coffee_cafe""], ""embedding_similarities"": {""coffee_cafe"": 0.505}, ""baseline_cuisines"": [""coffee_cafe""], ""newly_detected"": [], ""removed"": [], ""reason"": ""embedding_confirms_baseline""}, ""content_type_evidence"": {""embedding_label"": ""food_spot"", ""embedding_similarity"": 0.28, ""baseline_label"": ""food_spot"", ""baseline_confidence"": 0.7, ""override"": false, ""reason"": ""weak_embedding_match_keep_baseline""}}"
3431586215512980279,dinner,0.7,dinner,0.639,CONFIDENCE_UPDATED,-0.061,"{""meal_type"": ""dinner"", ""cuisines"": [], ""content_type"": ""food_spot"", ""location"": {""name"": ""Atlanta, Georgia"", ""slug"": ""atlanta-georgia""}, ""signals"": {""meal_evidence"": {""dinner"": [""dinner""], ""dessert"": [""cake""], ""drinks"": [""martini""]}, ""cuisine_evidence"": {}, ""content_evidence"": {""food_spot"": [""location_present""]}}, ""metadata"": {""hashtags"": [], ""mentions"": [""cakingwithcandy"", ""lamoon_atl""], ""likes"": 4583, ""comments"": 266, ""video_views"": null}}","{""meal_type_evidence"": {""embedding_label"": ""dinner"", ""embedding_similarity"": 0.357, ""baseline_label"": ""dinner"", ""baseline_confidence"": 0.7, ""override"": false, ""reason"": ""embedding_agrees_boost_baseline""}, ""cuisine_evidence"": {""embedding_cuisines"": [], ""embedding_similarities"": {}, ""baseline_cuisines"": [], ""newly_detected"": [], ""removed"": [], ""reason"": ""no_strong_embedding_matches_keep_baseline""}, ""content_type_evidence"": {""embedding_label"": ""food_spot"", ""embedding_similarity"": 0.33, ""baseline_label"": ""food_spot"", ""baseline_confidence"": 0.7, ""override"": false, ""reason"": ""weak_embedding_match_keep_baseline""}}"
3625404892278826470,drinks,0.7,drinks,0.639,CONFIDENCE_UPDATED,-0.061,"{""meal_type"": ""drinks"", ""cuisines"": [""japanese"", ""seafood""], ""content_type"": ""food_spot"", ""location"": {""name"": ""Atlanta, Georgia"", ""slug"": ""atlanta-georgia""}, ""signals"": {""meal_evidence"": {""drinks"": [""cocktail""]}, ""cuisine_evidence"": {""japanese"": [""omakase""], ""seafood"": [""fish""]}, ""content_evidence"": {""food_spot"": [""location_present""]}}, ""metadata"": {""hashtags"": [""atlantaeats"", ""atlblog"", ""atldatenight"", ""atleats""], ""mentions"": [""abramsfixtures"", ""adairparktoday"", ""atllovesmo"", ""omakasetable.atl"", ""ryokou.atl""], ""likes"": 752, ""comments"": 74, ""video_views"": null}}","{""meal_type_evidence"": {""embedding_label"": ""unknown"", ""embedding_similarity"": 0.301, ""baseline_label"": ""drinks"", ""baseline_confidence"": 0.7, ""override"": false, ""reason"": ""embedding_disagrees_but_baseline_sufficient""}, ""cuisine_evidence"": {""embedding_cuisines"": [], ""embedding_similarities"": {}, ""baseline_cuisines"": [""japanese"", ""seafood""], ""newly_detected"": [], ""removed"": [""japanese"", ""seafood""], ""reason"": ""no_strong_embedding_matches_keep_baseline""}, ""content_type_evidence"": {""embedding_label"": ""food_spot"", ""embedding_similarity"": 0.367, ""baseline_label"": ""food_spot"", ""baseline_confidence"": 0.7, ""override"": false, ""reason"": ""embedding_agrees_boost_baseline""}}"
3233071062640304879,dinner,0.7,dinner,0.639,CONFIDENCE_UPDATED,-0.061,"{""meal_type"": ""dinner"", ""cuisines"": [], ""content_type"": ""food_spot"", ""location"": {""name"": ""Atlanta, Georgia"", ""slug"": ""atlanta-georgia""}, ""signals"": {""meal_evidence"": {""dinner"": [""dinner""]}, ""cuisine_evidence"": {}, ""content_evidence"": {""food_spot"": [""location_present""]}}, ""metadata"": {""hashtags"": [""atlanta"", ""atleats"", ""atlthanksgiving"", ""sponsored""], ""mentions"": [""chgrestaurants"", ""doublezeroatl"", ""iberianpig"", ""sugorestaurant""], ""likes"": 232, ""comments"": 47, ""video_views"": null}}","{""meal_type_evidence"": {""embedding_label"": ""dinner"", ""embedding_similarity"": 0.352, ""baseline_label"": ""dinner"", ""baseline_confidence"": 0.7, ""override"": false, ""reason"": ""embedding_agrees_boost_baseline""}, ""cuisine_evidence"": {""embedding_cuisines"": [], ""embedding_similarities"": {}, ""baseline_cuisines"": [], ""newly_detected"": [], ""removed"": [], ""reason"": ""no_strong_embedding_matches_keep_baseline""}, ""content_type_evidence"": {""embedding_label"": ""food_spot"", ""embedding_similarity"": 0.342, ""baseline_label"": ""food_spot"", ""baseline_confidence"": 0.7, ""override"": false, ""reason"": ""weak_embedding_match_keep_baseline""}}"
2376499388561544601,unknown,0.7,unknown,0.639,CONFIDENCE_UPDATED,-0.061,"{""meal_type"": ""unknown"", ""cuisines"": [], ""content_type"": ""food_spot"", ""location"": {""name"": ""Chateau Elan Winery & Resort"", ""slug"": ""chateau-elan-winery-resort""}, ""signals"": {""meal_evidence"": {}, ""cuisine_evidence"": {}, ""content_evidence"": {""food_spot"": [""location_present""]}}, ""metadata"": {""hashtags"": [], ""mentions"": [""charcuterie_chick"", ""chateau_elan""], ""likes"": 119, ""comments"": 6, ""video_views"": null}}","{""meal_type_evidence"": {""embedding_label"": ""dinner"", ""embedding_similarity"": 0.39, ""baseline_label"": ""unknown"", ""baseline_confidence"": 0.7, ""override"": false, ""reason"": ""embedding_disagrees_but_baseline_sufficient""}, ""cuisine_evidence"": {""embedding_cuisines"": [], ""embedding_similarities"": {}, ""baseline_cuisines"": [], ""newly_detected"": [], ""removed"": [], ""reason"": ""no_strong_embedding_matches_keep_baseline""}, ""content_type_evidence"": {""embedding_label"": ""food_spot"", ""embedding_similarity"": 0.354, ""baseline_label"": ""food_spot"", ""baseline_confidence"": 0.7, ""override"": false, ""reason"": ""embedding_agrees_boost_baseline""}}"
2461271115379851825,unknown,0.7,unknown,0.639,CONFIDENCE_UPDATED,-0.061,"{""meal_type"": ""unknown"", ""cuisines"": [""mexican"", ""vegan""], ""content_type"": ""food_spot"", ""location"": {""name"": ""Atlanta Food Truck Park & Market"", ""slug"": ""atlanta-food-truck-park-market""}, ""signals"": {""meal_evidence"": {}, ""cuisine_evidence"": {""mexican"": [""taco"", ""quesadilla"", ""birria""], ""vegan"": [""vegan""]}, ""content_evidence"": {""food_spot"": [""location_present""]}}, ""metadata"": {""hashtags"": [], ""mentions"": [""atlfoodtruckpark"", ""calaveritasv""], ""likes"": 85, ""comments"": 10, ""video_views"": null}}","{""meal_type_evidence"": {""embedding_label"": ""snack"", ""embedding_similarity"": 0.35, ""baseline_label"": ""unknown"", ""baseline_confidence"": 0.7, ""override"": false, ""reason"": ""embedding_disagrees_but_baseline_sufficient""}, ""cuisine_evidence"": {""embedding_cuisines"": [""american"", ""mexican""], ""embedding_similarities"": {""american"": 0.415, ""mexican"": 0.482}, ""baseline_cuisines"": [""mexican"", ""vegan""], ""newly_detected"": [""american""], ""removed"": [""vegan""], ""reason"": ""embedding_refined_cuisine_list""}, ""content_type_evidence"": {""embedding_label"": ""food_spot"", ""embedding_similarity"": 0.351, ""baseline_label"": ""food_spot"", ""baseline_confidence"": 0.7, ""override"": false, ""reason"": ""embedding_agrees_boost_baseline""}}"
3724350301316124561,event,0.7,event,0.638,CONFIDENCE_UPDATED,-0.062,"{""meal_type"": ""drinks"", ""cuisines"": [], ""content_type"": ""event"", ""location"": {""name"": ""Atlanta, Georgia"", ""slug"": ""atlanta-georgia""}, ""signals"": {""meal_evidence"": {""drinks"": [""bar""]}, ""cuisine_evidence"": {}, ""content_evidence"": {""event"": [""live music""]}}, ""metadata"": {""hashtags"": [""atlblog"", ""atleats""], ""mentions"": [""atllovesmo"", ""roaring.social""], ""likes"": 36818, ""comments"": 203, ""video_views"": 246009}}","{""meal_type_evidence"": {""embedding_label"": ""drinks"", ""embedding_similarity"": 0.314, ""baseline_label"": ""drinks"", ""baseline_confidence"": 0.7, ""override"": false, ""reason"": ""embedding_agrees_boost_baseline""}, ""cuisine_evidence"": {""embedding_cuisines"": [], ""embedding_similarities"": {}, ""baseline_cuisines"": [], ""newly_detected"": [], ""removed"": [], ""reason"": ""no_strong_embedding_matches_keep_baseline""}, ""content_type_evidence"": {""embedding_label"": ""food_spot"", ""embedding_similarity"": 0.339, ""baseline_label"": ""event"", ""baseline_confidence"": 0.7, ""override"": false, ""reason"": ""weak_embedding_match_keep_baseline""}}"
3383721395157914156,dessert,0.75,dessert,0.688,CONFIDENCE_UPDATED,-0.062,"{""meal_type"": ""dessert"", ""cuisines"": [""bakery"", ""coffee_cafe""], ""content_type"": ""food_spot"", ""location"": {""name"": ""Atlanta, Georgia"", ""slug"": ""atlanta-georgia""}, ""signals"": {""meal_evidence"": {""dessert"": [""cake"", ""donut""]}, ""cuisine_evidence"": {""bakery"": [""bread""], ""coffee_cafe"": [""coffee"", ""latte""]}, ""content_evidence"": {""food_spot"": [""location_present""]}}, ""metadata"": {""hashtags"": [""atlblog"", ""atleats"", ""atlfoodie"", ""atlsweets""], ""mentions"": [""atllovesmo"", ""thekrogdistrictatl"", ""thesaltydonut""], ""likes"": 12270, ""comments"": 129, ""video_views"": 96671}}","{""meal_type_evidence"": {""embedding_label"": ""dessert"", ""embedding_similarity"": 0.515, ""baseline_label"": ""dessert"", ""baseline_confidence"": 0.75, ""override"": false, ""reason"": ""embedding_agrees_boost_baseline""}, ""cuisine_evidence"": {""embedding_cuisines"": [""bakery""], ""embedding_similarities"": {""bakery"": 0.431}, ""baseline_cuisines"": [""bakery"", ""coffee_cafe""], ""newly_detected"": [], ""removed"": [""coffee_cafe""], ""reason"": ""embedding_refined_cuisine_list""}, ""content_type_evidence"": {""embedding_label"": ""food_spot"", ""embedding_similarity"": 0.238, ""baseline_label"": ""food_spot"", ""baseline_confidence"": 0.75, ""override"": false, ""reason"": ""weak_embedding_match_keep_baseline""}}"
3364351168049057961,event,0.75,event,0.688,CONFIDENCE_UPDATED,-0.062,"{""meal_type"": ""dessert"", ""cuisines"": [], ""content_type"": ""event"", ""location"": {""name"": ""Jeni's Splendid Ice Creams"", ""slug"": ""jenis-splendid-ice-creams""}, ""signals"": {""meal_evidence"": {""dessert"": [""ice cream"", ""cake""]}, ""cuisine_evidence"": {}, ""content_evidence"": {""event"": [""limited time""]}}, ""metadata"": {""hashtags"": [""atlblog"", ""atlfoodie"", ""jenisicecream"", ""jenissplendidlcecreams""], ""mentions"": [""jenisicecreams""], ""likes"": 5176, ""comments"": 141, ""video_views"": 72667}}","{""meal_type_evidence"": {""embedding_label"": ""dessert"", ""embedding_similarity"": 0.512, ""baseline_label"": ""dessert"", ""baseline_confidence"": 0.75, ""override"": false, ""reason"": ""embedding_agrees_boost_baseline""}, ""cuisine_evidence"": {""embedding_cuisines"": [], ""embedding_similarities"": {}, ""baseline_cuisines"": [], ""newly_detected"": [], ""removed"": [], ""reason"": ""no_strong_embedding_matches_keep_baseline""}, ""content_type_evidence"": {""embedding_label"": ""food_spot"", ""embedding_similarity"": 0.211, ""baseline_label"": ""event"", ""baseline_confidence"": 0.75, ""override"": false, ""reason"": ""weak_embedding_match_keep_baseline""}}"
3500427746662992917,dessert,0.7,dessert,0.638,CONFIDENCE_UPDATED,-0.062,"{""meal_type"": ""dessert"", ""cuisines"": [], ""content_type"": ""food_spot"", ""location"": {""name"": ""Atlanta, Georgia"", ""slug"": ""atlanta-georgia""}, ""signals"": {""meal_evidence"": {""dessert"": [""cookie""]}, ""cuisine_evidence"": {}, ""content_evidence"": {""food_spot"": [""location_present""]}}, ""metadata"": {""hashtags"": [""ad"", ""tiffstreats"", ""worldkindnessday""], ""mentions"": [""atllovesmo"", ""tiffstreats""], ""likes"": 601, ""comments"": 93, ""video_views"": 23103}}","{""meal_type_evidence"": {""embedding_label"": ""dessert"", ""embedding_similarity"": 0.319, ""baseline_label"": ""dessert"", ""baseline_confidence"": 0.7, ""override"": false, ""reason"": ""embedding_agrees_boost_baseline""}, ""cuisine_evidence"": {""embedding_cuisines"": [], ""embedding_similarities"": {}, ""baseline_cuisines"": [], ""newly_detected"": [], ""removed"": [], ""reason"": ""no_strong_embedding_matches_keep_baseline""}, ""content_type_evidence"": {""embedding_label"": ""food_spot"", ""embedding_similarity"": 0.192, ""baseline_label"": ""food_spot"", ""baseline_confidence"": 0.7, ""override"": false, ""reason"": ""weak_embedding_match_keep_baseline""}}"
3293860388885220494,event,0.7,event,0.638,CONFIDENCE_UPDATED,-0.062,"{""meal_type"": ""dinner"", ""cuisines"": [""seafood""], ""content_type"": ""event"", ""location"": {""name"": ""Atlanta, Georgia"", ""slug"": ""atlanta-georgia""}, ""signals"": {""meal_evidence"": {""dinner"": [""date night""]}, ""cuisine_evidence"": {""seafood"": [""shrimp""]}, ""content_evidence"": {""event"": [""limited time""]}}, ""metadata"": {""hashtags"": [""atlantaeats"", ""atlblog"", ""atlfoodie"", ""atllounge"", ""hosted""], ""mentions"": [""atllovesmo"", ""thevaulthiddeninsidethebank""], ""likes"": 2250, ""comments"": 123, ""video_views"": 18968}}","{""meal_type_evidence"": {""embedding_label"": ""dinner"", ""embedding_similarity"": 0.303, ""baseline_label"": ""dinner"", ""baseline_confidence"": 0.7, ""override"": false, ""reason"": ""embedding_agrees_boost_baseline""}, ""cuisine_evidence"": {""embedding_cuisines"": [], ""embedding_similarities"": {}, ""baseline_cuisines"": [""seafood""], ""newly_detected"": [], ""removed"": [""seafood""], ""reason"": ""no_strong_embedding_matches_keep_baseline""}, ""content_type_evidence"": {""embedding_label"": ""food_spot"", ""embedding_similarity"": 0.336, ""baseline_label"": ""event"", ""baseline_confidence"": 0.7, ""override"": false, ""reason"": ""weak_embedding_match_keep_baseline""}}"
3377911706704830166,event,0.75,event,0.688,CONFIDENCE_UPDATED,-0.062,"{""meal_type"": ""dessert"", ""cuisines"": [""mexican""], ""content_type"": ""event"", ""location"": {""name"": ""Sugar Shane's"", ""slug"": ""sugar-shanes""}, ""signals"": {""meal_evidence"": {""lunch"": [""sandwich""], ""dessert"": [""ice cream"", ""cookie""]}, ""cuisine_evidence"": {""mexican"": [""taco""]}, ""content_evidence"": {""event"": [""market"", ""pop-up""]}}, ""metadata"": {""hashtags"": [""atlantacookies"", ""atlblog"", ""atleats"", ""atlfoodie""], ""mentions"": [""atlantabeltline"", ""atllovesmo"", ""poncecitymarket"", ""sugar_shanes""], ""likes"": 842, ""comments"": 134, ""video_views"": 13861}}","{""meal_type_evidence"": {""embedding_label"": ""dessert"", ""embedding_similarity"": 0.535, ""baseline_label"": ""dessert"", ""baseline_confidence"": 0.75, ""override"": false, ""reason"": ""embedding_agrees_boost_baseline""}, ""cuisine_evidence"": {""embedding_cuisines"": [], ""embedding_similarities"": {}, ""baseline_cuisines"": [""mexican""], ""newly_detected"": [], ""removed"": [""mexican""], ""reason"": ""no_strong_embedding_matches_keep_baseline""}, ""content_type_evidence"": {""embedding_label"": ""food_spot"", ""embedding_similarity"": 0.292, ""baseline_label"": ""event"", ""baseline_confidence"": 0.75, ""override"": false, ""reason"": ""weak_embedding_match_keep_baseline""}}"
3723133707210586878,dinner,0.75,dinner,0.688,CONFIDENCE_UPDATED,-0.062,"{""meal_type"": ""dinner"", ""cuisines"": [""bakery""], ""content_type"": ""food_spot"", ""location"": {""name"": ""Alpharetta, Georgia"", ""slug"": ""alpharetta-georgia""}, ""signals"": {""meal_evidence"": {""dinner"": [""dinner"", ""date night""], ""dessert"": [""dessert""], ""drinks"": [""cocktail"", ""wine""]}, ""cuisine_evidence"": {""bakery"": [""bread""]}, ""content_evidence"": {""food_spot"": [""location_present""]}}, ""metadata"": {""hashtags"": [""atlblog"", ""atleats""], ""mentions"": [""atllovesmo"", ""mozaika_mezze""], ""likes"": 814, ""comments"": 78, ""video_views"": 8950}}","{""meal_type_evidence"": {""embedding_label"": ""dinner"", ""embedding_similarity"": 0.522, ""baseline_label"": ""dinner"", ""baseline_confidence"": 0.75, ""override"": false, ""reason"": ""embedding_agrees_boost_baseline""}, ""cuisine_evidence"": {""embedding_cuisines"": [], ""embedding_similarities"": {}, ""baseline_cuisines"": [""bakery""], ""newly_detected"": [], ""removed"": [""bakery""], ""reason"": ""no_strong_embedding_matches_keep_baseline""}, ""content_type_evidence"": {""embedding_label"": ""food_spot"", ""embedding_similarity"": 0.323, ""baseline_label"": ""food_spot"", ""baseline_confidence"": 0.75, ""override"": false, ""reason"": ""weak_embedding_match_keep_baseline""}}"
3671680325978474201,drinks,0.95,drinks,0.888,CONFIDENCE_UPDATED,-0.062,"{""meal_type"": ""drinks"", ""cuisines"": [""coffee_cafe""], ""content_type"": ""food_spot"", ""location"": {""name"": ""Atlanta, Georgia"", ""slug"": ""atlanta-georgia""}, ""signals"": {""meal_evidence"": {""lunch"": [""lunch""], ""dinner"": [""dinner""], ""drinks"": [""cocktail"", ""cocktails"", ""wine"", ""bar"", ""drink""]}, ""cuisine_evidence"": {""coffee_cafe"": [""coffee""]}, ""content_evidence"": {""food_spot"": [""location_present""]}}, ""metadata"": {""hashtags"": [""atlantabeltline"", ""atlblog"", ""atleats"", ""mlballstargame"", ""thingstodoinatlanta""], ""mentions"": [""atlantabeltline"", ""atlantabeltline."", ""atllovesmo"", ""boonesatl"", ""burlesbar"", ""eltesoroatl"", ""hopcityatl"", ""leeandwhite"", ""mlb"", ""mondaynightgarage."", ""sidesaddlewine."", ""thevictorianatlanta.""], ""likes"": 883, ""comments"": 70, ""video_views"": 914}}","{""meal_type_evidence"": {""embedding_label"": ""snack"", ""embedding_similarity"": 0.299, ""baseline_label"": ""drinks"", ""baseline_confidence"": 0.95, ""override"": false, ""reason"": ""weak_embedding_match_keep_baseline""}, ""cuisine_evidence"": {""embedding_cuisines"": [], ""embedding_similarities"": {}, ""baseline_cuisines"": [""coffee_cafe""], ""newly_detected"": [], ""removed"": [""coffee_cafe""], ""reason"": ""no_strong_embedding_matches_keep_baseline""}, ""content_type_evidence"": {""embedding_label"": ""food_spot"", ""embedding_similarity"": 0.357, ""baseline_label"": ""food_spot"", ""baseline_confidence"": 0.95, ""override"": false, ""reason"": ""embedding_agrees_boost_baseline""}}"
3538892446899673816,drinks,0.75,drinks,0.687,CONFIDENCE_UPDATED,-0.063,"{""meal_type"": ""drinks"", ""cuisines"": [""american"", ""seafood""], ""content_type"": ""food_spot"", ""location"": {""name"": ""Decatur, Ga"", ""slug"": ""decatur-ga""}, ""signals"": {""meal_evidence"": {""dinner"": [""date night""], ""drinks"": [""drink"", ""drinks""]}, ""cuisine_evidence"": {""american"": [""burger""], ""seafood"": [""shrimp""]}, ""content_evidence"": {""food_spot"": [""location_present""]}}, ""metadata"": {""hashtags"": [""atlblog"", ""atleats"", ""decaturga"", ""thingstodoinatlanta""], ""mentions"": [""atllovesmo"", ""brickstorepub"", ""chgrestaurants"", ""iberianpig"", ""jenisicecreams."", ""opentable""], ""likes"": 2238, ""comments"": 98, ""video_views"": 19152}}","{""meal_type_evidence"": {""embedding_label"": ""dinner"", ""embedding_similarity"": 0.48, ""baseline_label"": ""drinks"", ""baseline_confidence"": 0.75, ""override"": false, ""reason"": ""embedding_disagrees_but_baseline_sufficient""}, ""cuisine_evidence"": {""embedding_cuisines"": [], ""embedding_similarities"": {}, ""baseline_cuisines"": [""american"", ""seafood""], ""newly_detected"": [], ""removed"": [""american"", ""seafood""], ""reason"": ""no_strong_embedding_matches_keep_baseline""}, ""content_type_evidence"": {""embedding_label"": ""food_spot"", ""embedding_similarity"": 0.477, ""baseline_label"": ""food_spot"", ""baseline_confidence"": 0.75, ""override"": false, ""reason"": ""embedding_agrees_boost_baseline""}}"
3529420887248227115,drinks,0.75,drinks,0.687,CONFIDENCE_UPDATED,-0.063,"{""meal_type"": ""drinks"", ""cuisines"": [""italian"", ""seafood""], ""content_type"": ""food_spot"", ""location"": {""name"": ""Atlanta, Georgia"", ""slug"": ""atlanta-georgia""}, ""signals"": {""meal_evidence"": {""dinner"": [""dinner""], ""drinks"": [""wine"", ""happy hour""]}, ""cuisine_evidence"": {""italian"": [""pasta""], ""seafood"": [""lobster""]}, ""content_evidence"": {""food_spot"": [""location_present""]}}, ""metadata"": {""hashtags"": [""atlblog"", ""atleats"", ""atlfoodie""], ""mentions"": [""ianwinslade"", ""missionandmkt""], ""likes"": 1893, ""comments"": 52, ""video_views"": 17980}}","{""meal_type_evidence"": {""embedding_label"": ""dinner"", ""embedding_similarity"": 0.454, ""baseline_label"": ""drinks"", ""baseline_confidence"": 0.75, ""override"": false, ""reason"": ""embedding_disagrees_but_baseline_sufficient""}, ""cuisine_evidence"": {""embedding_cuisines"": [], ""embedding_similarities"": {}, ""baseline_cuisines"": [""italian"", ""seafood""], ""newly_detected"": [], ""removed"": [""italian"", ""seafood""], ""reason"": ""no_strong_embedding_matches_keep_baseline""}, ""content_type_evidence"": {""embedding_label"": ""food_spot"", ""embedding_similarity"": 0.488, ""baseline_label"": ""food_spot"", ""baseline_confidence"": 0.75, ""override"": false, ""reason"": ""embedding_agrees_boost_baseline""}}"
3789175384337093994,event,0.75,event,0.687,CONFIDENCE_UPDATED,-0.063,"{""meal_type"": ""dinner"", ""cuisines"": [], ""content_type"": ""event"", ""location"": {""name"": ""Atlanta, Georgia"", ""slug"": ""atlanta-georgia""}, ""signals"": {""meal_evidence"": {""dinner"": [""dinner"", ""date night""], ""drinks"": [""drink"", ""drinks""]}, ""cuisine_evidence"": {}, ""content_evidence"": {""event"": [""event""]}}, ""metadata"": {""hashtags"": [""1"", ""2""], ""mentions"": [""atllovesmo"", ""bovinoafterdark"", ""seventhouse""], ""likes"": 1488, ""comments"": 855, ""video_views"": 13901}}","{""meal_type_evidence"": {""embedding_label"": ""dinner"", ""embedding_similarity"": 0.468, ""baseline_label"": ""dinner"", ""baseline_confidence"": 0.75, ""override"": false, ""reason"": ""embedding_agrees_boost_baseline""}, ""cuisine_evidence"": {""embedding_cuisines"": [], ""embedding_similarities"": {}, ""baseline_cuisines"": [], ""newly_detected"": [], ""removed"": [], ""reason"": ""no_strong_embedding_matches_keep_baseline""}, ""content_type_evidence"": {""embedding_label"": ""food_spot"", ""embedding_similarity"": 0.364, ""baseline_label"": ""event"", ""baseline_confidence"": 0.75, ""override"": false, ""reason"": ""embedding_disagrees_but_baseline_acceptable""}}"
2738112902588977466,drinks,0.75,drinks,0.687,CONFIDENCE_UPDATED,-0.063,"{""meal_type"": ""drinks"", ""cuisines"": [], ""content_type"": ""food_spot"", ""location"": {""name"": ""The Garden Room"", ""slug"": ""the-garden-room""}, ""signals"": {""meal_evidence"": {""drinks"": [""drink"", ""drinks""]}, ""cuisine_evidence"": {}, ""content_evidence"": {""food_spot"": [""location_present""]}}, ""metadata"": {""hashtags"": [], ""mentions"": [""thegardenroomatlanta""], ""likes"": 233, ""comments"": 27, ""video_views"": null}}","{""meal_type_evidence"": {""embedding_label"": ""dinner"", ""embedding_similarity"": 0.316, ""baseline_label"": ""drinks"", ""baseline_confidence"": 0.75, ""override"": false, ""reason"": ""embedding_disagrees_but_baseline_sufficient""}, ""cuisine_evidence"": {""embedding_cuisines"": [], ""embedding_similarities"": {}, ""baseline_cuisines"": [], ""newly_detected"": [], ""removed"": [], ""reason"": ""no_strong_embedding_matches_keep_baseline""}, ""content_type_evidence"": {""embedding_label"": ""food_spot"", ""embedding_similarity"": 0.461, ""baseline_label"": ""food_spot"", ""baseline_confidence"": 0.75, ""override"": false, ""reason"": ""embedding_agrees_boost_baseline""}}"
3599806962239697791,brunch,0.75,brunch,0.686,CONFIDENCE_UPDATED,-0.064,"{""meal_type"": ""brunch"", ""cuisines"": [""american"", ""seafood"", ""bakery"", ""coffee_cafe""], ""content_type"": ""food_spot"", ""location"": {""name"": ""Atlanta, Georgia"", ""slug"": ""atlanta-georgia""}, ""signals"": {""meal_evidence"": {""breakfast"": [""pancake""], ""brunch"": [""brunch"", ""mimosa""], ""lunch"": [""sandwich""], ""dessert"": [""cake""]}, ""cuisine_evidence"": {""american"": [""southern""], ""seafood"": [""crab"", ""fish""], ""bakery"": [""pastry""], ""coffee_cafe"": [""coffee""]}, ""content_evidence"": {""food_spot"": [""location_present""]}}, ""metadata"": {""hashtags"": [""atlblog"", ""atlbrunch"", ""atleats"", ""thingstodoinatlanta""], ""mentions"": [""atllovesmo"", ""morningbirdsrestaurant""], ""likes"": 15239, ""comments"": 185, ""video_views"": 117311}}","{""meal_type_evidence"": {""embedding_label"": ""brunch"", ""embedding_similarity"": 0.44, ""baseline_label"": ""brunch"", ""baseline_confidence"": 0.75, ""override"": false, ""reason"": ""embedding_agrees_boost_baseline""}, ""cuisine_evidence"": {""embedding_cuisines"": [""american""], ""embedding_similarities"": {""american"": 0.456}, ""baseline_cuisines"": [""american"", ""seafood"", ""bakery"", ""coffee_cafe""], ""newly_detected"": [], ""removed"": [""coffee_cafe"", ""seafood"", ""bakery""], ""reason"": ""embedding_refined_cuisine_list""}, ""content_type_evidence"": {""embedding_label"": ""food_spot"", ""embedding_similarity"": 0.343, ""baseline_label"": ""food_spot"", ""baseline_confidence"": 0.75, ""override"": false, ""reason"": ""weak_embedding_match_keep_baseline""}}"
3425279896451017405,drinks,0.75,drinks,0.686,CONFIDENCE_UPDATED,-0.064,"{""meal_type"": ""drinks"", ""cuisines"": [""american""], ""content_type"": ""food_spot"", ""location"": {""name"": ""Atlanta, Georgia"", ""slug"": ""atlanta-georgia""}, ""signals"": {""meal_evidence"": {""lunch"": [""sandwich""], ""drinks"": [""beer"", ""bar""]}, ""cuisine_evidence"": {""american"": [""burger""]}, ""content_evidence"": {""food_spot"": [""location_present""]}}, ""metadata"": {""hashtags"": [], ""mentions"": [""wreckingbarbrewpub""], ""likes"": 6277, ""comments"": 82, ""video_views"": 70729}}","{""meal_type_evidence"": {""embedding_label"": ""drinks"", ""embedding_similarity"": 0.428, ""baseline_label"": ""drinks"", ""baseline_confidence"": 0.75, ""override"": false, ""reason"": ""embedding_agrees_boost_baseline""}, ""cuisine_evidence"": {""embedding_cuisines"": [], ""embedding_similarities"": {}, ""baseline_cuisines"": [""american""], ""newly_detected"": [], ""removed"": [""american""], ""reason"": ""no_strong_embedding_matches_keep_baseline""}, ""content_type_evidence"": {""embedding_label"": ""food_spot"", ""embedding_similarity"": 0.331, ""baseline_label"": ""food_spot"", ""baseline_confidence"": 0.75, ""override"": false, ""reason"": ""weak_embedding_match_keep_baseline""}}"
3318506854600782417,drinks,0.75,drinks,0.686,CONFIDENCE_UPDATED,-0.064,"{""meal_type"": ""drinks"", ""cuisines"": [""mexican"", ""seafood"", ""bbq""], ""content_type"": ""food_spot"", ""location"": {""name"": ""Atlanta, Georgia"", ""slug"": ""atlanta-georgia""}, ""signals"": {""meal_evidence"": {""dinner"": [""date night""], ""drinks"": [""bar"", ""gin""]}, ""cuisine_evidence"": {""mexican"": [""taco""], ""seafood"": [""shrimp""], ""bbq"": [""ribs""]}, ""content_evidence"": {""food_spot"": [""location_present""]}}, ""metadata"": {""hashtags"": [""atlantafood"", ""atlblog"", ""atleats"", ""atlfoodie""], ""mentions"": [""atllovesmo"", ""birdcageatl""], ""likes"": 4172, ""comments"": 121, ""video_views"": 45203}}","{""meal_type_evidence"": {""embedding_label"": ""snack"", ""embedding_similarity"": 0.416, ""baseline_label"": ""drinks"", ""baseline_confidence"": 0.75, ""override"": false, ""reason"": ""embedding_disagrees_but_baseline_sufficient""}, ""cuisine_evidence"": {""embedding_cuisines"": [""american"", ""mexican""], ""embedding_similarities"": {""american"": 0.513, ""mexican"": 0.415}, ""baseline_cuisines"": [""mexican"", ""seafood"", ""bbq""], ""newly_detected"": [""american""], ""removed"": [""bbq"", ""seafood""], ""reason"": ""embedding_refined_cuisine_list""}, ""content_type_evidence"": {""embedding_label"": ""food_spot"", ""embedding_similarity"": 0.439, ""baseline_label"": ""food_spot"", ""baseline_confidence"": 0.75, ""override"": false, ""reason"": ""embedding_agrees_boost_baseline""}}"
3544019004412569788,breakfast,0.75,breakfast,0.686,CONFIDENCE_UPDATED,-0.064,"{""meal_type"": ""breakfast"", ""cuisines"": [""bakery"", ""coffee_cafe""], ""content_type"": ""food_spot"", ""location"": {""name"": ""Atlanta, Georgia"", ""slug"": ""atlanta-georgia""}, ""signals"": {""meal_evidence"": {""breakfast"": [""breakfast"", ""bagel""], ""brunch"": [""avocado toast""], ""lunch"": [""lunch""]}, ""cuisine_evidence"": {""bakery"": [""croissant""], ""coffee_cafe"": [""coffee"", ""cafe""]}, ""content_evidence"": {""food_spot"": [""location_present""]}}, ""metadata"": {""hashtags"": [""atlcoffee"", ""atleats"", ""atlfoodie""], ""mentions"": [""atllovesmo"", ""jpressocafe"", ""visithapeville""], ""likes"": 5345, ""comments"": 81, ""video_views"": 44405}}","{""meal_type_evidence"": {""embedding_label"": ""snack"", ""embedding_similarity"": 0.401, ""baseline_label"": ""breakfast"", ""baseline_confidence"": 0.75, ""override"": false, ""reason"": ""embedding_disagrees_but_baseline_sufficient""}, ""cuisine_evidence"": {""embedding_cuisines"": [], ""embedding_similarities"": {}, ""baseline_cuisines"": [""bakery"", ""coffee_cafe""], ""newly_detected"": [], ""removed"": [""coffee_cafe"", ""bakery""], ""reason"": ""no_strong_embedding_matches_keep_baseline""}, ""content_type_evidence"": {""embedding_label"": ""food_spot"", ""embedding_similarity"": 0.453, ""baseline_label"": ""food_spot"", ""baseline_confidence"": 0.75, ""override"": false, ""reason"": ""embedding_agrees_boost_baseline""}}"
3519983208295110129,drinks,0.75,drinks,0.686,CONFIDENCE_UPDATED,-0.064,"{""meal_type"": ""drinks"", ""cuisines"": [""american"", ""seafood""], ""content_type"": ""food_spot"", ""location"": {""name"": ""Atlanta, GA"", ""slug"": ""atlanta-ga""}, ""signals"": {""meal_evidence"": {""drinks"": [""cocktail"", ""cocktails""]}, ""cuisine_evidence"": {""american"": [""southern""], ""seafood"": [""seafood""]}, ""content_evidence"": {""food_spot"": [""location_present""]}}, ""metadata"": {""hashtags"": [""atlblog"", ""atldatenight"", ""atleats""], ""mentions"": [""atllovesmo"", ""brasseriemargotatl"", ""fsatlanta"", ""insta__novak"", ""opentable""], ""likes"": 2892, ""comments"": 101, ""video_views"": 30160}}","{""meal_type_evidence"": {""embedding_label"": ""dinner"", ""embedding_similarity"": 0.381, ""baseline_label"": ""drinks"", ""baseline_confidence"": 0.75, ""override"": false, ""reason"": ""embedding_disagrees_but_baseline_sufficient""}, ""cuisine_evidence"": {""embedding_cuisines"": [], ""embedding_similarities"": {}, ""baseline_cuisines"": [""american"", ""seafood""], ""newly_detected"": [], ""removed"": [""american"", ""seafood""], ""reason"": ""no_strong_embedding_matches_keep_baseline""}, ""content_type_evidence"": {""embedding_label"": ""food_spot"", ""embedding_similarity"": 0.45, ""baseline_label"": ""food_spot"", ""baseline_confidence"": 0.75, ""override"": false, ""reason"": ""embedding_agrees_boost_baseline""}}"
3410528722540201074,drinks,0.75,drinks,0.686,CONFIDENCE_UPDATED,-0.064,"{""meal_type"": ""drinks"", ""cuisines"": [""american"", ""italian""], ""content_type"": ""food_spot"", ""location"": {""name"": ""Atlanta, Georgia"", ""slug"": ""atlanta-georgia""}, ""signals"": {""meal_evidence"": {""dinner"": [""dinner""], ""drinks"": [""wine"", ""bar""]}, ""cuisine_evidence"": {""american"": [""southern""], ""italian"": [""italian"", ""pasta"", ""pizza""]}, ""content_evidence"": {""food_spot"": [""location_present""]}}, ""metadata"": {""hashtags"": [""atlantafood"", ""atlblog"", ""atldatenight"", ""atleats""], ""mentions"": [""atllovesmo"", ""pendolinoatl""], ""likes"": 2655, ""comments"": 84, ""video_views"": 28893}}","{""meal_type_evidence"": {""embedding_label"": ""dinner"", ""embedding_similarity"": 0.401, ""baseline_label"": ""drinks"", ""baseline_confidence"": 0.75, ""override"": false, ""reason"": ""embedding_disagrees_but_baseline_sufficient""}, ""cuisine_evidence"": {""embedding_cuisines"": [""mexican"", ""italian""], ""embedding_similarities"": {""mexican"": 0.489, ""italian"": 0.567}, ""baseline_cuisines"": [""american"", ""italian""], ""newly_detected"": [""mexican""], ""removed"": [""american""], ""reason"": ""embedding_refined_cuisine_list""}, ""content_type_evidence"": {""embedding_label"": ""food_spot"", ""embedding_similarity"": 0.422, ""baseline_label"": ""food_spot"", ""baseline_confidence"": 0.75, ""override"": false, ""reason"": ""embedding_agrees_boost_baseline""}}"
3601397661216637100,dinner,0.75,dinner,0.686,CONFIDENCE_UPDATED,-0.064,"{""meal_type"": ""dinner"", ""cuisines"": [""seafood""], ""content_type"": ""food_spot"", ""location"": {""name"": ""Atlanta, Georgia"", ""slug"": ""atlanta-georgia""}, ""signals"": {""meal_evidence"": {""dinner"": [""dinner"", ""tasting menu""], ""drinks"": [""martini"", ""gin""]}, ""cuisine_evidence"": {""seafood"": [""oyster""]}, ""content_evidence"": {""food_spot"": [""location_present""]}}, ""metadata"": {""hashtags"": [""atlblog"", ""atleats"", ""atlfoodie""], ""mentions"": [""atllovesmo"", ""chefjaredwarwick"", ""majinbeen"", ""philipfrobos"", ""wickandnicks""], ""likes"": 3762, ""comments"": 71, ""video_views"": 26742}}","{""meal_type_evidence"": {""embedding_label"": ""snack"", ""embedding_similarity"": 0.416, ""baseline_label"": ""dinner"", ""baseline_confidence"": 0.75, ""override"": false, ""reason"": ""embedding_disagrees_but_baseline_sufficient""}, ""cuisine_evidence"": {""embedding_cuisines"": [], ""embedding_similarities"": {}, ""baseline_cuisines"": [""seafood""], ""newly_detected"": [], ""removed"": [""seafood""], ""reason"": ""no_strong_embedding_matches_keep_baseline""}, ""content_type_evidence"": {""embedding_label"": ""food_spot"", ""embedding_similarity"": 0.443, ""baseline_label"": ""food_spot"", ""baseline_confidence"": 0.75, ""override"": false, ""reason"": ""embedding_agrees_boost_baseline""}}"
3287356891280965117,dinner,0.75,dinner,0.686,CONFIDENCE_UPDATED,-0.064,"{""meal_type"": ""dinner"", ""cuisines"": [], ""content_type"": ""food_spot"", ""location"": {""name"": ""Kevin Rathburns Steakhouse"", ""slug"": ""kevin-rathburns-steakhouse""}, ""signals"": {""meal_evidence"": {""dinner"": [""dinner"", ""date night""], ""drinks"": [""bar""]}, ""cuisine_evidence"": {}, ""content_evidence"": {""food_spot"": [""location_present""]}}, ""metadata"": {""hashtags"": [""atlantafood"", ""atlblog"", ""atldatenight"", ""atleats"", ""hosted""], ""mentions"": [""atlantabeltline."", ""atllovesmo"", ""kevinrathbunsteak""], ""likes"": 1776, ""comments"": 103, ""video_views"": 18473}}","{""meal_type_evidence"": {""embedding_label"": ""dinner"", ""embedding_similarity"": 0.429, ""baseline_label"": ""dinner"", ""baseline_confidence"": 0.75, ""override"": false, ""reason"": ""embedding_agrees_boost_baseline""}, ""cuisine_evidence"": {""embedding_cuisines"": [], ""embedding_similarities"": {}, ""baseline_cuisines"": [], ""newly_detected"": [], ""removed"": [], ""reason"": ""no_strong_embedding_matches_keep_baseline""}, ""content_type_evidence"": {""embedding_label"": ""food_spot"", ""embedding_similarity"": 0.309, ""baseline_label"": ""food_spot"", ""baseline_confidence"": 0.75, ""override"": false, ""reason"": ""weak_embedding_match_keep_baseline""}}"
3331544291254885220,drinks,0.75,drinks,0.686,CONFIDENCE_UPDATED,-0.064,"{""meal_type"": ""drinks"", ""cuisines"": [], ""content_type"": ""food_spot"", ""location"": {""name"": ""City Winery Atlanta"", ""slug"": ""city-winery-atlanta""}, ""signals"": {""meal_evidence"": {""drinks"": [""wine"", ""gin""]}, ""cuisine_evidence"": {}, ""content_evidence"": {""food_spot"": [""location_present""]}}, ""metadata"": {""hashtags"": [""atlantablog"", ""atlantawinery"", ""atleats"", ""atlfoodie"", ""atlwine""], ""mentions"": [""atllovesmo"", ""citywineryatl""], ""likes"": 1081, ""comments"": 64, ""video_views"": 12200}}","{""meal_type_evidence"": {""embedding_label"": ""drinks"", ""embedding_similarity"": 0.433, ""baseline_label"": ""drinks"", ""baseline_confidence"": 0.75, ""override"": false, ""reason"": ""embedding_agrees_boost_baseline""}, ""cuisine_evidence"": {""embedding_cuisines"": [], ""embedding_similarities"": {}, ""baseline_cuisines"": [], ""newly_detected"": [], ""removed"": [], ""reason"": ""no_strong_embedding_matches_keep_baseline""}, ""content_type_evidence"": {""embedding_label"": ""food_spot"", ""embedding_similarity"": 0.277, ""baseline_label"": ""food_spot"", ""baseline_confidence"": 0.75, ""override"": false, ""reason"": ""weak_embedding_match_keep_baseline""}}"
3541753356920189157,drinks,0.75,drinks,0.686,CONFIDENCE_UPDATED,-0.064,"{""meal_type"": ""drinks"", ""cuisines"": [""seafood""], ""content_type"": ""food_spot"", ""location"": {""name"": ""Atlanta, Georgia"", ""slug"": ""atlanta-georgia""}, ""signals"": {""meal_evidence"": {""dinner"": [""dinner""], ""drinks"": [""drink"", ""drinks""]}, ""cuisine_evidence"": {""seafood"": [""seafood"", ""crab""]}, ""content_evidence"": {""food_spot"": [""location_present""]}}, ""metadata"": {""hashtags"": [""atlblog"", ""atldatenight"", ""atleats"", ""atlfoodie""], ""mentions"": [""atllovesmo"", ""bontonatlanta"", ""justkeepwaitingroom""], ""likes"": 1291, ""comments"": 68, ""video_views"": 11844}}","{""meal_type_evidence"": {""embedding_label"": ""snack"", ""embedding_similarity"": 0.382, ""baseline_label"": ""drinks"", ""baseline_confidence"": 0.75, ""override"": false, ""reason"": ""embedding_disagrees_but_baseline_sufficient""}, ""cuisine_evidence"": {""embedding_cuisines"": [""american""], ""embedding_similarities"": {""american"": 0.431}, ""baseline_cuisines"": [""seafood""], ""newly_detected"": [""american""], ""removed"": [""seafood""], ""reason"": ""embedding_refined_cuisine_list""}, ""content_type_evidence"": {""embedding_label"": ""food_spot"", ""embedding_similarity"": 0.437, ""baseline_label"": ""food_spot"", ""baseline_confidence"": 0.75, ""override"": false, ""reason"": ""embedding_agrees_boost_baseline""}}"
3419523613659699433,dessert,0.75,dessert,0.686,CONFIDENCE_UPDATED,-0.064,"{""meal_type"": ""dessert"", ""cuisines"": [], ""content_type"": ""food_spot"", ""location"": {""name"": ""Atlanta, Georgia"", ""slug"": ""atlanta-georgia""}, ""signals"": {""meal_evidence"": {""lunch"": [""sandwich""], ""dessert"": [""ice cream"", ""cookie""]}, ""cuisine_evidence"": {}, ""content_evidence"": {""food_spot"": [""location_present""]}}, ""metadata"": {""hashtags"": [""atlblog"", ""atleats"", ""atlfood"", ""tiffstreats""], ""mentions"": [""tiffstreats""], ""likes"": 353, ""comments"": 52, ""video_views"": 5606}}","{""meal_type_evidence"": {""embedding_label"": ""dessert"", ""embedding_similarity"": 0.439, ""baseline_label"": ""dessert"", ""baseline_confidence"": 0.75, ""override"": false, ""reason"": ""embedding_agrees_boost_baseline""}, ""cuisine_evidence"": {""embedding_cuisines"": [], ""embedding_similarities"": {}, ""baseline_cuisines"": [], ""newly_detected"": [], ""removed"": [], ""reason"": ""no_strong_embedding_matches_keep_baseline""}, ""content_type_evidence"": {""embedding_label"": ""food_spot"", ""embedding_similarity"": 0.18, ""baseline_label"": ""food_spot"", ""baseline_confidence"": 0.75, ""override"": false, ""reason"": ""weak_embedding_match_keep_baseline""}}"
3642038750063436507,drinks,0.75,drinks,0.686,CONFIDENCE_UPDATED,-0.064,"{""meal_type"": ""drinks"", ""cuisines"": [""mexican""], ""content_type"": ""food_spot"", ""location"": {""name"": ""Atlanta, Georgia"", ""slug"": ""atlanta-georgia""}, ""signals"": {""meal_evidence"": {""drinks"": [""bar"", ""margarita""]}, ""cuisine_evidence"": {""mexican"": [""taco"", ""quesadilla"", ""birria""]}, ""content_evidence"": {""food_spot"": [""location_present""]}}, ""metadata"": {""hashtags"": [""atlblog"", ""atleats"", ""atlfoodie"", ""lawrencevillefood"", ""lawrencevillega""], ""mentions"": [""rrealtacos""], ""likes"": 2542, ""comments"": 94, ""video_views"": 760}}","{""meal_type_evidence"": {""embedding_label"": ""snack"", ""embedding_similarity"": 0.32, ""baseline_label"": ""drinks"", ""baseline_confidence"": 0.75, ""override"": false, ""reason"": ""embedding_disagrees_but_baseline_sufficient""}, ""cuisine_evidence"": {""embedding_cuisines"": [], ""embedding_similarities"": {}, ""baseline_cuisines"": [""mexican""], ""newly_detected"": [], ""removed"": [""mexican""], ""reason"": ""no_strong_embedding_matches_keep_baseline""}, ""content_type_evidence"": {""embedding_label"": ""food_spot"", ""embedding_similarity"": 0.442, ""baseline_label"": ""food_spot"", ""baseline_confidence"": 0.75, ""override"": false, ""reason"": ""embedding_agrees_boost_baseline""}}"
3482327969681593815,drinks,0.75,drinks,0.685,CONFIDENCE_UPDATED,-0.065,"{""meal_type"": ""drinks"", ""cuisines"": [""italian"", ""coffee_cafe""], ""content_type"": ""food_spot"", ""location"": {""name"": ""Atlanta, Georgia"", ""slug"": ""atlanta-georgia""}, ""signals"": {""meal_evidence"": {""dinner"": [""date night""], ""drinks"": [""wine"", ""martini""]}, ""cuisine_evidence"": {""italian"": [""pasta"", ""gnocchi""], ""coffee_cafe"": [""espresso""]}, ""content_evidence"": {""food_spot"": [""location_present""]}}, ""metadata"": {""hashtags"": [""atlblog"", ""atldatenight"", ""atleats"", ""atlfoodie""], ""mentions"": [""atllovesmo"", ""forzastorico"", ""westsideprovisions""], ""likes"": 13181, ""comments"": 173, ""video_views"": 108770}}","{""meal_type_evidence"": {""embedding_label"": ""dinner"", ""embedding_similarity"": 0.326, ""baseline_label"": ""drinks"", ""baseline_confidence"": 0.75, ""override"": false, ""reason"": ""embedding_disagrees_but_baseline_sufficient""}, ""cuisine_evidence"": {""embedding_cuisines"": [], ""embedding_similarities"": {}, ""baseline_cuisines"": [""italian"", ""coffee_cafe""], ""newly_detected"": [], ""removed"": [""coffee_cafe"", ""italian""], ""reason"": ""no_strong_embedding_matches_keep_baseline""}, ""content_type_evidence"": {""embedding_label"": ""food_spot"", ""embedding_similarity"": 0.415, ""baseline_label"": ""food_spot"", ""baseline_confidence"": 0.75, ""override"": false, ""reason"": ""embedding_agrees_boost_baseline""}}"
3439067340409320211,dinner,0.75,dinner,0.685,CONFIDENCE_UPDATED,-0.065,"{""meal_type"": ""dinner"", ""cuisines"": [""american"", ""seafood""], ""content_type"": ""food_spot"", ""location"": {""name"": ""Atlanta, Georgia"", ""slug"": ""atlanta-georgia""}, ""signals"": {""meal_evidence"": {""dinner"": [""dinner"", ""date night""]}, ""cuisine_evidence"": {""american"": [""burger""], ""seafood"": [""seafood"", ""oyster"", ""lobster""]}, ""content_evidence"": {""food_spot"": [""location_present""]}}, ""metadata"": {""hashtags"": [""atlblog"", ""atleats"", ""atlfoodie""], ""mentions"": [""atllovesmo"", ""theoptimistatl""], ""likes"": 4063, ""comments"": 111, ""video_views"": 36932}}","{""meal_type_evidence"": {""embedding_label"": ""snack"", ""embedding_similarity"": 0.377, ""baseline_label"": ""dinner"", ""baseline_confidence"": 0.75, ""override"": false, ""reason"": ""embedding_disagrees_but_baseline_sufficient""}, ""cuisine_evidence"": {""embedding_cuisines"": [""american"", ""seafood""], ""embedding_similarities"": {""american"": 0.428, ""seafood"": 0.451}, ""baseline_cuisines"": [""american"", ""seafood""], ""newly_detected"": [], ""removed"": [], ""reason"": ""embedding_confirms_baseline""}, ""content_type_evidence"": {""embedding_label"": ""food_spot"", ""embedding_similarity"": 0.396, ""baseline_label"": ""food_spot"", ""baseline_confidence"": 0.75, ""override"": false, ""reason"": ""embedding_agrees_boost_baseline""}}"
3418728645152090320,lunch,0.75,lunch,0.685,CONFIDENCE_UPDATED,-0.065,"{""meal_type"": ""lunch"", ""cuisines"": [""american""], ""content_type"": ""food_spot"", ""location"": {""name"": ""Atlanta, Georgia"", ""slug"": ""atlanta-georgia""}, ""signals"": {""meal_evidence"": {""lunch"": [""lunch"", ""sandwich""], ""dinner"": [""dinner""], ""dessert"": [""gelato""], ""drinks"": [""drink"", ""drinks""]}, ""cuisine_evidence"": {""american"": [""burger""]}, ""content_evidence"": {""food_spot"": [""location_present""]}}, ""metadata"": {""hashtags"": [""atlantafoodie"", ""atlblog"", ""atleats"", ""atlfood""], ""mentions"": [""atlantabeltline"", ""boonesatl"", ""buckheadrestaurantweek"", ""livablebuckhead""], ""likes"": 2278, ""comments"": 82, ""video_views"": 36377}}","{""meal_type_evidence"": {""embedding_label"": ""dinner"", ""embedding_similarity"": 0.315, ""baseline_label"": ""lunch"", ""baseline_confidence"": 0.75, ""override"": false, ""reason"": ""embedding_disagrees_but_baseline_sufficient""}, ""cuisine_evidence"": {""embedding_cuisines"": [], ""embedding_similarities"": {}, ""baseline_cuisines"": [""american""], ""newly_detected"": [], ""removed"": [""american""], ""reason"": ""no_strong_embedding_matches_keep_baseline""}, ""content_type_evidence"": {""embedding_label"": ""food_spot"", ""embedding_similarity"": 0.403, ""baseline_label"": ""food_spot"", ""baseline_confidence"": 0.75, ""override"": false, ""reason"": ""embedding_agrees_boost_baseline""}}"
3466326020855429933,drinks,0.75,drinks,0.685,CONFIDENCE_UPDATED,-0.065,"{""meal_type"": ""drinks"", ""cuisines"": [""mexican"", ""italian""], ""content_type"": ""food_spot"", ""location"": {""name"": ""Atlanta, Georgia"", ""slug"": ""atlanta-georgia""}, ""signals"": {""meal_evidence"": {""drinks"": [""mocktail"", ""margarita""]}, ""cuisine_evidence"": {""mexican"": [""taco"", ""birria""], ""italian"": [""pizza""]}, ""content_evidence"": {""food_spot"": [""location_present""]}}, ""metadata"": {""hashtags"": [""atlantaeats"", ""atlblog"", ""atlfoodie""], ""mentions"": [""rrealtacos""], ""likes"": 2943, ""comments"": 83, ""video_views"": 29597}}","{""meal_type_evidence"": {""embedding_label"": ""snack"", ""embedding_similarity"": 0.397, ""baseline_label"": ""drinks"", ""baseline_confidence"": 0.75, ""override"": false, ""reason"": ""embedding_disagrees_but_baseline_sufficient""}, ""cuisine_evidence"": {""embedding_cuisines"": [""mexican""], ""embedding_similarities"": {""mexican"": 0.471}, ""baseline_cuisines"": [""mexican"", ""italian""], ""newly_detected"": [], ""removed"": [""italian""], ""reason"": ""embedding_refined_cuisine_list""}, ""content_type_evidence"": {""embedding_label"": ""food_spot"", ""embedding_similarity"": 0.416, ""baseline_label"": ""food_spot"", ""baseline_confidence"": 0.75, ""override"": false, ""reason"": ""embedding_agrees_boost_baseline""}}"
3536264197874414942,drinks,0.75,drinks,0.685,CONFIDENCE_UPDATED,-0.065,"{""meal_type"": ""drinks"", ""cuisines"": [""italian"", ""coffee_cafe""], ""content_type"": ""food_spot"", ""location"": {""name"": ""Atlanta, Georgia"", ""slug"": ""atlanta-georgia""}, ""signals"": {""meal_evidence"": {""dinner"": [""date night""], ""drinks"": [""wine"", ""martini""]}, ""cuisine_evidence"": {""italian"": [""pasta"", ""gnocchi""], ""coffee_cafe"": [""espresso""]}, ""content_evidence"": {""food_spot"": [""location_present""]}}, ""metadata"": {""hashtags"": [""atlblog"", ""atldatenight"", ""atleats"", ""atlfoodie""], ""mentions"": [""atllovesmo"", ""forzastorico"", ""westsideprovisions""], ""likes"": 3782, ""comments"": 74, ""video_views"": 29317}}","{""meal_type_evidence"": {""embedding_label"": ""snack"", ""embedding_similarity"": 0.322, ""baseline_label"": ""drinks"", ""baseline_confidence"": 0.75, ""override"": false, ""reason"": ""embedding_disagrees_but_baseline_sufficient""}, ""cuisine_evidence"": {""embedding_cuisines"": [], ""embedding_similarities"": {}, ""baseline_cuisines"": [""italian"", ""coffee_cafe""], ""newly_detected"": [], ""removed"": [""coffee_cafe"", ""italian""], ""reason"": ""no_strong_embedding_matches_keep_baseline""}, ""content_type_evidence"": {""embedding_label"": ""food_spot"", ""embedding_similarity"": 0.413, ""baseline_label"": ""food_spot"", ""baseline_confidence"": 0.75, ""override"": false, ""reason"": ""embedding_agrees_boost_baseline""}}"
3617413535232746598,drinks,0.75,drinks,0.685,CONFIDENCE_UPDATED,-0.065,"{""meal_type"": ""drinks"", ""cuisines"": [""italian"", ""japanese"", ""seafood""], ""content_type"": ""food_spot"", ""location"": {""name"": ""Atlanta, Georgia"", ""slug"": ""atlanta-georgia""}, ""signals"": {""meal_evidence"": {""dinner"": [""date night""], ""drinks"": [""cocktail"", ""cocktails""]}, ""cuisine_evidence"": {""italian"": [""pasta""], ""japanese"": [""sushi""], ""seafood"": [""crab""]}, ""content_evidence"": {""food_spot"": [""location_present""]}}, ""metadata"": {""hashtags"": [""atlblog"", ""atldatenight"", ""atleats"", ""atlfoodie""], ""mentions"": [""5churchatlanta"", ""atllovesmo"", ""colonysquareatl""], ""likes"": 3685, ""comments"": 79, ""video_views"": 19679}}","{""meal_type_evidence"": {""embedding_label"": ""dinner"", ""embedding_similarity"": 0.49, ""baseline_label"": ""drinks"", ""baseline_confidence"": 0.75, ""override"": false, ""reason"": ""embedding_disagrees_but_baseline_sufficient""}, ""cuisine_evidence"": {""embedding_cuisines"": [], ""embedding_similarities"": {}, ""baseline_cuisines"": [""italian"", ""japanese"", ""seafood""], ""newly_detected"": [], ""removed"": [""japanese"", ""italian"", ""seafood""], ""reason"": ""no_strong_embedding_matches_keep_baseline""}, ""content_type_evidence"": {""embedding_label"": ""food_spot"", ""embedding_similarity"": 0.399, ""baseline_label"": ""food_spot"", ""baseline_confidence"": 0.75, ""override"": false, ""reason"": ""embedding_agrees_boost_baseline""}}"
3392695635370733726,drinks,0.75,drinks,0.685,CONFIDENCE_UPDATED,-0.065,"{""meal_type"": ""drinks"", ""cuisines"": [""vegan""], ""content_type"": ""food_spot"", ""location"": {""name"": ""Atlanta, Georgia"", ""slug"": ""atlanta-georgia""}, ""signals"": {""meal_evidence"": {""dinner"": [""date night""], ""drinks"": [""cocktail"", ""wine""]}, ""cuisine_evidence"": {""vegan"": [""vegan"", ""plant-based"", ""plant based""]}, ""content_evidence"": {""food_spot"": [""location_present""]}}, ""metadata"": {""hashtags"": [""atlantavegan"", ""atlblog"", ""atldatenight"", ""atlfoodie"", ""atlvegan""], ""mentions"": [""atllovesmo"", ""lasemilla.atl"", ""resy"", ""reynoldstown_atl""], ""likes"": 1451, ""comments"": 115, ""video_views"": 17527}}","{""meal_type_evidence"": {""embedding_label"": ""dinner"", ""embedding_similarity"": 0.366, ""baseline_label"": ""drinks"", ""baseline_confidence"": 0.75, ""override"": false, ""reason"": ""embedding_disagrees_but_baseline_sufficient""}, ""cuisine_evidence"": {""embedding_cuisines"": [""mexican""], ""embedding_similarities"": {""mexican"": 0.493}, ""baseline_cuisines"": [""vegan""], ""newly_detected"": [""mexican""], ""removed"": [""vegan""], ""reason"": ""embedding_refined_cuisine_list""}, ""content_type_evidence"": {""embedding_label"": ""food_spot"", ""embedding_similarity"": 0.387, ""baseline_label"": ""food_spot"", ""baseline_confidence"": 0.75, ""override"": false, ""reason"": ""embedding_agrees_boost_baseline""}}"
3534043104694613278,event,0.75,event,0.685,CONFIDENCE_UPDATED,-0.065,"{""meal_type"": ""drinks"", ""cuisines"": [""mexican"", ""coffee_cafe""], ""content_type"": ""event"", ""location"": {""name"": ""Atlanta, Georgia"", ""slug"": ""atlanta-georgia""}, ""signals"": {""meal_evidence"": {""drinks"": [""bar"", ""martini""]}, ""cuisine_evidence"": {""mexican"": [""taco"", ""birria""], ""coffee_cafe"": [""coffee""]}, ""content_evidence"": {""event"": [""event"", ""live music""]}}, ""metadata"": {""hashtags"": [""atlblog"", ""atleats"", ""atlfoodie""], ""mentions"": [""atllovesmo"", ""butecoatl"", ""thebeaconatl"", ""weemscuisine""], ""likes"": 1406, ""comments"": 80, ""video_views"": 15648}}","{""meal_type_evidence"": {""embedding_label"": ""drinks"", ""embedding_similarity"": 0.386, ""baseline_label"": ""drinks"", ""baseline_confidence"": 0.75, ""override"": false, ""reason"": ""embedding_agrees_boost_baseline""}, ""cuisine_evidence"": {""embedding_cuisines"": [], ""embedding_similarities"": {}, ""baseline_cuisines"": [""mexican"", ""coffee_cafe""], ""newly_detected"": [], ""removed"": [""mexican"", ""coffee_cafe""], ""reason"": ""no_strong_embedding_matches_keep_baseline""}, ""content_type_evidence"": {""embedding_label"": ""food_spot"", ""embedding_similarity"": 0.452, ""baseline_label"": ""event"", ""baseline_confidence"": 0.75, ""override"": false, ""reason"": ""embedding_disagrees_but_baseline_acceptable""}}"
3339502393148552979,breakfast,0.75,breakfast,0.685,CONFIDENCE_UPDATED,-0.065,"{""meal_type"": ""breakfast"", ""cuisines"": [""american"", ""seafood"", ""bakery""], ""content_type"": ""food_spot"", ""location"": {""name"": ""Copeland's of New Orleans - Atlanta"", ""slug"": ""copelands-of-new-orleans-atlanta""}, ""signals"": {""meal_evidence"": {""breakfast"": [""omelet"", ""omelette""], ""brunch"": [""brunch"", ""mimosa""], ""lunch"": [""lunch""], ""dinner"": [""dinner""], ""dessert"": [""dessert"", ""cake""], ""drinks"": [""liquor"", ""gin""]}, ""cuisine_evidence"": {""american"": [""fried chicken""], ""seafood"": [""oyster"", ""shrimp""], ""bakery"": [""bread""]}, ""content_evidence"": {""food_spot"": [""location_present""]}}, ""metadata"": {""hashtags"": [""220"", ""atleats"", ""atlfood"", ""copelandsatlanta"", ""copelandspartner""], ""mentions"": [""copelandsatl""], ""likes"": 698, ""comments"": 102, ""video_views"": 11559}}","{""meal_type_evidence"": {""embedding_label"": ""brunch"", ""embedding_similarity"": 0.496, ""baseline_label"": ""breakfast"", ""baseline_confidence"": 0.75, ""override"": false, ""reason"": ""embedding_disagrees_but_baseline_sufficient""}, ""cuisine_evidence"": {""embedding_cuisines"": [""american""], ""embedding_similarities"": {""american"": 0.471}, ""baseline_cuisines"": [""american"", ""seafood"", ""bakery""], ""newly_detected"": [], ""removed"": [""seafood"", ""bakery""], ""reason"": ""embedding_refined_cuisine_list""}, ""content_type_evidence"": {""embedding_label"": ""food_spot"", ""embedding_similarity"": 0.391, ""baseline_label"": ""food_spot"", ""baseline_confidence"": 0.75, ""override"": false, ""reason"": ""embedding_agrees_boost_baseline""}}"
3829781132800513712,drinks,0.75,drinks,0.685,CONFIDENCE_UPDATED,-0.065,"{""meal_type"": ""drinks"", ""cuisines"": [""bbq""], ""content_type"": ""food_spot"", ""location"": {""name"": ""Atlanta, Georgia"", ""slug"": ""atlanta-georgia""}, ""signals"": {""meal_evidence"": {""lunch"": [""sandwich""], ""dinner"": [""date night""], ""drinks"": [""wine"", ""bar""]}, ""cuisine_evidence"": {""bbq"": [""smoked""]}, ""content_evidence"": {""food_spot"": [""location_present""]}}, ""metadata"": {""hashtags"": [], ""mentions"": [""atllovesmo"", ""bona_fide_deluxe""], ""likes"": 729, ""comments"": 78, ""video_views"": 7547}}","{""meal_type_evidence"": {""embedding_label"": ""snack"", ""embedding_similarity"": 0.343, ""baseline_label"": ""drinks"", ""baseline_confidence"": 0.75, ""override"": false, ""reason"": ""embedding_disagrees_but_baseline_sufficient""}, ""cuisine_evidence"": {""embedding_cuisines"": [""american"", ""bbq""], ""embedding_similarities"": {""american"": 0.463, ""bbq"": 0.405}, ""baseline_cuisines"": [""bbq""], ""newly_detected"": [""american""], ""removed"": [], ""reason"": ""embedding_refined_cuisine_list""}, ""content_type_evidence"": {""embedding_label"": ""food_spot"", ""embedding_similarity"": 0.409, ""baseline_label"": ""food_spot"", ""baseline_confidence"": 0.75, ""override"": false, ""reason"": ""embedding_agrees_boost_baseline""}}"
3161176910100947969,dessert,0.75,dessert,0.685,CONFIDENCE_UPDATED,-0.065,"{""meal_type"": ""dessert"", ""cuisines"": [""mexican"", ""coffee_cafe""], ""content_type"": ""food_spot"", ""location"": {""name"": ""Krog Street Market"", ""slug"": ""krog-street-market""}, ""signals"": {""meal_evidence"": {""dessert"": [""cake"", ""donut""]}, ""cuisine_evidence"": {""mexican"": [""taco""], ""coffee_cafe"": [""coffee"", ""latte""]}, ""content_evidence"": {""food_spot"": [""location_present""]}}, ""metadata"": {""hashtags"": [""atlantacoffeeshops"", ""atlantafood"", ""atlcoffee"", ""atldonut"", ""atlfoodie"", ""atlsweets""], ""mentions"": [""atllovesmo"", ""thekrogdistrictatl"", ""thesaltydonut""], ""likes"": 560, ""comments"": 204, ""video_views"": 6105}}","{""meal_type_evidence"": {""embedding_label"": ""dessert"", ""embedding_similarity"": 0.408, ""baseline_label"": ""dessert"", ""baseline_confidence"": 0.75, ""override"": false, ""reason"": ""embedding_agrees_boost_baseline""}, ""cuisine_evidence"": {""embedding_cuisines"": [], ""embedding_similarities"": {}, ""baseline_cuisines"": [""mexican"", ""coffee_cafe""], ""newly_detected"": [], ""removed"": [""mexican"", ""coffee_cafe""], ""reason"": ""no_strong_embedding_matches_keep_baseline""}, ""content_type_evidence"": {""embedding_label"": ""food_spot"", ""embedding_similarity"": 0.275, ""baseline_label"": ""food_spot"", ""baseline_confidence"": 0.75, ""override"": false, ""reason"": ""weak_embedding_match_keep_baseline""}}"
3660654263379753267,lunch,0.75,lunch,0.685,CONFIDENCE_UPDATED,-0.065,"{""meal_type"": ""lunch"", ""cuisines"": [""bakery"", ""coffee_cafe""], ""content_type"": ""food_spot"", ""location"": {""name"": ""Atlanta, Georgia"", ""slug"": ""atlanta-georgia""}, ""signals"": {""meal_evidence"": {""breakfast"": [""breakfast""], ""brunch"": [""brunch""], ""lunch"": [""lunch"", ""sandwich""], ""dinner"": [""date night""], ""drinks"": [""wine""]}, ""cuisine_evidence"": {""bakery"": [""bread""], ""coffee_cafe"": [""coffee""]}, ""content_evidence"": {""food_spot"": [""location_present""]}}, ""metadata"": {""hashtags"": [""atlanta"", ""atlantabrunch"", ""atlbreakfast"", ""atlcoffee""], ""mentions"": [""academycoffeeatl"", ""atllovesmo"", ""kinshipbutcher_atl""], ""likes"": 957, ""comments"": 56, ""video_views"": 1318}}","{""meal_type_evidence"": {""embedding_label"": ""dinner"", ""embedding_similarity"": 0.433, ""baseline_label"": ""lunch"", ""baseline_confidence"": 0.75, ""override"": false, ""reason"": ""embedding_disagrees_but_baseline_sufficient""}, ""cuisine_evidence"": {""embedding_cuisines"": [""american""], ""embedding_similarities"": {""american"": 0.454}, ""baseline_cuisines"": [""bakery"", ""coffee_cafe""], ""newly_detected"": [""american""], ""removed"": [""coffee_cafe"", ""bakery""], ""reason"": ""embedding_refined_cuisine_list""}, ""content_type_evidence"": {""embedding_label"": ""food_spot"", ""embedding_similarity"": 0.409, ""baseline_label"": ""food_spot"", ""baseline_confidence"": 0.75, ""override"": false, ""reason"": ""embedding_agrees_boost_baseline""}}"
2916949088744374695,drinks,0.75,drinks,0.685,CONFIDENCE_UPDATED,-0.065,"{""meal_type"": ""drinks"", ""cuisines"": [""italian""], ""content_type"": ""food_spot"", ""location"": {""name"": ""Bulla Gastrobar"", ""slug"": ""bulla-gastrobar""}, ""signals"": {""meal_evidence"": {""drinks"": [""bar"", ""happy hour""]}, ""cuisine_evidence"": {""italian"": [""pasta""]}, ""content_evidence"": {""food_spot"": [""location_present""]}}, ""metadata"": {""hashtags"": [""atlanta"", ""atlantaeats"", ""atlantafoodie"", ""atlantatapas"", ""atlantatapasrestaurants"", ""atlblog"", ""atlbucketlist"", ""atldining"", ""atleats"", ""atlfoodie"", ""atloutdoordining"", ""bullagastrobar"", ""eatatlanta"", ""girlsnightatlanta"", ""pasta"", ""spanishtapas"", ""tapas"", ""weloveatl""], ""mentions"": [""bullagastrobar""], ""likes"": 186, ""comments"": 37, ""video_views"": 1254}}","{""meal_type_evidence"": {""embedding_label"": ""snack"", ""embedding_similarity"": 0.352, ""baseline_label"": ""drinks"", ""baseline_confidence"": 0.75, ""override"": false, ""reason"": ""embedding_disagrees_but_baseline_sufficient""}, ""cuisine_evidence"": {""embedding_cuisines"": [""mexican""], ""embedding_similarities"": {""mexican"": 0.433}, ""baseline_cuisines"": [""italian""], ""newly_detected"": [""mexican""], ""removed"": [""italian""], ""reason"": ""embedding_refined_cuisine_list""}, ""content_type_evidence"": {""embedding_label"": ""food_spot"", ""embedding_similarity"": 0.391, ""baseline_label"": ""food_spot"", ""baseline_confidence"": 0.75, ""override"": false, ""reason"": ""embedding_agrees_boost_baseline""}}"
3591713159066904501,drinks,0.75,drinks,0.685,CONFIDENCE_UPDATED,-0.065,"{""meal_type"": ""drinks"", ""cuisines"": [""seafood""], ""content_type"": ""food_spot"", ""location"": {""name"": ""Atlanta, Georgia"", ""slug"": ""atlanta-georgia""}, ""signals"": {""meal_evidence"": {""drinks"": [""cocktail"", ""cocktails""]}, ""cuisine_evidence"": {""seafood"": [""seafood"", ""fish""]}, ""content_evidence"": {""food_spot"": [""location_present""]}}, ""metadata"": {""hashtags"": [""atlblog"", ""atleats"", ""atlfoodie""], ""mentions"": [""atllovesmo"", ""theoptimistatl""], ""likes"": 1693, ""comments"": 129, ""video_views"": null}}","{""meal_type_evidence"": {""embedding_label"": ""snack"", ""embedding_similarity"": 0.314, ""baseline_label"": ""drinks"", ""baseline_confidence"": 0.75, ""override"": false, ""reason"": ""embedding_disagrees_but_baseline_sufficient""}, ""cuisine_evidence"": {""embedding_cuisines"": [], ""embedding_similarities"": {}, ""baseline_cuisines"": [""seafood""], ""newly_detected"": [], ""removed"": [""seafood""], ""reason"": ""no_strong_embedding_matches_keep_baseline""}, ""content_type_evidence"": {""embedding_label"": ""food_spot"", ""embedding_similarity"": 0.406, ""baseline_label"": ""food_spot"", ""baseline_confidence"": 0.75, ""override"": false, ""reason"": ""embedding_agrees_boost_baseline""}}"
2723708263374371159,drinks,0.75,drinks,0.685,CONFIDENCE_UPDATED,-0.065,"{""meal_type"": ""drinks"", ""cuisines"": [], ""content_type"": ""food_spot"", ""location"": {""name"": ""Banshee"", ""slug"": ""banshee""}, ""signals"": {""meal_evidence"": {""drinks"": [""cocktail"", ""cocktails""]}, ""cuisine_evidence"": {}, ""content_evidence"": {""food_spot"": [""location_present""]}}, ""metadata"": {""hashtags"": [], ""mentions"": [""banshee_eav""], ""likes"": 140, ""comments"": 33, ""video_views"": null}}","{""meal_type_evidence"": {""embedding_label"": ""drinks"", ""embedding_similarity"": 0.4, ""baseline_label"": ""drinks"", ""baseline_confidence"": 0.75, ""override"": false, ""reason"": ""embedding_agrees_boost_baseline""}, ""cuisine_evidence"": {""embedding_cuisines"": [], ""embedding_similarities"": {}, ""baseline_cuisines"": [], ""newly_detected"": [], ""removed"": [], ""reason"": ""no_strong_embedding_matches_keep_baseline""}, ""content_type_evidence"": {""embedding_label"": ""food_spot"", ""embedding_similarity"": 0.252, ""baseline_label"": ""food_spot"", ""baseline_confidence"": 0.75, ""override"": false, ""reason"": ""weak_embedding_match_keep_baseline""}}"
3313422007259649008,drinks,0.75,drinks,0.684,CONFIDENCE_UPDATED,-0.066,"{""meal_type"": ""drinks"", ""cuisines"": [], ""content_type"": ""food_spot"", ""location"": {""name"": ""Little Sparrow"", ""slug"": ""little-sparrow""}, ""signals"": {""meal_evidence"": {""dinner"": [""dinner""], ""dessert"": [""ice cream""], ""drinks"": [""cocktail"", ""bar""]}, ""cuisine_evidence"": {}, ""content_evidence"": {""food_spot"": [""location_present""]}}, ""metadata"": {""hashtags"": [""atlantafoodie"", ""atlbar"", ""atldatenight"", ""atleats""], ""mentions"": [""atllovesmo"", ""littlesparrowatlanta""], ""likes"": 24392, ""comments"": 202, ""video_views"": 197326}}","{""meal_type_evidence"": {""embedding_label"": ""dinner"", ""embedding_similarity"": 0.362, ""baseline_label"": ""drinks"", ""baseline_confidence"": 0.75, ""override"": false, ""reason"": ""embedding_disagrees_but_baseline_sufficient""}, ""cuisine_evidence"": {""embedding_cuisines"": [], ""embedding_similarities"": {}, ""baseline_cuisines"": [], ""newly_detected"": [], ""removed"": [], ""reason"": ""no_strong_embedding_matches_keep_baseline""}, ""content_type_evidence"": {""embedding_label"": ""food_spot"", ""embedding_similarity"": 0.361, ""baseline_label"": ""food_spot"", ""baseline_confidence"": 0.75, ""override"": false, ""reason"": ""embedding_agrees_boost_baseline""}}"
3290954523383368526,dessert,0.75,dessert,0.684,CONFIDENCE_UPDATED,-0.066,"{""meal_type"": ""dessert"", ""cuisines"": [], ""content_type"": ""food_spot"", ""location"": {""name"": ""Doodle Pies"", ""slug"": ""doodle-pies""}, ""signals"": {""meal_evidence"": {""dessert"": [""dessert"", ""ice cream""]}, ""cuisine_evidence"": {}, ""content_evidence"": {""food_spot"": [""location_present""]}}, ""metadata"": {""hashtags"": [""atlantaeats"", ""atldessert"", ""atlfoodie"", ""roswell""], ""mentions"": [""atllovesmo"", ""doodlepiesroswell.""], ""likes"": 4268, ""comments"": 113, ""video_views"": 50091}}","{""meal_type_evidence"": {""embedding_label"": ""dessert"", ""embedding_similarity"": 0.376, ""baseline_label"": ""dessert"", ""baseline_confidence"": 0.75, ""override"": false, ""reason"": ""embedding_agrees_boost_baseline""}, ""cuisine_evidence"": {""embedding_cuisines"": [], ""embedding_similarities"": {}, ""baseline_cuisines"": [], ""newly_detected"": [], ""removed"": [], ""reason"": ""no_strong_embedding_matches_keep_baseline""}, ""content_type_evidence"": {""embedding_label"": ""food_spot"", ""embedding_similarity"": 0.276, ""baseline_label"": ""food_spot"", ""baseline_confidence"": 0.75, ""override"": false, ""reason"": ""weak_embedding_match_keep_baseline""}}"
3282995009359000068,drinks,0.75,drinks,0.684,CONFIDENCE_UPDATED,-0.066,"{""meal_type"": ""drinks"", ""cuisines"": [""american""], ""content_type"": ""food_spot"", ""location"": {""name"": ""Torched Hop Brewing Company"", ""slug"": ""torched-hop-brewing-company""}, ""signals"": {""meal_evidence"": {""lunch"": [""sandwich""], ""drinks"": [""beer"", ""brewery""]}, ""cuisine_evidence"": {""american"": [""burger""]}, ""content_evidence"": {""food_spot"": [""location_present""]}}, ""metadata"": {""hashtags"": [""atlantabrewery"", ""atlantaeats"", ""atlbeer"", ""atlfoodie"", ""hosted""], ""mentions"": [""atllovesmo"", ""torchedhopbrewing""], ""likes"": 3068, ""comments"": 103, ""video_views"": 33363}}","{""meal_type_evidence"": {""embedding_label"": ""snack"", ""embedding_similarity"": 0.358, ""baseline_label"": ""drinks"", ""baseline_confidence"": 0.75, ""override"": false, ""reason"": ""embedding_disagrees_but_baseline_sufficient""}, ""cuisine_evidence"": {""embedding_cuisines"": [""american""], ""embedding_similarities"": {""american"": 0.444}, ""baseline_cuisines"": [""american""], ""newly_detected"": [], ""removed"": [], ""reason"": ""embedding_confirms_baseline""}, ""content_type_evidence"": {""embedding_label"": ""food_spot"", ""embedding_similarity"": 0.371, ""baseline_label"": ""food_spot"", ""baseline_confidence"": 0.75, ""override"": false, ""reason"": ""embedding_agrees_boost_baseline""}}"
3837520278327504950,drinks,0.75,drinks,0.684,CONFIDENCE_UPDATED,-0.066,"{""meal_type"": ""drinks"", ""cuisines"": [""mediterranean"", ""seafood""], ""content_type"": ""food_spot"", ""location"": {""name"": ""Atlanta, Georgia"", ""slug"": ""atlanta-georgia""}, ""signals"": {""meal_evidence"": {""dinner"": [""date night""], ""drinks"": [""cocktail"", ""wine""]}, ""cuisine_evidence"": {""mediterranean"": [""mediterranean""], ""seafood"": [""seafood""]}, ""content_evidence"": {""food_spot"": [""location_present""]}}, ""metadata"": {""hashtags"": [], ""mentions"": [""atllovesmo"", ""azaraatl""], ""likes"": 4176, ""comments"": 95, ""video_views"": 27672}}","{""meal_type_evidence"": {""embedding_label"": ""lunch"", ""embedding_similarity"": 0.373, ""baseline_label"": ""drinks"", ""baseline_confidence"": 0.75, ""override"": false, ""reason"": ""embedding_disagrees_but_baseline_sufficient""}, ""cuisine_evidence"": {""embedding_cuisines"": [], ""embedding_similarities"": {}, ""baseline_cuisines"": [""mediterranean"", ""seafood""], ""newly_detected"": [], ""removed"": [""mediterranean"", ""seafood""], ""reason"": ""no_strong_embedding_matches_keep_baseline""}, ""content_type_evidence"": {""embedding_label"": ""food_spot"", ""embedding_similarity"": 0.366, ""baseline_label"": ""food_spot"", ""baseline_confidence"": 0.75, ""override"": false, ""reason"": ""embedding_agrees_boost_baseline""}}"
3152491518904214717,lunch,0.75,lunch,0.684,CONFIDENCE_UPDATED,-0.066,"{""meal_type"": ""lunch"", ""cuisines"": [""bakery""], ""content_type"": ""food_spot"", ""location"": {""name"": ""Henri's Bakery & Deli"", ""slug"": ""henris-bakery-deli""}, ""signals"": {""meal_evidence"": {""breakfast"": [""breakfast""], ""lunch"": [""lunch"", ""sandwich""]}, ""cuisine_evidence"": {""bakery"": [""bakery"", ""croissant""]}, ""content_evidence"": {""food_spot"": [""location_present""]}}, ""metadata"": {""hashtags"": [""atlantafood"", ""atlantastaples"", ""atlfood"", ""atlfoodie""], ""mentions"": [""atllovesmo"", ""henrisbakery1929""], ""likes"": 2497, ""comments"": 49, ""video_views"": 27658}}","{""meal_type_evidence"": {""embedding_label"": ""snack"", ""embedding_similarity"": 0.38, ""baseline_label"": ""lunch"", ""baseline_confidence"": 0.75, ""override"": false, ""reason"": ""embedding_disagrees_but_baseline_sufficient""}, ""cuisine_evidence"": {""embedding_cuisines"": [""american""], ""embedding_similarities"": {""american"": 0.425}, ""baseline_cuisines"": [""bakery""], ""newly_detected"": [""american""], ""removed"": [""bakery""], ""reason"": ""embedding_refined_cuisine_list""}, ""content_type_evidence"": {""embedding_label"": ""food_spot"", ""embedding_similarity"": 0.354, ""baseline_label"": ""food_spot"", ""baseline_confidence"": 0.75, ""override"": false, ""reason"": ""embedding_agrees_boost_baseline""}}"
3738138529500307550,dessert,0.75,dessert,0.684,CONFIDENCE_UPDATED,-0.066,"{""meal_type"": ""dessert"", ""cuisines"": [""italian"", ""coffee_cafe""], ""content_type"": ""food_spot"", ""location"": {""name"": ""Sandy Spring, GA"", ""slug"": ""sandy-spring-ga""}, ""signals"": {""meal_evidence"": {""dessert"": [""gelato"", ""cake""], ""drinks"": [""cocktail"", ""martini""]}, ""cuisine_evidence"": {""italian"": [""pasta"", ""pizza""], ""coffee_cafe"": [""espresso""]}, ""content_evidence"": {""food_spot"": [""location_present""]}}, ""metadata"": {""hashtags"": [""atlblog"", ""atlfoodie"", ""thingstodoinatlanta""], ""mentions"": [""atllovesmo"", ""sunnysidepizzeria""], ""likes"": 1316, ""comments"": 57, ""video_views"": 14587}}","{""meal_type_evidence"": {""embedding_label"": ""snack"", ""embedding_similarity"": 0.353, ""baseline_label"": ""dessert"", ""baseline_confidence"": 0.75, ""override"": false, ""reason"": ""embedding_disagrees_but_baseline_sufficient""}, ""cuisine_evidence"": {""embedding_cuisines"": [""american"", ""italian""], ""embedding_similarities"": {""american"": 0.415, ""italian"": 0.423}, ""baseline_cuisines"": [""italian"", ""coffee_cafe""], ""newly_detected"": [""american""], ""removed"": [""coffee_cafe""], ""reason"": ""embedding_refined_cuisine_list""}, ""content_type_evidence"": {""embedding_label"": ""food_spot"", ""embedding_similarity"": 0.356, ""baseline_label"": ""food_spot"", ""baseline_confidence"": 0.75, ""override"": false, ""reason"": ""embedding_agrees_boost_baseline""}}"
3414879540760314895,drinks,0.75,drinks,0.684,CONFIDENCE_UPDATED,-0.066,"{""meal_type"": ""drinks"", ""cuisines"": [""mexican"", ""vegan""], ""content_type"": ""food_spot"", ""location"": {""name"": ""MamiTaco Marietta"", ""slug"": ""mamitaco-marietta""}, ""signals"": {""meal_evidence"": {""brunch"": [""brunch""], ""lunch"": [""lunch""], ""dinner"": [""dinner""], ""drinks"": [""cocktail"", ""cocktails""]}, ""cuisine_evidence"": {""mexican"": [""mexican"", ""taco"", ""burrito"", ""birria""], ""vegan"": [""vegan""]}, ""content_evidence"": {""food_spot"": [""location_present""]}}, ""metadata"": {""hashtags"": [""atlantafoodie"", ""atlblog"", ""atleats"", ""mariettaga""], ""mentions"": [""atllovesmo"", ""mamitacomarietta""], ""likes"": 971, ""comments"": 463, ""video_views"": 10578}}","{""meal_type_evidence"": {""embedding_label"": ""snack"", ""embedding_similarity"": 0.462, ""baseline_label"": ""drinks"", ""baseline_confidence"": 0.75, ""override"": false, ""reason"": ""embedding_disagrees_but_baseline_sufficient""}, ""cuisine_evidence"": {""embedding_cuisines"": [""mexican""], ""embedding_similarities"": {""mexican"": 0.509}, ""baseline_cuisines"": [""mexican"", ""vegan""], ""newly_detected"": [], ""removed"": [""vegan""], ""reason"": ""embedding_refined_cuisine_list""}, ""content_type_evidence"": {""embedding_label"": ""food_spot"", ""embedding_similarity"": 0.352, ""baseline_label"": ""food_spot"", ""baseline_confidence"": 0.75, ""override"": false, ""reason"": ""embedding_agrees_boost_baseline""}}"
3656491742858792190,drinks,0.75,drinks,0.684,CONFIDENCE_UPDATED,-0.066,"{""meal_type"": ""drinks"", ""cuisines"": [""mexican"", ""italian""], ""content_type"": ""food_spot"", ""location"": {""name"": ""Atlanta, Georgia"", ""slug"": ""atlanta-georgia""}, ""signals"": {""meal_evidence"": {""drinks"": [""drink"", ""margarita""]}, ""cuisine_evidence"": {""mexican"": [""taco"", ""birria""], ""italian"": [""pizza""]}, ""content_evidence"": {""food_spot"": [""location_present""]}}, ""metadata"": {""hashtags"": [""atlblog"", ""atleats"", ""atlfood"", ""watermelon""], ""mentions"": [""rrealtacos""], ""likes"": 1150, ""comments"": 82, ""video_views"": 722}}","{""meal_type_evidence"": {""embedding_label"": ""snack"", ""embedding_similarity"": 0.356, ""baseline_label"": ""drinks"", ""baseline_confidence"": 0.75, ""override"": false, ""reason"": ""embedding_disagrees_but_baseline_sufficient""}, ""cuisine_evidence"": {""embedding_cuisines"": [], ""embedding_similarities"": {}, ""baseline_cuisines"": [""mexican"", ""italian""], ""newly_detected"": [], ""removed"": [""mexican"", ""italian""], ""reason"": ""no_strong_embedding_matches_keep_baseline""}, ""content_type_evidence"": {""embedding_label"": ""food_spot"", ""embedding_similarity"": 0.354, ""baseline_label"": ""food_spot"", ""baseline_confidence"": 0.75, ""override"": false, ""reason"": ""embedding_agrees_boost_baseline""}}"
2633872157812046506,drinks,0.75,drinks,0.684,CONFIDENCE_UPDATED,-0.066,"{""meal_type"": ""drinks"", ""cuisines"": [""vegan""], ""content_type"": ""food_spot"", ""location"": {""name"": ""LEE + WHITE"", ""slug"": ""lee-white""}, ""signals"": {""meal_evidence"": {""dinner"": [""date night""], ""drinks"": [""cocktail"", ""cocktails""]}, ""cuisine_evidence"": {""vegan"": [""vegan""]}, ""content_evidence"": {""food_spot"": [""location_present""]}}, ""metadata"": {""hashtags"": [], ""mentions"": [""boxcaratl.""], ""likes"": 83, ""comments"": 11, ""video_views"": null}}","{""meal_type_evidence"": {""embedding_label"": ""dinner"", ""embedding_similarity"": 0.432, ""baseline_label"": ""drinks"", ""baseline_confidence"": 0.75, ""override"": false, ""reason"": ""embedding_disagrees_but_baseline_sufficient""}, ""cuisine_evidence"": {""embedding_cuisines"": [""vegan""], ""embedding_similarities"": {""vegan"": 0.406}, ""baseline_cuisines"": [""vegan""], ""newly_detected"": [], ""removed"": [], ""reason"": ""embedding_confirms_baseline""}, ""content_type_evidence"": {""embedding_label"": ""food_spot"", ""embedding_similarity"": 0.363, ""baseline_label"": ""food_spot"", ""baseline_confidence"": 0.75, ""override"": false, ""reason"": ""embedding_agrees_boost_baseline""}}"
3585453217095162059,event,0.75,event,0.683,CONFIDENCE_UPDATED,-0.067,"{""meal_type"": ""dinner"", ""cuisines"": [], ""content_type"": ""event"", ""location"": {""name"": ""Atlanta, Georgia"", ""slug"": ""atlanta-georgia""}, ""signals"": {""meal_evidence"": {""dinner"": [""date night""]}, ""cuisine_evidence"": {}, ""content_evidence"": {""event"": [""event"", ""market""]}}, ""metadata"": {""hashtags"": [""atlblog"", ""atldatenight"", ""atleats""], ""mentions"": [""atllovesmo"", ""thesupermarket.atl""], ""likes"": 2262, ""comments"": 59, ""video_views"": 14376}}","{""meal_type_evidence"": {""embedding_label"": ""dinner"", ""embedding_similarity"": 0.304, ""baseline_label"": ""dinner"", ""baseline_confidence"": 0.75, ""override"": false, ""reason"": ""embedding_agrees_boost_baseline""}, ""cuisine_evidence"": {""embedding_cuisines"": [], ""embedding_similarities"": {}, ""baseline_cuisines"": [], ""newly_detected"": [], ""removed"": [], ""reason"": ""no_strong_embedding_matches_keep_baseline""}, ""content_type_evidence"": {""embedding_label"": ""food_spot"", ""embedding_similarity"": 0.437, ""baseline_label"": ""event"", ""baseline_confidence"": 0.75, ""override"": false, ""reason"": ""embedding_disagrees_but_baseline_acceptable""}}"
3821037667698722836,dinner,0.75,dinner,0.683,CONFIDENCE_UPDATED,-0.067,"{""meal_type"": ""dinner"", ""cuisines"": [], ""content_type"": ""food_spot"", ""location"": {""name"": ""Atlanta, Georgia"", ""slug"": ""atlanta-georgia""}, ""signals"": {""meal_evidence"": {""dinner"": [""dinner"", ""date night""], ""drinks"": [""cocktail"", ""cocktails""]}, ""cuisine_evidence"": {}, ""content_evidence"": {""food_spot"": [""location_present""]}}, ""metadata"": {""hashtags"": [], ""mentions"": [""atllovesmo"", ""zakiarestaurant""], ""likes"": 1559, ""comments"": 1952, ""video_views"": 13369}}","{""meal_type_evidence"": {""embedding_label"": ""dinner"", ""embedding_similarity"": 0.332, ""baseline_label"": ""dinner"", ""baseline_confidence"": 0.75, ""override"": false, ""reason"": ""embedding_agrees_boost_baseline""}, ""cuisine_evidence"": {""embedding_cuisines"": [], ""embedding_similarities"": {}, ""baseline_cuisines"": [], ""newly_detected"": [], ""removed"": [], ""reason"": ""no_strong_embedding_matches_keep_baseline""}, ""content_type_evidence"": {""embedding_label"": ""food_spot"", ""embedding_similarity"": 0.268, ""baseline_label"": ""food_spot"", ""baseline_confidence"": 0.75, ""override"": false, ""reason"": ""weak_embedding_match_keep_baseline""}}"
2992653094153625521,lunch,0.75,lunch,0.683,CONFIDENCE_UPDATED,-0.067,"{""meal_type"": ""lunch"", ""cuisines"": [""italian""], ""content_type"": ""mixed"", ""location"": {""name"": null, ""slug"": null}, ""signals"": {""meal_evidence"": {""lunch"": [""lunch"", ""sandwich""]}, ""cuisine_evidence"": {""italian"": [""pizza""]}, ""content_evidence"": {}}, ""metadata"": {""hashtags"": [], ""mentions"": [""sunnysidepizzeria""], ""likes"": 143, ""comments"": 43, ""video_views"": 1158}}","{""meal_type_evidence"": {""embedding_label"": ""lunch"", ""embedding_similarity"": 0.33, ""baseline_label"": ""lunch"", ""baseline_confidence"": 0.75, ""override"": false, ""reason"": ""embedding_agrees_boost_baseline""}, ""cuisine_evidence"": {""embedding_cuisines"": [], ""embedding_similarities"": {}, ""baseline_cuisines"": [""italian""], ""newly_detected"": [], ""removed"": [""italian""], ""reason"": ""no_strong_embedding_matches_keep_baseline""}, ""content_type_evidence"": {""embedding_label"": ""food_spot"", ""embedding_similarity"": 0.387, ""baseline_label"": ""mixed"", ""baseline_confidence"": 0.75, ""override"": false, ""reason"": ""embedding_disagrees_but_baseline_acceptable""}}"
3804401703568138525,event,0.8,event,0.73,CONFIDENCE_UPDATED,-0.07,"{""meal_type"": ""drinks"", ""cuisines"": [""coffee_cafe""], ""content_type"": ""event"", ""location"": {""name"": ""Atlanta, Georgia"", ""slug"": ""atlanta-georgia""}, ""signals"": {""meal_evidence"": {""drinks"": [""bar""]}, ""cuisine_evidence"": {""coffee_cafe"": [""coffee"", ""latte""]}, ""content_evidence"": {""event"": [""event"", ""market"", ""live music""]}}, ""metadata"": {""hashtags"": [], ""mentions"": [""atllovesmo"", ""fernbankmuseum"", ""opocoffee."", ""thesupermarket.atl""], ""likes"": 1206, ""comments"": 92, ""video_views"": 12085}}","{""meal_type_evidence"": {""embedding_label"": ""drinks"", ""embedding_similarity"": 0.392, ""baseline_label"": ""drinks"", ""baseline_confidence"": 0.8, ""override"": false, ""reason"": ""embedding_agrees_boost_baseline""}, ""cuisine_evidence"": {""embedding_cuisines"": [], ""embedding_similarities"": {}, ""baseline_cuisines"": [""coffee_cafe""], ""newly_detected"": [], ""removed"": [""coffee_cafe""], ""reason"": ""no_strong_embedding_matches_keep_baseline""}, ""content_type_evidence"": {""embedding_label"": ""activity"", ""embedding_similarity"": 0.405, ""baseline_label"": ""event"", ""baseline_confidence"": 0.8, ""override"": false, ""reason"": ""embedding_disagrees_but_baseline_acceptable""}}"
3703602885036917980,dinner,0.85,dinner,0.779,CONFIDENCE_UPDATED,-0.071,"{""meal_type"": ""dinner"", ""cuisines"": [], ""content_type"": ""food_spot"", ""location"": {""name"": ""Atlanta, Georgia"", ""slug"": ""atlanta-georgia""}, ""signals"": {""meal_evidence"": {""dinner"": [""dinner"", ""date night"", ""tasting menu""], ""dessert"": [""dessert""], ""drinks"": [""cocktail"", ""cocktails"", ""bar""]}, ""cuisine_evidence"": {}, ""content_evidence"": {""food_spot"": [""location_present""]}}, ""metadata"": {""hashtags"": [""atlblog"", ""atldatenight"", ""atlfoodie""], ""mentions"": [""atllovesmo"", ""austin_mcewen."", ""lazybettyatl""], ""likes"": 888, ""comments"": 67, ""video_views"": 9233}}","{""meal_type_evidence"": {""embedding_label"": ""drinks"", ""embedding_similarity"": 0.472, ""baseline_label"": ""dinner"", ""baseline_confidence"": 0.85, ""override"": false, ""reason"": ""embedding_disagrees_but_baseline_sufficient""}, ""cuisine_evidence"": {""embedding_cuisines"": [], ""embedding_similarities"": {}, ""baseline_cuisines"": [], ""newly_detected"": [], ""removed"": [], ""reason"": ""no_strong_embedding_matches_keep_baseline""}, ""content_type_evidence"": {""embedding_label"": ""food_spot"", ""embedding_similarity"": 0.562, ""baseline_label"": ""food_spot"", ""baseline_confidence"": 0.85, ""override"": false, ""reason"": ""embedding_agrees_boost_baseline""}}"
3723878707565288862,event,0.8,event,0.729,CONFIDENCE_UPDATED,-0.071,"{""meal_type"": ""drinks"", ""cuisines"": [], ""content_type"": ""event"", ""location"": {""name"": ""Atlanta, Georgia"", ""slug"": ""atlanta-georgia""}, ""signals"": {""meal_evidence"": {""dinner"": [""date night""], ""drinks"": [""cocktail"", ""wine""]}, ""cuisine_evidence"": {}, ""content_evidence"": {""event"": [""event"", ""live music"", ""ticket""]}}, ""metadata"": {""hashtags"": [], ""mentions"": [""georgiaaquarium""], ""likes"": 1442, ""comments"": 67, ""video_views"": 8794}}","{""meal_type_evidence"": {""embedding_label"": ""drinks"", ""embedding_similarity"": 0.346, ""baseline_label"": ""drinks"", ""baseline_confidence"": 0.8, ""override"": false, ""reason"": ""embedding_agrees_boost_baseline""}, ""cuisine_evidence"": {""embedding_cuisines"": [], ""embedding_similarities"": {}, ""baseline_cuisines"": [], ""newly_detected"": [], ""removed"": [], ""reason"": ""no_strong_embedding_matches_keep_baseline""}, ""content_type_evidence"": {""embedding_label"": ""food_spot"", ""embedding_similarity"": 0.271, ""baseline_label"": ""event"", ""baseline_confidence"": 0.8, ""override"": false, ""reason"": ""weak_embedding_match_keep_baseline""}}"
3303291360700854001,event,0.8,event,0.728,CONFIDENCE_UPDATED,-0.072,"{""meal_type"": ""dinner"", ""cuisines"": [], ""content_type"": ""event"", ""location"": {""name"": ""Fernbank Museum of Natural History"", ""slug"": ""fernbank-museum-of-natural-history""}, ""signals"": {""meal_evidence"": {""dinner"": [""date night""], ""drinks"": [""bar""]}, ""cuisine_evidence"": {}, ""content_evidence"": {""event"": [""event"", ""live music"", ""ticket""]}}, ""metadata"": {""hashtags"": [""atlblog"", ""atldatenight"", ""atlmuseum"", ""thingstodoinatlanta""], ""mentions"": [""atllovesmo"", ""fernbankmuseum""], ""likes"": 2567, ""comments"": 87, ""video_views"": 15566}}","{""meal_type_evidence"": {""embedding_label"": ""dinner"", ""embedding_similarity"": 0.316, ""baseline_label"": ""dinner"", ""baseline_confidence"": 0.8, ""override"": false, ""reason"": ""embedding_agrees_boost_baseline""}, ""cuisine_evidence"": {""embedding_cuisines"": [], ""embedding_similarities"": {}, ""baseline_cuisines"": [], ""newly_detected"": [], ""removed"": [], ""reason"": ""no_strong_embedding_matches_keep_baseline""}, ""content_type_evidence"": {""embedding_label"": ""activity"", ""embedding_similarity"": 0.458, ""baseline_label"": ""event"", ""baseline_confidence"": 0.8, ""override"": false, ""reason"": ""embedding_disagrees_but_baseline_acceptable""}}"
3805108444152832572,drinks,0.85,drinks,0.778,CONFIDENCE_UPDATED,-0.072,"{""meal_type"": ""drinks"", ""cuisines"": [""thai"", ""indian""], ""content_type"": ""food_spot"", ""location"": {""name"": ""Atlanta, Georgia"", ""slug"": ""atlanta-georgia""}, ""signals"": {""meal_evidence"": {""dinner"": [""date night""], ""drinks"": [""cocktail"", ""bar"", ""mocktail""]}, ""cuisine_evidence"": {""thai"": [""thai""], ""indian"": [""curry""]}, ""content_evidence"": {""food_spot"": [""location_present""]}}, ""metadata"": {""hashtags"": [], ""mentions"": [""26thai"", ""atllovesmo"", ""pinklotusthai""], ""likes"": 1633, ""comments"": 82, ""video_views"": 14742}}","{""meal_type_evidence"": {""embedding_label"": ""dinner"", ""embedding_similarity"": 0.453, ""baseline_label"": ""drinks"", ""baseline_confidence"": 0.85, ""override"": false, ""reason"": ""embedding_disagrees_but_baseline_sufficient""}, ""cuisine_evidence"": {""embedding_cuisines"": [""american"", ""thai""], ""embedding_similarities"": {""american"": 0.419, ""thai"": 0.484}, ""baseline_cuisines"": [""thai"", ""indian""], ""newly_detected"": [""american""], ""removed"": [""indian""], ""reason"": ""embedding_refined_cuisine_list""}, ""content_type_evidence"": {""embedding_label"": ""food_spot"", ""embedding_similarity"": 0.537, ""baseline_label"": ""food_spot"", ""baseline_confidence"": 0.85, ""override"": false, ""reason"": ""embedding_agrees_boost_baseline""}}"
3839850548602936993,drinks,0.85,drinks,0.778,CONFIDENCE_UPDATED,-0.072,"{""meal_type"": ""drinks"", ""cuisines"": [""italian"", ""japanese""], ""content_type"": ""food_spot"", ""location"": {""name"": ""Atlanta, Georgia"", ""slug"": ""atlanta-georgia""}, ""signals"": {""meal_evidence"": {""dinner"": [""date night""], ""drinks"": [""cocktail"", ""cocktails"", ""bar""]}, ""cuisine_evidence"": {""italian"": [""italian"", ""pasta"", ""pizza""], ""japanese"": [""sushi""]}, ""content_evidence"": {""food_spot"": [""location_present""]}}, ""metadata"": {""hashtags"": [], ""mentions"": [""atllovesmo"", ""fumatl"", ""kinjoroom"", ""krogbar_pizza_"", ""starmetalsatl"", ""theinterlockatl""], ""likes"": 975, ""comments"": 55, ""video_views"": 7774}}","{""meal_type_evidence"": {""embedding_label"": ""dinner"", ""embedding_similarity"": 0.319, ""baseline_label"": ""drinks"", ""baseline_confidence"": 0.85, ""override"": false, ""reason"": ""embedding_disagrees_but_baseline_sufficient""}, ""cuisine_evidence"": {""embedding_cuisines"": [], ""embedding_similarities"": {}, ""baseline_cuisines"": [""italian"", ""japanese""], ""newly_detected"": [], ""removed"": [""japanese"", ""italian""], ""reason"": ""no_strong_embedding_matches_keep_baseline""}, ""content_type_evidence"": {""embedding_label"": ""food_spot"", ""embedding_similarity"": 0.529, ""baseline_label"": ""food_spot"", ""baseline_confidence"": 0.85, ""override"": false, ""reason"": ""embedding_agrees_boost_baseline""}}"
3659918084393047392,dinner,0.85,dinner,0.778,CONFIDENCE_UPDATED,-0.072,"{""meal_type"": ""dinner"", ""cuisines"": [], ""content_type"": ""food_spot"", ""location"": {""name"": ""Atlanta, Georgia"", ""slug"": ""atlanta-georgia""}, ""signals"": {""meal_evidence"": {""dinner"": [""dinner"", ""date night"", ""tasting menu""], ""dessert"": [""dessert""], ""drinks"": [""cocktail"", ""cocktails"", ""bar""]}, ""cuisine_evidence"": {}, ""content_evidence"": {""food_spot"": [""location_present""]}}, ""metadata"": {""hashtags"": [""atlblog"", ""atldatenight"", ""atlfoodie""], ""mentions"": [""atllovesmo"", ""lazybettyatl""], ""likes"": 801, ""comments"": 62, ""video_views"": 727}}","{""meal_type_evidence"": {""embedding_label"": ""drinks"", ""embedding_similarity"": 0.472, ""baseline_label"": ""dinner"", ""baseline_confidence"": 0.85, ""override"": false, ""reason"": ""embedding_disagrees_but_baseline_sufficient""}, ""cuisine_evidence"": {""embedding_cuisines"": [], ""embedding_similarities"": {}, ""baseline_cuisines"": [], ""newly_detected"": [], ""removed"": [], ""reason"": ""no_strong_embedding_matches_keep_baseline""}, ""content_type_evidence"": {""embedding_label"": ""food_spot"", ""embedding_similarity"": 0.514, ""baseline_label"": ""food_spot"", ""baseline_confidence"": 0.85, ""override"": false, ""reason"": ""embedding_agrees_boost_baseline""}}"
3307637609050739210,event,0.85,event,0.777,CONFIDENCE_UPDATED,-0.073,"{""meal_type"": ""dinner"", ""cuisines"": [""seafood""], ""content_type"": ""event"", ""location"": {""name"": ""LEE + WHITE"", ""slug"": ""lee-white""}, ""signals"": {""meal_evidence"": {""lunch"": [""lunch""], ""dinner"": [""date night"", ""supper"", ""tasting menu""], ""drinks"": [""bar""]}, ""cuisine_evidence"": {""seafood"": [""oyster""]}, ""content_evidence"": {""event"": [""market""]}}, ""metadata"": {""hashtags"": [""atldatenight"", ""atleats"", ""atlfoodie"", ""thingstodoinatlanta""], ""mentions"": [""atllovesmo"", ""bovinoafterdark"", ""herobovinoatl"", ""hopcityatl"", ""leeandwhite"", ""resy"", ""saltyourfood_atl""], ""likes"": 8812, ""comments"": 162, ""video_views"": 113730}}","{""meal_type_evidence"": {""embedding_label"": ""dinner"", ""embedding_similarity"": 0.485, ""baseline_label"": ""dinner"", ""baseline_confidence"": 0.85, ""override"": false, ""reason"": ""embedding_agrees_boost_baseline""}, ""cuisine_evidence"": {""embedding_cuisines"": [], ""embedding_similarities"": {}, ""baseline_cuisines"": [""seafood""], ""newly_detected"": [], ""removed"": [""seafood""], ""reason"": ""no_strong_embedding_matches_keep_baseline""}, ""content_type_evidence"": {""embedding_label"": ""food_spot"", ""embedding_similarity"": 0.452, ""baseline_label"": ""event"", ""baseline_confidence"": 0.85, ""override"": false, ""reason"": ""embedding_disagrees_but_baseline_acceptable""}}"
3490252790159576005,event,0.85,event,0.777,CONFIDENCE_UPDATED,-0.073,"{""meal_type"": ""drinks"", ""cuisines"": [""mexican"", ""bbq""], ""content_type"": ""event"", ""location"": {""name"": ""Atlanta, Georgia"", ""slug"": ""atlanta-georgia""}, ""signals"": {""meal_evidence"": {""dinner"": [""date night""], ""drinks"": [""cocktail"", ""happy hour"", ""margarita""]}, ""cuisine_evidence"": {""mexican"": [""taco"", ""burrito"", ""birria""], ""bbq"": [""brisket""]}, ""content_evidence"": {""event"": [""live music""]}}, ""metadata"": {""hashtags"": [""atlblog"", ""atleats"", ""atlfoodie""], ""mentions"": [""atlanticstation."", ""azoteacantina"", ""azoteacantina.""], ""likes"": 869, ""comments"": 71, ""video_views"": 7521}}","{""meal_type_evidence"": {""embedding_label"": ""drinks"", ""embedding_similarity"": 0.462, ""baseline_label"": ""drinks"", ""baseline_confidence"": 0.85, ""override"": false, ""reason"": ""embedding_agrees_boost_baseline""}, ""cuisine_evidence"": {""embedding_cuisines"": [""mexican""], ""embedding_similarities"": {""mexican"": 0.499}, ""baseline_cuisines"": [""mexican"", ""bbq""], ""newly_detected"": [], ""removed"": [""bbq""], ""reason"": ""embedding_refined_cuisine_list""}, ""content_type_evidence"": {""embedding_label"": ""food_spot"", ""embedding_similarity"": 0.296, ""baseline_label"": ""event"", ""baseline_confidence"": 0.85, ""override"": false, ""reason"": ""weak_embedding_match_keep_baseline""}}"
3412225688965357757,drinks,0.85,drinks,0.776,CONFIDENCE_UPDATED,-0.074,"{""meal_type"": ""drinks"", ""cuisines"": [""mexican"", ""coffee_cafe""], ""content_type"": ""food_spot"", ""location"": {""name"": ""Atlanta, Georgia"", ""slug"": ""atlanta-georgia""}, ""signals"": {""meal_evidence"": {""dinner"": [""date night""], ""drinks"": [""cocktail"", ""cocktails"", ""martini""]}, ""cuisine_evidence"": {""mexican"": [""mexican"", ""birria""], ""coffee_cafe"": [""cafe"", ""espresso""]}, ""content_evidence"": {""food_spot"": [""location_present""]}}, ""metadata"": {""hashtags"": [""atlantaeats"", ""atlblog"", ""atldatenight"", ""atlfoodie""], ""mentions"": [""atllovesmo"", ""casabalamatl"", ""chefluis.c.damian""], ""likes"": 6941, ""comments"": 83, ""video_views"": 60581}}","{""meal_type_evidence"": {""embedding_label"": ""dinner"", ""embedding_similarity"": 0.425, ""baseline_label"": ""drinks"", ""baseline_confidence"": 0.85, ""override"": false, ""reason"": ""embedding_disagrees_but_baseline_sufficient""}, ""cuisine_evidence"": {""embedding_cuisines"": [""mexican""], ""embedding_similarities"": {""mexican"": 0.495}, ""baseline_cuisines"": [""mexican"", ""coffee_cafe""], ""newly_detected"": [], ""removed"": [""coffee_cafe""], ""reason"": ""embedding_refined_cuisine_list""}, ""content_type_evidence"": {""embedding_label"": ""food_spot"", ""embedding_similarity"": 0.429, ""baseline_label"": ""food_spot"", ""baseline_confidence"": 0.85, ""override"": false, ""reason"": ""embedding_agrees_boost_baseline""}}"
3839117150238356994,drinks,0.85,drinks,0.776,CONFIDENCE_UPDATED,-0.074,"{""meal_type"": ""drinks"", ""cuisines"": [""italian"", ""seafood""], ""content_type"": ""food_spot"", ""location"": {""name"": ""Atlanta, Georgia"", ""slug"": ""atlanta-georgia""}, ""signals"": {""meal_evidence"": {""dinner"": [""date night""], ""drinks"": [""wine"", ""drink"", ""drinks""]}, ""cuisine_evidence"": {""italian"": [""italian"", ""pasta"", ""gnocchi""], ""seafood"": [""oyster""]}, ""content_evidence"": {""food_spot"": [""location_present""]}}, ""metadata"": {""hashtags"": [], ""mentions"": [""atllovesmo"", ""fumatl""], ""likes"": 6693, ""comments"": 151, ""video_views"": 52419}}","{""meal_type_evidence"": {""embedding_label"": ""dinner"", ""embedding_similarity"": 0.443, ""baseline_label"": ""drinks"", ""baseline_confidence"": 0.85, ""override"": false, ""reason"": ""embedding_disagrees_but_baseline_sufficient""}, ""cuisine_evidence"": {""embedding_cuisines"": [""italian""], ""embedding_similarities"": {""italian"": 0.446}, ""baseline_cuisines"": [""italian"", ""seafood""], ""newly_detected"": [], ""removed"": [""seafood""], ""reason"": ""embedding_refined_cuisine_list""}, ""content_type_evidence"": {""embedding_label"": ""food_spot"", ""embedding_similarity"": 0.449, ""baseline_label"": ""food_spot"", ""baseline_confidence"": 0.85, ""override"": false, ""reason"": ""embedding_agrees_boost_baseline""}}"
3290235281935619124,drinks,0.85,drinks,0.776,CONFIDENCE_UPDATED,-0.074,"{""meal_type"": ""drinks"", ""cuisines"": [""seafood""], ""content_type"": ""food_spot"", ""location"": {""name"": ""BeetleCat"", ""slug"": ""beetlecat""}, ""signals"": {""meal_evidence"": {""brunch"": [""brunch""], ""lunch"": [""sandwich""], ""dessert"": [""donut""], ""drinks"": [""cocktail"", ""cocktails"", ""bar""]}, ""cuisine_evidence"": {""seafood"": [""lobster""]}, ""content_evidence"": {""food_spot"": [""location_present""]}}, ""metadata"": {""hashtags"": [], ""mentions"": [""atllovesmo"", ""beetlecatatl"", ""inmanpark.""], ""likes"": 5337, ""comments"": 110, ""video_views"": 46099}}","{""meal_type_evidence"": {""embedding_label"": ""snack"", ""embedding_similarity"": 0.364, ""baseline_label"": ""drinks"", ""baseline_confidence"": 0.85, ""override"": false, ""reason"": ""embedding_disagrees_but_baseline_sufficient""}, ""cuisine_evidence"": {""embedding_cuisines"": [], ""embedding_similarities"": {}, ""baseline_cuisines"": [""seafood""], ""newly_detected"": [], ""removed"": [""seafood""], ""reason"": ""no_strong_embedding_matches_keep_baseline""}, ""content_type_evidence"": {""embedding_label"": ""food_spot"", ""embedding_similarity"": 0.432, ""baseline_label"": ""food_spot"", ""baseline_confidence"": 0.85, ""override"": false, ""reason"": ""embedding_agrees_boost_baseline""}}"
3595331447562801330,drinks,0.85,drinks,0.776,CONFIDENCE_UPDATED,-0.074,"{""meal_type"": ""drinks"", ""cuisines"": [""american""], ""content_type"": ""food_spot"", ""location"": {""name"": ""Atlanta, Georgia"", ""slug"": ""atlanta-georgia""}, ""signals"": {""meal_evidence"": {""dinner"": [""date night""], ""drinks"": [""cocktail"", ""cocktails"", ""bar""]}, ""cuisine_evidence"": {""american"": [""burger""]}, ""content_evidence"": {""food_spot"": [""location_present""]}}, ""metadata"": {""hashtags"": [""atlblog"", ""atldatenight"", ""atlfoodie""], ""mentions"": [""atllovesmo"", ""avize.atl""], ""likes"": 5202, ""comments"": 101, ""video_views"": 44142}}","{""meal_type_evidence"": {""embedding_label"": ""dinner"", ""embedding_similarity"": 0.49, ""baseline_label"": ""drinks"", ""baseline_confidence"": 0.85, ""override"": false, ""reason"": ""embedding_disagrees_but_baseline_sufficient""}, ""cuisine_evidence"": {""embedding_cuisines"": [""american""], ""embedding_similarities"": {""american"": 0.425}, ""baseline_cuisines"": [""american""], ""newly_detected"": [], ""removed"": [], ""reason"": ""embedding_confirms_baseline""}, ""content_type_evidence"": {""embedding_label"": ""food_spot"", ""embedding_similarity"": 0.426, ""baseline_label"": ""food_spot"", ""baseline_confidence"": 0.85, ""override"": false, ""reason"": ""embedding_agrees_boost_baseline""}}"
3554207678429145719,drinks,0.85,drinks,0.776,CONFIDENCE_UPDATED,-0.074,"{""meal_type"": ""drinks"", ""cuisines"": [""chinese"", ""thai"", ""bbq""], ""content_type"": ""food_spot"", ""location"": {""name"": ""Atlanta, Georgia"", ""slug"": ""atlanta-georgia""}, ""signals"": {""meal_evidence"": {""drinks"": [""cocktail"", ""cocktails"", ""gin""]}, ""cuisine_evidence"": {""chinese"": [""dumpling""], ""thai"": [""thai""], ""bbq"": [""ribs""]}, ""content_evidence"": {""food_spot"": [""location_present""]}}, ""metadata"": {""hashtags"": [""atlblog"", ""atleats"", ""atlfoodie""], ""mentions"": [""brickandmortaratlanta"", ""prattpullmandistrict""], ""likes"": 1668, ""comments"": 106, ""video_views"": 16667}}","{""meal_type_evidence"": {""embedding_label"": ""snack"", ""embedding_similarity"": 0.384, ""baseline_label"": ""drinks"", ""baseline_confidence"": 0.85, ""override"": false, ""reason"": ""embedding_disagrees_but_baseline_sufficient""}, ""cuisine_evidence"": {""embedding_cuisines"": [""american""], ""embedding_similarities"": {""american"": 0.432}, ""baseline_cuisines"": [""chinese"", ""thai"", ""bbq""], ""newly_detected"": [""american""], ""removed"": [""thai"", ""bbq"", ""chinese""], ""reason"": ""embedding_refined_cuisine_list""}, ""content_type_evidence"": {""embedding_label"": ""food_spot"", ""embedding_similarity"": 0.453, ""baseline_label"": ""food_spot"", ""baseline_confidence"": 0.85, ""override"": false, ""reason"": ""embedding_agrees_boost_baseline""}}"
3433705581545234697,event,0.85,event,0.776,CONFIDENCE_UPDATED,-0.074,"{""meal_type"": ""dinner"", ""cuisines"": [], ""content_type"": ""event"", ""location"": {""name"": ""Atlanta, Georgia"", ""slug"": ""atlanta-georgia""}, ""signals"": {""meal_evidence"": {""dinner"": [""dinner"", ""date night"", ""tasting menu""], ""dessert"": [""dessert""]}, ""cuisine_evidence"": {}, ""content_evidence"": {""event"": [""seasonal""]}}, ""metadata"": {""hashtags"": [], ""mentions"": [""atllovesmo"", ""jaredhucks."", ""the_alden_atl""], ""likes"": 1045, ""comments"": 1345, ""video_views"": 11572}}","{""meal_type_evidence"": {""embedding_label"": ""dinner"", ""embedding_similarity"": 0.429, ""baseline_label"": ""dinner"", ""baseline_confidence"": 0.85, ""override"": false, ""reason"": ""embedding_agrees_boost_baseline""}, ""cuisine_evidence"": {""embedding_cuisines"": [], ""embedding_similarities"": {}, ""baseline_cuisines"": [], ""newly_detected"": [], ""removed"": [], ""reason"": ""no_strong_embedding_matches_keep_baseline""}, ""content_type_evidence"": {""embedding_label"": ""food_spot"", ""embedding_similarity"": 0.484, ""baseline_label"": ""event"", ""baseline_confidence"": 0.85, ""override"": false, ""reason"": ""embedding_disagrees_but_baseline_acceptable""}}"
3792810291076609690,drinks,0.85,drinks,0.776,CONFIDENCE_UPDATED,-0.074,"{""meal_type"": ""drinks"", ""cuisines"": [""italian"", ""japanese"", ""indian"", ""seafood"", ""bbq"", ""bakery""], ""content_type"": ""food_spot"", ""location"": {""name"": ""Atlanta, Georgia"", ""slug"": ""atlanta-georgia""}, ""signals"": {""meal_evidence"": {""dinner"": [""dinner""], ""dessert"": [""dessert""], ""drinks"": [""wine"", ""bar"", ""gin""]}, ""cuisine_evidence"": {""italian"": [""risotto""], ""japanese"": [""japanese""], ""indian"": [""curry""], ""seafood"": [""oyster"", ""lobster""], ""bbq"": [""smoked""], ""bakery"": [""bread""]}, ""content_evidence"": {""food_spot"": [""location_present""]}}, ""metadata"": {""hashtags"": [], ""mentions"": [""atllovesmo"", ""avize.atl""], ""likes"": 580, ""comments"": 51, ""video_views"": 6838}}","{""meal_type_evidence"": {""embedding_label"": ""drinks"", ""embedding_similarity"": 0.437, ""baseline_label"": ""drinks"", ""baseline_confidence"": 0.85, ""override"": false, ""reason"": ""embedding_agrees_boost_baseline""}, ""cuisine_evidence"": {""embedding_cuisines"": [], ""embedding_similarities"": {}, ""baseline_cuisines"": [""italian"", ""japanese"", ""indian"", ""seafood"", ""bbq"", ""bakery""], ""newly_detected"": [], ""removed"": [""bbq"", ""seafood"", ""japanese"", ""italian"", ""bakery"", ""indian""], ""reason"": ""no_strong_embedding_matches_keep_baseline""}, ""content_type_evidence"": {""embedding_label"": ""food_spot"", ""embedding_similarity"": 0.292, ""baseline_label"": ""food_spot"", ""baseline_confidence"": 0.85, ""override"": false, ""reason"": ""weak_embedding_match_keep_baseline""}}"
3017274120578308493,event,0.85,event,0.776,CONFIDENCE_UPDATED,-0.074,"{""meal_type"": ""drinks"", ""cuisines"": [], ""content_type"": ""event"", ""location"": {""name"": ""Atlanta, Georgia"", ""slug"": ""atlanta-georgia""}, ""signals"": {""meal_evidence"": {""drinks"": [""bar"", ""drink"", ""drinks""]}, ""cuisine_evidence"": {}, ""content_evidence"": {""event"": [""event""]}}, ""metadata"": {""hashtags"": [], ""mentions"": [""freakitikibar""], ""likes"": 164, ""comments"": 32, ""video_views"": 1495}}","{""meal_type_evidence"": {""embedding_label"": ""drinks"", ""embedding_similarity"": 0.454, ""baseline_label"": ""drinks"", ""baseline_confidence"": 0.85, ""override"": false, ""reason"": ""embedding_agrees_boost_baseline""}, ""cuisine_evidence"": {""embedding_cuisines"": [], ""embedding_similarities"": {}, ""baseline_cuisines"": [], ""newly_detected"": [], ""removed"": [], ""reason"": ""no_strong_embedding_matches_keep_baseline""}, ""content_type_evidence"": {""embedding_label"": ""food_spot"", ""embedding_similarity"": 0.311, ""baseline_label"": ""event"", ""baseline_confidence"": 0.85, ""override"": false, ""reason"": ""weak_embedding_match_keep_baseline""}}"
3627533195307386262,drinks,0.85,drinks,0.776,CONFIDENCE_UPDATED,-0.074,"{""meal_type"": ""drinks"", ""cuisines"": [""italian"", ""coffee_cafe""], ""content_type"": ""food_spot"", ""location"": {""name"": ""Atlanta, Georgia"", ""slug"": ""atlanta-georgia""}, ""signals"": {""meal_evidence"": {""dessert"": [""donut""], ""drinks"": [""drink"", ""martini"", ""vodka""]}, ""cuisine_evidence"": {""italian"": [""pasta""], ""coffee_cafe"": [""espresso""]}, ""content_evidence"": {""food_spot"": [""location_present""]}}, ""metadata"": {""hashtags"": [""atlblog"", ""atleats"", ""atlfoodie"", ""atllatenight""], ""mentions"": [""atllovesmo"", ""calypso_wav"", ""mjqofficial"", ""thefriskywhiskeratl"", ""underground_atlanta"", ""utopialoungeatl""], ""likes"": 4280, ""comments"": 138, ""video_views"": 1149}}","{""meal_type_evidence"": {""embedding_label"": ""dinner"", ""embedding_similarity"": 0.502, ""baseline_label"": ""drinks"", ""baseline_confidence"": 0.85, ""override"": false, ""reason"": ""embedding_disagrees_but_baseline_sufficient""}, ""cuisine_evidence"": {""embedding_cuisines"": [], ""embedding_similarities"": {}, ""baseline_cuisines"": [""italian"", ""coffee_cafe""], ""newly_detected"": [], ""removed"": [""coffee_cafe"", ""italian""], ""reason"": ""no_strong_embedding_matches_keep_baseline""}, ""content_type_evidence"": {""embedding_label"": ""food_spot"", ""embedding_similarity"": 0.428, ""baseline_label"": ""food_spot"", ""baseline_confidence"": 0.85, ""override"": false, ""reason"": ""embedding_agrees_boost_baseline""}}"
3075689635003654925,event,0.85,event,0.776,CONFIDENCE_UPDATED,-0.074,"{""meal_type"": ""drinks"", ""cuisines"": [], ""content_type"": ""event"", ""location"": {""name"": ""Hotel Clermont"", ""slug"": ""hotel-clermont""}, ""signals"": {""meal_evidence"": {""drinks"": [""cocktail"", ""cocktails"", ""bar""]}, ""cuisine_evidence"": {}, ""content_evidence"": {""event"": [""market""]}}, ""metadata"": {""hashtags"": [], ""mentions"": [""hotelclermont"", ""poncecitymarket""], ""likes"": 152, ""comments"": 32, ""video_views"": 929}}","{""meal_type_evidence"": {""embedding_label"": ""drinks"", ""embedding_similarity"": 0.447, ""baseline_label"": ""drinks"", ""baseline_confidence"": 0.85, ""override"": false, ""reason"": ""embedding_agrees_boost_baseline""}, ""cuisine_evidence"": {""embedding_cuisines"": [], ""embedding_similarities"": {}, ""baseline_cuisines"": [], ""newly_detected"": [], ""removed"": [], ""reason"": ""no_strong_embedding_matches_keep_baseline""}, ""content_type_evidence"": {""embedding_label"": ""food_spot"", ""embedding_similarity"": 0.362, ""baseline_label"": ""event"", ""baseline_confidence"": 0.85, ""override"": false, ""reason"": ""embedding_disagrees_but_baseline_acceptable""}}"
2848391396635623245,drinks,0.85,drinks,0.776,CONFIDENCE_UPDATED,-0.074,"{""meal_type"": ""drinks"", ""cuisines"": [], ""content_type"": ""food_spot"", ""location"": {""name"": ""Reformation Brewery - Smyrna"", ""slug"": ""reformation-brewery-smyrna""}, ""signals"": {""meal_evidence"": {""drinks"": [""wine"", ""beer"", ""brewery""]}, ""cuisine_evidence"": {}, ""content_evidence"": {""food_spot"": [""location_present""]}}, ""metadata"": {""hashtags"": [""northgamade"", ""reformationbrewery"", ""setbeerfree""], ""mentions"": [""reformationbrewery""], ""likes"": 209, ""comments"": 68, ""video_views"": null}}","{""meal_type_evidence"": {""embedding_label"": ""drinks"", ""embedding_similarity"": 0.431, ""baseline_label"": ""drinks"", ""baseline_confidence"": 0.85, ""override"": false, ""reason"": ""embedding_agrees_boost_baseline""}, ""cuisine_evidence"": {""embedding_cuisines"": [], ""embedding_similarities"": {}, ""baseline_cuisines"": [], ""newly_detected"": [], ""removed"": [], ""reason"": ""no_strong_embedding_matches_keep_baseline""}, ""content_type_evidence"": {""embedding_label"": ""food_spot"", ""embedding_similarity"": 0.24, ""baseline_label"": ""food_spot"", ""baseline_confidence"": 0.85, ""override"": false, ""reason"": ""weak_embedding_match_keep_baseline""}}"
3262700013028516632,drinks,0.85,drinks,0.775,CONFIDENCE_UPDATED,-0.075,"{""meal_type"": ""drinks"", ""cuisines"": [""indian"", ""seafood""], ""content_type"": ""food_spot"", ""location"": {""name"": ""Tabla Atlanta"", ""slug"": ""tabla-atlanta""}, ""signals"": {""meal_evidence"": {""dinner"": [""date night""], ""dessert"": [""dessert""], ""drinks"": [""cocktail"", ""cocktails"", ""bar""]}, ""cuisine_evidence"": {""indian"": [""curry"", ""naan""], ""seafood"": [""fish""]}, ""content_evidence"": {""food_spot"": [""location_present""]}}, ""metadata"": {""hashtags"": [""atlantafood"", ""atldatenight"", ""atleats"", ""atlfoodie"", ""hosted""], ""mentions"": [""atllovesmo"", ""tablaatlanta""], ""likes"": 12185, ""comments"": 212, ""video_views"": 137642}}","{""meal_type_evidence"": {""embedding_label"": ""dinner"", ""embedding_similarity"": 0.417, ""baseline_label"": ""drinks"", ""baseline_confidence"": 0.85, ""override"": false, ""reason"": ""embedding_disagrees_but_baseline_sufficient""}, ""cuisine_evidence"": {""embedding_cuisines"": [""american""], ""embedding_similarities"": {""american"": 0.477}, ""baseline_cuisines"": [""indian"", ""seafood""], ""newly_detected"": [""american""], ""removed"": [""seafood"", ""indian""], ""reason"": ""embedding_refined_cuisine_list""}, ""content_type_evidence"": {""embedding_label"": ""food_spot"", ""embedding_similarity"": 0.403, ""baseline_label"": ""food_spot"", ""baseline_confidence"": 0.85, ""override"": false, ""reason"": ""embedding_agrees_boost_baseline""}}"
3526520670760936104,drinks,0.85,drinks,0.775,CONFIDENCE_UPDATED,-0.075,"{""meal_type"": ""drinks"", ""cuisines"": [""mediterranean"", ""bbq""], ""content_type"": ""food_spot"", ""location"": {""name"": ""Atlanta, Georgia"", ""slug"": ""atlanta-georgia""}, ""signals"": {""meal_evidence"": {""dessert"": [""dessert"", ""cake""], ""drinks"": [""cocktail"", ""cocktails"", ""bar""]}, ""cuisine_evidence"": {""mediterranean"": [""hummus""], ""bbq"": [""ribs""]}, ""content_evidence"": {""food_spot"": [""location_present""]}}, ""metadata"": {""hashtags"": [""atlblog"", ""atldatenight"", ""atleats"", ""atlfoodie""], ""mentions"": [""atllovesmo"", ""delbaratl""], ""likes"": 4084, ""comments"": 91, ""video_views"": 34011}}","{""meal_type_evidence"": {""embedding_label"": ""lunch"", ""embedding_similarity"": 0.309, ""baseline_label"": ""drinks"", ""baseline_confidence"": 0.85, ""override"": false, ""reason"": ""embedding_disagrees_but_baseline_sufficient""}, ""cuisine_evidence"": {""embedding_cuisines"": [""american""], ""embedding_similarities"": {""american"": 0.466}, ""baseline_cuisines"": [""mediterranean"", ""bbq""], ""newly_detected"": [""american""], ""removed"": [""bbq"", ""mediterranean""], ""reason"": ""embedding_refined_cuisine_list""}, ""content_type_evidence"": {""embedding_label"": ""food_spot"", ""embedding_similarity"": 0.398, ""baseline_label"": ""food_spot"", ""baseline_confidence"": 0.85, ""override"": false, ""reason"": ""embedding_agrees_boost_baseline""}}"
3226412141749736822,drinks,0.85,drinks,0.775,CONFIDENCE_UPDATED,-0.075,"{""meal_type"": ""drinks"", ""cuisines"": [""seafood""], ""content_type"": ""food_spot"", ""location"": {""name"": ""New York Prime Steakhouse - Buckhead"", ""slug"": ""new-york-prime-steakhouse-buckhead""}, ""signals"": {""meal_evidence"": {""dinner"": [""dinner"", ""date night""], ""dessert"": [""dessert"", ""cake""], ""drinks"": [""cocktail"", ""cocktails"", ""wine""]}, ""cuisine_evidence"": {""seafood"": [""crab""]}, ""content_evidence"": {""food_spot"": [""location_present""]}}, ""metadata"": {""hashtags"": [""atlantadatenight"", ""atlantafood"", ""atleats"", ""atlfoodie""], ""mentions"": [""atllovesmo"", ""newyorkprime""], ""likes"": 1627, ""comments"": 85, ""video_views"": 18728}}","{""meal_type_evidence"": {""embedding_label"": ""dinner"", ""embedding_similarity"": 0.454, ""baseline_label"": ""drinks"", ""baseline_confidence"": 0.85, ""override"": false, ""reason"": ""embedding_disagrees_but_baseline_sufficient""}, ""cuisine_evidence"": {""embedding_cuisines"": [""american""], ""embedding_similarities"": {""american"": 0.406}, ""baseline_cuisines"": [""seafood""], ""newly_detected"": [""american""], ""removed"": [""seafood""], ""reason"": ""embedding_refined_cuisine_list""}, ""content_type_evidence"": {""embedding_label"": ""food_spot"", ""embedding_similarity"": 0.391, ""baseline_label"": ""food_spot"", ""baseline_confidence"": 0.85, ""override"": false, ""reason"": ""embedding_agrees_boost_baseline""}}"
3683035887639694193,event,0.85,event,0.775,CONFIDENCE_UPDATED,-0.075,"{""meal_type"": ""drinks"", ""cuisines"": [], ""content_type"": ""event"", ""location"": {""name"": ""Atlanta, Georgia"", ""slug"": ""atlanta-georgia""}, ""signals"": {""meal_evidence"": {""dinner"": [""dinner""], ""drinks"": [""bar"", ""drink"", ""rum""]}, ""cuisine_evidence"": {}, ""content_evidence"": {""event"": [""popup""]}}, ""metadata"": {""hashtags"": [""at"", ""atlart"", ""atlblog"", ""atlfoodie""], ""mentions"": [""atllovesmo"", ""douglasstrattonphotography"", ""drinkninedot"", ""runitback.ruma""], ""likes"": 1559, ""comments"": 104, ""video_views"": 16697}}","{""meal_type_evidence"": {""embedding_label"": ""drinks"", ""embedding_similarity"": 0.408, ""baseline_label"": ""drinks"", ""baseline_confidence"": 0.85, ""override"": false, ""reason"": ""embedding_agrees_boost_baseline""}, ""cuisine_evidence"": {""embedding_cuisines"": [], ""embedding_similarities"": {}, ""baseline_cuisines"": [], ""newly_detected"": [], ""removed"": [], ""reason"": ""no_strong_embedding_matches_keep_baseline""}, ""content_type_evidence"": {""embedding_label"": ""mixed"", ""embedding_similarity"": 0.344, ""baseline_label"": ""event"", ""baseline_confidence"": 0.85, ""override"": false, ""reason"": ""weak_embedding_match_keep_baseline""}}"
3175016054534357422,drinks,0.85,drinks,0.775,CONFIDENCE_UPDATED,-0.075,"{""meal_type"": ""drinks"", ""cuisines"": [""american"", ""seafood"", ""vegan""], ""content_type"": ""food_spot"", ""location"": {""name"": ""Atlanta, Georgia"", ""slug"": ""atlanta-georgia""}, ""signals"": {""meal_evidence"": {""lunch"": [""sandwich""], ""drinks"": [""cocktail"", ""cocktails"", ""bar""]}, ""cuisine_evidence"": {""american"": [""southern""], ""seafood"": [""seafood"", ""oyster""], ""vegan"": [""vegan""]}, ""content_evidence"": {""food_spot"": [""location_present""]}}, ""metadata"": {""hashtags"": [""atlantaeats"", ""atlantafood"", ""atlbeltline"", ""atleats"", ""atlfoodie"", ""hosted"", ""wheretoeatinatlanta""], ""mentions"": [""atllovesmo"", ""breakerbreaker_atl"", ""buenavidatapas"", ""bullyboyatl""], ""likes"": 869, ""comments"": 47, ""video_views"": 8328}}","{""meal_type_evidence"": {""embedding_label"": ""snack"", ""embedding_similarity"": 0.338, ""baseline_label"": ""drinks"", ""baseline_confidence"": 0.85, ""override"": false, ""reason"": ""embedding_disagrees_but_baseline_sufficient""}, ""cuisine_evidence"": {""embedding_cuisines"": [""mexican""], ""embedding_similarities"": {""mexican"": 0.425}, ""baseline_cuisines"": [""american"", ""seafood"", ""vegan""], ""newly_detected"": [""mexican""], ""removed"": [""american"", ""seafood"", ""vegan""], ""reason"": ""embedding_refined_cuisine_list""}, ""content_type_evidence"": {""embedding_label"": ""food_spot"", ""embedding_similarity"": 0.389, ""baseline_label"": ""food_spot"", ""baseline_confidence"": 0.85, ""override"": false, ""reason"": ""embedding_agrees_boost_baseline""}}"
3366363100548687191,drinks,0.85,drinks,0.774,CONFIDENCE_UPDATED,-0.076,"{""meal_type"": ""drinks"", ""cuisines"": [""italian""], ""content_type"": ""food_spot"", ""location"": {""name"": ""Atlanta, Georgia"", ""slug"": ""atlanta-georgia""}, ""signals"": {""meal_evidence"": {""breakfast"": [""breakfast""], ""brunch"": [""brunch""], ""dessert"": [""donut""], ""drinks"": [""cocktail"", ""cocktails"", ""gin""], ""snack"": [""small bites""]}, ""cuisine_evidence"": {""italian"": [""italian"", ""pasta"", ""pizza""]}, ""content_evidence"": {""food_spot"": [""location_present""]}}, ""metadata"": {""hashtags"": [""atlantafood"", ""atlbrunch"", ""atleats"", ""decaturga"", ""wheretoeatinatlanta""], ""mentions"": [""atllovesmo"", ""no246atlanta""], ""likes"": 15972, ""comments"": 1349, ""video_views"": 132357}}","{""meal_type_evidence"": {""embedding_label"": ""brunch"", ""embedding_similarity"": 0.417, ""baseline_label"": ""drinks"", ""baseline_confidence"": 0.85, ""override"": false, ""reason"": ""embedding_disagrees_but_baseline_sufficient""}, ""cuisine_evidence"": {""embedding_cuisines"": [""italian""], ""embedding_similarities"": {""italian"": 0.406}, ""baseline_cuisines"": [""italian""], ""newly_detected"": [], ""removed"": [], ""reason"": ""embedding_confirms_baseline""}, ""content_type_evidence"": {""embedding_label"": ""food_spot"", ""embedding_similarity"": 0.379, ""baseline_label"": ""food_spot"", ""baseline_confidence"": 0.85, ""override"": false, ""reason"": ""embedding_agrees_boost_baseline""}}"
3293139603312030082,drinks,0.85,drinks,0.774,CONFIDENCE_UPDATED,-0.076,"{""meal_type"": ""drinks"", ""cuisines"": [""japanese""], ""content_type"": ""food_spot"", ""location"": {""name"": ""Eight Sushi Lounge"", ""slug"": ""eight-sushi-lounge""}, ""signals"": {""meal_evidence"": {""dinner"": [""date night""], ""drinks"": [""cocktail"", ""cocktails"", ""gin""]}, ""cuisine_evidence"": {""japanese"": [""sushi""]}, ""content_evidence"": {""food_spot"": [""location_present""]}}, ""metadata"": {""hashtags"": [""atlantaeats"", ""atlblog"", ""atlcocktails"", ""atllounge""], ""mentions"": [""aftereightatl"", ""atllovesmo"", ""eightsushiatl""], ""likes"": 10154, ""comments"": 174, ""video_views"": 83162}}","{""meal_type_evidence"": {""embedding_label"": ""drinks"", ""embedding_similarity"": 0.374, ""baseline_label"": ""drinks"", ""baseline_confidence"": 0.85, ""override"": false, ""reason"": ""embedding_agrees_boost_baseline""}, ""cuisine_evidence"": {""embedding_cuisines"": [], ""embedding_similarities"": {}, ""baseline_cuisines"": [""japanese""], ""newly_detected"": [], ""removed"": [""japanese""], ""reason"": ""no_strong_embedding_matches_keep_baseline""}, ""content_type_evidence"": {""embedding_label"": ""food_spot"", ""embedding_similarity"": 0.319, ""baseline_label"": ""food_spot"", ""baseline_confidence"": 0.85, ""override"": false, ""reason"": ""weak_embedding_match_keep_baseline""}}"
3579575474877792853,drinks,0.85,drinks,0.774,CONFIDENCE_UPDATED,-0.076,"{""meal_type"": ""drinks"", ""cuisines"": [""mediterranean""], ""content_type"": ""food_spot"", ""location"": {""name"": ""Atlanta, Georgia"", ""slug"": ""atlanta-georgia""}, ""signals"": {""meal_evidence"": {""dessert"": [""cake""], ""drinks"": [""cocktail"", ""alcohol"", ""gin""]}, ""cuisine_evidence"": {""mediterranean"": [""mediterranean"", ""falafel"", ""hummus""]}, ""content_evidence"": {""food_spot"": [""location_present""]}}, ""metadata"": {""hashtags"": [""atlblog"", ""atleats"", ""bufordhwy"", ""thingstodoinatlanta""], ""mentions"": [""atllovesmo"", ""layalyofficial""], ""likes"": 4398, ""comments"": 83, ""video_views"": 46612}}","{""meal_type_evidence"": {""embedding_label"": ""snack"", ""embedding_similarity"": 0.38, ""baseline_label"": ""drinks"", ""baseline_confidence"": 0.85, ""override"": false, ""reason"": ""embedding_disagrees_but_baseline_sufficient""}, ""cuisine_evidence"": {""embedding_cuisines"": [""mediterranean""], ""embedding_similarities"": {""mediterranean"": 0.461}, ""baseline_cuisines"": [""mediterranean""], ""newly_detected"": [], ""removed"": [], ""reason"": ""embedding_confirms_baseline""}, ""content_type_evidence"": {""embedding_label"": ""food_spot"", ""embedding_similarity"": 0.367, ""baseline_label"": ""food_spot"", ""baseline_confidence"": 0.85, ""override"": false, ""reason"": ""embedding_agrees_boost_baseline""}}"
3598236118744830300,drinks,0.85,drinks,0.774,CONFIDENCE_UPDATED,-0.076,"{""meal_type"": ""drinks"", ""cuisines"": [], ""content_type"": ""food_spot"", ""location"": {""name"": ""Atlanta, Georgia"", ""slug"": ""atlanta-georgia""}, ""signals"": {""meal_evidence"": {""dinner"": [""date night""], ""drinks"": [""cocktail"", ""cocktails"", ""bar""]}, ""cuisine_evidence"": {}, ""content_evidence"": {""food_spot"": [""location_present""]}}, ""metadata"": {""hashtags"": [""atlblog"", ""atleats"", ""atlfoodie""], ""mentions"": [""atlantabeltline"", ""barpremioatlanta"", ""elektraatl."", ""forthatlanta"", ""ilpremioatlanta"", ""moonlightatlanta"", ""resy.""], ""likes"": 7651, ""comments"": 98, ""video_views"": 43075}}","{""meal_type_evidence"": {""embedding_label"": ""drinks"", ""embedding_similarity"": 0.34, ""baseline_label"": ""drinks"", ""baseline_confidence"": 0.85, ""override"": false, ""reason"": ""embedding_agrees_boost_baseline""}, ""cuisine_evidence"": {""embedding_cuisines"": [], ""embedding_similarities"": {}, ""baseline_cuisines"": [], ""newly_detected"": [], ""removed"": [], ""reason"": ""no_strong_embedding_matches_keep_baseline""}, ""content_type_evidence"": {""embedding_label"": ""food_spot"", ""embedding_similarity"": 0.331, ""baseline_label"": ""food_spot"", ""baseline_confidence"": 0.85, ""override"": false, ""reason"": ""weak_embedding_match_keep_baseline""}}"
3546368012204249500,drinks,0.85,drinks,0.774,CONFIDENCE_UPDATED,-0.076,"{""meal_type"": ""drinks"", ""cuisines"": [""japanese"", ""korean"", ""chinese"", ""indian"", ""coffee_cafe""], ""content_type"": ""food_spot"", ""location"": {""name"": ""Atlanta, Georgia"", ""slug"": ""atlanta-georgia""}, ""signals"": {""meal_evidence"": {""dinner"": [""date night""], ""dessert"": [""dessert"", ""ice cream""], ""drinks"": [""wine"", ""bar"", ""martini""]}, ""cuisine_evidence"": {""japanese"": [""ramen""], ""korean"": [""kimchi""], ""chinese"": [""dumpling""], ""indian"": [""curry""], ""coffee_cafe"": [""coffee"", ""espresso""]}, ""content_evidence"": {""food_spot"": [""location_present""]}}, ""metadata"": {""hashtags"": [""atlantabeltline"", ""atlantabeltlinecreatorcollective"", ""atlblog"", ""atleats""], ""mentions"": [""atlantabeltline"", ""barcelonawinebar"", ""delbaratl"", ""eathawkers"", ""gus.dumplings"", ""supericatexmex""], ""likes"": 3344, ""comments"": 107, ""video_views"": 35359}}","{""meal_type_evidence"": {""embedding_label"": ""snack"", ""embedding_similarity"": 0.396, ""baseline_label"": ""drinks"", ""baseline_confidence"": 0.85, ""override"": false, ""reason"": ""embedding_disagrees_but_baseline_sufficient""}, ""cuisine_evidence"": {""embedding_cuisines"": [""american"", ""thai""], ""embedding_similarities"": {""american"": 0.551, ""thai"": 0.422}, ""baseline_cuisines"": [""japanese"", ""korean"", ""chinese"", ""indian"", ""coffee_cafe""], ""newly_detected"": [""thai"", ""american""], ""removed"": [""indian"", ""korean"", ""coffee_cafe"", ""japanese"", ""chinese""], ""reason"": ""embedding_refined_cuisine_list""}, ""content_type_evidence"": {""embedding_label"": ""food_spot"", ""embedding_similarity"": 0.364, ""baseline_label"": ""food_spot"", ""baseline_confidence"": 0.85, ""override"": false, ""reason"": ""embedding_agrees_boost_baseline""}}"
3214835077170607683,drinks,0.85,drinks,0.774,CONFIDENCE_UPDATED,-0.076,"{""meal_type"": ""drinks"", ""cuisines"": [""seafood""], ""content_type"": ""food_spot"", ""location"": {""name"": ""BeetleCat"", ""slug"": ""beetlecat""}, ""signals"": {""meal_evidence"": {""drinks"": [""cocktail"", ""cocktails"", ""gin""]}, ""cuisine_evidence"": {""seafood"": [""oyster"", ""lobster""]}, ""content_evidence"": {""food_spot"": [""location_present""]}}, ""metadata"": {""hashtags"": [""atlantatenighteats"", ""atlblog"", ""atleats"", ""atlfoodie""], ""mentions"": [""atllovesmo"", ""beetlecatatl"", ""beetlecatatl.""], ""likes"": 3258, ""comments"": 77, ""video_views"": 27903}}","{""meal_type_evidence"": {""embedding_label"": ""snack"", ""embedding_similarity"": 0.448, ""baseline_label"": ""drinks"", ""baseline_confidence"": 0.85, ""override"": false, ""reason"": ""embedding_disagrees_but_baseline_sufficient""}, ""cuisine_evidence"": {""embedding_cuisines"": [], ""embedding_similarities"": {}, ""baseline_cuisines"": [""seafood""], ""newly_detected"": [], ""removed"": [""seafood""], ""reason"": ""no_strong_embedding_matches_keep_baseline""}, ""content_type_evidence"": {""embedding_label"": ""food_spot"", ""embedding_similarity"": 0.364, ""baseline_label"": ""food_spot"", ""baseline_confidence"": 0.85, ""override"": false, ""reason"": ""embedding_agrees_boost_baseline""}}"
3167691802714419074,drinks,0.85,drinks,0.774,CONFIDENCE_UPDATED,-0.076,"{""meal_type"": ""drinks"", ""cuisines"": [""mediterranean""], ""content_type"": ""food_spot"", ""location"": {""name"": ""Zafron Restaurant"", ""slug"": ""zafron-restaurant""}, ""signals"": {""meal_evidence"": {""drinks"": [""cocktail"", ""cocktails"", ""bar""]}, ""cuisine_evidence"": {""mediterranean"": [""hummus""]}, ""content_evidence"": {""food_spot"": [""location_present""]}}, ""metadata"": {""hashtags"": [""atlantafood"", ""atlfood"", ""atlpersianfood""], ""mentions"": [""atllovesmo"", ""zafron_restaurant""], ""likes"": 2145, ""comments"": 60, ""video_views"": 23601}}","{""meal_type_evidence"": {""embedding_label"": ""snack"", ""embedding_similarity"": 0.37, ""baseline_label"": ""drinks"", ""baseline_confidence"": 0.85, ""override"": false, ""reason"": ""embedding_disagrees_but_baseline_sufficient""}, ""cuisine_evidence"": {""embedding_cuisines"": [], ""embedding_similarities"": {}, ""baseline_cuisines"": [""mediterranean""], ""newly_detected"": [], ""removed"": [""mediterranean""], ""reason"": ""no_strong_embedding_matches_keep_baseline""}, ""content_type_evidence"": {""embedding_label"": ""food_spot"", ""embedding_similarity"": 0.356, ""baseline_label"": ""food_spot"", ""baseline_confidence"": 0.85, ""override"": false, ""reason"": ""embedding_agrees_boost_baseline""}}"
3621732540521137178,drinks,0.85,drinks,0.774,CONFIDENCE_UPDATED,-0.076,"{""meal_type"": ""drinks"", ""cuisines"": [""mexican"", ""italian""], ""content_type"": ""food_spot"", ""location"": {""name"": ""Atlanta, Georgia"", ""slug"": ""atlanta-georgia""}, ""signals"": {""meal_evidence"": {""drinks"": [""margarita"", ""shot"", ""shots""]}, ""cuisine_evidence"": {""mexican"": [""taco"", ""quesadilla"", ""birria""], ""italian"": [""pizza""]}, ""content_evidence"": {""food_spot"": [""location_present""]}}, ""metadata"": {""hashtags"": [""atlblog"", ""atleats"", ""atlfoodie"", ""cincodemayo""], ""mentions"": [""rrealtacos""], ""likes"": 2391, ""comments"": 90, ""video_views"": 23015}}","{""meal_type_evidence"": {""embedding_label"": ""snack"", ""embedding_similarity"": 0.393, ""baseline_label"": ""drinks"", ""baseline_confidence"": 0.85, ""override"": false, ""reason"": ""embedding_disagrees_but_baseline_sufficient""}, ""cuisine_evidence"": {""embedding_cuisines"": [""mexican""], ""embedding_similarities"": {""mexican"": 0.448}, ""baseline_cuisines"": [""mexican"", ""italian""], ""newly_detected"": [], ""removed"": [""italian""], ""reason"": ""embedding_refined_cuisine_list""}, ""content_type_evidence"": {""embedding_label"": ""food_spot"", ""embedding_similarity"": 0.379, ""baseline_label"": ""food_spot"", ""baseline_confidence"": 0.85, ""override"": false, ""reason"": ""embedding_agrees_boost_baseline""}}"
2907963069324788063,drinks,0.85,drinks,0.774,CONFIDENCE_UPDATED,-0.076,"{""meal_type"": ""drinks"", ""cuisines"": [""coffee_cafe""], ""content_type"": ""food_spot"", ""location"": {""name"": ""Atlanta, Georgia"", ""slug"": ""atlanta-georgia""}, ""signals"": {""meal_evidence"": {""drinks"": [""cocktail"", ""cocktails"", ""martini""]}, ""cuisine_evidence"": {""coffee_cafe"": [""espresso""]}, ""content_evidence"": {""food_spot"": [""location_present""]}}, ""metadata"": {""hashtags"": [""boardnight"", ""cocktails"", ""espresso"", ""espressomartini"", ""girlsnight"", ""martini"", ""powerpointnight""], ""mentions"": [""godiva"", ""kahlua""], ""likes"": 211, ""comments"": 34, ""video_views"": 1404}}","{""meal_type_evidence"": {""embedding_label"": ""drinks"", ""embedding_similarity"": 0.345, ""baseline_label"": ""drinks"", ""baseline_confidence"": 0.85, ""override"": false, ""reason"": ""embedding_agrees_boost_baseline""}, ""cuisine_evidence"": {""embedding_cuisines"": [""coffee_cafe""], ""embedding_similarities"": {""coffee_cafe"": 0.431}, ""baseline_cuisines"": [""coffee_cafe""], ""newly_detected"": [], ""removed"": [], ""reason"": ""embedding_confirms_baseline""}, ""content_type_evidence"": {""embedding_label"": ""food_spot"", ""embedding_similarity"": 0.334, ""baseline_label"": ""food_spot"", ""baseline_confidence"": 0.85, ""override"": false, ""reason"": ""weak_embedding_match_keep_baseline""}}"
3562288058822717806,event,0.85,event,0.773,CONFIDENCE_UPDATED,-0.077,"{""meal_type"": ""drinks"", ""cuisines"": [""japanese"", ""bbq"", ""coffee_cafe""], ""content_type"": ""event"", ""location"": {""name"": ""Atlanta, Georgia"", ""slug"": ""atlanta-georgia""}, ""signals"": {""meal_evidence"": {""dinner"": [""date night""], ""drinks"": [""cocktail"", ""cocktails"", ""bar""]}, ""cuisine_evidence"": {""japanese"": [""omakase""], ""bbq"": [""smoked""], ""coffee_cafe"": [""espresso""]}, ""content_evidence"": {""event"": [""event""]}}, ""metadata"": {""hashtags"": [""atlblog"", ""atldatenight"", ""atleats"", ""atlfoodie""], ""mentions"": [""_nocturnalhabits."", ""atllovesmo"", ""avize.atl"", ""bovinoafterdark"", ""kingofthechews"", ""resy"", ""saltyourfood_atl"", ""seventhouse"", ""thepigalle"", ""underground_atlanta""], ""likes"": 16823, ""comments"": 98, ""video_views"": 104375}}","{""meal_type_evidence"": {""embedding_label"": ""drinks"", ""embedding_similarity"": 0.34, ""baseline_label"": ""drinks"", ""baseline_confidence"": 0.85, ""override"": false, ""reason"": ""embedding_agrees_boost_baseline""}, ""cuisine_evidence"": {""embedding_cuisines"": [], ""embedding_similarities"": {}, ""baseline_cuisines"": [""japanese"", ""bbq"", ""coffee_cafe""], ""newly_detected"": [], ""removed"": [""bbq"", ""coffee_cafe"", ""japanese""], ""reason"": ""no_strong_embedding_matches_keep_baseline""}, ""content_type_evidence"": {""embedding_label"": ""food_spot"", ""embedding_similarity"": 0.284, ""baseline_label"": ""event"", ""baseline_confidence"": 0.85, ""override"": false, ""reason"": ""weak_embedding_match_keep_baseline""}}"
3401118064048600941,event,0.85,event,0.773,CONFIDENCE_UPDATED,-0.077,"{""meal_type"": ""drinks"", ""cuisines"": [], ""content_type"": ""event"", ""location"": {""name"": ""Atlanta, Georgia"", ""slug"": ""atlanta-georgia""}, ""signals"": {""meal_evidence"": {""drinks"": [""cocktail"", ""cocktails"", ""bar""]}, ""cuisine_evidence"": {}, ""content_evidence"": {""event"": [""event"", ""live music""]}}, ""metadata"": {""hashtags"": [""atlblog"", ""atldatenight"", ""atleats"", ""thingstodoinatlanta""], ""mentions"": [""atllovesmo"", ""fernbankmuseum""], ""likes"": 8707, ""comments"": 86, ""video_views"": 52662}}","{""meal_type_evidence"": {""embedding_label"": ""drinks"", ""embedding_similarity"": 0.333, ""baseline_label"": ""drinks"", ""baseline_confidence"": 0.85, ""override"": false, ""reason"": ""embedding_agrees_boost_baseline""}, ""cuisine_evidence"": {""embedding_cuisines"": [], ""embedding_similarities"": {}, ""baseline_cuisines"": [], ""newly_detected"": [], ""removed"": [], ""reason"": ""no_strong_embedding_matches_keep_baseline""}, ""content_type_evidence"": {""embedding_label"": ""activity"", ""embedding_similarity"": 0.438, ""baseline_label"": ""event"", ""baseline_confidence"": 0.85, ""override"": false, ""reason"": ""embedding_disagrees_but_baseline_acceptable""}}"
3699963528610679464,drinks,0.85,drinks,0.773,CONFIDENCE_UPDATED,-0.077,"{""meal_type"": ""drinks"", ""cuisines"": [""japanese""], ""content_type"": ""food_spot"", ""location"": {""name"": ""Atlanta, Georgia"", ""slug"": ""atlanta-georgia""}, ""signals"": {""meal_evidence"": {""lunch"": [""lunch""], ""dinner"": [""dinner""], ""drinks"": [""cocktail"", ""cocktails"", ""bar""]}, ""cuisine_evidence"": {""japanese"": [""sushi""]}, ""content_evidence"": {""food_spot"": [""location_present""]}}, ""metadata"": {""hashtags"": [""atlblog"", ""atldatenight"", ""atleats""], ""mentions"": [""atllovesmo"", ""bullyboyatl."", ""ela.atlanta"", ""little5pointsofficial."", ""midcity.atl"", ""spacequeen_atl""], ""likes"": 1018, ""comments"": 71, ""video_views"": 9885}}","{""meal_type_evidence"": {""embedding_label"": ""drinks"", ""embedding_similarity"": 0.323, ""baseline_label"": ""drinks"", ""baseline_confidence"": 0.85, ""override"": false, ""reason"": ""embedding_agrees_boost_baseline""}, ""cuisine_evidence"": {""embedding_cuisines"": [], ""embedding_similarities"": {}, ""baseline_cuisines"": [""japanese""], ""newly_detected"": [], ""removed"": [""japanese""], ""reason"": ""no_strong_embedding_matches_keep_baseline""}, ""content_type_evidence"": {""embedding_label"": ""food_spot"", ""embedding_similarity"": 0.332, ""baseline_label"": ""food_spot"", ""baseline_confidence"": 0.85, ""override"": false, ""reason"": ""weak_embedding_match_keep_baseline""}}"
3083929440983474287,drinks,0.85,drinks,0.773,CONFIDENCE_UPDATED,-0.077,"{""meal_type"": ""drinks"", ""cuisines"": [""italian""], ""content_type"": ""food_spot"", ""location"": {""name"": ""Atlanta, Georgia"", ""slug"": ""atlanta-georgia""}, ""signals"": {""meal_evidence"": {""dinner"": [""date night""], ""drinks"": [""gin"", ""shot"", ""shots""]}, ""cuisine_evidence"": {""italian"": [""pizza""]}, ""content_evidence"": {""food_spot"": [""location_present""]}}, ""metadata"": {""hashtags"": [""atlarcade"", ""atldatenight"", ""atlgamenight"", ""atlgamers"", ""atlsocialclub""], ""mentions"": [""highnoonsunsips"", ""slingshotsocialatl""], ""likes"": 221, ""comments"": 28, ""video_views"": 3567}}","{""meal_type_evidence"": {""embedding_label"": ""drinks"", ""embedding_similarity"": 0.304, ""baseline_label"": ""drinks"", ""baseline_confidence"": 0.85, ""override"": false, ""reason"": ""embedding_agrees_boost_baseline""}, ""cuisine_evidence"": {""embedding_cuisines"": [], ""embedding_similarities"": {}, ""baseline_cuisines"": [""italian""], ""newly_detected"": [], ""removed"": [""italian""], ""reason"": ""no_strong_embedding_matches_keep_baseline""}, ""content_type_evidence"": {""embedding_label"": ""food_spot"", ""embedding_similarity"": 0.339, ""baseline_label"": ""food_spot"", ""baseline_confidence"": 0.85, ""override"": false, ""reason"": ""weak_embedding_match_keep_baseline""}}"
3773937242545970626,drinks,0.85,drinks,0.773,CONFIDENCE_UPDATED,-0.077,"{""meal_type"": ""drinks"", ""cuisines"": [""american""], ""content_type"": ""food_spot"", ""location"": {""name"": ""Atlanta, Georgia"", ""slug"": ""atlanta-georgia""}, ""signals"": {""meal_evidence"": {""dinner"": [""dinner""], ""dessert"": [""dessert""], ""drinks"": [""bar"", ""drink"", ""drinks""]}, ""cuisine_evidence"": {""american"": [""hot dog""]}, ""content_evidence"": {""food_spot"": [""location_present""]}}, ""metadata"": {""hashtags"": [], ""mentions"": [""2chainz"", ""atlhawks"", ""statefarmarena."", ""yfnlucci""], ""likes"": 275, ""comments"": 62, ""video_views"": 3090}}","{""meal_type_evidence"": {""embedding_label"": ""drinks"", ""embedding_similarity"": 0.314, ""baseline_label"": ""drinks"", ""baseline_confidence"": 0.85, ""override"": false, ""reason"": ""embedding_agrees_boost_baseline""}, ""cuisine_evidence"": {""embedding_cuisines"": [], ""embedding_similarities"": {}, ""baseline_cuisines"": [""american""], ""newly_detected"": [], ""removed"": [""american""], ""reason"": ""no_strong_embedding_matches_keep_baseline""}, ""content_type_evidence"": {""embedding_label"": ""food_spot"", ""embedding_similarity"": 0.319, ""baseline_label"": ""food_spot"", ""baseline_confidence"": 0.85, ""override"": false, ""reason"": ""weak_embedding_match_keep_baseline""}}"
2876046840687392135,drinks,0.85,drinks,0.773,CONFIDENCE_UPDATED,-0.077,"{""meal_type"": ""drinks"", ""cuisines"": [""seafood""], ""content_type"": ""food_spot"", ""location"": {""name"": ""Bellyard"", ""slug"": ""bellyard""}, ""signals"": {""meal_evidence"": {""dinner"": [""date night""], ""drinks"": [""bar"", ""drink"", ""drinks""]}, ""cuisine_evidence"": {""seafood"": [""fish""]}, ""content_evidence"": {""food_spot"": [""location_present""]}}, ""metadata"": {""hashtags"": [], ""mentions"": [""bellyardhotel"", ""drawbaratl""], ""likes"": 199, ""comments"": 75, ""video_views"": 916}}","{""meal_type_evidence"": {""embedding_label"": ""drinks"", ""embedding_similarity"": 0.319, ""baseline_label"": ""drinks"", ""baseline_confidence"": 0.85, ""override"": false, ""reason"": ""embedding_agrees_boost_baseline""}, ""cuisine_evidence"": {""embedding_cuisines"": [], ""embedding_similarities"": {}, ""baseline_cuisines"": [""seafood""], ""newly_detected"": [], ""removed"": [""seafood""], ""reason"": ""no_strong_embedding_matches_keep_baseline""}, ""content_type_evidence"": {""embedding_label"": ""food_spot"", ""embedding_similarity"": 0.284, ""baseline_label"": ""food_spot"", ""baseline_confidence"": 0.85, ""override"": false, ""reason"": ""weak_embedding_match_keep_baseline""}}"
3220636913500758105,event,0.95,event,0.869,CONFIDENCE_UPDATED,-0.081,"{""meal_type"": ""dessert"", ""cuisines"": [""bakery""], ""content_type"": ""event"", ""location"": {""name"": ""Atlanta, Georgia"", ""slug"": ""atlanta-georgia""}, ""signals"": {""meal_evidence"": {""dinner"": [""dinner"", ""date night""], ""dessert"": [""dessert"", ""ice cream"", ""cake"", ""cookie""], ""drinks"": [""wine""]}, ""cuisine_evidence"": {""bakery"": [""pastry""]}, ""content_evidence"": {""event"": [""event"", ""seasonal""]}}, ""metadata"": {""hashtags"": [""atlantaeats"", ""atlcookies"", ""atldessert"", ""atleats""], ""mentions"": [""atllovesmo"", ""chefcharmain"", ""newyorkprime"", ""sugar_shanes"", ""thebcf"", ""tinylousatl""], ""likes"": 9075, ""comments"": 86, ""video_views"": 89187}}","{""meal_type_evidence"": {""embedding_label"": ""dessert"", ""embedding_similarity"": 0.554, ""baseline_label"": ""dessert"", ""baseline_confidence"": 0.95, ""override"": false, ""reason"": ""embedding_agrees_boost_baseline""}, ""cuisine_evidence"": {""embedding_cuisines"": [], ""embedding_similarities"": {}, ""baseline_cuisines"": [""bakery""], ""newly_detected"": [], ""removed"": [""bakery""], ""reason"": ""no_strong_embedding_matches_keep_baseline""}, ""content_type_evidence"": {""embedding_label"": ""food_spot"", ""embedding_similarity"": 0.344, ""baseline_label"": ""event"", ""baseline_confidence"": 0.95, ""override"": false, ""reason"": ""weak_embedding_match_keep_baseline""}}"
2733292298597728538,drinks,0.65,drinks,0.569,CONFIDENCE_UPDATED,-0.081,"{""meal_type"": ""drinks"", ""cuisines"": [], ""content_type"": ""mixed"", ""location"": {""name"": null, ""slug"": null}, ""signals"": {""meal_evidence"": {""drinks"": [""wine""]}, ""cuisine_evidence"": {}, ""content_evidence"": {}}, ""metadata"": {""hashtags"": [], ""mentions"": [""wolfmountainvineyards""], ""likes"": 209, ""comments"": 34, ""video_views"": null}}","{""meal_type_evidence"": {""embedding_label"": ""drinks"", ""embedding_similarity"": 0.27, ""baseline_label"": ""drinks"", ""baseline_confidence"": 0.65, ""override"": false, ""reason"": ""weak_embedding_match_keep_baseline""}, ""cuisine_evidence"": {""embedding_cuisines"": [], ""embedding_similarities"": {}, ""baseline_cuisines"": [], ""newly_detected"": [], ""removed"": [], ""reason"": ""no_strong_embedding_matches_keep_baseline""}, ""content_type_evidence"": {""embedding_label"": ""food_spot"", ""embedding_similarity"": 0.293, ""baseline_label"": ""mixed"", ""baseline_confidence"": 0.65, ""override"": false, ""reason"": ""weak_embedding_match_keep_baseline""}}"
3438334769111198664,event,0.95,event,0.868,CONFIDENCE_UPDATED,-0.082,"{""meal_type"": ""dessert"", ""cuisines"": [""coffee_cafe""], ""content_type"": ""event"", ""location"": {""name"": ""Atlanta, Georgia"", ""slug"": ""atlanta-georgia""}, ""signals"": {""meal_evidence"": {""dessert"": [""dessert"", ""ice cream"", ""cake"", ""cookie""]}, ""cuisine_evidence"": {""coffee_cafe"": [""latte""]}, ""content_evidence"": {""event"": [""seasonal""]}}, ""metadata"": {""hashtags"": [""ediblepartner""], ""mentions"": [""ediblearrangements""], ""likes"": 2116, ""comments"": 131, ""video_views"": 124691}}","{""meal_type_evidence"": {""embedding_label"": ""dessert"", ""embedding_similarity"": 0.505, ""baseline_label"": ""dessert"", ""baseline_confidence"": 0.95, ""override"": false, ""reason"": ""embedding_agrees_boost_baseline""}, ""cuisine_evidence"": {""embedding_cuisines"": [], ""embedding_similarities"": {}, ""baseline_cuisines"": [""coffee_cafe""], ""newly_detected"": [], ""removed"": [""coffee_cafe""], ""reason"": ""no_strong_embedding_matches_keep_baseline""}, ""content_type_evidence"": {""embedding_label"": ""mixed"", ""embedding_similarity"": 0.237, ""baseline_label"": ""event"", ""baseline_confidence"": 0.95, ""override"": false, ""reason"": ""weak_embedding_match_keep_baseline""}}"
3691100204100434945,event,0.95,event,0.868,CONFIDENCE_UPDATED,-0.082,"{""meal_type"": ""drinks"", ""cuisines"": [""coffee_cafe""], ""content_type"": ""event"", ""location"": {""name"": ""Atlanta, Georgia"", ""slug"": ""atlanta-georgia""}, ""signals"": {""meal_evidence"": {""drinks"": [""drink"", ""drinks"", ""margarita"", ""martini""]}, ""cuisine_evidence"": {""coffee_cafe"": [""coffee"", ""espresso""]}, ""content_evidence"": {""event"": [""event"", ""ticket""]}}, ""metadata"": {""hashtags"": [""atlblog"", ""atleats"", ""thingstodoinatlanta""], ""mentions"": [""atllovesmo"", ""botanicohospitality.com"", ""flowcoffeeatl"", ""kru.tik_"", ""opentable"", ""palosanto_atl"", ""rori_dj""], ""likes"": 3054, ""comments"": 94, ""video_views"": 25231}}","{""meal_type_evidence"": {""embedding_label"": ""drinks"", ""embedding_similarity"": 0.505, ""baseline_label"": ""drinks"", ""baseline_confidence"": 0.95, ""override"": false, ""reason"": ""embedding_agrees_boost_baseline""}, ""cuisine_evidence"": {""embedding_cuisines"": [], ""embedding_similarities"": {}, ""baseline_cuisines"": [""coffee_cafe""], ""newly_detected"": [], ""removed"": [""coffee_cafe""], ""reason"": ""no_strong_embedding_matches_keep_baseline""}, ""content_type_evidence"": {""embedding_label"": ""food_spot"", ""embedding_similarity"": 0.433, ""baseline_label"": ""event"", ""baseline_confidence"": 0.95, ""override"": false, ""reason"": ""embedding_disagrees_but_baseline_acceptable""}}"
3398212941781236597,drinks,0.95,drinks,0.868,CONFIDENCE_UPDATED,-0.082,"{""meal_type"": ""drinks"", ""cuisines"": [""italian"", ""mediterranean""], ""content_type"": ""food_spot"", ""location"": {""name"": ""Atlanta, Georgia"", ""slug"": ""atlanta-georgia""}, ""signals"": {""meal_evidence"": {""brunch"": [""brunch""], ""dinner"": [""date night""], ""dessert"": [""cake""], ""drinks"": [""cocktail"", ""cocktails"", ""bar"", ""mocktail""]}, ""cuisine_evidence"": {""italian"": [""italian""], ""mediterranean"": [""mediterranean"", ""hummus""]}, ""content_evidence"": {""food_spot"": [""location_present""]}}, ""metadata"": {""hashtags"": [""atlantafoodie"", ""atlblog"", ""atleats"", ""atlfoodie""], ""mentions"": [""atllovesmo"", ""peraatl""], ""likes"": 1713, ""comments"": 88, ""video_views"": 22201}}","{""meal_type_evidence"": {""embedding_label"": ""dinner"", ""embedding_similarity"": 0.562, ""baseline_label"": ""drinks"", ""baseline_confidence"": 0.95, ""override"": false, ""reason"": ""embedding_disagrees_but_baseline_sufficient""}, ""cuisine_evidence"": {""embedding_cuisines"": [""mediterranean""], ""embedding_similarities"": {""mediterranean"": 0.404}, ""baseline_cuisines"": [""italian"", ""mediterranean""], ""newly_detected"": [], ""removed"": [""italian""], ""reason"": ""embedding_refined_cuisine_list""}, ""content_type_evidence"": {""embedding_label"": ""food_spot"", ""embedding_similarity"": 0.508, ""baseline_label"": ""food_spot"", ""baseline_confidence"": 0.95, ""override"": false, ""reason"": ""embedding_agrees_boost_baseline""}}"
3828992055016787326,drinks,0.95,drinks,0.868,CONFIDENCE_UPDATED,-0.082,"{""meal_type"": ""drinks"", ""cuisines"": [], ""content_type"": ""food_spot"", ""location"": {""name"": ""Atlanta, Georgia"", ""slug"": ""atlanta-georgia""}, ""signals"": {""meal_evidence"": {""dinner"": [""dinner"", ""tasting menu""], ""drinks"": [""bar"", ""drink"", ""drinks"", ""gin""]}, ""cuisine_evidence"": {}, ""content_evidence"": {""food_spot"": [""location_present""]}}, ""metadata"": {""hashtags"": [], ""mentions"": [""atllovesmo"", ""calebjgrubb"", ""chefjaredwarwick"", ""majinbeen"", ""wickandnicks""], ""likes"": 1712, ""comments"": 70, ""video_views"": 12293}}","{""meal_type_evidence"": {""embedding_label"": ""dinner"", ""embedding_similarity"": 0.426, ""baseline_label"": ""drinks"", ""baseline_confidence"": 0.95, ""override"": false, ""reason"": ""embedding_disagrees_but_baseline_sufficient""}, ""cuisine_evidence"": {""embedding_cuisines"": [], ""embedding_similarities"": {}, ""baseline_cuisines"": [], ""newly_detected"": [], ""removed"": [], ""reason"": ""no_strong_embedding_matches_keep_baseline""}, ""content_type_evidence"": {""embedding_label"": ""food_spot"", ""embedding_similarity"": 0.539, ""baseline_label"": ""food_spot"", ""baseline_confidence"": 0.95, ""override"": false, ""reason"": ""embedding_agrees_boost_baseline""}}"
3267756321360546831,drinks,0.95,drinks,0.867,CONFIDENCE_UPDATED,-0.083,"{""meal_type"": ""drinks"", ""cuisines"": [""american"", ""mexican"", ""seafood""], ""content_type"": ""food_spot"", ""location"": {""name"": ""Wahoo! Grill"", ""slug"": ""wahoo-grill""}, ""signals"": {""meal_evidence"": {""dinner"": [""dinner""], ""dessert"": [""dessert""], ""drinks"": [""cocktail"", ""cocktails"", ""alcohol"", ""wine"", ""beer"", ""bar"", ""happy hour"", ""gin""]}, ""cuisine_evidence"": {""american"": [""burger""], ""mexican"": [""taco""], ""seafood"": [""seafood"", ""oyster"", ""crab"", ""fish""]}, ""content_evidence"": {""food_spot"": [""location_present""]}}, ""metadata"": {""hashtags"": [""atlanta"", ""atlblog"", ""atleats"", ""atlfoodie"", ""atlhappyhour""], ""mentions"": [""atllovesmo"", ""lure.atl"", ""rwbyatl"", ""wahoo_grill"", ""wahoowine""], ""likes"": 20281, ""comments"": 113, ""video_views"": 143116}}","{""meal_type_evidence"": {""embedding_label"": ""snack"", ""embedding_similarity"": 0.461, ""baseline_label"": ""drinks"", ""baseline_confidence"": 0.95, ""override"": false, ""reason"": ""embedding_disagrees_but_baseline_sufficient""}, ""cuisine_evidence"": {""embedding_cuisines"": [""american""], ""embedding_similarities"": {""american"": 0.459}, ""baseline_cuisines"": [""american"", ""mexican"", ""seafood""], ""newly_detected"": [], ""removed"": [""mexican"", ""seafood""], ""reason"": ""embedding_refined_cuisine_list""}, ""content_type_evidence"": {""embedding_label"": ""food_spot"", ""embedding_similarity"": 0.481, ""baseline_label"": ""food_spot"", ""baseline_confidence"": 0.95, ""override"": false, ""reason"": ""embedding_agrees_boost_baseline""}}"
3337341745023086044,drinks,0.95,drinks,0.867,CONFIDENCE_UPDATED,-0.083,"{""meal_type"": ""drinks"", ""cuisines"": [""japanese"", ""korean"", ""coffee_cafe""], ""content_type"": ""food_spot"", ""location"": {""name"": ""Atlanta, Georgia"", ""slug"": ""atlanta-georgia""}, ""signals"": {""meal_evidence"": {""dinner"": [""dinner"", ""date night""], ""drinks"": [""cocktail"", ""cocktails"", ""wine"", ""bar""]}, ""cuisine_evidence"": {""japanese"": [""japanese"", ""sushi"", ""omakase""], ""korean"": [""korean""], ""coffee_cafe"": [""coffee""]}, ""content_evidence"": {""food_spot"": [""location_present""]}}, ""metadata"": {""hashtags"": [""atlantaeats"", ""atldatenight"", ""atleats"", ""atlfoodie""], ""mentions"": [""atlantarestaurantclub"", ""atllovesmo"", ""brushatl"", ""buckheadvillagedistrict"", ""elvinedolocal"", ""gaja_eav""], ""likes"": 2380, ""comments"": 76, ""video_views"": 30075}}","{""meal_type_evidence"": {""embedding_label"": ""dinner"", ""embedding_similarity"": 0.467, ""baseline_label"": ""drinks"", ""baseline_confidence"": 0.95, ""override"": false, ""reason"": ""embedding_disagrees_but_baseline_sufficient""}, ""cuisine_evidence"": {""embedding_cuisines"": [], ""embedding_similarities"": {}, ""baseline_cuisines"": [""japanese"", ""korean"", ""coffee_cafe""], ""newly_detected"": [], ""removed"": [""korean"", ""coffee_cafe"", ""japanese""], ""reason"": ""no_strong_embedding_matches_keep_baseline""}, ""content_type_evidence"": {""embedding_label"": ""food_spot"", ""embedding_similarity"": 0.462, ""baseline_label"": ""food_spot"", ""baseline_confidence"": 0.95, ""override"": false, ""reason"": ""embedding_agrees_boost_baseline""}}"
3573667980506340450,drinks,0.95,drinks,0.867,CONFIDENCE_UPDATED,-0.083,"{""meal_type"": ""drinks"", ""cuisines"": [""seafood""], ""content_type"": ""food_spot"", ""location"": {""name"": ""Atlanta, Georgia"", ""slug"": ""atlanta-georgia""}, ""signals"": {""meal_evidence"": {""dinner"": [""date night""], ""drinks"": [""cocktail"", ""cocktails"", ""wine"", ""bar""]}, ""cuisine_evidence"": {""seafood"": [""seafood""]}, ""content_evidence"": {""food_spot"": [""location_present""]}}, ""metadata"": {""hashtags"": [""atlblog"", ""atldatenight"", ""atleats"", ""atlfoodie""], ""mentions"": [""atlantabeltline"", ""atllovesmo"", ""boqueria"", ""colonysquareatl"", ""madeiraparkatl"", ""yujiatlanta""], ""likes"": 4106, ""comments"": 84, ""video_views"": 29634}}","{""meal_type_evidence"": {""embedding_label"": ""dinner"", ""embedding_similarity"": 0.385, ""baseline_label"": ""drinks"", ""baseline_confidence"": 0.95, ""override"": false, ""reason"": ""embedding_disagrees_but_baseline_sufficient""}, ""cuisine_evidence"": {""embedding_cuisines"": [], ""embedding_similarities"": {}, ""baseline_cuisines"": [""seafood""], ""newly_detected"": [], ""removed"": [""seafood""], ""reason"": ""no_strong_embedding_matches_keep_baseline""}, ""content_type_evidence"": {""embedding_label"": ""food_spot"", ""embedding_similarity"": 0.468, ""baseline_label"": ""food_spot"", ""baseline_confidence"": 0.95, ""override"": false, ""reason"": ""embedding_agrees_boost_baseline""}}"
3327172808335582115,drinks,0.95,drinks,0.867,CONFIDENCE_UPDATED,-0.083,"{""meal_type"": ""drinks"", ""cuisines"": [""mediterranean""], ""content_type"": ""food_spot"", ""location"": {""name"": ""Atlanta, Georgia"", ""slug"": ""atlanta-georgia""}, ""signals"": {""meal_evidence"": {""brunch"": [""brunch""], ""dinner"": [""dinner"", ""date night""], ""drinks"": [""cocktail"", ""cocktails"", ""bar"", ""happy hour"", ""gin""]}, ""cuisine_evidence"": {""mediterranean"": [""mediterranean"", ""hummus""]}, ""content_evidence"": {""food_spot"": [""location_present""]}}, ""metadata"": {""hashtags"": [""atlantablog"", ""atldatenight"", ""atleats"", ""atlfoodie""], ""mentions"": [""atllovesmo"", ""ela.atlanta"", ""virginiahighlanddistrict.""], ""likes"": 2034, ""comments"": 116, ""video_views"": 23015}}","{""meal_type_evidence"": {""embedding_label"": ""dinner"", ""embedding_similarity"": 0.566, ""baseline_label"": ""drinks"", ""baseline_confidence"": 0.95, ""override"": false, ""reason"": ""embedding_disagrees_but_baseline_sufficient""}, ""cuisine_evidence"": {""embedding_cuisines"": [""american""], ""embedding_similarities"": {""american"": 0.44}, ""baseline_cuisines"": [""mediterranean""], ""newly_detected"": [""american""], ""removed"": [""mediterranean""], ""reason"": ""embedding_refined_cuisine_list""}, ""content_type_evidence"": {""embedding_label"": ""food_spot"", ""embedding_similarity"": 0.489, ""baseline_label"": ""food_spot"", ""baseline_confidence"": 0.95, ""override"": false, ""reason"": ""embedding_agrees_boost_baseline""}}"
3411380812686802747,event,0.95,event,0.867,CONFIDENCE_UPDATED,-0.083,"{""meal_type"": ""drinks"", ""cuisines"": [""bbq""], ""content_type"": ""event"", ""location"": {""name"": ""Atlanta, Georgia"", ""slug"": ""atlanta-georgia""}, ""signals"": {""meal_evidence"": {""brunch"": [""brunch""], ""lunch"": [""lunch""], ""dinner"": [""dinner"", ""date night""], ""drinks"": [""cocktail"", ""cocktails"", ""wine"", ""drink"", ""drinks"", ""happy hour"", ""tequila""], ""snack"": [""snack""]}, ""cuisine_evidence"": {""bbq"": [""ribs""]}, ""content_evidence"": {""event"": [""live music""]}}, ""metadata"": {""hashtags"": [""atlantafoodie"", ""atlblog"", ""atleats"", ""culinarydropout"", ""dunwoodyga""], ""mentions"": [""culinarydropout""], ""likes"": 2294, ""comments"": 81, ""video_views"": 21600}}","{""meal_type_evidence"": {""embedding_label"": ""drinks"", ""embedding_similarity"": 0.49, ""baseline_label"": ""drinks"", ""baseline_confidence"": 0.95, ""override"": false, ""reason"": ""embedding_agrees_boost_baseline""}, ""cuisine_evidence"": {""embedding_cuisines"": [], ""embedding_similarities"": {}, ""baseline_cuisines"": [""bbq""], ""newly_detected"": [], ""removed"": [""bbq""], ""reason"": ""no_strong_embedding_matches_keep_baseline""}, ""content_type_evidence"": {""embedding_label"": ""food_spot"", ""embedding_similarity"": 0.438, ""baseline_label"": ""event"", ""baseline_confidence"": 0.95, ""override"": false, ""reason"": ""embedding_disagrees_but_baseline_acceptable""}}"
3269980823997859116,drinks,0.95,drinks,0.866,CONFIDENCE_UPDATED,-0.084,"{""meal_type"": ""drinks"", ""cuisines"": [""seafood""], ""content_type"": ""food_spot"", ""location"": {""name"": ""Atlanta, Georgia"", ""slug"": ""atlanta-georgia""}, ""signals"": {""meal_evidence"": {""dinner"": [""dinner"", ""date night""], ""drinks"": [""cocktail"", ""cocktails"", ""bar"", ""margarita"", ""tequila"", ""gin""]}, ""cuisine_evidence"": {""seafood"": [""lobster""]}, ""content_evidence"": {""food_spot"": [""location_present""]}}, ""metadata"": {""hashtags"": [""atlantafoodie"", ""atldatenight"", ""atleats""], ""mentions"": [""atllovesmo"", ""chicheriamx"", ""cookingwithashkan"", ""theworksatl"", ""verdureatlanta"", ""yalda.atl""], ""likes"": 23482, ""comments"": 109, ""video_views"": 162283}}","{""meal_type_evidence"": {""embedding_label"": ""dinner"", ""embedding_similarity"": 0.523, ""baseline_label"": ""drinks"", ""baseline_confidence"": 0.95, ""override"": false, ""reason"": ""embedding_disagrees_but_baseline_sufficient""}, ""cuisine_evidence"": {""embedding_cuisines"": [""mexican""], ""embedding_similarities"": {""mexican"": 0.42}, ""baseline_cuisines"": [""seafood""], ""newly_detected"": [""mexican""], ""removed"": [""seafood""], ""reason"": ""embedding_refined_cuisine_list""}, ""content_type_evidence"": {""embedding_label"": ""food_spot"", ""embedding_similarity"": 0.455, ""baseline_label"": ""food_spot"", ""baseline_confidence"": 0.95, ""override"": false, ""reason"": ""embedding_agrees_boost_baseline""}}"
3196003339287291453,drinks,0.95,drinks,0.866,CONFIDENCE_UPDATED,-0.084,"{""meal_type"": ""drinks"", ""cuisines"": [""seafood""], ""content_type"": ""food_spot"", ""location"": {""name"": ""Atlanta, Georgia"", ""slug"": ""atlanta-georgia""}, ""signals"": {""meal_evidence"": {""dinner"": [""date night""], ""drinks"": [""cocktail"", ""cocktails"", ""drink"", ""margarita""]}, ""cuisine_evidence"": {""seafood"": [""lobster""]}, ""content_evidence"": {""food_spot"": [""location_present""]}}, ""metadata"": {""hashtags"": [""atlantaeats"", ""atlantafood"", ""atldatenight"", ""atleats"", ""atlfoodie"", ""hosted""], ""mentions"": [""atllovesmo"", ""chef_jean_louis_sangare"", ""verdureatlanta""], ""likes"": 11695, ""comments"": 112, ""video_views"": 86414}}","{""meal_type_evidence"": {""embedding_label"": ""dinner"", ""embedding_similarity"": 0.542, ""baseline_label"": ""drinks"", ""baseline_confidence"": 0.95, ""override"": false, ""reason"": ""embedding_disagrees_but_baseline_sufficient""}, ""cuisine_evidence"": {""embedding_cuisines"": [""american""], ""embedding_similarities"": {""american"": 0.436}, ""baseline_cuisines"": [""seafood""], ""newly_detected"": [""american""], ""removed"": [""seafood""], ""reason"": ""embedding_refined_cuisine_list""}, ""content_type_evidence"": {""embedding_label"": ""food_spot"", ""embedding_similarity"": 0.453, ""baseline_label"": ""food_spot"", ""baseline_confidence"": 0.95, ""override"": false, ""reason"": ""embedding_agrees_boost_baseline""}}"
3715736174725270890,drinks,0.95,drinks,0.866,CONFIDENCE_UPDATED,-0.084,"{""meal_type"": ""drinks"", ""cuisines"": [""italian"", ""japanese"", ""bakery"", ""coffee_cafe""], ""content_type"": ""food_spot"", ""location"": {""name"": ""Atlanta, Georgia"", ""slug"": ""atlanta-georgia""}, ""signals"": {""meal_evidence"": {""breakfast"": [""breakfast""], ""lunch"": [""sandwich""], ""drinks"": [""cocktail"", ""cocktails"", ""beer"", ""martini"", ""gin""]}, ""cuisine_evidence"": {""italian"": [""pizza""], ""japanese"": [""omakase""], ""bakery"": [""bakery"", ""bread""], ""coffee_cafe"": [""coffee"", ""espresso"", ""latte"", ""matcha""]}, ""content_evidence"": {""food_spot"": [""location_present""]}}, ""metadata"": {""hashtags"": [""atlblog""], ""mentions"": [""atlantabeltline"", ""atllovesmo"", ""chefjasonliang"", ""kirkgibson1"", ""luckystaratl"", ""mondaynight"", ""mondaynightgrove"", ""resy"", ""sammysatl""], ""likes"": 5759, ""comments"": 66, ""video_views"": 47573}}","{""meal_type_evidence"": {""embedding_label"": ""snack"", ""embedding_similarity"": 0.373, ""baseline_label"": ""drinks"", ""baseline_confidence"": 0.95, ""override"": false, ""reason"": ""embedding_disagrees_but_baseline_sufficient""}, ""cuisine_evidence"": {""embedding_cuisines"": [], ""embedding_similarities"": {}, ""baseline_cuisines"": [""italian"", ""japanese"", ""bakery"", ""coffee_cafe""], ""newly_detected"": [], ""removed"": [""coffee_cafe"", ""japanese"", ""italian"", ""bakery""], ""reason"": ""no_strong_embedding_matches_keep_baseline""}, ""content_type_evidence"": {""embedding_label"": ""food_spot"", ""embedding_similarity"": 0.45, ""baseline_label"": ""food_spot"", ""baseline_confidence"": 0.95, ""override"": false, ""reason"": ""embedding_agrees_boost_baseline""}}"
3798559431345698644,event,0.95,event,0.866,CONFIDENCE_UPDATED,-0.084,"{""meal_type"": ""drinks"", ""cuisines"": [""coffee_cafe""], ""content_type"": ""event"", ""location"": {""name"": ""Atlanta, Georgia"", ""slug"": ""atlanta-georgia""}, ""signals"": {""meal_evidence"": {""dinner"": [""date night""], ""drinks"": [""cocktail"", ""cocktails"", ""bar"", ""drink""]}, ""cuisine_evidence"": {""coffee_cafe"": [""cafe"", ""matcha""]}, ""content_evidence"": {""event"": [""event""]}}, ""metadata"": {""hashtags"": [""atlblog"", ""atldatenight"", ""atleats"", ""thingstodoinatlanta""], ""mentions"": [""atllovesmo"", ""brushatl"", ""chefjasonliang"", ""echoroomatl"", ""hotelgranada_atlanta"", ""luckystaratl"", ""maypeel_atlanta"", ""michelinguide"", ""resy"", ""starmetalsatl"", ""westside_motor_lounge.""], ""likes"": 5810, ""comments"": 90, ""video_views"": 45710}}","{""meal_type_evidence"": {""embedding_label"": ""drinks"", ""embedding_similarity"": 0.435, ""baseline_label"": ""drinks"", ""baseline_confidence"": 0.95, ""override"": false, ""reason"": ""embedding_agrees_boost_baseline""}, ""cuisine_evidence"": {""embedding_cuisines"": [], ""embedding_similarities"": {}, ""baseline_cuisines"": [""coffee_cafe""], ""newly_detected"": [], ""removed"": [""coffee_cafe""], ""reason"": ""no_strong_embedding_matches_keep_baseline""}, ""content_type_evidence"": {""embedding_label"": ""food_spot"", ""embedding_similarity"": 0.458, ""baseline_label"": ""event"", ""baseline_confidence"": 0.95, ""override"": false, ""reason"": ""embedding_disagrees_but_baseline_acceptable""}}"
3541253447766336089,drinks,0.95,drinks,0.866,CONFIDENCE_UPDATED,-0.084,"{""meal_type"": ""drinks"", ""cuisines"": [""italian""], ""content_type"": ""food_spot"", ""location"": {""name"": ""Atlanta, Georgia"", ""slug"": ""atlanta-georgia""}, ""signals"": {""meal_evidence"": {""lunch"": [""lunch"", ""sandwich""], ""drinks"": [""bar"", ""mocktail"", ""drink"", ""vodka""]}, ""cuisine_evidence"": {""italian"": [""pizza""]}, ""content_evidence"": {""food_spot"": [""location_present""]}}, ""metadata"": {""hashtags"": [""atlblog"", ""atleats"", ""atlfoodie"", ""higherorderofpizza"", ""mellowmushroompartner"", ""newwaytomellow""], ""mentions"": [""mellow.grantpark"", ""mellowmushroom""], ""likes"": 6183, ""comments"": 104, ""video_views"": 44111}}","{""meal_type_evidence"": {""embedding_label"": ""snack"", ""embedding_similarity"": 0.348, ""baseline_label"": ""drinks"", ""baseline_confidence"": 0.95, ""override"": false, ""reason"": ""embedding_disagrees_but_baseline_sufficient""}, ""cuisine_evidence"": {""embedding_cuisines"": [], ""embedding_similarities"": {}, ""baseline_cuisines"": [""italian""], ""newly_detected"": [], ""removed"": [""italian""], ""reason"": ""no_strong_embedding_matches_keep_baseline""}, ""content_type_evidence"": {""embedding_label"": ""food_spot"", ""embedding_similarity"": 0.432, ""baseline_label"": ""food_spot"", ""baseline_confidence"": 0.95, ""override"": false, ""reason"": ""embedding_agrees_boost_baseline""}}"
3315033090505411805,event,0.95,event,0.866,CONFIDENCE_UPDATED,-0.084,"{""meal_type"": ""drinks"", ""cuisines"": [], ""content_type"": ""event"", ""location"": {""name"": ""Urban Tree Cidery"", ""slug"": ""urban-tree-cidery""}, ""signals"": {""meal_evidence"": {""brunch"": [""brunch""], ""drinks"": [""cocktail"", ""cocktails"", ""bar"", ""margarita""]}, ""cuisine_evidence"": {}, ""content_evidence"": {""event"": [""event"", ""ticket""]}}, ""metadata"": {""hashtags"": [""atlantaclub"", ""atlantadance"", ""atlblog"", ""atldance"", ""atleats""], ""mentions"": [""atllovesmo"", ""dresslikeagent"", ""jasmyneflowers"", ""theandreaandrade"", ""urbantreecider""], ""likes"": 5738, ""comments"": 638, ""video_views"": 43191}}","{""meal_type_evidence"": {""embedding_label"": ""drinks"", ""embedding_similarity"": 0.446, ""baseline_label"": ""drinks"", ""baseline_confidence"": 0.95, ""override"": false, ""reason"": ""embedding_agrees_boost_baseline""}, ""cuisine_evidence"": {""embedding_cuisines"": [], ""embedding_similarities"": {}, ""baseline_cuisines"": [], ""newly_detected"": [], ""removed"": [], ""reason"": ""no_strong_embedding_matches_keep_baseline""}, ""content_type_evidence"": {""embedding_label"": ""food_spot"", ""embedding_similarity"": 0.389, ""baseline_label"": ""event"", ""baseline_confidence"": 0.95, ""override"": false, ""reason"": ""embedding_disagrees_but_baseline_acceptable""}}"
3421428307538082578,drinks,0.95,drinks,0.866,CONFIDENCE_UPDATED,-0.084,"{""meal_type"": ""drinks"", ""cuisines"": [""italian"", ""chinese"", ""thai"", ""mediterranean"", ""seafood"", ""coffee_cafe""], ""content_type"": ""food_spot"", ""location"": {""name"": ""Atlanta, Georgia"", ""slug"": ""atlanta-georgia""}, ""signals"": {""meal_evidence"": {""brunch"": [""brunch""], ""dinner"": [""dinner""], ""dessert"": [""cake""], ""drinks"": [""cocktail"", ""cocktails"", ""wine"", ""happy hour"", ""martini"", ""gin"", ""shot""]}, ""cuisine_evidence"": {""italian"": [""italian"", ""gnocchi""], ""chinese"": [""dumpling""], ""thai"": [""thai""], ""mediterranean"": [""mediterranean"", ""hummus""], ""seafood"": [""lobster"", ""shrimp""], ""coffee_cafe"": [""espresso""]}, ""content_evidence"": {""food_spot"": [""location_present""]}}, ""metadata"": {""hashtags"": [""atlblog"", ""atldatenight"", ""atleats"", ""atlfoodie"", ""atlthaifood""], ""mentions"": [""ela.atlanta"", ""inmanpark"", ""kittydareatl"", ""lamoon_atl"", ""virginiahighlanddistrict"", ""virginiahighlanddistrict.""], ""likes"": 4603, ""comments"": 72, ""video_views"": 40815}}","{""meal_type_evidence"": {""embedding_label"": ""dinner"", ""embedding_similarity"": 0.415, ""baseline_label"": ""drinks"", ""baseline_confidence"": 0.95, ""override"": false, ""reason"": ""embedding_disagrees_but_baseline_sufficient""}, ""cuisine_evidence"": {""embedding_cuisines"": [""mediterranean""], ""embedding_similarities"": {""mediterranean"": 0.402}, ""baseline_cuisines"": [""italian"", ""chinese"", ""thai"", ""mediterranean"", ""seafood"", ""coffee_cafe""], ""newly_detected"": [], ""removed"": [""thai"", ""italian"", ""coffee_cafe"", ""seafood"", ""chinese""], ""reason"": ""embedding_refined_cuisine_list""}, ""content_type_evidence"": {""embedding_label"": ""food_spot"", ""embedding_similarity"": 0.445, ""baseline_label"": ""food_spot"", ""baseline_confidence"": 0.95, ""override"": false, ""reason"": ""embedding_agrees_boost_baseline""}}"
3248178034586065651,drinks,0.95,drinks,0.866,CONFIDENCE_UPDATED,-0.084,"{""meal_type"": ""drinks"", ""cuisines"": [], ""content_type"": ""food_spot"", ""location"": {""name"": ""Westside Motor Lounge"", ""slug"": ""westside-motor-lounge""}, ""signals"": {""meal_evidence"": {""drinks"": [""cocktail"", ""cocktails"", ""bar"", ""vodka""]}, ""cuisine_evidence"": {}, ""content_evidence"": {""food_spot"": [""location_present""]}}, ""metadata"": {""hashtags"": [""atlanta"", ""atlchristmasbar"", ""atlyule"", ""thingstodoinatl"", ""westsidemotorlounge""], ""mentions"": [""atllovesmo"", ""westside_motor_lounge""], ""likes"": 3237, ""comments"": 105, ""video_views"": 31160}}","{""meal_type_evidence"": {""embedding_label"": ""drinks"", ""embedding_similarity"": 0.441, ""baseline_label"": ""drinks"", ""baseline_confidence"": 0.95, ""override"": false, ""reason"": ""embedding_agrees_boost_baseline""}, ""cuisine_evidence"": {""embedding_cuisines"": [], ""embedding_similarities"": {}, ""baseline_cuisines"": [], ""newly_detected"": [], ""removed"": [], ""reason"": ""no_strong_embedding_matches_keep_baseline""}, ""content_type_evidence"": {""embedding_label"": ""food_spot"", ""embedding_similarity"": 0.329, ""baseline_label"": ""food_spot"", ""baseline_confidence"": 0.95, ""override"": false, ""reason"": ""weak_embedding_match_keep_baseline""}}"
3763058173591801774,drinks,0.95,drinks,0.866,CONFIDENCE_UPDATED,-0.084,"{""meal_type"": ""drinks"", ""cuisines"": [""korean"", ""seafood""], ""content_type"": ""food_spot"", ""location"": {""name"": ""Atlanta, Georgia"", ""slug"": ""atlanta-georgia""}, ""signals"": {""meal_evidence"": {""dinner"": [""date night""], ""drinks"": [""cocktail"", ""cocktails"", ""bar"", ""drink"", ""drinks""], ""snack"": [""small bites""]}, ""cuisine_evidence"": {""korean"": [""kimchi""], ""seafood"": [""lobster""]}, ""content_evidence"": {""food_spot"": [""location_present""]}}, ""metadata"": {""hashtags"": [""atlblog"", ""atleats""], ""mentions"": [""atllovesmo"", ""blackjackbartapas""], ""likes"": 3020, ""comments"": 104, ""video_views"": 25898}}","{""meal_type_evidence"": {""embedding_label"": ""dinner"", ""embedding_similarity"": 0.503, ""baseline_label"": ""drinks"", ""baseline_confidence"": 0.95, ""override"": false, ""reason"": ""embedding_disagrees_but_baseline_sufficient""}, ""cuisine_evidence"": {""embedding_cuisines"": [""american""], ""embedding_similarities"": {""american"": 0.404}, ""baseline_cuisines"": [""korean"", ""seafood""], ""newly_detected"": [""american""], ""removed"": [""korean"", ""seafood""], ""reason"": ""embedding_refined_cuisine_list""}, ""content_type_evidence"": {""embedding_label"": ""food_spot"", ""embedding_similarity"": 0.439, ""baseline_label"": ""food_spot"", ""baseline_confidence"": 0.95, ""override"": false, ""reason"": ""embedding_agrees_boost_baseline""}}"
3494174189252607672,drinks,0.95,drinks,0.866,CONFIDENCE_UPDATED,-0.084,"{""meal_type"": ""drinks"", ""cuisines"": [""american"", ""mediterranean"", ""coffee_cafe""], ""content_type"": ""food_spot"", ""location"": {""name"": ""Atlanta, Georgia"", ""slug"": ""atlanta-georgia""}, ""signals"": {""meal_evidence"": {""brunch"": [""brunch""], ""dinner"": [""dinner""], ""drinks"": [""cocktail"", ""cocktails"", ""happy hour"", ""gin""]}, ""cuisine_evidence"": {""american"": [""burger""], ""mediterranean"": [""mediterranean"", ""hummus""], ""coffee_cafe"": [""latte""]}, ""content_evidence"": {""food_spot"": [""location_present""]}}, ""metadata"": {""hashtags"": [""atlblog"", ""atleats"", ""atlfoodie""], ""mentions"": [""atllovesmo"", ""ela.atlanta"", ""paintedparkatlanta"", ""thechastainatl"", ""virginiahighlanddistrict""], ""likes"": 2769, ""comments"": 76, ""video_views"": 24199}}","{""meal_type_evidence"": {""embedding_label"": ""snack"", ""embedding_similarity"": 0.413, ""baseline_label"": ""drinks"", ""baseline_confidence"": 0.95, ""override"": false, ""reason"": ""embedding_disagrees_but_baseline_sufficient""}, ""cuisine_evidence"": {""embedding_cuisines"": [""american""], ""embedding_similarities"": {""american"": 0.447}, ""baseline_cuisines"": [""american"", ""mediterranean"", ""coffee_cafe""], ""newly_detected"": [], ""removed"": [""coffee_cafe"", ""mediterranean""], ""reason"": ""embedding_refined_cuisine_list""}, ""content_type_evidence"": {""embedding_label"": ""food_spot"", ""embedding_similarity"": 0.439, ""baseline_label"": ""food_spot"", ""baseline_confidence"": 0.95, ""override"": false, ""reason"": ""embedding_agrees_boost_baseline""}}"
3508634288146865699,drinks,0.95,drinks,0.866,CONFIDENCE_UPDATED,-0.084,"{""meal_type"": ""drinks"", ""cuisines"": [""italian"", ""seafood""], ""content_type"": ""food_spot"", ""location"": {""name"": ""Atlanta, Georgia"", ""slug"": ""atlanta-georgia""}, ""signals"": {""meal_evidence"": {""dinner"": [""dinner"", ""date night""], ""drinks"": [""cocktail"", ""cocktails"", ""bar"", ""martini""]}, ""cuisine_evidence"": {""italian"": [""pasta""], ""seafood"": [""seafood"", ""oyster""]}, ""content_evidence"": {""food_spot"": [""location_present""]}}, ""metadata"": {""hashtags"": [""atlblog"", ""atldatenight"", ""atleats""], ""mentions"": [""atllovesmo"", ""forthatlanta"", ""ilpremioatlanta"", ""moonlightatlanta""], ""likes"": 2619, ""comments"": 79, ""video_views"": 19645}}","{""meal_type_evidence"": {""embedding_label"": ""dinner"", ""embedding_similarity"": 0.435, ""baseline_label"": ""drinks"", ""baseline_confidence"": 0.95, ""override"": false, ""reason"": ""embedding_disagrees_but_baseline_sufficient""}, ""cuisine_evidence"": {""embedding_cuisines"": [""american""], ""embedding_similarities"": {""american"": 0.44}, ""baseline_cuisines"": [""italian"", ""seafood""], ""newly_detected"": [""american""], ""removed"": [""italian"", ""seafood""], ""reason"": ""embedding_refined_cuisine_list""}, ""content_type_evidence"": {""embedding_label"": ""food_spot"", ""embedding_similarity"": 0.423, ""baseline_label"": ""food_spot"", ""baseline_confidence"": 0.95, ""override"": false, ""reason"": ""embedding_agrees_boost_baseline""}}"
3225269600828514318,drinks,0.95,drinks,0.866,CONFIDENCE_UPDATED,-0.084,"{""meal_type"": ""drinks"", ""cuisines"": [""japanese"", ""seafood""], ""content_type"": ""food_spot"", ""location"": {""name"": ""Atlanta, Georgia"", ""slug"": ""atlanta-georgia""}, ""signals"": {""meal_evidence"": {""dinner"": [""dinner"", ""tasting menu""], ""drinks"": [""cocktail"", ""cocktails"", ""bar"", ""drink""]}, ""cuisine_evidence"": {""japanese"": [""sushi"", ""omakase""], ""seafood"": [""seafood""]}, ""content_evidence"": {""food_spot"": [""location_present""]}}, ""metadata"": {""hashtags"": [""atlantafood"", ""atleats"", ""atlfood"", ""atlfoodie"", ""thingstodoinatlanta""], ""mentions"": [""atllovesmo"", ""avaloninsider"", ""bovinoafterdark"", ""bullyboyatl"", ""leeandwhite"", ""mf.bar"", ""mfsushiatl"", ""prefectureatl"", ""saltyourfood_atl""], ""likes"": 1019, ""comments"": 78, ""video_views"": 15040}}","{""meal_type_evidence"": {""embedding_label"": ""dinner"", ""embedding_similarity"": 0.398, ""baseline_label"": ""drinks"", ""baseline_confidence"": 0.95, ""override"": false, ""reason"": ""embedding_disagrees_but_baseline_sufficient""}, ""cuisine_evidence"": {""embedding_cuisines"": [], ""embedding_similarities"": {}, ""baseline_cuisines"": [""japanese"", ""seafood""], ""newly_detected"": [], ""removed"": [""japanese"", ""seafood""], ""reason"": ""no_strong_embedding_matches_keep_baseline""}, ""content_type_evidence"": {""embedding_label"": ""food_spot"", ""embedding_similarity"": 0.447, ""baseline_label"": ""food_spot"", ""baseline_confidence"": 0.95, ""override"": false, ""reason"": ""embedding_agrees_boost_baseline""}}"
3382259034509278973,drinks,0.95,drinks,0.866,CONFIDENCE_UPDATED,-0.084,"{""meal_type"": ""drinks"", ""cuisines"": [""seafood""], ""content_type"": ""food_spot"", ""location"": {""name"": ""Sandy Springs, Georgia"", ""slug"": ""sandy-springs-georgia""}, ""signals"": {""meal_evidence"": {""dessert"": [""dessert""], ""drinks"": [""cocktail"", ""cocktails"", ""bar"", ""gin""]}, ""cuisine_evidence"": {""seafood"": [""lobster"", ""shrimp""]}, ""content_evidence"": {""food_spot"": [""location_present""]}}, ""metadata"": {""hashtags"": [""atlantaeats"", ""atldatenight"", ""atlfoodie"", ""sandyspringsga""], ""mentions"": [""atllovesmo"", ""theselectatl"", ""visitsandysprings""], ""likes"": 1132, ""comments"": 91, ""video_views"": 14479}}","{""meal_type_evidence"": {""embedding_label"": ""snack"", ""embedding_similarity"": 0.359, ""baseline_label"": ""drinks"", ""baseline_confidence"": 0.95, ""override"": false, ""reason"": ""embedding_disagrees_but_baseline_sufficient""}, ""cuisine_evidence"": {""embedding_cuisines"": [], ""embedding_similarities"": {}, ""baseline_cuisines"": [""seafood""], ""newly_detected"": [], ""removed"": [""seafood""], ""reason"": ""no_strong_embedding_matches_keep_baseline""}, ""content_type_evidence"": {""embedding_label"": ""food_spot"", ""embedding_similarity"": 0.427, ""baseline_label"": ""food_spot"", ""baseline_confidence"": 0.95, ""override"": false, ""reason"": ""embedding_agrees_boost_baseline""}}"
3527996905940841937,drinks,0.95,drinks,0.866,CONFIDENCE_UPDATED,-0.084,"{""meal_type"": ""drinks"", ""cuisines"": [""seafood"", ""bbq"", ""bakery""], ""content_type"": ""food_spot"", ""location"": {""name"": ""Atlanta, Georgia"", ""slug"": ""atlanta-georgia""}, ""signals"": {""meal_evidence"": {""breakfast"": [""pancake"", ""eggs""], ""dessert"": [""cake""], ""drinks"": [""cocktail"", ""cocktails"", ""beer"", ""bar"", ""rum""]}, ""cuisine_evidence"": {""seafood"": [""oyster""], ""bbq"": [""smoked""], ""bakery"": [""bread""]}, ""content_evidence"": {""food_spot"": [""location_present""]}}, ""metadata"": {""hashtags"": [], ""mentions"": [""gabeergarden"", ""homefortheholidaysatl"", ""independent_distilling"", ""malskitchenatl."", ""resy"", ""toasttab"", ""westside_motor_lounge""], ""likes"": 1141, ""comments"": 59, ""video_views"": 10000}}","{""meal_type_evidence"": {""embedding_label"": ""drinks"", ""embedding_similarity"": 0.436, ""baseline_label"": ""drinks"", ""baseline_confidence"": 0.95, ""override"": false, ""reason"": ""embedding_agrees_boost_baseline""}, ""cuisine_evidence"": {""embedding_cuisines"": [], ""embedding_similarities"": {}, ""baseline_cuisines"": [""seafood"", ""bbq"", ""bakery""], ""newly_detected"": [], ""removed"": [""bbq"", ""seafood"", ""bakery""], ""reason"": ""no_strong_embedding_matches_keep_baseline""}, ""content_type_evidence"": {""embedding_label"": ""food_spot"", ""embedding_similarity"": 0.273, ""baseline_label"": ""food_spot"", ""baseline_confidence"": 0.95, ""override"": false, ""reason"": ""weak_embedding_match_keep_baseline""}}"
3195251320647119738,drinks,0.95,drinks,0.866,CONFIDENCE_UPDATED,-0.084,"{""meal_type"": ""drinks"", ""cuisines"": [], ""content_type"": ""food_spot"", ""location"": {""name"": ""Atlanta, Georgia"", ""slug"": ""atlanta-georgia""}, ""signals"": {""meal_evidence"": {""drinks"": [""cocktail"", ""cocktails"", ""liquor"", ""spirits"", ""bar"", ""drink"", ""whiskey"", ""vodka"", ""rum""]}, ""cuisine_evidence"": {}, ""content_evidence"": {""food_spot"": [""location_present""]}}, ""metadata"": {""hashtags"": [""atlantablog"", ""atlcocktails"", ""atleats"", ""hosted"", ""thingstodoinatl""], ""mentions"": [""asw.exchange"", ""aswdistillery"", ""atlantawestend"", ""atllovesmo"", ""batteryatl"", ""batteryatl."", ""leeandwhite""], ""likes"": 535, ""comments"": 74, ""video_views"": 8013}}","{""meal_type_evidence"": {""embedding_label"": ""drinks"", ""embedding_similarity"": 0.454, ""baseline_label"": ""drinks"", ""baseline_confidence"": 0.95, ""override"": false, ""reason"": ""embedding_agrees_boost_baseline""}, ""cuisine_evidence"": {""embedding_cuisines"": [], ""embedding_similarities"": {}, ""baseline_cuisines"": [], ""newly_detected"": [], ""removed"": [], ""reason"": ""no_strong_embedding_matches_keep_baseline""}, ""content_type_evidence"": {""embedding_label"": ""food_spot"", ""embedding_similarity"": 0.276, ""baseline_label"": ""food_spot"", ""baseline_confidence"": 0.95, ""override"": false, ""reason"": ""weak_embedding_match_keep_baseline""}}"
3679405336902809484,drinks,0.95,drinks,0.866,CONFIDENCE_UPDATED,-0.084,"{""meal_type"": ""drinks"", ""cuisines"": [""japanese"", ""seafood"", ""bakery""], ""content_type"": ""food_spot"", ""location"": {""name"": ""Atlanta, Georgia"", ""slug"": ""atlanta-georgia""}, ""signals"": {""meal_evidence"": {""lunch"": [""lunch""], ""dinner"": [""dinner"", ""date night""], ""dessert"": [""dessert""], ""drinks"": [""cocktail"", ""cocktails"", ""bar"", ""drink""]}, ""cuisine_evidence"": {""japanese"": [""sushi""], ""seafood"": [""seafood""], ""bakery"": [""pastry""]}, ""content_evidence"": {""food_spot"": [""location_present""]}}, ""metadata"": {""hashtags"": [""atlantafood"", ""atlblog"", ""atleats"", ""atlfoodie""], ""mentions"": [""atllovesmo"", ""brushatl"", ""buckheadrestaurantweek"", ""buckheadvillagedistrict."", ""carmelatl"", ""lebilboquetatlanta"", ""livablebuckhead""], ""likes"": 885, ""comments"": 80, ""video_views"": 3167}}","{""meal_type_evidence"": {""embedding_label"": ""snack"", ""embedding_similarity"": 0.417, ""baseline_label"": ""drinks"", ""baseline_confidence"": 0.95, ""override"": false, ""reason"": ""embedding_disagrees_but_baseline_sufficient""}, ""cuisine_evidence"": {""embedding_cuisines"": [], ""embedding_similarities"": {}, ""baseline_cuisines"": [""japanese"", ""seafood"", ""bakery""], ""newly_detected"": [], ""removed"": [""japanese"", ""seafood"", ""bakery""], ""reason"": ""no_strong_embedding_matches_keep_baseline""}, ""content_type_evidence"": {""embedding_label"": ""food_spot"", ""embedding_similarity"": 0.442, ""baseline_label"": ""food_spot"", ""baseline_confidence"": 0.95, ""override"": false, ""reason"": ""embedding_agrees_boost_baseline""}}"
3644711325818837567,drinks,0.95,drinks,0.866,CONFIDENCE_UPDATED,-0.084,"{""meal_type"": ""drinks"", ""cuisines"": [""mexican""], ""content_type"": ""food_spot"", ""location"": {""name"": ""Atlanta, Georgia"", ""slug"": ""atlanta-georgia""}, ""signals"": {""meal_evidence"": {""dinner"": [""date night""], ""drinks"": [""margarita"", ""tequila"", ""shot"", ""shots""]}, ""cuisine_evidence"": {""mexican"": [""mexican"", ""birria""]}, ""content_evidence"": {""food_spot"": [""location_present""]}}, ""metadata"": {""hashtags"": [""atlblog"", ""atleats"", ""atlfoodie""], ""mentions"": [""atllovesmo"", ""zocalo""], ""likes"": 5841, ""comments"": 99, ""video_views"": 1516}}","{""meal_type_evidence"": {""embedding_label"": ""dinner"", ""embedding_similarity"": 0.37, ""baseline_label"": ""drinks"", ""baseline_confidence"": 0.95, ""override"": false, ""reason"": ""embedding_disagrees_but_baseline_sufficient""}, ""cuisine_evidence"": {""embedding_cuisines"": [""mexican""], ""embedding_similarities"": {""mexican"": 0.504}, ""baseline_cuisines"": [""mexican""], ""newly_detected"": [], ""removed"": [], ""reason"": ""embedding_confirms_baseline""}, ""content_type_evidence"": {""embedding_label"": ""food_spot"", ""embedding_similarity"": 0.445, ""baseline_label"": ""food_spot"", ""baseline_confidence"": 0.95, ""override"": false, ""reason"": ""embedding_agrees_boost_baseline""}}"
3534499116237505214,event,0.95,event,0.865,CONFIDENCE_UPDATED,-0.085,"{""meal_type"": ""drinks"", ""cuisines"": [""coffee_cafe""], ""content_type"": ""event"", ""location"": {""name"": ""Atlanta, Georgia"", ""slug"": ""atlanta-georgia""}, ""signals"": {""meal_evidence"": {""dinner"": [""date night""], ""drinks"": [""cocktail"", ""cocktails"", ""bar"", ""drink""]}, ""cuisine_evidence"": {""coffee_cafe"": [""cafe"", ""matcha""]}, ""content_evidence"": {""event"": [""event""]}}, ""metadata"": {""hashtags"": [""atlblog"", ""atldatenight"", ""atleats"", ""thingstodoinatlanta""], ""mentions"": [""atllovesmo"", ""brushatl"", ""chefjasonliang"", ""echoroomatl"", ""hotelgranada_atlanta"", ""jaredgrisham."", ""kirkgibson1"", ""luckystaratl"", ""maypeel_atlanta"", ""michelinguide"", ""resy"", ""starmetalsatl"", ""vs.thebarkeep"", ""westside_motor_lounge""], ""likes"": 17766, ""comments"": 121, ""video_views"": 123445}}","{""meal_type_evidence"": {""embedding_label"": ""drinks"", ""embedding_similarity"": 0.389, ""baseline_label"": ""drinks"", ""baseline_confidence"": 0.95, ""override"": false, ""reason"": ""embedding_agrees_boost_baseline""}, ""cuisine_evidence"": {""embedding_cuisines"": [""chinese""], ""embedding_similarities"": {""chinese"": 0.4}, ""baseline_cuisines"": [""coffee_cafe""], ""newly_detected"": [""chinese""], ""removed"": [""coffee_cafe""], ""reason"": ""embedding_refined_cuisine_list""}, ""content_type_evidence"": {""embedding_label"": ""food_spot"", ""embedding_similarity"": 0.435, ""baseline_label"": ""event"", ""baseline_confidence"": 0.95, ""override"": false, ""reason"": ""embedding_disagrees_but_baseline_acceptable""}}"
3441745508128112422,event,0.95,event,0.865,CONFIDENCE_UPDATED,-0.085,"{""meal_type"": ""drinks"", ""cuisines"": [""mexican"", ""chinese""], ""content_type"": ""event"", ""location"": {""name"": ""Atlanta, Georgia"", ""slug"": ""atlanta-georgia""}, ""signals"": {""meal_evidence"": {""breakfast"": [""pancake""], ""brunch"": [""brunch""], ""dinner"": [""dinner""], ""dessert"": [""cake""], ""drinks"": [""cocktail"", ""brewery"", ""drink"", ""margarita""], ""snack"": [""snack""]}, ""cuisine_evidence"": {""mexican"": [""taco""], ""chinese"": [""dumpling""]}, ""content_evidence"": {""event"": [""event""]}}, ""metadata"": {""hashtags"": [], ""mentions"": [""dumplingfactory_atl"", ""elsantogallo"", ""elsewheregreenhouse"", ""kingofpops"", ""pancake.social"", ""westsidepaper.atl""], ""likes"": 12130, ""comments"": 129, ""video_views"": 103434}}","{""meal_type_evidence"": {""embedding_label"": ""drinks"", ""embedding_similarity"": 0.395, ""baseline_label"": ""drinks"", ""baseline_confidence"": 0.95, ""override"": false, ""reason"": ""embedding_agrees_boost_baseline""}, ""cuisine_evidence"": {""embedding_cuisines"": [], ""embedding_similarities"": {}, ""baseline_cuisines"": [""mexican"", ""chinese""], ""newly_detected"": [], ""removed"": [""mexican"", ""chinese""], ""reason"": ""no_strong_embedding_matches_keep_baseline""}, ""content_type_evidence"": {""embedding_label"": ""food_spot"", ""embedding_similarity"": 0.465, ""baseline_label"": ""event"", ""baseline_confidence"": 0.95, ""override"": false, ""reason"": ""embedding_disagrees_but_baseline_acceptable""}}"
3319991065048336470,drinks,0.95,drinks,0.865,CONFIDENCE_UPDATED,-0.085,"{""meal_type"": ""drinks"", ""cuisines"": [""american"", ""korean""], ""content_type"": ""food_spot"", ""location"": {""name"": ""Gaja Korean Bar"", ""slug"": ""gaja-korean-bar""}, ""signals"": {""meal_evidence"": {""dinner"": [""date night""], ""drinks"": [""cocktail"", ""cocktails"", ""gin"", ""shot""]}, ""cuisine_evidence"": {""american"": [""fried chicken""], ""korean"": [""korean""]}, ""content_evidence"": {""food_spot"": [""location_present""]}}, ""metadata"": {""hashtags"": [""atlantaeats"", ""atlblog"", ""atleats"", ""atlfoodie""], ""mentions"": [""atllovesmo"", ""gaja_eav""], ""likes"": 10762, ""comments"": 134, ""video_views"": 80104}}","{""meal_type_evidence"": {""embedding_label"": ""dinner"", ""embedding_similarity"": 0.332, ""baseline_label"": ""drinks"", ""baseline_confidence"": 0.95, ""override"": false, ""reason"": ""embedding_disagrees_but_baseline_sufficient""}, ""cuisine_evidence"": {""embedding_cuisines"": [""american""], ""embedding_similarities"": {""american"": 0.529}, ""baseline_cuisines"": [""american"", ""korean""], ""newly_detected"": [], ""removed"": [""korean""], ""reason"": ""embedding_refined_cuisine_list""}, ""content_type_evidence"": {""embedding_label"": ""food_spot"", ""embedding_similarity"": 0.396, ""baseline_label"": ""food_spot"", ""baseline_confidence"": 0.95, ""override"": false, ""reason"": ""embedding_agrees_boost_baseline""}}"
3457727519799429022,event,0.95,event,0.865,CONFIDENCE_UPDATED,-0.085,"{""meal_type"": ""drinks"", ""cuisines"": [""american"", ""mexican"", ""italian"", ""seafood"", ""bbq"", ""vegan"", ""coffee_cafe""], ""content_type"": ""event"", ""location"": {""name"": ""Atlanta, Georgia"", ""slug"": ""atlanta-georgia""}, ""signals"": {""meal_evidence"": {""breakfast"": [""waffle""], ""lunch"": [""sandwich""], ""dessert"": [""cake""], ""drinks"": [""cocktail"", ""cocktails"", ""bar"", ""gin""]}, ""cuisine_evidence"": {""american"": [""american""], ""mexican"": [""mexican""], ""italian"": [""pasta"", ""pizza""], ""seafood"": [""shrimp""], ""bbq"": [""brisket""], ""vegan"": [""vegan""], ""coffee_cafe"": [""coffee""]}, ""content_evidence"": {""event"": [""event"", ""live music""]}}, ""metadata"": {""hashtags"": [], ""mentions"": [""_waffle_bar"", ""brasilianaus"", ""buenapapafrybar"", ""butecoatl"", ""sfseav"", ""sinfulslidrz""], ""likes"": 11015, ""comments"": 121, ""video_views"": 77757}}","{""meal_type_evidence"": {""embedding_label"": ""drinks"", ""embedding_similarity"": 0.405, ""baseline_label"": ""drinks"", ""baseline_confidence"": 0.95, ""override"": false, ""reason"": ""embedding_agrees_boost_baseline""}, ""cuisine_evidence"": {""embedding_cuisines"": [""mexican"", ""coffee_cafe""], ""embedding_similarities"": {""mexican"": 0.434, ""coffee_cafe"": 0.437}, ""baseline_cuisines"": [""american"", ""mexican"", ""italian"", ""seafood"", ""bbq"", ""vegan"", ""coffee_cafe""], ""newly_detected"": [], ""removed"": [""vegan"", ""american"", ""bbq"", ""seafood"", ""italian""], ""reason"": ""embedding_refined_cuisine_list""}, ""content_type_evidence"": {""embedding_label"": ""food_spot"", ""embedding_similarity"": 0.395, ""baseline_label"": ""event"", ""baseline_confidence"": 0.95, ""override"": false, ""reason"": ""embedding_disagrees_but_baseline_acceptable""}}"
3445308810076625664,drinks,0.95,drinks,0.865,CONFIDENCE_UPDATED,-0.085,"{""meal_type"": ""drinks"", ""cuisines"": [""american"", ""mexican"", ""coffee_cafe""], ""content_type"": ""food_spot"", ""location"": {""name"": ""Atlanta, Georgia"", ""slug"": ""atlanta-georgia""}, ""signals"": {""meal_evidence"": {""drinks"": [""cocktail"", ""cocktails"", ""spirits"", ""bar"", ""margarita""]}, ""cuisine_evidence"": {""american"": [""southern""], ""mexican"": [""mexican""], ""coffee_cafe"": [""coffee""]}, ""content_evidence"": {""food_spot"": [""location_present""]}}, ""metadata"": {""hashtags"": [""atlantahotels"", ""atlblog"", ""atlfood"", ""thingstodoinatlanta""], ""mentions"": [""atlantabeltline"", ""hotelgranada_atlanta"", ""moonlightatlanta"", ""patanegraatl"", ""resy.""], ""likes"": 8694, ""comments"": 132, ""video_views"": 65785}}","{""meal_type_evidence"": {""embedding_label"": ""dinner"", ""embedding_similarity"": 0.368, ""baseline_label"": ""drinks"", ""baseline_confidence"": 0.95, ""override"": false, ""reason"": ""embedding_disagrees_but_baseline_sufficient""}, ""cuisine_evidence"": {""embedding_cuisines"": [""american"", ""mexican""], ""embedding_similarities"": {""american"": 0.427, ""mexican"": 0.482}, ""baseline_cuisines"": [""american"", ""mexican"", ""coffee_cafe""], ""newly_detected"": [], ""removed"": [""coffee_cafe""], ""reason"": ""embedding_refined_cuisine_list""}, ""content_type_evidence"": {""embedding_label"": ""food_spot"", ""embedding_similarity"": 0.384, ""baseline_label"": ""food_spot"", ""baseline_confidence"": 0.95, ""override"": false, ""reason"": ""embedding_agrees_boost_baseline""}}"
3280837036369114423,event,0.95,event,0.865,CONFIDENCE_UPDATED,-0.085,"{""meal_type"": ""drinks"", ""cuisines"": [], ""content_type"": ""event"", ""location"": {""name"": ""Atlanta, Georgia"", ""slug"": ""atlanta-georgia""}, ""signals"": {""meal_evidence"": {""dinner"": [""dinner""], ""drinks"": [""cocktail"", ""cocktails"", ""beer"", ""bar"", ""drink""]}, ""cuisine_evidence"": {}, ""content_evidence"": {""event"": [""event""]}}, ""metadata"": {""hashtags"": [""atlantafood"", ""atlblog"", ""atleats"", ""atlfoodie"", ""thingstodoinatlanta""], ""mentions"": [""atllovesmo"", ""gabeergarden"", ""mambozombi"", ""storicofresco"", ""theblindpigparlourbar"", ""thepigalle"", ""underground_atlanta.""], ""likes"": 7594, ""comments"": 77, ""video_views"": 59376}}","{""meal_type_evidence"": {""embedding_label"": ""drinks"", ""embedding_similarity"": 0.403, ""baseline_label"": ""drinks"", ""baseline_confidence"": 0.95, ""override"": false, ""reason"": ""embedding_agrees_boost_baseline""}, ""cuisine_evidence"": {""embedding_cuisines"": [], ""embedding_similarities"": {}, ""baseline_cuisines"": [], ""newly_detected"": [], ""removed"": [], ""reason"": ""no_strong_embedding_matches_keep_baseline""}, ""content_type_evidence"": {""embedding_label"": ""food_spot"", ""embedding_similarity"": 0.418, ""baseline_label"": ""event"", ""baseline_confidence"": 0.95, ""override"": false, ""reason"": ""embedding_disagrees_but_baseline_acceptable""}}"
3522984445341048068,drinks,0.95,drinks,0.865,CONFIDENCE_UPDATED,-0.085,"{""meal_type"": ""drinks"", ""cuisines"": [""seafood"", ""bakery"", ""coffee_cafe""], ""content_type"": ""food_spot"", ""location"": {""name"": ""Atlanta, Georgia"", ""slug"": ""atlanta-georgia""}, ""signals"": {""meal_evidence"": {""breakfast"": [""breakfast"", ""pancake"", ""eggs""], ""lunch"": [""lunch""], ""dessert"": [""cake""], ""drinks"": [""cocktail"", ""cocktails"", ""bar"", ""drink"", ""whiskey"", ""gin""]}, ""cuisine_evidence"": {""seafood"": [""oyster""], ""bakery"": [""croissant""], ""coffee_cafe"": [""coffee"", ""cafe"", ""matcha""]}, ""content_evidence"": {""food_spot"": [""location_present""]}}, ""metadata"": {""hashtags"": [""science""], ""mentions"": [""atllovesmo"", ""brushatl"", ""chefjasonliang"", ""eatclickrepeat_"", ""jaredgrisham."", ""kirkgibson1"", ""luckystaratl"", ""michelinguide"", ""momocafeatl"", ""resy"", ""starmetalsatl"", ""vs.thebarkeep""], ""likes"": 6242, ""comments"": 95, ""video_views"": 55654}}","{""meal_type_evidence"": {""embedding_label"": ""drinks"", ""embedding_similarity"": 0.382, ""baseline_label"": ""drinks"", ""baseline_confidence"": 0.95, ""override"": false, ""reason"": ""embedding_agrees_boost_baseline""}, ""cuisine_evidence"": {""embedding_cuisines"": [], ""embedding_similarities"": {}, ""baseline_cuisines"": [""seafood"", ""bakery"", ""coffee_cafe""], ""newly_detected"": [], ""removed"": [""coffee_cafe"", ""seafood"", ""bakery""], ""reason"": ""no_strong_embedding_matches_keep_baseline""}, ""content_type_evidence"": {""embedding_label"": ""food_spot"", ""embedding_similarity"": 0.345, ""baseline_label"": ""food_spot"", ""baseline_confidence"": 0.95, ""override"": false, ""reason"": ""weak_embedding_match_keep_baseline""}}"
3555764521085538506,drinks,0.95,drinks,0.865,CONFIDENCE_UPDATED,-0.085,"{""meal_type"": ""drinks"", ""cuisines"": [], ""content_type"": ""food_spot"", ""location"": {""name"": ""Atlanta, Georgia"", ""slug"": ""atlanta-georgia""}, ""signals"": {""meal_evidence"": {""dinner"": [""dinner"", ""date night""], ""drinks"": [""bar"", ""drink"", ""drinks"", ""gin"", ""rum""]}, ""cuisine_evidence"": {}, ""content_evidence"": {""food_spot"": [""location_present""]}}, ""metadata"": {""hashtags"": [""atlblog"", ""atleats"", ""atlfoodie""], ""mentions"": [""atllovesmo"", ""boqueria"", ""colonysquareatl"", ""jojosbeloved"", ""rumiskitchenofficial"", ""saintscouncil""], ""likes"": 4213, ""comments"": 107, ""video_views"": 43002}}","{""meal_type_evidence"": {""embedding_label"": ""dinner"", ""embedding_similarity"": 0.411, ""baseline_label"": ""drinks"", ""baseline_confidence"": 0.95, ""override"": false, ""reason"": ""embedding_disagrees_but_baseline_sufficient""}, ""cuisine_evidence"": {""embedding_cuisines"": [], ""embedding_similarities"": {}, ""baseline_cuisines"": [], ""newly_detected"": [], ""removed"": [], ""reason"": ""no_strong_embedding_matches_keep_baseline""}, ""content_type_evidence"": {""embedding_label"": ""food_spot"", ""embedding_similarity"": 0.393, ""baseline_label"": ""food_spot"", ""baseline_confidence"": 0.95, ""override"": false, ""reason"": ""embedding_agrees_boost_baseline""}}"
3559202646625951453,drinks,0.95,drinks,0.865,CONFIDENCE_UPDATED,-0.085,"{""meal_type"": ""drinks"", ""cuisines"": [""mexican"", ""italian""], ""content_type"": ""food_spot"", ""location"": {""name"": ""Atlanta, Georgia"", ""slug"": ""atlanta-georgia""}, ""signals"": {""meal_evidence"": {""drinks"": [""cocktail"", ""cocktails"", ""wine"", ""bar"", ""mocktail"", ""tequila""]}, ""cuisine_evidence"": {""mexican"": [""taco"", ""birria""], ""italian"": [""pizza""]}, ""content_evidence"": {""food_spot"": [""location_present""]}}, ""metadata"": {""hashtags"": [""atlblog"", ""atldatenight"", ""atleats"", ""thingstodoinatlanta""], ""mentions"": [""atllovesmo"", ""rrealtacos""], ""likes"": 3889, ""comments"": 111, ""video_views"": 41986}}","{""meal_type_evidence"": {""embedding_label"": ""drinks"", ""embedding_similarity"": 0.38, ""baseline_label"": ""drinks"", ""baseline_confidence"": 0.95, ""override"": false, ""reason"": ""embedding_agrees_boost_baseline""}, ""cuisine_evidence"": {""embedding_cuisines"": [], ""embedding_similarities"": {}, ""baseline_cuisines"": [""mexican"", ""italian""], ""newly_detected"": [], ""removed"": [""mexican"", ""italian""], ""reason"": ""no_strong_embedding_matches_keep_baseline""}, ""content_type_evidence"": {""embedding_label"": ""food_spot"", ""embedding_similarity"": 0.294, ""baseline_label"": ""food_spot"", ""baseline_confidence"": 0.95, ""override"": false, ""reason"": ""weak_embedding_match_keep_baseline""}}"
3360602097152120409,event,0.95,event,0.865,CONFIDENCE_UPDATED,-0.085,"{""meal_type"": ""drinks"", ""cuisines"": [""seafood""], ""content_type"": ""event"", ""location"": {""name"": ""Atlanta, Georgia"", ""slug"": ""atlanta-georgia""}, ""signals"": {""meal_evidence"": {""brunch"": [""brunch""], ""dessert"": [""donut""], ""drinks"": [""cocktail"", ""cocktails"", ""wine"", ""beer"", ""bar""]}, ""cuisine_evidence"": {""seafood"": [""oyster"", ""lobster"", ""fish""]}, ""content_evidence"": {""event"": [""seasonal""]}}, ""metadata"": {""hashtags"": [""atlblog"", ""atlbrunch"", ""atleats"", ""atlfoodie""], ""mentions"": [""atlantabeltline"", ""atllovesmo"", ""beetlecatatl""], ""likes"": 2036, ""comments"": 68, ""video_views"": 36934}}","{""meal_type_evidence"": {""embedding_label"": ""drinks"", ""embedding_similarity"": 0.386, ""baseline_label"": ""drinks"", ""baseline_confidence"": 0.95, ""override"": false, ""reason"": ""embedding_agrees_boost_baseline""}, ""cuisine_evidence"": {""embedding_cuisines"": [""seafood""], ""embedding_similarities"": {""seafood"": 0.418}, ""baseline_cuisines"": [""seafood""], ""newly_detected"": [], ""removed"": [], ""reason"": ""embedding_confirms_baseline""}, ""content_type_evidence"": {""embedding_label"": ""food_spot"", ""embedding_similarity"": 0.321, ""baseline_label"": ""event"", ""baseline_confidence"": 0.95, ""override"": false, ""reason"": ""weak_embedding_match_keep_baseline""}}"
3578801931856272844,drinks,0.95,drinks,0.865,CONFIDENCE_UPDATED,-0.085,"{""meal_type"": ""drinks"", ""cuisines"": [""american"", ""korean""], ""content_type"": ""food_spot"", ""location"": {""name"": ""Atlanta, Georgia"", ""slug"": ""atlanta-georgia""}, ""signals"": {""meal_evidence"": {""dinner"": [""date night""], ""drinks"": [""cocktail"", ""cocktails"", ""gin"", ""shot""]}, ""cuisine_evidence"": {""american"": [""fried chicken""], ""korean"": [""korean""]}, ""content_evidence"": {""food_spot"": [""location_present""]}}, ""metadata"": {""hashtags"": [""atlantaeats"", ""atlblog"", ""atleats"", ""atlfoodie""], ""mentions"": [""atllovesmo"", ""gaja_eav""], ""likes"": 3181, ""comments"": 90, ""video_views"": 32596}}","{""meal_type_evidence"": {""embedding_label"": ""dinner"", ""embedding_similarity"": 0.332, ""baseline_label"": ""drinks"", ""baseline_confidence"": 0.95, ""override"": false, ""reason"": ""embedding_disagrees_but_baseline_sufficient""}, ""cuisine_evidence"": {""embedding_cuisines"": [""american""], ""embedding_similarities"": {""american"": 0.529}, ""baseline_cuisines"": [""american"", ""korean""], ""newly_detected"": [], ""removed"": [""korean""], ""reason"": ""embedding_refined_cuisine_list""}, ""content_type_evidence"": {""embedding_label"": ""food_spot"", ""embedding_similarity"": 0.396, ""baseline_label"": ""food_spot"", ""baseline_confidence"": 0.95, ""override"": false, ""reason"": ""embedding_agrees_boost_baseline""}}"
3456953287050209481,drinks,0.95,drinks,0.865,CONFIDENCE_UPDATED,-0.085,"{""meal_type"": ""drinks"", ""cuisines"": [""bakery"", ""coffee_cafe""], ""content_type"": ""food_spot"", ""location"": {""name"": ""Atlanta, Georgia"", ""slug"": ""atlanta-georgia""}, ""signals"": {""meal_evidence"": {""breakfast"": [""bagel"", ""eggs"", ""omelet"", ""omelette""], ""brunch"": [""brunch""], ""lunch"": [""sandwich""], ""dinner"": [""dinner""], ""drinks"": [""drink"", ""drinks"", ""martini"", ""tequila"", ""rum""]}, ""cuisine_evidence"": {""bakery"": [""bread""], ""coffee_cafe"": [""espresso""]}, ""content_evidence"": {""food_spot"": [""location_present""]}}, ""metadata"": {""hashtags"": [], ""mentions"": [""colonysquareatl"", ""rumiskitchenofficial""], ""likes"": 2436, ""comments"": 83, ""video_views"": 24479}}","{""meal_type_evidence"": {""embedding_label"": ""dinner"", ""embedding_similarity"": 0.476, ""baseline_label"": ""drinks"", ""baseline_confidence"": 0.95, ""override"": false, ""reason"": ""embedding_disagrees_but_baseline_sufficient""}, ""cuisine_evidence"": {""embedding_cuisines"": [], ""embedding_similarities"": {}, ""baseline_cuisines"": [""bakery"", ""coffee_cafe""], ""newly_detected"": [], ""removed"": [""coffee_cafe"", ""bakery""], ""reason"": ""no_strong_embedding_matches_keep_baseline""}, ""content_type_evidence"": {""embedding_label"": ""food_spot"", ""embedding_similarity"": 0.387, ""baseline_label"": ""food_spot"", ""baseline_confidence"": 0.95, ""override"": false, ""reason"": ""embedding_agrees_boost_baseline""}}"
3775856978431120143,drinks,0.95,drinks,0.865,CONFIDENCE_UPDATED,-0.085,"{""meal_type"": ""drinks"", ""cuisines"": [""mexican""], ""content_type"": ""food_spot"", ""location"": {""name"": ""Atlanta, Georgia"", ""slug"": ""atlanta-georgia""}, ""signals"": {""meal_evidence"": {""dinner"": [""date night""], ""drinks"": [""cocktail"", ""cocktails"", ""margarita"", ""shot""]}, ""cuisine_evidence"": {""mexican"": [""mexican""]}, ""content_evidence"": {""food_spot"": [""location_present""]}}, ""metadata"": {""hashtags"": [""atlblog"", ""atleats"", ""atlfoodie""], ""mentions"": [""atllovesmo"", ""zocalo""], ""likes"": 2568, ""comments"": 51, ""video_views"": 19735}}","{""meal_type_evidence"": {""embedding_label"": ""dinner"", ""embedding_similarity"": 0.414, ""baseline_label"": ""drinks"", ""baseline_confidence"": 0.95, ""override"": false, ""reason"": ""embedding_disagrees_but_baseline_sufficient""}, ""cuisine_evidence"": {""embedding_cuisines"": [""mexican""], ""embedding_similarities"": {""mexican"": 0.502}, ""baseline_cuisines"": [""mexican""], ""newly_detected"": [], ""removed"": [], ""reason"": ""embedding_confirms_baseline""}, ""content_type_evidence"": {""embedding_label"": ""food_spot"", ""embedding_similarity"": 0.414, ""baseline_label"": ""food_spot"", ""baseline_confidence"": 0.95, ""override"": false, ""reason"": ""embedding_agrees_boost_baseline""}}"
3717359758094742080,event,0.95,event,0.865,CONFIDENCE_UPDATED,-0.085,"{""meal_type"": ""drinks"", ""cuisines"": [""bbq""], ""content_type"": ""event"", ""location"": {""name"": ""Atlanta, Georgia"", ""slug"": ""atlanta-georgia""}, ""signals"": {""meal_evidence"": {""drinks"": [""cocktail"", ""cocktails"", ""bar"", ""drink"", ""drinks""]}, ""cuisine_evidence"": {""bbq"": [""brisket""]}, ""content_evidence"": {""event"": [""festival"", ""market"", ""live music"", ""ticket""]}}, ""metadata"": {""hashtags"": [], ""mentions"": [""acfb"", ""biggreenegg""], ""likes"": 1201, ""comments"": 97, ""video_views"": 18963}}","{""meal_type_evidence"": {""embedding_label"": ""snack"", ""embedding_similarity"": 0.378, ""baseline_label"": ""drinks"", ""baseline_confidence"": 0.95, ""override"": false, ""reason"": ""embedding_disagrees_but_baseline_sufficient""}, ""cuisine_evidence"": {""embedding_cuisines"": [], ""embedding_similarities"": {}, ""baseline_cuisines"": [""bbq""], ""newly_detected"": [], ""removed"": [""bbq""], ""reason"": ""no_strong_embedding_matches_keep_baseline""}, ""content_type_evidence"": {""embedding_label"": ""event"", ""embedding_similarity"": 0.404, ""baseline_label"": ""event"", ""baseline_confidence"": 0.95, ""override"": false, ""reason"": ""embedding_agrees_boost_baseline""}}"
3528902361885964176,drinks,0.95,drinks,0.865,CONFIDENCE_UPDATED,-0.085,"{""meal_type"": ""drinks"", ""cuisines"": [], ""content_type"": ""food_spot"", ""location"": {""name"": ""Atlanta, Georgia"", ""slug"": ""atlanta-georgia""}, ""signals"": {""meal_evidence"": {""dessert"": [""donut""], ""drinks"": [""cocktail"", ""gin"", ""rum"", ""shot""]}, ""cuisine_evidence"": {}, ""content_evidence"": {""food_spot"": [""location_present""]}}, ""metadata"": {""hashtags"": [""atlblog"", ""atleats"", ""atlfoodie""], ""mentions"": [""atllovesmo"", ""besobuckhead"", ""opentable""], ""likes"": 1830, ""comments"": 79, ""video_views"": 18303}}","{""meal_type_evidence"": {""embedding_label"": ""dinner"", ""embedding_similarity"": 0.384, ""baseline_label"": ""drinks"", ""baseline_confidence"": 0.95, ""override"": false, ""reason"": ""embedding_disagrees_but_baseline_sufficient""}, ""cuisine_evidence"": {""embedding_cuisines"": [""american"", ""mexican""], ""embedding_similarities"": {""american"": 0.49, ""mexican"": 0.429}, ""baseline_cuisines"": [], ""newly_detected"": [""mexican"", ""american""], ""removed"": [], ""reason"": ""embedding_refined_cuisine_list""}, ""content_type_evidence"": {""embedding_label"": ""food_spot"", ""embedding_similarity"": 0.384, ""baseline_label"": ""food_spot"", ""baseline_confidence"": 0.95, ""override"": false, ""reason"": ""embedding_agrees_boost_baseline""}}"
3232984360243149867,drinks,0.95,drinks,0.865,CONFIDENCE_UPDATED,-0.085,"{""meal_type"": ""drinks"", ""cuisines"": [], ""content_type"": ""food_spot"", ""location"": {""name"": ""Atlanta, Georgia"", ""slug"": ""atlanta-georgia""}, ""signals"": {""meal_evidence"": {""drinks"": [""cocktail"", ""cocktails"", ""bar"", ""drink"", ""drinks"", ""gin""]}, ""cuisine_evidence"": {}, ""content_evidence"": {""food_spot"": [""location_present""]}}, ""metadata"": {""hashtags"": [""atlanta"", ""atldatenight"", ""atldrinks"", ""atleats"", ""decaturga""], ""mentions"": [""atllovesmo"", ""independent_distilling"", ""senpainoodlesupply."", ""visitdecaturga""], ""likes"": 1098, ""comments"": 59, ""video_views"": 16487}}","{""meal_type_evidence"": {""embedding_label"": ""drinks"", ""embedding_similarity"": 0.41, ""baseline_label"": ""drinks"", ""baseline_confidence"": 0.95, ""override"": false, ""reason"": ""embedding_agrees_boost_baseline""}, ""cuisine_evidence"": {""embedding_cuisines"": [], ""embedding_similarities"": {}, ""baseline_cuisines"": [], ""newly_detected"": [], ""removed"": [], ""reason"": ""no_strong_embedding_matches_keep_baseline""}, ""content_type_evidence"": {""embedding_label"": ""food_spot"", ""embedding_similarity"": 0.305, ""baseline_label"": ""food_spot"", ""baseline_confidence"": 0.95, ""override"": false, ""reason"": ""weak_embedding_match_keep_baseline""}}"
3577260986601898607,event,0.95,event,0.865,CONFIDENCE_UPDATED,-0.085,"{""meal_type"": ""drinks"", ""cuisines"": [""japanese"", ""seafood""], ""content_type"": ""event"", ""location"": {""name"": ""Atlanta, Georgia"", ""slug"": ""atlanta-georgia""}, ""signals"": {""meal_evidence"": {""dinner"": [""date night""], ""drinks"": [""cocktail"", ""cocktails"", ""drink"", ""drinks""]}, ""cuisine_evidence"": {""japanese"": [""omakase""], ""seafood"": [""oyster""]}, ""content_evidence"": {""event"": [""event""]}}, ""metadata"": {""hashtags"": [""atlblog"", ""atldatenight"", ""atleats""], ""mentions"": [""_nocturnalhabits"", ""atllovesmo"", ""bovinoafterdark"", ""pisces.atl"", ""resy"", ""saltyourfood_atl"", ""seventhouse""], ""likes"": 1367, ""comments"": 88, ""video_views"": 14125}}","{""meal_type_evidence"": {""embedding_label"": ""drinks"", ""embedding_similarity"": 0.399, ""baseline_label"": ""drinks"", ""baseline_confidence"": 0.95, ""override"": false, ""reason"": ""embedding_agrees_boost_baseline""}, ""cuisine_evidence"": {""embedding_cuisines"": [], ""embedding_similarities"": {}, ""baseline_cuisines"": [""japanese"", ""seafood""], ""newly_detected"": [], ""removed"": [""japanese"", ""seafood""], ""reason"": ""no_strong_embedding_matches_keep_baseline""}, ""content_type_evidence"": {""embedding_label"": ""food_spot"", ""embedding_similarity"": 0.3, ""baseline_label"": ""event"", ""baseline_confidence"": 0.95, ""override"": false, ""reason"": ""weak_embedding_match_keep_baseline""}}"
3216318186244405761,drinks,0.95,drinks,0.865,CONFIDENCE_UPDATED,-0.085,"{""meal_type"": ""drinks"", ""cuisines"": [""japanese"", ""seafood""], ""content_type"": ""food_spot"", ""location"": {""name"": ""Atlanta, Georgia"", ""slug"": ""atlanta-georgia""}, ""signals"": {""meal_evidence"": {""dinner"": [""date night"", ""tasting menu""], ""drinks"": [""cocktail"", ""cocktails"", ""bar"", ""tequila"", ""gin""]}, ""cuisine_evidence"": {""japanese"": [""japanese"", ""sushi"", ""omakase""], ""seafood"": [""fish""]}, ""content_evidence"": {""food_spot"": [""location_present""]}}, ""metadata"": {""hashtags"": [""atlantafood"", ""atlantasteakhouse"", ""atleats"", ""atlfoodie"", ""hosted""], ""mentions"": [""atllovesmo"", ""norifish_sushi"", ""okiboru_atl."", ""prefectureatl""], ""likes"": 896, ""comments"": 67, ""video_views"": 10523}}","{""meal_type_evidence"": {""embedding_label"": ""dinner"", ""embedding_similarity"": 0.428, ""baseline_label"": ""drinks"", ""baseline_confidence"": 0.95, ""override"": false, ""reason"": ""embedding_disagrees_but_baseline_sufficient""}, ""cuisine_evidence"": {""embedding_cuisines"": [""japanese""], ""embedding_similarities"": {""japanese"": 0.419}, ""baseline_cuisines"": [""japanese"", ""seafood""], ""newly_detected"": [], ""removed"": [""seafood""], ""reason"": ""embedding_refined_cuisine_list""}, ""content_type_evidence"": {""embedding_label"": ""food_spot"", ""embedding_similarity"": 0.393, ""baseline_label"": ""food_spot"", ""baseline_confidence"": 0.95, ""override"": false, ""reason"": ""embedding_agrees_boost_baseline""}}"
3557211939148917206,drinks,0.95,drinks,0.865,CONFIDENCE_UPDATED,-0.085,"{""meal_type"": ""drinks"", ""cuisines"": [""mexican"", ""coffee_cafe""], ""content_type"": ""food_spot"", ""location"": {""name"": ""Atlanta, Georgia"", ""slug"": ""atlanta-georgia""}, ""signals"": {""meal_evidence"": {""drinks"": [""cocktail"", ""cocktails"", ""bourbon"", ""tequila"", ""rum""]}, ""cuisine_evidence"": {""mexican"": [""taco"", ""burrito"", ""birria""], ""coffee_cafe"": [""coffee"", ""espresso""]}, ""content_evidence"": {""food_spot"": [""location_present""]}}, ""metadata"": {""hashtags"": [""atlblog"", ""atldatenight"", ""atleats"", ""atlfoodie""], ""mentions"": [""atlanticstation"", ""atllovesmo"", ""azoteacantina"", ""regalmovies.""], ""likes"": 857, ""comments"": 47, ""video_views"": 8076}}","{""meal_type_evidence"": {""embedding_label"": ""drinks"", ""embedding_similarity"": 0.407, ""baseline_label"": ""drinks"", ""baseline_confidence"": 0.95, ""override"": false, ""reason"": ""embedding_agrees_boost_baseline""}, ""cuisine_evidence"": {""embedding_cuisines"": [""mexican""], ""embedding_similarities"": {""mexican"": 0.508}, ""baseline_cuisines"": [""mexican"", ""coffee_cafe""], ""newly_detected"": [], ""removed"": [""coffee_cafe""], ""reason"": ""embedding_refined_cuisine_list""}, ""content_type_evidence"": {""embedding_label"": ""food_spot"", ""embedding_similarity"": 0.297, ""baseline_label"": ""food_spot"", ""baseline_confidence"": 0.95, ""override"": false, ""reason"": ""weak_embedding_match_keep_baseline""}}"
3640365787296197898,drinks,0.95,drinks,0.865,CONFIDENCE_UPDATED,-0.085,"{""meal_type"": ""drinks"", ""cuisines"": [""seafood"", ""bbq"", ""coffee_cafe""], ""content_type"": ""food_spot"", ""location"": {""name"": ""Atlanta, Georgia"", ""slug"": ""atlanta-georgia""}, ""signals"": {""meal_evidence"": {""breakfast"": [""bagel""], ""brunch"": [""brunch""], ""lunch"": [""sandwich""], ""dessert"": [""dessert"", ""cake""], ""drinks"": [""cocktail"", ""cocktails"", ""mocktail"", ""drink"", ""bourbon""]}, ""cuisine_evidence"": {""seafood"": [""fish""], ""bbq"": [""smoked""], ""coffee_cafe"": [""coffee""]}, ""content_evidence"": {""food_spot"": [""location_present""]}}, ""metadata"": {""hashtags"": [""atlblog"", ""atlbrunch"", ""atleats"", ""atlfoodie""], ""mentions"": [""atllovesmo"", ""drinkninedot"", ""peckish_atl"", ""prattpullmandistrict""], ""likes"": 2034, ""comments"": 119, ""video_views"": 2655}}","{""meal_type_evidence"": {""embedding_label"": ""snack"", ""embedding_similarity"": 0.417, ""baseline_label"": ""drinks"", ""baseline_confidence"": 0.95, ""override"": false, ""reason"": ""embedding_disagrees_but_baseline_sufficient""}, ""cuisine_evidence"": {""embedding_cuisines"": [], ""embedding_similarities"": {}, ""baseline_cuisines"": [""seafood"", ""bbq"", ""coffee_cafe""], ""newly_detected"": [], ""removed"": [""bbq"", ""coffee_cafe"", ""seafood""], ""reason"": ""no_strong_embedding_matches_keep_baseline""}, ""content_type_evidence"": {""embedding_label"": ""food_spot"", ""embedding_similarity"": 0.392, ""baseline_label"": ""food_spot"", ""baseline_confidence"": 0.95, ""override"": false, ""reason"": ""embedding_agrees_boost_baseline""}}"
3221352871815042496,drinks,0.95,drinks,0.864,CONFIDENCE_UPDATED,-0.086,"{""meal_type"": ""drinks"", ""cuisines"": [], ""content_type"": ""food_spot"", ""location"": {""name"": ""Atlanta, Georgia"", ""slug"": ""atlanta-georgia""}, ""signals"": {""meal_evidence"": {""dinner"": [""dinner""], ""drinks"": [""bar"", ""margarita"", ""tequila"", ""gin""]}, ""cuisine_evidence"": {}, ""content_evidence"": {""food_spot"": [""location_present""]}}, ""metadata"": {""hashtags"": [""atlantafood"", ""atlblog"", ""atleats"", ""atlfood"", ""hosted""], ""mentions"": [""atllovesmo"", ""chattahoocheefoodworks."", ""chicheriamx"", ""theworksatl""], ""likes"": 7033, ""comments"": 86, ""video_views"": 80217}}","{""meal_type_evidence"": {""embedding_label"": ""snack"", ""embedding_similarity"": 0.394, ""baseline_label"": ""drinks"", ""baseline_confidence"": 0.95, ""override"": false, ""reason"": ""embedding_disagrees_but_baseline_sufficient""}, ""cuisine_evidence"": {""embedding_cuisines"": [""american"", ""mexican""], ""embedding_similarities"": {""american"": 0.45, ""mexican"": 0.588}, ""baseline_cuisines"": [], ""newly_detected"": [""mexican"", ""american""], ""removed"": [], ""reason"": ""embedding_refined_cuisine_list""}, ""content_type_evidence"": {""embedding_label"": ""food_spot"", ""embedding_similarity"": 0.379, ""baseline_label"": ""food_spot"", ""baseline_confidence"": 0.95, ""override"": false, ""reason"": ""embedding_agrees_boost_baseline""}}"
3359068148885895348,drinks,0.95,drinks,0.864,CONFIDENCE_UPDATED,-0.086,"{""meal_type"": ""drinks"", ""cuisines"": [], ""content_type"": ""food_spot"", ""location"": {""name"": ""Drawbar"", ""slug"": ""drawbar""}, ""signals"": {""meal_evidence"": {""dinner"": [""dinner"", ""date night""], ""drinks"": [""cocktail"", ""cocktails"", ""bar"", ""drink""]}, ""cuisine_evidence"": {}, ""content_evidence"": {""food_spot"": [""location_present""]}}, ""metadata"": {""hashtags"": [""atlantaeats"", ""atlblog"", ""atlcocktails"", ""atldatenight"", ""atlrooftop""], ""mentions"": [""atllovesmo"", ""bellyardhotel"", ""cooksatl"", ""drawbaratl"", ""mujoatl""], ""likes"": 9584, ""comments"": 106, ""video_views"": 71942}}","{""meal_type_evidence"": {""embedding_label"": ""drinks"", ""embedding_similarity"": 0.347, ""baseline_label"": ""drinks"", ""baseline_confidence"": 0.95, ""override"": false, ""reason"": ""embedding_agrees_boost_baseline""}, ""cuisine_evidence"": {""embedding_cuisines"": [], ""embedding_similarities"": {}, ""baseline_cuisines"": [], ""newly_detected"": [], ""removed"": [], ""reason"": ""no_strong_embedding_matches_keep_baseline""}, ""content_type_evidence"": {""embedding_label"": ""food_spot"", ""embedding_similarity"": 0.33, ""baseline_label"": ""food_spot"", ""baseline_confidence"": 0.95, ""override"": false, ""reason"": ""weak_embedding_match_keep_baseline""}}"
3338042743672544970,drinks,0.95,drinks,0.864,CONFIDENCE_UPDATED,-0.086,"{""meal_type"": ""drinks"", ""cuisines"": [""bakery""], ""content_type"": ""food_spot"", ""location"": {""name"": ""The Po'Boy Shop"", ""slug"": ""the-poboy-shop""}, ""signals"": {""meal_evidence"": {""lunch"": [""sandwich""], ""drinks"": [""bar"", ""drink"", ""drinks"", ""shot""]}, ""cuisine_evidence"": {""bakery"": [""bread""]}, ""content_evidence"": {""food_spot"": [""location_present""]}}, ""metadata"": {""hashtags"": [""atlantafood"", ""atleats"", ""atlfoodie"", ""decatur"", ""decaturfood""], ""mentions"": [""atllovesmo"", ""thepoboyshop""], ""likes"": 4002, ""comments"": 157, ""video_views"": 49044}}","{""meal_type_evidence"": {""embedding_label"": ""snack"", ""embedding_similarity"": 0.469, ""baseline_label"": ""drinks"", ""baseline_confidence"": 0.95, ""override"": false, ""reason"": ""embedding_disagrees_but_baseline_sufficient""}, ""cuisine_evidence"": {""embedding_cuisines"": [], ""embedding_similarities"": {}, ""baseline_cuisines"": [""bakery""], ""newly_detected"": [], ""removed"": [""bakery""], ""reason"": ""no_strong_embedding_matches_keep_baseline""}, ""content_type_evidence"": {""embedding_label"": ""food_spot"", ""embedding_similarity"": 0.376, ""baseline_label"": ""food_spot"", ""baseline_confidence"": 0.95, ""override"": false, ""reason"": ""embedding_agrees_boost_baseline""}}"
3549250497657226030,drinks,0.95,drinks,0.864,CONFIDENCE_UPDATED,-0.086,"{""meal_type"": ""drinks"", ""cuisines"": [""american"", ""mediterranean"", ""seafood""], ""content_type"": ""food_spot"", ""location"": {""name"": ""Atlanta, Georgia"", ""slug"": ""atlanta-georgia""}, ""signals"": {""meal_evidence"": {""lunch"": [""lunch"", ""sandwich""], ""dinner"": [""date night""], ""dessert"": [""cake""], ""drinks"": [""cocktail"", ""cocktails"", ""bar"", ""vodka""]}, ""cuisine_evidence"": {""american"": [""fried chicken""], ""mediterranean"": [""falafel""], ""seafood"": [""fish""]}, ""content_evidence"": {""food_spot"": [""location_present""]}}, ""metadata"": {""hashtags"": [""atlblog"", ""atleats"", ""atlfoodie""], ""mentions"": [""atlantadairies"", ""atllovesmo"", ""easternatl"", ""elmalo.atl"", ""smallfryatl"", ""smallfryatl.""], ""likes"": 2219, ""comments"": 75, ""video_views"": 18815}}","{""meal_type_evidence"": {""embedding_label"": ""dinner"", ""embedding_similarity"": 0.438, ""baseline_label"": ""drinks"", ""baseline_confidence"": 0.95, ""override"": false, ""reason"": ""embedding_disagrees_but_baseline_sufficient""}, ""cuisine_evidence"": {""embedding_cuisines"": [""american""], ""embedding_similarities"": {""american"": 0.424}, ""baseline_cuisines"": [""american"", ""mediterranean"", ""seafood""], ""newly_detected"": [], ""removed"": [""mediterranean"", ""seafood""], ""reason"": ""embedding_refined_cuisine_list""}, ""content_type_evidence"": {""embedding_label"": ""food_spot"", ""embedding_similarity"": 0.365, ""baseline_label"": ""food_spot"", ""baseline_confidence"": 0.95, ""override"": false, ""reason"": ""embedding_agrees_boost_baseline""}}"
3720070238269708073,event,0.95,event,0.864,CONFIDENCE_UPDATED,-0.086,"{""meal_type"": ""drinks"", ""cuisines"": [""seafood""], ""content_type"": ""event"", ""location"": {""name"": ""Atlanta, Georgia"", ""slug"": ""atlanta-georgia""}, ""signals"": {""meal_evidence"": {""drinks"": [""cocktail"", ""cocktails"", ""wine"", ""drink"", ""drinks"", ""gin""]}, ""cuisine_evidence"": {""seafood"": [""shrimp"", ""crab""]}, ""content_evidence"": {""event"": [""festival"", ""ticket""]}}, ""metadata"": {""hashtags"": [], ""mentions"": [""atlfoodandwine"", ""drinksimply"", ""homedepot"", ""saltyourfood_atl"", ""visitspc""], ""likes"": 1743, ""comments"": 68, ""video_views"": 17412}}","{""meal_type_evidence"": {""embedding_label"": ""drinks"", ""embedding_similarity"": 0.345, ""baseline_label"": ""drinks"", ""baseline_confidence"": 0.95, ""override"": false, ""reason"": ""embedding_agrees_boost_baseline""}, ""cuisine_evidence"": {""embedding_cuisines"": [], ""embedding_similarities"": {}, ""baseline_cuisines"": [""seafood""], ""newly_detected"": [], ""removed"": [""seafood""], ""reason"": ""no_strong_embedding_matches_keep_baseline""}, ""content_type_evidence"": {""embedding_label"": ""food_spot"", ""embedding_similarity"": 0.449, ""baseline_label"": ""event"", ""baseline_confidence"": 0.95, ""override"": false, ""reason"": ""embedding_disagrees_but_baseline_acceptable""}}"
3685317134302789214,breakfast,0.95,breakfast,0.864,CONFIDENCE_UPDATED,-0.086,"{""meal_type"": ""breakfast"", ""cuisines"": [""mexican"", ""italian"", ""bakery"", ""coffee_cafe""], ""content_type"": ""food_spot"", ""location"": {""name"": ""Atlanta, Georgia"", ""slug"": ""atlanta-georgia""}, ""signals"": {""meal_evidence"": {""breakfast"": [""breakfast"", ""bagel"", ""pancake"", ""eggs"", ""omelet"", ""omelette""], ""brunch"": [""brunch""], ""lunch"": [""sandwich""], ""dessert"": [""cake"", ""donut""], ""drinks"": [""cocktail"", ""cocktails"", ""martini"", ""tequila"", ""gin"", ""rum""]}, ""cuisine_evidence"": {""mexican"": [""burrito""], ""italian"": [""pasta"", ""pizza""], ""bakery"": [""bread""], ""coffee_cafe"": [""espresso""]}, ""content_evidence"": {""food_spot"": [""location_present""]}}, ""metadata"": {""hashtags"": [], ""mentions"": [""atllovesmo"", ""breakerbreaker_atl"", ""colonysquareatl"", ""no246atlanta"", ""rumiskitchenofficial""], ""likes"": 1748, ""comments"": 78, ""video_views"": 17302}}","{""meal_type_evidence"": {""embedding_label"": ""dinner"", ""embedding_similarity"": 0.466, ""baseline_label"": ""breakfast"", ""baseline_confidence"": 0.95, ""override"": false, ""reason"": ""embedding_disagrees_but_baseline_sufficient""}, ""cuisine_evidence"": {""embedding_cuisines"": [], ""embedding_similarities"": {}, ""baseline_cuisines"": [""mexican"", ""italian"", ""bakery"", ""coffee_cafe""], ""newly_detected"": [], ""removed"": [""mexican"", ""coffee_cafe"", ""italian"", ""bakery""], ""reason"": ""no_strong_embedding_matches_keep_baseline""}, ""content_type_evidence"": {""embedding_label"": ""food_spot"", ""embedding_similarity"": 0.37, ""baseline_label"": ""food_spot"", ""baseline_confidence"": 0.95, ""override"": false, ""reason"": ""embedding_agrees_boost_baseline""}}"
3175719214357963640,event,0.95,event,0.864,CONFIDENCE_UPDATED,-0.086,"{""meal_type"": ""drinks"", ""cuisines"": [""coffee_cafe""], ""content_type"": ""event"", ""location"": {""name"": ""Atlanta, Georgia"", ""slug"": ""atlanta-georgia""}, ""signals"": {""meal_evidence"": {""drinks"": [""cocktail"", ""cocktails"", ""drink"", ""drinks""]}, ""cuisine_evidence"": {""coffee_cafe"": [""matcha""]}, ""content_evidence"": {""event"": [""market""]}}, ""metadata"": {""hashtags"": [""atlcocktails"", ""atldrinks"", ""atleats"", ""atlfoodie"", ""poncecitymarket""], ""mentions"": [""atllovesmo"", ""atriumatl"", ""poncecitymarket""], ""likes"": 1766, ""comments"": 73, ""video_views"": 14672}}","{""meal_type_evidence"": {""embedding_label"": ""drinks"", ""embedding_similarity"": 0.356, ""baseline_label"": ""drinks"", ""baseline_confidence"": 0.95, ""override"": false, ""reason"": ""embedding_agrees_boost_baseline""}, ""cuisine_evidence"": {""embedding_cuisines"": [], ""embedding_similarities"": {}, ""baseline_cuisines"": [""coffee_cafe""], ""newly_detected"": [], ""removed"": [""coffee_cafe""], ""reason"": ""no_strong_embedding_matches_keep_baseline""}, ""content_type_evidence"": {""embedding_label"": ""food_spot"", ""embedding_similarity"": 0.394, ""baseline_label"": ""event"", ""baseline_confidence"": 0.95, ""override"": false, ""reason"": ""embedding_disagrees_but_baseline_acceptable""}}"
3487451757787621373,drinks,0.95,drinks,0.864,CONFIDENCE_UPDATED,-0.086,"{""meal_type"": ""drinks"", ""cuisines"": [""mexican""], ""content_type"": ""food_spot"", ""location"": {""name"": ""Atlanta, Georgia"", ""slug"": ""atlanta-georgia""}, ""signals"": {""meal_evidence"": {""dinner"": [""date night""], ""drinks"": [""cocktail"", ""cocktails"", ""bar"", ""margarita"", ""tequila"", ""shot"", ""shots""]}, ""cuisine_evidence"": {""mexican"": [""taco"", ""birria""]}, ""content_evidence"": {""food_spot"": [""location_present""]}}, ""metadata"": {""hashtags"": [""atlblog"", ""atldatenight"", ""atleats"", ""atlfoodie"", ""rrealtacos""], ""mentions"": [""rrealtacos""], ""likes"": 1165, ""comments"": 67, ""video_views"": 13163}}","{""meal_type_evidence"": {""embedding_label"": ""drinks"", ""embedding_similarity"": 0.349, ""baseline_label"": ""drinks"", ""baseline_confidence"": 0.95, ""override"": false, ""reason"": ""embedding_agrees_boost_baseline""}, ""cuisine_evidence"": {""embedding_cuisines"": [], ""embedding_similarities"": {}, ""baseline_cuisines"": [""mexican""], ""newly_detected"": [], ""removed"": [""mexican""], ""reason"": ""no_strong_embedding_matches_keep_baseline""}, ""content_type_evidence"": {""embedding_label"": ""food_spot"", ""embedding_similarity"": 0.311, ""baseline_label"": ""food_spot"", ""baseline_confidence"": 0.95, ""override"": false, ""reason"": ""weak_embedding_match_keep_baseline""}}"
3611540167707125990,drinks,0.95,drinks,0.864,CONFIDENCE_UPDATED,-0.086,"{""meal_type"": ""drinks"", ""cuisines"": [""american"", ""coffee_cafe""], ""content_type"": ""food_spot"", ""location"": {""name"": ""Atlanta, Georgia"", ""slug"": ""atlanta-georgia""}, ""signals"": {""meal_evidence"": {""dinner"": [""dinner"", ""date night""], ""drinks"": [""cocktail"", ""cocktails"", ""martini"", ""gin""]}, ""cuisine_evidence"": {""american"": [""southern""], ""coffee_cafe"": [""espresso""]}, ""content_evidence"": {""food_spot"": [""location_present""]}}, ""metadata"": {""hashtags"": [""atlblog"", ""atldatenight"", ""atleats""], ""mentions"": [""brassicaatlanta"", ""waatlanta""], ""likes"": 936, ""comments"": 72, ""video_views"": 7514}}","{""meal_type_evidence"": {""embedding_label"": ""brunch"", ""embedding_similarity"": 0.397, ""baseline_label"": ""drinks"", ""baseline_confidence"": 0.95, ""override"": false, ""reason"": ""embedding_disagrees_but_baseline_sufficient""}, ""cuisine_evidence"": {""embedding_cuisines"": [], ""embedding_similarities"": {}, ""baseline_cuisines"": [""american"", ""coffee_cafe""], ""newly_detected"": [], ""removed"": [""coffee_cafe"", ""american""], ""reason"": ""no_strong_embedding_matches_keep_baseline""}, ""content_type_evidence"": {""embedding_label"": ""food_spot"", ""embedding_similarity"": 0.367, ""baseline_label"": ""food_spot"", ""baseline_confidence"": 0.95, ""override"": false, ""reason"": ""embedding_agrees_boost_baseline""}}"
3352540651776329925,drinks,0.95,drinks,0.864,CONFIDENCE_UPDATED,-0.086,"{""meal_type"": ""drinks"", ""cuisines"": [], ""content_type"": ""food_spot"", ""location"": {""name"": ""King of Pops"", ""slug"": ""king-of-pops""}, ""signals"": {""meal_evidence"": {""drinks"": [""cocktail"", ""mocktail"", ""drink"", ""margarita""]}, ""cuisine_evidence"": {}, ""content_evidence"": {""food_spot"": [""location_present""]}}, ""metadata"": {""hashtags"": [""atleats"", ""atlpatios"", ""kingofpops"", ""thingstodoinatlanta""], ""mentions"": [""kingofpops"", ""nataliesoj""], ""likes"": 466, ""comments"": 68, ""video_views"": 7384}}","{""meal_type_evidence"": {""embedding_label"": ""drinks"", ""embedding_similarity"": 0.368, ""baseline_label"": ""drinks"", ""baseline_confidence"": 0.95, ""override"": false, ""reason"": ""embedding_agrees_boost_baseline""}, ""cuisine_evidence"": {""embedding_cuisines"": [], ""embedding_similarities"": {}, ""baseline_cuisines"": [], ""newly_detected"": [], ""removed"": [], ""reason"": ""no_strong_embedding_matches_keep_baseline""}, ""content_type_evidence"": {""embedding_label"": ""event"", ""embedding_similarity"": 0.396, ""baseline_label"": ""food_spot"", ""baseline_confidence"": 0.95, ""override"": false, ""reason"": ""embedding_disagrees_but_baseline_acceptable""}}"
3248917998831581298,event,0.7,event,0.613,CONFIDENCE_UPDATED,-0.087,"{""meal_type"": ""drinks"", ""cuisines"": [""coffee_cafe""], ""content_type"": ""event"", ""location"": {""name"": ""Underground Atlanta"", ""slug"": ""underground-atlanta""}, ""signals"": {""meal_evidence"": {""drinks"": [""bar""]}, ""cuisine_evidence"": {""coffee_cafe"": [""coffee"", ""cafe""]}, ""content_evidence"": {""event"": [""event""]}}, ""metadata"": {""hashtags"": [""atlanta"", ""atlcatcafe"", ""atllounge"", ""atlunderground"", ""thingstodoinatl""], ""mentions"": [""atllovesmo"", ""thefriskywhiskeratl"", ""thefriskywhiskeratl."", ""underground_atlanta""], ""likes"": 122977, ""comments"": 1258, ""video_views"": 740786}}","{""meal_type_evidence"": {""embedding_label"": ""dinner"", ""embedding_similarity"": 0.154, ""baseline_label"": ""drinks"", ""baseline_confidence"": 0.7, ""override"": false, ""reason"": ""weak_embedding_match_keep_baseline""}, ""cuisine_evidence"": {""embedding_cuisines"": [], ""embedding_similarities"": {}, ""baseline_cuisines"": [""coffee_cafe""], ""newly_detected"": [], ""removed"": [""coffee_cafe""], ""reason"": ""no_strong_embedding_matches_keep_baseline""}, ""content_type_evidence"": {""embedding_label"": ""food_spot"", ""embedding_similarity"": 0.244, ""baseline_label"": ""event"", ""baseline_confidence"": 0.7, ""override"": false, ""reason"": ""weak_embedding_match_keep_baseline""}}"
3304773946065312881,dinner,0.7,dinner,0.613,CONFIDENCE_UPDATED,-0.087,"{""meal_type"": ""dinner"", ""cuisines"": [], ""content_type"": ""food_spot"", ""location"": {""name"": ""The Pullman Yard"", ""slug"": ""the-pullman-yard""}, ""signals"": {""meal_evidence"": {""dinner"": [""date night""]}, ""cuisine_evidence"": {}, ""content_evidence"": {""food_spot"": [""location_present""]}}, ""metadata"": {""hashtags"": [""atlblog"", ""atldatenight"", ""balloonmuseum"", ""thingstodoinatlanta""], ""mentions"": [""atllovesmo"", ""balloon_museum"", ""prattpullmandistrict.""], ""likes"": 89425, ""comments"": 360, ""video_views"": 315524}}","{""meal_type_evidence"": {""embedding_label"": ""dessert"", ""embedding_similarity"": 0.143, ""baseline_label"": ""dinner"", ""baseline_confidence"": 0.7, ""override"": false, ""reason"": ""weak_embedding_match_keep_baseline""}, ""cuisine_evidence"": {""embedding_cuisines"": [], ""embedding_similarities"": {}, ""baseline_cuisines"": [], ""newly_detected"": [], ""removed"": [], ""reason"": ""no_strong_embedding_matches_keep_baseline""}, ""content_type_evidence"": {""embedding_label"": ""activity"", ""embedding_similarity"": 0.42, ""baseline_label"": ""food_spot"", ""baseline_confidence"": 0.7, ""override"": false, ""reason"": ""embedding_disagrees_but_baseline_acceptable""}}"
3707211554234698032,unknown,0.7,unknown,0.613,CONFIDENCE_UPDATED,-0.087,"{""meal_type"": ""unknown"", ""cuisines"": [], ""content_type"": ""food_spot"", ""location"": {""name"": ""Atlanta, Georgia"", ""slug"": ""atlanta-georgia""}, ""signals"": {""meal_evidence"": {}, ""cuisine_evidence"": {}, ""content_evidence"": {""food_spot"": [""location_present""]}}, ""metadata"": {""hashtags"": [""atlblog"", ""atldaycation"", ""resportpasspartner""], ""mentions"": [""resortpass"", ""resortpass.""], ""likes"": 10559, ""comments"": 150, ""video_views"": 185976}}","{""meal_type_evidence"": {""embedding_label"": ""drinks"", ""embedding_similarity"": 0.156, ""baseline_label"": ""unknown"", ""baseline_confidence"": 0.7, ""override"": false, ""reason"": ""weak_embedding_match_keep_baseline""}, ""cuisine_evidence"": {""embedding_cuisines"": [], ""embedding_similarities"": {}, ""baseline_cuisines"": [], ""newly_detected"": [], ""removed"": [], ""reason"": ""no_strong_embedding_matches_keep_baseline""}, ""content_type_evidence"": {""embedding_label"": ""activity"", ""embedding_similarity"": 0.22, ""baseline_label"": ""food_spot"", ""baseline_confidence"": 0.7, ""override"": false, ""reason"": ""weak_embedding_match_keep_baseline""}}"
3160469224732468723,event,0.7,event,0.613,CONFIDENCE_UPDATED,-0.087,"{""meal_type"": ""dinner"", ""cuisines"": [], ""content_type"": ""event"", ""location"": {""name"": ""Museum of Illusions - Atlanta"", ""slug"": ""museum-of-illusions-atlanta""}, ""signals"": {""meal_evidence"": {""dinner"": [""date night""], ""drinks"": [""drink""]}, ""cuisine_evidence"": {}, ""content_evidence"": {""event"": [""ticket""]}}, ""metadata"": {""hashtags"": [""atlantafoodie"", ""atldateideas"", ""atldatenight"", ""hosted"", ""moiatlanta"", ""museumofillusions"", ""thingstodoinatlanta""], ""mentions"": [""amerisbankamphitheatre"", ""atlanticstation"", ""atlanticstation."", ""atllovesmo"", ""cadencebankamp"", ""lakewoodamp"", ""livenationatl"", ""museumofillusions_atlanta"", ""paintedduckatl"", ""paintedpickleatl"", ""thepaintedpinatl"", ""tickpick""], ""likes"": 27575, ""comments"": 90, ""video_views"": 169369}}","{""meal_type_evidence"": {""embedding_label"": ""dinner"", ""embedding_similarity"": 0.24, ""baseline_label"": ""dinner"", ""baseline_confidence"": 0.7, ""override"": false, ""reason"": ""weak_embedding_match_keep_baseline""}, ""cuisine_evidence"": {""embedding_cuisines"": [], ""embedding_similarities"": {}, ""baseline_cuisines"": [], ""newly_detected"": [], ""removed"": [], ""reason"": ""no_strong_embedding_matches_keep_baseline""}, ""content_type_evidence"": {""embedding_label"": ""activity"", ""embedding_similarity"": 0.398, ""baseline_label"": ""event"", ""baseline_confidence"": 0.7, ""override"": false, ""reason"": ""embedding_disagrees_but_baseline_acceptable""}}"
3550788921421956926,drinks,0.7,drinks,0.613,CONFIDENCE_UPDATED,-0.087,"{""meal_type"": ""drinks"", ""cuisines"": [], ""content_type"": ""food_spot"", ""location"": {""name"": ""Atlanta, Georgia"", ""slug"": ""atlanta-georgia""}, ""signals"": {""meal_evidence"": {""drinks"": [""bar""]}, ""cuisine_evidence"": {}, ""content_evidence"": {""food_spot"": [""location_present""]}}, ""metadata"": {""hashtags"": [""atlblog"", ""atleats"", ""thingstodoinatlanta""], ""mentions"": [""atllovesmo"", ""mjqofficial"", ""underground_atlanta.""], ""likes"": 25173, ""comments"": 356, ""video_views"": 159154}}","{""meal_type_evidence"": {""embedding_label"": ""dinner"", ""embedding_similarity"": 0.237, ""baseline_label"": ""drinks"", ""baseline_confidence"": 0.7, ""override"": false, ""reason"": ""weak_embedding_match_keep_baseline""}, ""cuisine_evidence"": {""embedding_cuisines"": [""mexican""], ""embedding_similarities"": {""mexican"": 0.402}, ""baseline_cuisines"": [], ""newly_detected"": [""mexican""], ""removed"": [], ""reason"": ""embedding_refined_cuisine_list""}, ""content_type_evidence"": {""embedding_label"": ""food_spot"", ""embedding_similarity"": 0.28, ""baseline_label"": ""food_spot"", ""baseline_confidence"": 0.7, ""override"": false, ""reason"": ""weak_embedding_match_keep_baseline""}}"
3741063647302113035,dinner,0.7,dinner,0.613,CONFIDENCE_UPDATED,-0.087,"{""meal_type"": ""dinner"", ""cuisines"": [], ""content_type"": ""food_spot"", ""location"": {""name"": ""Atlanta, Georgia"", ""slug"": ""atlanta-georgia""}, ""signals"": {""meal_evidence"": {""dinner"": [""date night""]}, ""cuisine_evidence"": {}, ""content_evidence"": {""food_spot"": [""location_present""]}}, ""metadata"": {""hashtags"": [""atlblog"", ""atldatenight"", ""highmuseumofart""], ""mentions"": [""highmuseumofart""], ""likes"": 24136, ""comments"": 246, ""video_views"": 149111}}","{""meal_type_evidence"": {""embedding_label"": ""drinks"", ""embedding_similarity"": 0.153, ""baseline_label"": ""dinner"", ""baseline_confidence"": 0.7, ""override"": false, ""reason"": ""weak_embedding_match_keep_baseline""}, ""cuisine_evidence"": {""embedding_cuisines"": [], ""embedding_similarities"": {}, ""baseline_cuisines"": [], ""newly_detected"": [], ""removed"": [], ""reason"": ""no_strong_embedding_matches_keep_baseline""}, ""content_type_evidence"": {""embedding_label"": ""activity"", ""embedding_similarity"": 0.377, ""baseline_label"": ""food_spot"", ""baseline_confidence"": 0.7, ""override"": false, ""reason"": ""embedding_disagrees_but_baseline_acceptable""}}"
3137257350486105472,event,0.7,event,0.613,CONFIDENCE_UPDATED,-0.087,"{""meal_type"": ""unknown"", ""cuisines"": [], ""content_type"": ""event"", ""location"": {""name"": ""Atlanta, Georgia"", ""slug"": ""atlanta-georgia""}, ""signals"": {""meal_evidence"": {}, ""cuisine_evidence"": {}, ""content_evidence"": {""event"": [""event""]}}, ""metadata"": {""hashtags"": [""atlantablog"", ""atlevents"", ""atlhost"", ""atlpoolparty"", ""electricevents""], ""mentions"": [""atlantacreativemedia"", ""atllovesmo"", ""eastsideswimandsocial"", ""electriceventsatl"", ""electrichospitality""], ""likes"": 9719, ""comments"": 80, ""video_views"": 147832}}","{""meal_type_evidence"": {""embedding_label"": ""drinks"", ""embedding_similarity"": 0.187, ""baseline_label"": ""unknown"", ""baseline_confidence"": 0.7, ""override"": false, ""reason"": ""weak_embedding_match_keep_baseline""}, ""cuisine_evidence"": {""embedding_cuisines"": [], ""embedding_similarities"": {}, ""baseline_cuisines"": [], ""newly_detected"": [], ""removed"": [], ""reason"": ""no_strong_embedding_matches_keep_baseline""}, ""content_type_evidence"": {""embedding_label"": ""food_spot"", ""embedding_similarity"": 0.33, ""baseline_label"": ""event"", ""baseline_confidence"": 0.7, ""override"": false, ""reason"": ""weak_embedding_match_keep_baseline""}}"
3311976979345916506,drinks,0.7,drinks,0.613,CONFIDENCE_UPDATED,-0.087,"{""meal_type"": ""drinks"", ""cuisines"": [], ""content_type"": ""food_spot"", ""location"": {""name"": ""Atlanta, Georgia"", ""slug"": ""atlanta-georgia""}, ""signals"": {""meal_evidence"": {""drinks"": [""gin""]}, ""cuisine_evidence"": {}, ""content_evidence"": {""food_spot"": [""location_present""]}}, ""metadata"": {""hashtags"": [""atlblog"", ""atleats"", ""atlgames"", ""thingstodoinatlanta""], ""mentions"": [""activategames"", ""atllovesmo""], ""likes"": 24918, ""comments"": 131, ""video_views"": 139312}}","{""meal_type_evidence"": {""embedding_label"": ""drinks"", ""embedding_similarity"": 0.141, ""baseline_label"": ""drinks"", ""baseline_confidence"": 0.7, ""override"": false, ""reason"": ""weak_embedding_match_keep_baseline""}, ""cuisine_evidence"": {""embedding_cuisines"": [], ""embedding_similarities"": {}, ""baseline_cuisines"": [], ""newly_detected"": [], ""removed"": [], ""reason"": ""no_strong_embedding_matches_keep_baseline""}, ""content_type_evidence"": {""embedding_label"": ""activity"", ""embedding_similarity"": 0.33, ""baseline_label"": ""food_spot"", ""baseline_confidence"": 0.7, ""override"": false, ""reason"": ""weak_embedding_match_keep_baseline""}}"
3205408882347991327,unknown,0.7,unknown,0.613,CONFIDENCE_UPDATED,-0.087,"{""meal_type"": ""unknown"", ""cuisines"": [], ""content_type"": ""food_spot"", ""location"": {""name"": ""Atlanta, Georgia"", ""slug"": ""atlanta-georgia""}, ""signals"": {""meal_evidence"": {}, ""cuisine_evidence"": {}, ""content_evidence"": {""food_spot"": [""location_present""]}}, ""metadata"": {""hashtags"": [""atlanta"", ""atlbraves"", ""atlsports"", ""baseball"", ""braves"", ""playoffs"", ""tickpick"", ""worldseries""], ""mentions"": [""braves"", ""tickpick""], ""likes"": 7564, ""comments"": 152, ""video_views"": 136694}}","{""meal_type_evidence"": {""embedding_label"": ""breakfast"", ""embedding_similarity"": 0.087, ""baseline_label"": ""unknown"", ""baseline_confidence"": 0.7, ""override"": false, ""reason"": ""weak_embedding_match_keep_baseline""}, ""cuisine_evidence"": {""embedding_cuisines"": [], ""embedding_similarities"": {}, ""baseline_cuisines"": [], ""newly_detected"": [], ""removed"": [], ""reason"": ""no_strong_embedding_matches_keep_baseline""}, ""content_type_evidence"": {""embedding_label"": ""event"", ""embedding_similarity"": 0.065, ""baseline_label"": ""food_spot"", ""baseline_confidence"": 0.7, ""override"": false, ""reason"": ""weak_embedding_match_keep_baseline""}}"
3333710616730762979,drinks,0.95,drinks,0.863,CONFIDENCE_UPDATED,-0.087,"{""meal_type"": ""drinks"", ""cuisines"": [""japanese"", ""chinese"", ""thai"", ""indian""], ""content_type"": ""food_spot"", ""location"": {""name"": ""Atlanta, Georgia"", ""slug"": ""atlanta-georgia""}, ""signals"": {""meal_evidence"": {""dessert"": [""cake""], ""drinks"": [""cocktail"", ""cocktails"", ""bar"", ""drink"", ""gin""]}, ""cuisine_evidence"": {""japanese"": [""ramen""], ""chinese"": [""dumpling""], ""thai"": [""thai"", ""pad thai""], ""indian"": [""curry""]}, ""content_evidence"": {""food_spot"": [""location_present""]}}, ""metadata"": {""hashtags"": [""atlantabeltline"", ""atlantafood"", ""atlblog"", ""atleats"", ""atlfoodie""], ""mentions"": [""atllovesmo"", ""eathawkers""], ""likes"": 11490, ""comments"": 213, ""video_views"": 117029}}","{""meal_type_evidence"": {""embedding_label"": ""drinks"", ""embedding_similarity"": 0.316, ""baseline_label"": ""drinks"", ""baseline_confidence"": 0.95, ""override"": false, ""reason"": ""embedding_agrees_boost_baseline""}, ""cuisine_evidence"": {""embedding_cuisines"": [""thai"", ""indian""], ""embedding_similarities"": {""thai"": 0.537, ""indian"": 0.401}, ""baseline_cuisines"": [""japanese"", ""chinese"", ""thai"", ""indian""], ""newly_detected"": [], ""removed"": [""japanese"", ""chinese""], ""reason"": ""embedding_refined_cuisine_list""}, ""content_type_evidence"": {""embedding_label"": ""food_spot"", ""embedding_similarity"": 0.252, ""baseline_label"": ""food_spot"", ""baseline_confidence"": 0.95, ""override"": false, ""reason"": ""weak_embedding_match_keep_baseline""}}"
3304840401674682705,unknown,0.7,unknown,0.613,CONFIDENCE_UPDATED,-0.087,"{""meal_type"": ""unknown"", ""cuisines"": [], ""content_type"": ""food_spot"", ""location"": {""name"": ""Pratt Pullman District"", ""slug"": ""pratt-pullman-district""}, ""signals"": {""meal_evidence"": {}, ""cuisine_evidence"": {}, ""content_evidence"": {""food_spot"": [""location_present""]}}, ""metadata"": {""hashtags"": [], ""mentions"": [""atllovesmo"", ""balloon_museum"", ""prattpullmandistrict""], ""likes"": 11838, ""comments"": 181, ""video_views"": 113167}}","{""meal_type_evidence"": {""embedding_label"": ""dessert"", ""embedding_similarity"": 0.132, ""baseline_label"": ""unknown"", ""baseline_confidence"": 0.7, ""override"": false, ""reason"": ""weak_embedding_match_keep_baseline""}, ""cuisine_evidence"": {""embedding_cuisines"": [], ""embedding_similarities"": {}, ""baseline_cuisines"": [], ""newly_detected"": [], ""removed"": [], ""reason"": ""no_strong_embedding_matches_keep_baseline""}, ""content_type_evidence"": {""embedding_label"": ""activity"", ""embedding_similarity"": 0.341, ""baseline_label"": ""food_spot"", ""baseline_confidence"": 0.7, ""override"": false, ""reason"": ""weak_embedding_match_keep_baseline""}}"
3455736103082683400,dinner,0.7,dinner,0.613,CONFIDENCE_UPDATED,-0.087,"{""meal_type"": ""dinner"", ""cuisines"": [], ""content_type"": ""food_spot"", ""location"": {""name"": ""Atlanta, Georgia"", ""slug"": ""atlanta-georgia""}, ""signals"": {""meal_evidence"": {""dinner"": [""date night""], ""drinks"": [""gin""]}, ""cuisine_evidence"": {}, ""content_evidence"": {""food_spot"": [""location_present""]}}, ""metadata"": {""hashtags"": [], ""mentions"": [""atlantabeltline"", ""blacksheepensemble"", ""chantellerytter""], ""likes"": 12825, ""comments"": 63, ""video_views"": 90969}}","{""meal_type_evidence"": {""embedding_label"": ""snack"", ""embedding_similarity"": 0.259, ""baseline_label"": ""dinner"", ""baseline_confidence"": 0.7, ""override"": false, ""reason"": ""weak_embedding_match_keep_baseline""}, ""cuisine_evidence"": {""embedding_cuisines"": [], ""embedding_similarities"": {}, ""baseline_cuisines"": [], ""newly_detected"": [], ""removed"": [], ""reason"": ""no_strong_embedding_matches_keep_baseline""}, ""content_type_evidence"": {""embedding_label"": ""activity"", ""embedding_similarity"": 0.353, ""baseline_label"": ""food_spot"", ""baseline_confidence"": 0.7, ""override"": false, ""reason"": ""embedding_disagrees_but_baseline_acceptable""}}"
3704053161733213861,event,0.95,event,0.863,CONFIDENCE_UPDATED,-0.087,"{""meal_type"": ""drinks"", ""cuisines"": [""italian"", ""coffee_cafe""], ""content_type"": ""event"", ""location"": {""name"": ""Atlanta, Georgia"", ""slug"": ""atlanta-georgia""}, ""signals"": {""meal_evidence"": {""breakfast"": [""breakfast""], ""lunch"": [""sandwich""], ""drinks"": [""cocktail"", ""cocktails"", ""beer"", ""gin""]}, ""cuisine_evidence"": {""italian"": [""pizza""], ""coffee_cafe"": [""coffee""]}, ""content_evidence"": {""event"": [""grand opening""]}}, ""metadata"": {""hashtags"": [""atlblog"", ""mondaynightgarage"", ""thingstodoinatlanta""], ""mentions"": [""atlantabeltline"", ""atllovesmo"", ""mondaynight"", ""mondaynightgrove""], ""likes"": 7276, ""comments"": 136, ""video_views"": 88169}}","{""meal_type_evidence"": {""embedding_label"": ""drinks"", ""embedding_similarity"": 0.303, ""baseline_label"": ""drinks"", ""baseline_confidence"": 0.95, ""override"": false, ""reason"": ""embedding_agrees_boost_baseline""}, ""cuisine_evidence"": {""embedding_cuisines"": [], ""embedding_similarities"": {}, ""baseline_cuisines"": [""italian"", ""coffee_cafe""], ""newly_detected"": [], ""removed"": [""coffee_cafe"", ""italian""], ""reason"": ""no_strong_embedding_matches_keep_baseline""}, ""content_type_evidence"": {""embedding_label"": ""food_spot"", ""embedding_similarity"": 0.452, ""baseline_label"": ""event"", ""baseline_confidence"": 0.95, ""override"": false, ""reason"": ""embedding_disagrees_but_baseline_acceptable""}}"
3528108597076336619,drinks,0.7,drinks,0.613,CONFIDENCE_UPDATED,-0.087,"{""meal_type"": ""drinks"", ""cuisines"": [], ""content_type"": ""food_spot"", ""location"": {""name"": ""Atlanta, Georgia"", ""slug"": ""atlanta-georgia""}, ""signals"": {""meal_evidence"": {""drinks"": [""bar""]}, ""cuisine_evidence"": {}, ""content_evidence"": {""food_spot"": [""location_present""]}}, ""metadata"": {""hashtags"": [""atlblog"", ""atlparties"", ""thingstodoinatl""], ""mentions"": [""atllovesmo"", ""cinnamontoastedexp"", ""holidaybaratl"", ""where2atlanta""], ""likes"": 6241, ""comments"": 200, ""video_views"": 76841}}","{""meal_type_evidence"": {""embedding_label"": ""dinner"", ""embedding_similarity"": 0.134, ""baseline_label"": ""drinks"", ""baseline_confidence"": 0.7, ""override"": false, ""reason"": ""weak_embedding_match_keep_baseline""}, ""cuisine_evidence"": {""embedding_cuisines"": [], ""embedding_similarities"": {}, ""baseline_cuisines"": [], ""newly_detected"": [], ""removed"": [], ""reason"": ""no_strong_embedding_matches_keep_baseline""}, ""content_type_evidence"": {""embedding_label"": ""food_spot"", ""embedding_similarity"": 0.151, ""baseline_label"": ""food_spot"", ""baseline_confidence"": 0.7, ""override"": false, ""reason"": ""weak_embedding_match_keep_baseline""}}"
3324280141536804331,unknown,0.7,unknown,0.613,CONFIDENCE_UPDATED,-0.087,"{""meal_type"": ""unknown"", ""cuisines"": [], ""content_type"": ""food_spot"", ""location"": {""name"": ""Ponce City Market"", ""slug"": ""ponce-city-market""}, ""signals"": {""meal_evidence"": {}, ""cuisine_evidence"": {}, ""content_evidence"": {""food_spot"": [""location_present""]}}, ""metadata"": {""hashtags"": [""amazononemedical"", ""healthandwellness"", ""primarycare""], ""mentions"": [""amazononemedical"", ""onemedical""], ""likes"": 295, ""comments"": 48, ""video_views"": 66271}}","{""meal_type_evidence"": {""embedding_label"": ""dessert"", ""embedding_similarity"": 0.108, ""baseline_label"": ""unknown"", ""baseline_confidence"": 0.7, ""override"": false, ""reason"": ""weak_embedding_match_keep_baseline""}, ""cuisine_evidence"": {""embedding_cuisines"": [], ""embedding_similarities"": {}, ""baseline_cuisines"": [], ""newly_detected"": [], ""removed"": [], ""reason"": ""no_strong_embedding_matches_keep_baseline""}, ""content_type_evidence"": {""embedding_label"": ""event"", ""embedding_similarity"": 0.098, ""baseline_label"": ""food_spot"", ""baseline_confidence"": 0.7, ""override"": false, ""reason"": ""weak_embedding_match_keep_baseline""}}"
3401929863048150541,event,0.7,event,0.613,CONFIDENCE_UPDATED,-0.087,"{""meal_type"": ""drinks"", ""cuisines"": [], ""content_type"": ""event"", ""location"": {""name"": ""Atlanta, Georgia"", ""slug"": ""atlanta-georgia""}, ""signals"": {""meal_evidence"": {""drinks"": [""bar""]}, ""cuisine_evidence"": {}, ""content_evidence"": {""event"": [""event""]}}, ""metadata"": {""hashtags"": [""atlantafoodie"", ""atlblog"", ""atleats"", ""atlrooftop""], ""mentions"": [""atllovesmo"", ""novemberrosemusic"", ""tesseraeatl"", ""thompsonbuckhead""], ""likes"": 9354, ""comments"": 104, ""video_views"": 64538}}","{""meal_type_evidence"": {""embedding_label"": ""drinks"", ""embedding_similarity"": 0.266, ""baseline_label"": ""drinks"", ""baseline_confidence"": 0.7, ""override"": false, ""reason"": ""weak_embedding_match_keep_baseline""}, ""cuisine_evidence"": {""embedding_cuisines"": [], ""embedding_similarities"": {}, ""baseline_cuisines"": [], ""newly_detected"": [], ""removed"": [], ""reason"": ""no_strong_embedding_matches_keep_baseline""}, ""content_type_evidence"": {""embedding_label"": ""food_spot"", ""embedding_similarity"": 0.388, ""baseline_label"": ""event"", ""baseline_confidence"": 0.7, ""override"": false, ""reason"": ""embedding_disagrees_but_baseline_acceptable""}}"
3198574614421831275,unknown,0.7,unknown,0.613,CONFIDENCE_UPDATED,-0.087,"{""meal_type"": ""unknown"", ""cuisines"": [""mexican"", ""coffee_cafe""], ""content_type"": ""food_spot"", ""location"": {""name"": ""Old 4th Ward Historic Park"", ""slug"": ""old-4th-ward-historic-park""}, ""signals"": {""meal_evidence"": {}, ""cuisine_evidence"": {""mexican"": [""taco""], ""coffee_cafe"": [""coffee"", ""espresso"", ""latte""]}, ""content_evidence"": {""food_spot"": [""location_present""]}}, ""metadata"": {""hashtags"": [""atlantacoffee"", ""atlcoffee"", ""atlcoffeeshops""], ""mentions"": [""atllovesmo"", ""fincatofilter"", ""iriso4wapts"", ""oldfourthward"", ""wildheavenwestend""], ""likes"": 9540, ""comments"": 67, ""video_views"": 60930}}","{""meal_type_evidence"": {""embedding_label"": ""snack"", ""embedding_similarity"": 0.291, ""baseline_label"": ""unknown"", ""baseline_confidence"": 0.7, ""override"": false, ""reason"": ""weak_embedding_match_keep_baseline""}, ""cuisine_evidence"": {""embedding_cuisines"": [""coffee_cafe""], ""embedding_similarities"": {""coffee_cafe"": 0.46}, ""baseline_cuisines"": [""mexican"", ""coffee_cafe""], ""newly_detected"": [], ""removed"": [""mexican""], ""reason"": ""embedding_refined_cuisine_list""}, ""content_type_evidence"": {""embedding_label"": ""food_spot"", ""embedding_similarity"": 0.349, ""baseline_label"": ""food_spot"", ""baseline_confidence"": 0.7, ""override"": false, ""reason"": ""weak_embedding_match_keep_baseline""}}"
3407616262887877497,drinks,0.7,drinks,0.613,CONFIDENCE_UPDATED,-0.087,"{""meal_type"": ""drinks"", ""cuisines"": [], ""content_type"": ""food_spot"", ""location"": {""name"": ""Dahlonega, Georgia"", ""slug"": ""dahlonega-georgia""}, ""signals"": {""meal_evidence"": {""drinks"": [""wine""]}, ""cuisine_evidence"": {}, ""content_evidence"": {""food_spot"": [""location_present""]}}, ""metadata"": {""hashtags"": [""atlblog"", ""atlgetaway"", ""atltravel"", ""dahlonega"", ""georgiawine"", ""hosted""], ""mentions"": [""atllovesmo"", ""kindleridge""], ""likes"": 8779, ""comments"": 163, ""video_views"": 59899}}","{""meal_type_evidence"": {""embedding_label"": ""drinks"", ""embedding_similarity"": 0.187, ""baseline_label"": ""drinks"", ""baseline_confidence"": 0.7, ""override"": false, ""reason"": ""weak_embedding_match_keep_baseline""}, ""cuisine_evidence"": {""embedding_cuisines"": [], ""embedding_similarities"": {}, ""baseline_cuisines"": [], ""newly_detected"": [], ""removed"": [], ""reason"": ""no_strong_embedding_matches_keep_baseline""}, ""content_type_evidence"": {""embedding_label"": ""food_spot"", ""embedding_similarity"": 0.226, ""baseline_label"": ""food_spot"", ""baseline_confidence"": 0.7, ""override"": false, ""reason"": ""weak_embedding_match_keep_baseline""}}"
3254043388038287082,event,0.7,event,0.613,CONFIDENCE_UPDATED,-0.087,"{""meal_type"": ""unknown"", ""cuisines"": [], ""content_type"": ""event"", ""location"": {""name"": ""Fernbank Museum of Natural History"", ""slug"": ""fernbank-museum-of-natural-history""}, ""signals"": {""meal_evidence"": {}, ""cuisine_evidence"": {}, ""content_evidence"": {""event"": [""ticket""]}}, ""metadata"": {""hashtags"": [""atlanta"", ""atlfoodie"", ""hosted"", ""science"", ""sponsored"", ""thingstodoatlanta"", ""thingstodoinatl""], ""mentions"": [""atllovesmo"", ""fernbankmuseum""], ""likes"": 10177, ""comments"": 99, ""video_views"": 51978}}","{""meal_type_evidence"": {""embedding_label"": ""dinner"", ""embedding_similarity"": 0.211, ""baseline_label"": ""unknown"", ""baseline_confidence"": 0.7, ""override"": false, ""reason"": ""weak_embedding_match_keep_baseline""}, ""cuisine_evidence"": {""embedding_cuisines"": [], ""embedding_similarities"": {}, ""baseline_cuisines"": [], ""newly_detected"": [], ""removed"": [], ""reason"": ""no_strong_embedding_matches_keep_baseline""}, ""content_type_evidence"": {""embedding_label"": ""activity"", ""embedding_similarity"": 0.435, ""baseline_label"": ""event"", ""baseline_confidence"": 0.7, ""override"": false, ""reason"": ""embedding_disagrees_but_baseline_acceptable""}}"
3471396364334540698,event,0.7,event,0.613,CONFIDENCE_UPDATED,-0.087,"{""meal_type"": ""drinks"", ""cuisines"": [""coffee_cafe""], ""content_type"": ""event"", ""location"": {""name"": ""Atlanta, Georgia"", ""slug"": ""atlanta-georgia""}, ""signals"": {""meal_evidence"": {""drinks"": [""bar""]}, ""cuisine_evidence"": {""coffee_cafe"": [""cafe""]}, ""content_evidence"": {""event"": [""event""]}}, ""metadata"": {""hashtags"": [""atlanta"", ""atlcatcafe"", ""atllounge"", ""atlunderground"", ""thingstodoinatl""], ""mentions"": [""thefriskywhiskeratl"", ""thefriskywhiskeratl."", ""underground_atlanta""], ""likes"": 6739, ""comments"": 85, ""video_views"": 48208}}","{""meal_type_evidence"": {""embedding_label"": ""dinner"", ""embedding_similarity"": 0.135, ""baseline_label"": ""drinks"", ""baseline_confidence"": 0.7, ""override"": false, ""reason"": ""weak_embedding_match_keep_baseline""}, ""cuisine_evidence"": {""embedding_cuisines"": [], ""embedding_similarities"": {}, ""baseline_cuisines"": [""coffee_cafe""], ""newly_detected"": [], ""removed"": [""coffee_cafe""], ""reason"": ""no_strong_embedding_matches_keep_baseline""}, ""content_type_evidence"": {""embedding_label"": ""food_spot"", ""embedding_similarity"": 0.24, ""baseline_label"": ""event"", ""baseline_confidence"": 0.7, ""override"": false, ""reason"": ""weak_embedding_match_keep_baseline""}}"
3588865463947766644,dinner,0.7,dinner,0.613,CONFIDENCE_UPDATED,-0.087,"{""meal_type"": ""dinner"", ""cuisines"": [], ""content_type"": ""food_spot"", ""location"": {""name"": ""Atlanta, Georgia"", ""slug"": ""atlanta-georgia""}, ""signals"": {""meal_evidence"": {""dinner"": [""dinner""]}, ""cuisine_evidence"": {}, ""content_evidence"": {""food_spot"": [""location_present""]}}, ""metadata"": {""hashtags"": [""atlblog"", ""atleats"", ""thingstodoinatlanta""], ""mentions"": [""atlannatonight"", ""atllovesmo"", ""closefriendsatl"", ""views.atlanta"", ""wagyuhouseatl""], ""likes"": 6851, ""comments"": 100, ""video_views"": 46854}}","{""meal_type_evidence"": {""embedding_label"": ""dinner"", ""embedding_similarity"": 0.28, ""baseline_label"": ""dinner"", ""baseline_confidence"": 0.7, ""override"": false, ""reason"": ""weak_embedding_match_keep_baseline""}, ""cuisine_evidence"": {""embedding_cuisines"": [], ""embedding_similarities"": {}, ""baseline_cuisines"": [], ""newly_detected"": [], ""removed"": [], ""reason"": ""no_strong_embedding_matches_keep_baseline""}, ""content_type_evidence"": {""embedding_label"": ""food_spot"", ""embedding_similarity"": 0.289, ""baseline_label"": ""food_spot"", ""baseline_confidence"": 0.7, ""override"": false, ""reason"": ""weak_embedding_match_keep_baseline""}}"
3126409885696928550,unknown,0.7,unknown,0.613,CONFIDENCE_UPDATED,-0.087,"{""meal_type"": ""unknown"", ""cuisines"": [""coffee_cafe""], ""content_type"": ""food_spot"", ""location"": {""name"": ""Madison Yards"", ""slug"": ""madison-yards""}, ""signals"": {""meal_evidence"": {}, ""cuisine_evidence"": {""coffee_cafe"": [""coffee""]}, ""content_evidence"": {""food_spot"": [""location_present""]}}, ""metadata"": {""hashtags"": [""atlanta"", ""atlantawfh"", ""atlbeltline"", ""atlcoffee"", ""coffeeshopsatl""], ""mentions"": [""dailydoseatl""], ""likes"": 4211, ""comments"": 50, ""video_views"": 45589}}","{""meal_type_evidence"": {""embedding_label"": ""snack"", ""embedding_similarity"": 0.145, ""baseline_label"": ""unknown"", ""baseline_confidence"": 0.7, ""override"": false, ""reason"": ""weak_embedding_match_keep_baseline""}, ""cuisine_evidence"": {""embedding_cuisines"": [], ""embedding_similarities"": {}, ""baseline_cuisines"": [""coffee_cafe""], ""newly_detected"": [], ""removed"": [""coffee_cafe""], ""reason"": ""no_strong_embedding_matches_keep_baseline""}, ""content_type_evidence"": {""embedding_label"": ""food_spot"", ""embedding_similarity"": 0.294, ""baseline_label"": ""food_spot"", ""baseline_confidence"": 0.7, ""override"": false, ""reason"": ""weak_embedding_match_keep_baseline""}}"
3506938965486078887,event,0.95,event,0.863,CONFIDENCE_UPDATED,-0.087,"{""meal_type"": ""drinks"", ""cuisines"": [], ""content_type"": ""event"", ""location"": {""name"": null, ""slug"": null}, ""signals"": {""meal_evidence"": {""dinner"": [""date night""], ""drinks"": [""cocktail"", ""bar"", ""drink"", ""gin""]}, ""cuisine_evidence"": {}, ""content_evidence"": {""event"": [""ticket""]}}, ""metadata"": {""hashtags"": [""atlblog"", ""atldatenight"", ""atleats"", ""atlfoodie""], ""mentions"": [""abvgallery"", ""atllovesmo"", ""gregmike"", ""jojosbeloved"", ""outerspaceproject."", ""paintedparkatlanta"", ""politanrow.colonysquare"", ""tinydoors""], ""likes"": 7147, ""comments"": 77, ""video_views"": 45195}}","{""meal_type_evidence"": {""embedding_label"": ""drinks"", ""embedding_similarity"": 0.313, ""baseline_label"": ""drinks"", ""baseline_confidence"": 0.95, ""override"": false, ""reason"": ""embedding_agrees_boost_baseline""}, ""cuisine_evidence"": {""embedding_cuisines"": [], ""embedding_similarities"": {}, ""baseline_cuisines"": [], ""newly_detected"": [], ""removed"": [], ""reason"": ""no_strong_embedding_matches_keep_baseline""}, ""content_type_evidence"": {""embedding_label"": ""food_spot"", ""embedding_similarity"": 0.448, ""baseline_label"": ""event"", ""baseline_confidence"": 0.95, ""override"": false, ""reason"": ""embedding_disagrees_but_baseline_acceptable""}}"
3727606889829211700,drinks,0.7,drinks,0.613,CONFIDENCE_UPDATED,-0.087,"{""meal_type"": ""drinks"", ""cuisines"": [], ""content_type"": ""food_spot"", ""location"": {""name"": ""Atlanta, Georgia"", ""slug"": ""atlanta-georgia""}, ""signals"": {""meal_evidence"": {""drinks"": [""gin""]}, ""cuisine_evidence"": {}, ""content_evidence"": {""food_spot"": [""location_present""]}}, ""metadata"": {""hashtags"": [""atlblog"", ""atldatenight""], ""mentions"": [""atlartfair"", ""prattpullmandistrict""], ""likes"": 6331, ""comments"": 97, ""video_views"": 40911}}","{""meal_type_evidence"": {""embedding_label"": ""snack"", ""embedding_similarity"": 0.121, ""baseline_label"": ""drinks"", ""baseline_confidence"": 0.7, ""override"": false, ""reason"": ""weak_embedding_match_keep_baseline""}, ""cuisine_evidence"": {""embedding_cuisines"": [], ""embedding_similarities"": {}, ""baseline_cuisines"": [], ""newly_detected"": [], ""removed"": [], ""reason"": ""no_strong_embedding_matches_keep_baseline""}, ""content_type_evidence"": {""embedding_label"": ""activity"", ""embedding_similarity"": 0.412, ""baseline_label"": ""food_spot"", ""baseline_confidence"": 0.7, ""override"": false, ""reason"": ""embedding_disagrees_but_baseline_acceptable""}}"
3500002894688464711,drinks,0.7,drinks,0.613,CONFIDENCE_UPDATED,-0.087,"{""meal_type"": ""drinks"", ""cuisines"": [], ""content_type"": ""food_spot"", ""location"": {""name"": ""Atlanta, Georgia"", ""slug"": ""atlanta-georgia""}, ""signals"": {""meal_evidence"": {""drinks"": [""bar""]}, ""cuisine_evidence"": {}, ""content_evidence"": {""food_spot"": [""location_present""]}}, ""metadata"": {""hashtags"": [""atlblog"", ""atldatenight"", ""atleats"", ""thingstodoinatlanta""], ""mentions"": [""where2atlanta""], ""likes"": 4371, ""comments"": 35, ""video_views"": 37991}}","{""meal_type_evidence"": {""embedding_label"": ""snack"", ""embedding_similarity"": 0.209, ""baseline_label"": ""drinks"", ""baseline_confidence"": 0.7, ""override"": false, ""reason"": ""weak_embedding_match_keep_baseline""}, ""cuisine_evidence"": {""embedding_cuisines"": [], ""embedding_similarities"": {}, ""baseline_cuisines"": [], ""newly_detected"": [], ""removed"": [], ""reason"": ""no_strong_embedding_matches_keep_baseline""}, ""content_type_evidence"": {""embedding_label"": ""food_spot"", ""embedding_similarity"": 0.291, ""baseline_label"": ""food_spot"", ""baseline_confidence"": 0.7, ""override"": false, ""reason"": ""weak_embedding_match_keep_baseline""}}"
3779038744880970290,event,0.95,event,0.863,CONFIDENCE_UPDATED,-0.087,"{""meal_type"": ""drinks"", ""cuisines"": [""american"", ""seafood""], ""content_type"": ""event"", ""location"": {""name"": ""Atlanta, Georgia"", ""slug"": ""atlanta-georgia""}, ""signals"": {""meal_evidence"": {""drinks"": [""cocktail"", ""cocktails"", ""bar"", ""gin""]}, ""cuisine_evidence"": {""american"": [""burger""], ""seafood"": [""lobster""]}, ""content_evidence"": {""event"": [""event"", ""pop-up""]}}, ""metadata"": {""hashtags"": [""atlblog"", ""atleats""], ""mentions"": [""atllovesmo"", ""beetlecatatl""], ""likes"": 5566, ""comments"": 131, ""video_views"": 37457}}","{""meal_type_evidence"": {""embedding_label"": ""drinks"", ""embedding_similarity"": 0.304, ""baseline_label"": ""drinks"", ""baseline_confidence"": 0.95, ""override"": false, ""reason"": ""embedding_agrees_boost_baseline""}, ""cuisine_evidence"": {""embedding_cuisines"": [], ""embedding_similarities"": {}, ""baseline_cuisines"": [""american"", ""seafood""], ""newly_detected"": [], ""removed"": [""american"", ""seafood""], ""reason"": ""no_strong_embedding_matches_keep_baseline""}, ""content_type_evidence"": {""embedding_label"": ""event"", ""embedding_similarity"": 0.277, ""baseline_label"": ""event"", ""baseline_confidence"": 0.95, ""override"": false, ""reason"": ""weak_embedding_match_keep_baseline""}}"
3619322048075479961,lunch,0.7,lunch,0.613,CONFIDENCE_UPDATED,-0.087,"{""meal_type"": ""lunch"", ""cuisines"": [""bakery"", ""coffee_cafe""], ""content_type"": ""food_spot"", ""location"": {""name"": ""Atlanta, Georgia"", ""slug"": ""atlanta-georgia""}, ""signals"": {""meal_evidence"": {""lunch"": [""sandwich""], ""drinks"": [""bar""]}, ""cuisine_evidence"": {""bakery"": [""bakery"", ""bread""], ""coffee_cafe"": [""coffee"", ""latte"", ""matcha""]}, ""content_evidence"": {""food_spot"": [""location_present""]}}, ""metadata"": {""hashtags"": [""atlantaeats"", ""atlblog"", ""atlfoodie""], ""mentions"": [""atllovesmo"", ""sammysatl""], ""likes"": 4671, ""comments"": 141, ""video_views"": 35942}}","{""meal_type_evidence"": {""embedding_label"": ""snack"", ""embedding_similarity"": 0.29, ""baseline_label"": ""lunch"", ""baseline_confidence"": 0.7, ""override"": false, ""reason"": ""weak_embedding_match_keep_baseline""}, ""cuisine_evidence"": {""embedding_cuisines"": [""american""], ""embedding_similarities"": {""american"": 0.421}, ""baseline_cuisines"": [""bakery"", ""coffee_cafe""], ""newly_detected"": [""american""], ""removed"": [""coffee_cafe"", ""bakery""], ""reason"": ""embedding_refined_cuisine_list""}, ""content_type_evidence"": {""embedding_label"": ""food_spot"", ""embedding_similarity"": 0.34, ""baseline_label"": ""food_spot"", ""baseline_confidence"": 0.7, ""override"": false, ""reason"": ""weak_embedding_match_keep_baseline""}}"
3525790413258773400,event,0.7,event,0.613,CONFIDENCE_UPDATED,-0.087,"{""meal_type"": ""unknown"", ""cuisines"": [], ""content_type"": ""event"", ""location"": {""name"": ""Atlanta, Georgia"", ""slug"": ""atlanta-georgia""}, ""signals"": {""meal_evidence"": {}, ""cuisine_evidence"": {}, ""content_evidence"": {""event"": [""market""]}}, ""metadata"": {""hashtags"": [""atlblog"", ""atlvintage"", ""thingstodoinatlanta""], ""mentions"": [""atllovesmo"", ""spacequeen_atl""], ""likes"": 7015, ""comments"": 1490, ""video_views"": 34783}}","{""meal_type_evidence"": {""embedding_label"": ""dessert"", ""embedding_similarity"": 0.283, ""baseline_label"": ""unknown"", ""baseline_confidence"": 0.7, ""override"": false, ""reason"": ""weak_embedding_match_keep_baseline""}, ""cuisine_evidence"": {""embedding_cuisines"": [], ""embedding_similarities"": {}, ""baseline_cuisines"": [], ""newly_detected"": [], ""removed"": [], ""reason"": ""no_strong_embedding_matches_keep_baseline""}, ""content_type_evidence"": {""embedding_label"": ""activity"", ""embedding_similarity"": 0.295, ""baseline_label"": ""event"", ""baseline_confidence"": 0.7, ""override"": false, ""reason"": ""weak_embedding_match_keep_baseline""}}"
3172840269921758543,event,0.95,event,0.863,CONFIDENCE_UPDATED,-0.087,"{""meal_type"": ""drinks"", ""cuisines"": [""coffee_cafe""], ""content_type"": ""event"", ""location"": {""name"": ""Atlanta, Georgia"", ""slug"": ""atlanta-georgia""}, ""signals"": {""meal_evidence"": {""dinner"": [""date night""], ""drinks"": [""beer"", ""bar"", ""drink"", ""drinks"", ""gin""]}, ""cuisine_evidence"": {""coffee_cafe"": [""latte""]}, ""content_evidence"": {""event"": [""concert"", ""ticket""]}}, ""metadata"": {""hashtags"": [""atlantadatenight"", ""atldatenight"", ""hosted"", ""thingstodoinatlanta""], ""mentions"": [""atllovesmo"", ""barsweetsalts"", ""bojanaginnstudio"", ""experience.luxardo"", ""ghoulnextdoorbakeshop."", ""thesplatterstudio"", ""theworksatl"", ""trolleybarnatlanta."", ""virginiahighlanddistrict"", ""your3rdspot""], ""likes"": 3749, ""comments"": 74, ""video_views"": 34571}}","{""meal_type_evidence"": {""embedding_label"": ""drinks"", ""embedding_similarity"": 0.325, ""baseline_label"": ""drinks"", ""baseline_confidence"": 0.95, ""override"": false, ""reason"": ""embedding_agrees_boost_baseline""}, ""cuisine_evidence"": {""embedding_cuisines"": [], ""embedding_similarities"": {}, ""baseline_cuisines"": [""coffee_cafe""], ""newly_detected"": [], ""removed"": [""coffee_cafe""], ""reason"": ""no_strong_embedding_matches_keep_baseline""}, ""content_type_evidence"": {""embedding_label"": ""activity"", ""embedding_similarity"": 0.394, ""baseline_label"": ""event"", ""baseline_confidence"": 0.95, ""override"": false, ""reason"": ""embedding_disagrees_but_baseline_acceptable""}}"
3583841746591144089,event,0.7,event,0.613,CONFIDENCE_UPDATED,-0.087,"{""meal_type"": ""drinks"", ""cuisines"": [""japanese""], ""content_type"": ""event"", ""location"": {""name"": ""Atlanta, Georgia"", ""slug"": ""atlanta-georgia""}, ""signals"": {""meal_evidence"": {""drinks"": [""gin""]}, ""cuisine_evidence"": {""japanese"": [""japanese""]}, ""content_evidence"": {""event"": [""ticket""]}}, ""metadata"": {""hashtags"": [""atlblog"", ""atldatenight"", ""highmuseum"", ""ryojiikeda"", ""thingstodoinatlanta""], ""mentions"": [""_ryoji_ikeda_"", ""atllovesmo"", ""highmuseumofart"", ""highmuseumofart.""], ""likes"": 5173, ""comments"": 134, ""video_views"": 31784}}","{""meal_type_evidence"": {""embedding_label"": ""dessert"", ""embedding_similarity"": 0.114, ""baseline_label"": ""drinks"", ""baseline_confidence"": 0.7, ""override"": false, ""reason"": ""weak_embedding_match_keep_baseline""}, ""cuisine_evidence"": {""embedding_cuisines"": [], ""embedding_similarities"": {}, ""baseline_cuisines"": [""japanese""], ""newly_detected"": [], ""removed"": [""japanese""], ""reason"": ""no_strong_embedding_matches_keep_baseline""}, ""content_type_evidence"": {""embedding_label"": ""activity"", ""embedding_similarity"": 0.299, ""baseline_label"": ""event"", ""baseline_confidence"": 0.7, ""override"": false, ""reason"": ""weak_embedding_match_keep_baseline""}}"
3301853424012796603,unknown,0.7,unknown,0.613,CONFIDENCE_UPDATED,-0.087,"{""meal_type"": ""unknown"", ""cuisines"": [], ""content_type"": ""food_spot"", ""location"": {""name"": ""Atlanta, Georgia"", ""slug"": ""atlanta-georgia""}, ""signals"": {""meal_evidence"": {}, ""cuisine_evidence"": {}, ""content_evidence"": {""food_spot"": [""location_present""]}}, ""metadata"": {""hashtags"": [""atlantagame"", ""atlblog"", ""atldatenight"", ""thingstodoinatlanta""], ""mentions"": [""atllovesmo"", ""batteryatl"", ""theescapegame"", ""theinterlockatl""], ""likes"": 3774, ""comments"": 90, ""video_views"": 29581}}","{""meal_type_evidence"": {""embedding_label"": ""dinner"", ""embedding_similarity"": 0.178, ""baseline_label"": ""unknown"", ""baseline_confidence"": 0.7, ""override"": false, ""reason"": ""weak_embedding_match_keep_baseline""}, ""cuisine_evidence"": {""embedding_cuisines"": [], ""embedding_similarities"": {}, ""baseline_cuisines"": [], ""newly_detected"": [], ""removed"": [], ""reason"": ""no_strong_embedding_matches_keep_baseline""}, ""content_type_evidence"": {""embedding_label"": ""activity"", ""embedding_similarity"": 0.307, ""baseline_label"": ""food_spot"", ""baseline_confidence"": 0.7, ""override"": false, ""reason"": ""weak_embedding_match_keep_baseline""}}"
3437394921466995007,unknown,0.7,unknown,0.613,CONFIDENCE_UPDATED,-0.087,"{""meal_type"": ""unknown"", ""cuisines"": [""coffee_cafe""], ""content_type"": ""food_spot"", ""location"": {""name"": ""Atlanta, Georgia"", ""slug"": ""atlanta-georgia""}, ""signals"": {""meal_evidence"": {}, ""cuisine_evidence"": {""coffee_cafe"": [""coffee""]}, ""content_evidence"": {""food_spot"": [""location_present""]}}, ""metadata"": {""hashtags"": [], ""mentions"": [""switchyards""], ""likes"": 4680, ""comments"": 93, ""video_views"": 28651}}","{""meal_type_evidence"": {""embedding_label"": ""drinks"", ""embedding_similarity"": 0.204, ""baseline_label"": ""unknown"", ""baseline_confidence"": 0.7, ""override"": false, ""reason"": ""weak_embedding_match_keep_baseline""}, ""cuisine_evidence"": {""embedding_cuisines"": [], ""embedding_similarities"": {}, ""baseline_cuisines"": [""coffee_cafe""], ""newly_detected"": [], ""removed"": [""coffee_cafe""], ""reason"": ""no_strong_embedding_matches_keep_baseline""}, ""content_type_evidence"": {""embedding_label"": ""event"", ""embedding_similarity"": 0.26, ""baseline_label"": ""food_spot"", ""baseline_confidence"": 0.7, ""override"": false, ""reason"": ""weak_embedding_match_keep_baseline""}}"
3589719079503499697,event,0.7,event,0.613,CONFIDENCE_UPDATED,-0.087,"{""meal_type"": ""dinner"", ""cuisines"": [], ""content_type"": ""event"", ""location"": {""name"": ""Atlanta, Georgia"", ""slug"": ""atlanta-georgia""}, ""signals"": {""meal_evidence"": {""dinner"": [""date night""]}, ""cuisine_evidence"": {}, ""content_evidence"": {""event"": [""event""]}}, ""metadata"": {""hashtags"": [""atlblog"", ""atldatenight"", ""thingstodoinatlanta""], ""mentions"": [""adairparktoday"", ""atllovesmo"", ""mollysanyourceramics"", ""mollysanyourceramicsstudio""], ""likes"": 2467, ""comments"": 89, ""video_views"": 27021}}","{""meal_type_evidence"": {""embedding_label"": ""dinner"", ""embedding_similarity"": 0.272, ""baseline_label"": ""dinner"", ""baseline_confidence"": 0.7, ""override"": false, ""reason"": ""weak_embedding_match_keep_baseline""}, ""cuisine_evidence"": {""embedding_cuisines"": [], ""embedding_similarities"": {}, ""baseline_cuisines"": [], ""newly_detected"": [], ""removed"": [], ""reason"": ""no_strong_embedding_matches_keep_baseline""}, ""content_type_evidence"": {""embedding_label"": ""food_spot"", ""embedding_similarity"": 0.24, ""baseline_label"": ""event"", ""baseline_confidence"": 0.7, ""override"": false, ""reason"": ""weak_embedding_match_keep_baseline""}}"
3368505532686619967,event,0.7,event,0.613,CONFIDENCE_UPDATED,-0.087,"{""meal_type"": ""drinks"", ""cuisines"": [], ""content_type"": ""event"", ""location"": {""name"": ""Atlanta, Georgia"", ""slug"": ""atlanta-georgia""}, ""signals"": {""meal_evidence"": {""drinks"": [""rum""]}, ""cuisine_evidence"": {}, ""content_evidence"": {""event"": [""event""]}}, ""metadata"": {""hashtags"": [""atlantablog"", ""atlbeltline"", ""atlfoodie"", ""atllanternparade""], ""mentions"": [""atlantabeltline"", ""atlantadrumacademy"", ""atlantafreedombands"", ""atlantawestend."", ""atllovesmo"", ""blacksheepensemble"", ""kebbiwilliams"", ""leeandwhite"", ""seedandfeed""], ""likes"": 5004, ""comments"": 115, ""video_views"": 26722}}","{""meal_type_evidence"": {""embedding_label"": ""dessert"", ""embedding_similarity"": 0.169, ""baseline_label"": ""drinks"", ""baseline_confidence"": 0.7, ""override"": false, ""reason"": ""weak_embedding_match_keep_baseline""}, ""cuisine_evidence"": {""embedding_cuisines"": [], ""embedding_similarities"": {}, ""baseline_cuisines"": [], ""newly_detected"": [], ""removed"": [], ""reason"": ""no_strong_embedding_matches_keep_baseline""}, ""content_type_evidence"": {""embedding_label"": ""activity"", ""embedding_similarity"": 0.337, ""baseline_label"": ""event"", ""baseline_confidence"": 0.7, ""override"": false, ""reason"": ""weak_embedding_match_keep_baseline""}}"
3518604733088879451,event,0.7,event,0.613,CONFIDENCE_UPDATED,-0.087,"{""meal_type"": ""unknown"", ""cuisines"": [], ""content_type"": ""event"", ""location"": {""name"": ""13 Hub Lane - Roswell, GA"", ""slug"": ""13-hub-lane-roswell-ga""}, ""signals"": {""meal_evidence"": {}, ""cuisine_evidence"": {}, ""content_evidence"": {""event"": [""market""]}}, ""metadata"": {""hashtags"": [""atldecor"", ""marketsinatl"", ""thingstodoinatl""], ""mentions"": [""13hublane"", ""atllovesmo""], ""likes"": 2552, ""comments"": 67, ""video_views"": 23907}}","{""meal_type_evidence"": {""embedding_label"": ""dinner"", ""embedding_similarity"": 0.155, ""baseline_label"": ""unknown"", ""baseline_confidence"": 0.7, ""override"": false, ""reason"": ""weak_embedding_match_keep_baseline""}, ""cuisine_evidence"": {""embedding_cuisines"": [], ""embedding_similarities"": {}, ""baseline_cuisines"": [], ""newly_detected"": [], ""removed"": [], ""reason"": ""no_strong_embedding_matches_keep_baseline""}, ""content_type_evidence"": {""embedding_label"": ""activity"", ""embedding_similarity"": 0.222, ""baseline_label"": ""event"", ""baseline_confidence"": 0.7, ""override"": false, ""reason"": ""weak_embedding_match_keep_baseline""}}"
3533166086566342903,drinks,0.7,drinks,0.613,CONFIDENCE_UPDATED,-0.087,"{""meal_type"": ""drinks"", ""cuisines"": [], ""content_type"": ""food_spot"", ""location"": {""name"": ""Atlanta, Georgia"", ""slug"": ""atlanta-georgia""}, ""signals"": {""meal_evidence"": {""drinks"": [""bar""]}, ""cuisine_evidence"": {}, ""content_evidence"": {""food_spot"": [""location_present""]}}, ""metadata"": {""hashtags"": [""atlblog"", ""atldatenight"", ""scad"", ""thingstodoinatlanta""], ""mentions"": [""atllovesmo"", ""imane_ayissi"", ""scaddotedu"", ""scadfash"", ""scadshowatl"", ""thesandypowell"", ""thesandypowell."", ""zendaya""], ""likes"": 3790, ""comments"": 97, ""video_views"": 22047}}","{""meal_type_evidence"": {""embedding_label"": ""dinner"", ""embedding_similarity"": 0.132, ""baseline_label"": ""drinks"", ""baseline_confidence"": 0.7, ""override"": false, ""reason"": ""weak_embedding_match_keep_baseline""}, ""cuisine_evidence"": {""embedding_cuisines"": [], ""embedding_similarities"": {}, ""baseline_cuisines"": [], ""newly_detected"": [], ""removed"": [], ""reason"": ""no_strong_embedding_matches_keep_baseline""}, ""content_type_evidence"": {""embedding_label"": ""activity"", ""embedding_similarity"": 0.266, ""baseline_label"": ""food_spot"", ""baseline_confidence"": 0.7, ""override"": false, ""reason"": ""weak_embedding_match_keep_baseline""}}"
3414147299906387476,event,0.7,event,0.613,CONFIDENCE_UPDATED,-0.087,"{""meal_type"": ""unknown"", ""cuisines"": [""american""], ""content_type"": ""event"", ""location"": {""name"": ""Atlanta, Georgia"", ""slug"": ""atlanta-georgia""}, ""signals"": {""meal_evidence"": {}, ""cuisine_evidence"": {""american"": [""american"", ""burger"", ""southern""]}, ""content_evidence"": {""event"": [""event""]}}, ""metadata"": {""hashtags"": [""antique"", ""atlblog"", ""marburgerfarm"", ""marburgerfarmantiqueshow"", ""thingstodoinatlanta""], ""mentions"": [""atllovesmo"", ""marburgerfarm""], ""likes"": 1872, ""comments"": 87, ""video_views"": 21783}}","{""meal_type_evidence"": {""embedding_label"": ""dinner"", ""embedding_similarity"": 0.197, ""baseline_label"": ""unknown"", ""baseline_confidence"": 0.7, ""override"": false, ""reason"": ""weak_embedding_match_keep_baseline""}, ""cuisine_evidence"": {""embedding_cuisines"": [], ""embedding_similarities"": {}, ""baseline_cuisines"": [""american""], ""newly_detected"": [], ""removed"": [""american""], ""reason"": ""no_strong_embedding_matches_keep_baseline""}, ""content_type_evidence"": {""embedding_label"": ""activity"", ""embedding_similarity"": 0.355, ""baseline_label"": ""event"", ""baseline_confidence"": 0.7, ""override"": false, ""reason"": ""embedding_disagrees_but_baseline_acceptable""}}"
3295361581758404026,dessert,0.7,dessert,0.613,CONFIDENCE_UPDATED,-0.087,"{""meal_type"": ""dessert"", ""cuisines"": [""chinese""], ""content_type"": ""food_spot"", ""location"": {""name"": ""Atlanta, Georgia"", ""slug"": ""atlanta-georgia""}, ""signals"": {""meal_evidence"": {""dessert"": [""dessert""]}, ""cuisine_evidence"": {""chinese"": [""chinese""]}, ""content_evidence"": {""food_spot"": [""location_present""]}}, ""metadata"": {""hashtags"": [""atlantafood"", ""atlblog"", ""atleats"", ""atlfoodie""], ""mentions"": [""atllovesmo"", ""tioluchos""], ""likes"": 1908, ""comments"": 102, ""video_views"": 21643}}","{""meal_type_evidence"": {""embedding_label"": ""snack"", ""embedding_similarity"": 0.299, ""baseline_label"": ""dessert"", ""baseline_confidence"": 0.7, ""override"": false, ""reason"": ""weak_embedding_match_keep_baseline""}, ""cuisine_evidence"": {""embedding_cuisines"": [""american"", ""mexican""], ""embedding_similarities"": {""american"": 0.402, ""mexican"": 0.495}, ""baseline_cuisines"": [""chinese""], ""newly_detected"": [""mexican"", ""american""], ""removed"": [""chinese""], ""reason"": ""embedding_refined_cuisine_list""}, ""content_type_evidence"": {""embedding_label"": ""food_spot"", ""embedding_similarity"": 0.345, ""baseline_label"": ""food_spot"", ""baseline_confidence"": 0.7, ""override"": false, ""reason"": ""weak_embedding_match_keep_baseline""}}"
3692459436158690983,drinks,0.7,drinks,0.613,CONFIDENCE_UPDATED,-0.087,"{""meal_type"": ""drinks"", ""cuisines"": [""italian"", ""coffee_cafe""], ""content_type"": ""food_spot"", ""location"": {""name"": ""Atlanta, Georgia"", ""slug"": ""atlanta-georgia""}, ""signals"": {""meal_evidence"": {""drinks"": [""gin""]}, ""cuisine_evidence"": {""italian"": [""pizza""], ""coffee_cafe"": [""coffee""]}, ""content_evidence"": {""food_spot"": [""location_present""]}}, ""metadata"": {""hashtags"": [""atlblog"", ""extraordinarypizza"", ""mistero1"", ""mistero1pizza""], ""mentions"": [""mistero1pizza""], ""likes"": 1701, ""comments"": 93, ""video_views"": 20333}}","{""meal_type_evidence"": {""embedding_label"": ""snack"", ""embedding_similarity"": 0.195, ""baseline_label"": ""drinks"", ""baseline_confidence"": 0.7, ""override"": false, ""reason"": ""weak_embedding_match_keep_baseline""}, ""cuisine_evidence"": {""embedding_cuisines"": [""italian""], ""embedding_similarities"": {""italian"": 0.495}, ""baseline_cuisines"": [""italian"", ""coffee_cafe""], ""newly_detected"": [], ""removed"": [""coffee_cafe""], ""reason"": ""embedding_refined_cuisine_list""}, ""content_type_evidence"": {""embedding_label"": ""food_spot"", ""embedding_similarity"": 0.296, ""baseline_label"": ""food_spot"", ""baseline_confidence"": 0.7, ""override"": false, ""reason"": ""weak_embedding_match_keep_baseline""}}"
3471742281092696546,event,0.7,event,0.613,CONFIDENCE_UPDATED,-0.087,"{""meal_type"": ""dinner"", ""cuisines"": [], ""content_type"": ""event"", ""location"": {""name"": ""Atlanta, Georgia"", ""slug"": ""atlanta-georgia""}, ""signals"": {""meal_evidence"": {""dinner"": [""date night""]}, ""cuisine_evidence"": {}, ""content_evidence"": {""event"": [""ticket""]}}, ""metadata"": {""hashtags"": [""atlblog"", ""atldatenight"", ""atlfoodie""], ""mentions"": [""atlartfair"", ""prattpullmandistrict""], ""likes"": 3567, ""comments"": 56, ""video_views"": 19885}}","{""meal_type_evidence"": {""embedding_label"": ""drinks"", ""embedding_similarity"": 0.182, ""baseline_label"": ""dinner"", ""baseline_confidence"": 0.7, ""override"": false, ""reason"": ""weak_embedding_match_keep_baseline""}, ""cuisine_evidence"": {""embedding_cuisines"": [], ""embedding_similarities"": {}, ""baseline_cuisines"": [], ""newly_detected"": [], ""removed"": [], ""reason"": ""no_strong_embedding_matches_keep_baseline""}, ""content_type_evidence"": {""embedding_label"": ""activity"", ""embedding_similarity"": 0.341, ""baseline_label"": ""event"", ""baseline_confidence"": 0.7, ""override"": false, ""reason"": ""weak_embedding_match_keep_baseline""}}"
3559853702330510471,dinner,0.7,dinner,0.613,CONFIDENCE_UPDATED,-0.087,"{""meal_type"": ""dinner"", ""cuisines"": [], ""content_type"": ""food_spot"", ""location"": {""name"": ""Atlanta, Georgia"", ""slug"": ""atlanta-georgia""}, ""signals"": {""meal_evidence"": {""dinner"": [""date night""], ""drinks"": [""cocktail""]}, ""cuisine_evidence"": {}, ""content_evidence"": {""food_spot"": [""location_present""]}}, ""metadata"": {""hashtags"": [""atlblog"", ""atldatenight"", ""atleats"", ""atlfoodie""], ""mentions"": [""atllovesmo"", ""sundialatl"", ""westinpeachtreeplaza""], ""likes"": 2528, ""comments"": 113, ""video_views"": 19491}}","{""meal_type_evidence"": {""embedding_label"": ""drinks"", ""embedding_similarity"": 0.245, ""baseline_label"": ""dinner"", ""baseline_confidence"": 0.7, ""override"": false, ""reason"": ""weak_embedding_match_keep_baseline""}, ""cuisine_evidence"": {""embedding_cuisines"": [], ""embedding_similarities"": {}, ""baseline_cuisines"": [], ""newly_detected"": [], ""removed"": [], ""reason"": ""no_strong_embedding_matches_keep_baseline""}, ""content_type_evidence"": {""embedding_label"": ""food_spot"", ""embedding_similarity"": 0.28, ""baseline_label"": ""food_spot"", ""baseline_confidence"": 0.7, ""override"": false, ""reason"": ""weak_embedding_match_keep_baseline""}}"
3599073038748200044,event,0.7,event,0.613,CONFIDENCE_UPDATED,-0.087,"{""meal_type"": ""dinner"", ""cuisines"": [], ""content_type"": ""event"", ""location"": {""name"": ""Atlanta, Georgia"", ""slug"": ""atlanta-georgia""}, ""signals"": {""meal_evidence"": {""dinner"": [""date night""], ""drinks"": [""gin""]}, ""cuisine_evidence"": {}, ""content_evidence"": {""event"": [""ticket""]}}, ""metadata"": {""hashtags"": [""atlblog"", ""atldatenight"", ""thingstodoinatlanta""], ""mentions"": [""atlantavibevb"", ""realprovb""], ""likes"": 2122, ""comments"": 101, ""video_views"": 19219}}","{""meal_type_evidence"": {""embedding_label"": ""drinks"", ""embedding_similarity"": 0.128, ""baseline_label"": ""dinner"", ""baseline_confidence"": 0.7, ""override"": false, ""reason"": ""weak_embedding_match_keep_baseline""}, ""cuisine_evidence"": {""embedding_cuisines"": [], ""embedding_similarities"": {}, ""baseline_cuisines"": [], ""newly_detected"": [], ""removed"": [], ""reason"": ""no_strong_embedding_matches_keep_baseline""}, ""content_type_evidence"": {""embedding_label"": ""event"", ""embedding_similarity"": 0.216, ""baseline_label"": ""event"", ""baseline_confidence"": 0.7, ""override"": false, ""reason"": ""weak_embedding_match_keep_baseline""}}"
3493203106232347009,drinks,0.7,drinks,0.613,CONFIDENCE_UPDATED,-0.087,"{""meal_type"": ""drinks"", ""cuisines"": [""mexican"", ""coffee_cafe""], ""content_type"": ""food_spot"", ""location"": {""name"": ""Atlanta, Georgia"", ""slug"": ""atlanta-georgia""}, ""signals"": {""meal_evidence"": {""drinks"": [""bar""]}, ""cuisine_evidence"": {""mexican"": [""taco""], ""coffee_cafe"": [""coffee""]}, ""content_evidence"": {""food_spot"": [""location_present""]}}, ""metadata"": {""hashtags"": [""atlblog"", ""atleats"", ""thingstodoinatlanta""], ""mentions"": [""atlantacoffeeshops"", ""atllovesmo"", ""fortheloveof.vinyl"", ""martatransit"", ""stereoatl""], ""likes"": 2758, ""comments"": 83, ""video_views"": 17737}}","{""meal_type_evidence"": {""embedding_label"": ""snack"", ""embedding_similarity"": 0.204, ""baseline_label"": ""drinks"", ""baseline_confidence"": 0.7, ""override"": false, ""reason"": ""weak_embedding_match_keep_baseline""}, ""cuisine_evidence"": {""embedding_cuisines"": [], ""embedding_similarities"": {}, ""baseline_cuisines"": [""mexican"", ""coffee_cafe""], ""newly_detected"": [], ""removed"": [""mexican"", ""coffee_cafe""], ""reason"": ""no_strong_embedding_matches_keep_baseline""}, ""content_type_evidence"": {""embedding_label"": ""food_spot"", ""embedding_similarity"": 0.316, ""baseline_label"": ""food_spot"", ""baseline_confidence"": 0.7, ""override"": false, ""reason"": ""weak_embedding_match_keep_baseline""}}"
3381580548684207267,event,0.7,event,0.613,CONFIDENCE_UPDATED,-0.087,"{""meal_type"": ""lunch"", ""cuisines"": [], ""content_type"": ""event"", ""location"": {""name"": ""Atlanta, Georgia"", ""slug"": ""atlanta-georgia""}, ""signals"": {""meal_evidence"": {""lunch"": [""lunch""]}, ""cuisine_evidence"": {}, ""content_evidence"": {""event"": [""event""]}}, ""metadata"": {""hashtags"": [""atlblog"", ""atlfoodie"", ""onlyzooatl"", ""thingstodoinatl""], ""mentions"": [""zooatl""], ""likes"": 1461, ""comments"": 102, ""video_views"": 16889}}","{""meal_type_evidence"": {""embedding_label"": ""snack"", ""embedding_similarity"": 0.145, ""baseline_label"": ""lunch"", ""baseline_confidence"": 0.7, ""override"": false, ""reason"": ""weak_embedding_match_keep_baseline""}, ""cuisine_evidence"": {""embedding_cuisines"": [], ""embedding_similarities"": {}, ""baseline_cuisines"": [], ""newly_detected"": [], ""removed"": [], ""reason"": ""no_strong_embedding_matches_keep_baseline""}, ""content_type_evidence"": {""embedding_label"": ""activity"", ""embedding_similarity"": 0.326, ""baseline_label"": ""event"", ""baseline_confidence"": 0.7, ""override"": false, ""reason"": ""weak_embedding_match_keep_baseline""}}"
3488270548775894030,unknown,0.7,unknown,0.613,CONFIDENCE_UPDATED,-0.087,"{""meal_type"": ""unknown"", ""cuisines"": [], ""content_type"": ""food_spot"", ""location"": {""name"": ""Atlanta, Georgia"", ""slug"": ""atlanta-georgia""}, ""signals"": {""meal_evidence"": {}, ""cuisine_evidence"": {}, ""content_evidence"": {""food_spot"": [""location_present""]}}, ""metadata"": {""hashtags"": [""atlblog"", ""atleats"", ""atlfoodie"", ""nandos"", ""nandosgold""], ""mentions"": [""nandosusa""], ""likes"": 1637, ""comments"": 73, ""video_views"": 16186}}","{""meal_type_evidence"": {""embedding_label"": ""snack"", ""embedding_similarity"": 0.294, ""baseline_label"": ""unknown"", ""baseline_confidence"": 0.7, ""override"": false, ""reason"": ""weak_embedding_match_keep_baseline""}, ""cuisine_evidence"": {""embedding_cuisines"": [], ""embedding_similarities"": {}, ""baseline_cuisines"": [], ""newly_detected"": [], ""removed"": [], ""reason"": ""no_strong_embedding_matches_keep_baseline""}, ""content_type_evidence"": {""embedding_label"": ""food_spot"", ""embedding_similarity"": 0.236, ""baseline_label"": ""food_spot"", ""baseline_confidence"": 0.7, ""override"": false, ""reason"": ""weak_embedding_match_keep_baseline""}}"
3547050951028033002,drinks,0.7,drinks,0.613,CONFIDENCE_UPDATED,-0.087,"{""meal_type"": ""drinks"", ""cuisines"": [""mexican"", ""coffee_cafe""], ""content_type"": ""food_spot"", ""location"": {""name"": ""Atlanta, Georgia"", ""slug"": ""atlanta-georgia""}, ""signals"": {""meal_evidence"": {""drinks"": [""bar""]}, ""cuisine_evidence"": {""mexican"": [""taco""], ""coffee_cafe"": [""coffee""]}, ""content_evidence"": {""food_spot"": [""location_present""]}}, ""metadata"": {""hashtags"": [""atlblog"", ""atleats"", ""thingstodoinatlanta""], ""mentions"": [""atlantacoffeeshops."", ""atllovesmo"", ""martatransit"", ""stereoatl""], ""likes"": 2570, ""comments"": 50, ""video_views"": 16100}}","{""meal_type_evidence"": {""embedding_label"": ""snack"", ""embedding_similarity"": 0.189, ""baseline_label"": ""drinks"", ""baseline_confidence"": 0.7, ""override"": false, ""reason"": ""weak_embedding_match_keep_baseline""}, ""cuisine_evidence"": {""embedding_cuisines"": [], ""embedding_similarities"": {}, ""baseline_cuisines"": [""mexican"", ""coffee_cafe""], ""newly_detected"": [], ""removed"": [""mexican"", ""coffee_cafe""], ""reason"": ""no_strong_embedding_matches_keep_baseline""}, ""content_type_evidence"": {""embedding_label"": ""food_spot"", ""embedding_similarity"": 0.303, ""baseline_label"": ""food_spot"", ""baseline_confidence"": 0.7, ""override"": false, ""reason"": ""weak_embedding_match_keep_baseline""}}"
3232241497180689853,event,0.7,event,0.613,CONFIDENCE_UPDATED,-0.087,"{""meal_type"": ""breakfast"", ""cuisines"": [""coffee_cafe""], ""content_type"": ""event"", ""location"": {""name"": ""Oakland Cemetery"", ""slug"": ""oakland-cemetery""}, ""signals"": {""meal_evidence"": {""breakfast"": [""breakfast""]}, ""cuisine_evidence"": {""coffee_cafe"": [""coffee"", ""latte""]}, ""content_evidence"": {""event"": [""market""]}}, ""metadata"": {""hashtags"": [""atlantaeats"", ""atlbreakfast"", ""atlcoffee"", ""atlcoffeeshops""], ""mentions"": [""atllovesmo"", ""grantparkatl"", ""grantparkmarket"", ""oaklandcemetery"", ""percatlanta"", ""perccoffee""], ""likes"": 1732, ""comments"": 70, ""video_views"": 14546}}","{""meal_type_evidence"": {""embedding_label"": ""snack"", ""embedding_similarity"": 0.299, ""baseline_label"": ""breakfast"", ""baseline_confidence"": 0.7, ""override"": false, ""reason"": ""weak_embedding_match_keep_baseline""}, ""cuisine_evidence"": {""embedding_cuisines"": [""coffee_cafe""], ""embedding_similarities"": {""coffee_cafe"": 0.444}, ""baseline_cuisines"": [""coffee_cafe""], ""newly_detected"": [], ""removed"": [], ""reason"": ""embedding_confirms_baseline""}, ""content_type_evidence"": {""embedding_label"": ""food_spot"", ""embedding_similarity"": 0.417, ""baseline_label"": ""event"", ""baseline_confidence"": 0.7, ""override"": false, ""reason"": ""embedding_disagrees_but_baseline_acceptable""}}"
3623851434056756677,event,0.95,event,0.863,CONFIDENCE_UPDATED,-0.087,"{""meal_type"": ""drinks"", ""cuisines"": [""mexican""], ""content_type"": ""event"", ""location"": {""name"": ""Atlanta, Georgia"", ""slug"": ""atlanta-georgia""}, ""signals"": {""meal_evidence"": {""brunch"": [""brunch""], ""lunch"": [""lunch""], ""dinner"": [""dinner"", ""date night""], ""drinks"": [""beer"", ""margarita"", ""tequila"", ""gin"", ""shot"", ""shots""]}, ""cuisine_evidence"": {""mexican"": [""mexican"", ""taco"", ""quesadilla"", ""birria""]}, ""content_evidence"": {""event"": [""live music""]}}, ""metadata"": {""hashtags"": [""atlblog"", ""atleats"", ""atlfoodie""], ""mentions"": [""atllovesmo"", ""casabalamatl"", ""chicheriamx"", ""eltesoroatl"", ""eltesorowestend"", ""leeandwhite"", ""theworksatl"", ""where2atlanta""], ""likes"": 1444, ""comments"": 72, ""video_views"": 13809}}","{""meal_type_evidence"": {""embedding_label"": ""drinks"", ""embedding_similarity"": 0.321, ""baseline_label"": ""drinks"", ""baseline_confidence"": 0.95, ""override"": false, ""reason"": ""embedding_agrees_boost_baseline""}, ""cuisine_evidence"": {""embedding_cuisines"": [""mexican""], ""embedding_similarities"": {""mexican"": 0.478}, ""baseline_cuisines"": [""mexican""], ""newly_detected"": [], ""removed"": [], ""reason"": ""embedding_confirms_baseline""}, ""content_type_evidence"": {""embedding_label"": ""food_spot"", ""embedding_similarity"": 0.338, ""baseline_label"": ""event"", ""baseline_confidence"": 0.95, ""override"": false, ""reason"": ""weak_embedding_match_keep_baseline""}}"
3491202153362478458,event,0.95,event,0.863,CONFIDENCE_UPDATED,-0.087,"{""meal_type"": ""drinks"", ""cuisines"": [""vegan""], ""content_type"": ""event"", ""location"": {""name"": ""Atlanta, Georgia"", ""slug"": ""atlanta-georgia""}, ""signals"": {""meal_evidence"": {""drinks"": [""bar"", ""drink"", ""gin"", ""rum""], ""snack"": [""snack""]}, ""cuisine_evidence"": {""vegan"": [""plant based""]}, ""content_evidence"": {""event"": [""event"", ""live music"", ""ticket"", ""seasonal""]}}, ""metadata"": {""hashtags"": [""atldatenight"", ""atlevents"", ""atllivemusic"", ""thingstodoinatlanta""], ""mentions"": [""atllovesmo"", ""bardo.atl"", ""drinkninedot""], ""likes"": 2384, ""comments"": 79, ""video_views"": 13723}}","{""meal_type_evidence"": {""embedding_label"": ""drinks"", ""embedding_similarity"": 0.321, ""baseline_label"": ""drinks"", ""baseline_confidence"": 0.95, ""override"": false, ""reason"": ""embedding_agrees_boost_baseline""}, ""cuisine_evidence"": {""embedding_cuisines"": [], ""embedding_similarities"": {}, ""baseline_cuisines"": [""vegan""], ""newly_detected"": [], ""removed"": [""vegan""], ""reason"": ""no_strong_embedding_matches_keep_baseline""}, ""content_type_evidence"": {""embedding_label"": ""food_spot"", ""embedding_similarity"": 0.391, ""baseline_label"": ""event"", ""baseline_confidence"": 0.95, ""override"": false, ""reason"": ""embedding_disagrees_but_baseline_acceptable""}}"
3620986139394950640,unknown,0.7,unknown,0.613,CONFIDENCE_UPDATED,-0.087,"{""meal_type"": ""unknown"", ""cuisines"": [""chinese""], ""content_type"": ""food_spot"", ""location"": {""name"": ""Atlanta, Georgia"", ""slug"": ""atlanta-georgia""}, ""signals"": {""meal_evidence"": {}, ""cuisine_evidence"": {""chinese"": [""dumpling""]}, ""content_evidence"": {""food_spot"": [""location_present""]}}, ""metadata"": {""hashtags"": [""atlblog"", ""deltapartner"", ""doechii"", ""thingstodoinatlanta"", ""uber""], ""mentions"": [""delta"", ""doechii"", ""granaatl"", ""gus.dumplings."", ""sugarshanes"", ""uber""], ""likes"": 1056, ""comments"": 121, ""video_views"": 11888}}","{""meal_type_evidence"": {""embedding_label"": ""snack"", ""embedding_similarity"": 0.188, ""baseline_label"": ""unknown"", ""baseline_confidence"": 0.7, ""override"": false, ""reason"": ""weak_embedding_match_keep_baseline""}, ""cuisine_evidence"": {""embedding_cuisines"": [], ""embedding_similarities"": {}, ""baseline_cuisines"": [""chinese""], ""newly_detected"": [], ""removed"": [""chinese""], ""reason"": ""no_strong_embedding_matches_keep_baseline""}, ""content_type_evidence"": {""embedding_label"": ""event"", ""embedding_similarity"": 0.176, ""baseline_label"": ""food_spot"", ""baseline_confidence"": 0.7, ""override"": false, ""reason"": ""weak_embedding_match_keep_baseline""}}"
3558488657680017501,event,0.7,event,0.613,CONFIDENCE_UPDATED,-0.087,"{""meal_type"": ""drinks"", ""cuisines"": [], ""content_type"": ""event"", ""location"": {""name"": ""Atlanta, Georgia"", ""slug"": ""atlanta-georgia""}, ""signals"": {""meal_evidence"": {""drinks"": [""gin""]}, ""cuisine_evidence"": {}, ""content_evidence"": {""event"": [""limited time""]}}, ""metadata"": {""hashtags"": [""atlantablog"", ""atlblog"", ""atlfitness"", ""thingstodoinatlanta""], ""mentions"": [""atltherapeuticmassage"", ""candicepilates"", ""empowerrehabandwellness""], ""likes"": 1330, ""comments"": 147, ""video_views"": 11121}}","{""meal_type_evidence"": {""embedding_label"": ""dessert"", ""embedding_similarity"": 0.165, ""baseline_label"": ""drinks"", ""baseline_confidence"": 0.7, ""override"": false, ""reason"": ""weak_embedding_match_keep_baseline""}, ""cuisine_evidence"": {""embedding_cuisines"": [], ""embedding_similarities"": {}, ""baseline_cuisines"": [], ""newly_detected"": [], ""removed"": [], ""reason"": ""no_strong_embedding_matches_keep_baseline""}, ""content_type_evidence"": {""embedding_label"": ""food_spot"", ""embedding_similarity"": 0.088, ""baseline_label"": ""event"", ""baseline_confidence"": 0.7, ""override"": false, ""reason"": ""weak_embedding_match_keep_baseline""}}"
3481094245182310761,event,0.7,event,0.613,CONFIDENCE_UPDATED,-0.087,"{""meal_type"": ""drinks"", ""cuisines"": [], ""content_type"": ""event"", ""location"": {""name"": ""Atlanta, Georgia"", ""slug"": ""atlanta-georgia""}, ""signals"": {""meal_evidence"": {""drinks"": [""gin""]}, ""cuisine_evidence"": {}, ""content_evidence"": {""event"": [""ticket""]}}, ""metadata"": {""hashtags"": [""atlblog"", ""thingstodoinatlanta""], ""mentions"": [""atllovesmo"", ""gameover_atlanta""], ""likes"": 1185, ""comments"": 49, ""video_views"": 10977}}","{""meal_type_evidence"": {""embedding_label"": ""breakfast"", ""embedding_similarity"": 0.034, ""baseline_label"": ""drinks"", ""baseline_confidence"": 0.7, ""override"": false, ""reason"": ""weak_embedding_match_keep_baseline""}, ""cuisine_evidence"": {""embedding_cuisines"": [], ""embedding_similarities"": {}, ""baseline_cuisines"": [], ""newly_detected"": [], ""removed"": [], ""reason"": ""no_strong_embedding_matches_keep_baseline""}, ""content_type_evidence"": {""embedding_label"": ""activity"", ""embedding_similarity"": 0.303, ""baseline_label"": ""event"", ""baseline_confidence"": 0.7, ""override"": false, ""reason"": ""weak_embedding_match_keep_baseline""}}"
3772297157601733680,event,0.7,event,0.613,CONFIDENCE_UPDATED,-0.087,"{""meal_type"": ""unknown"", ""cuisines"": [], ""content_type"": ""event"", ""location"": {""name"": ""Atlanta, Georgia"", ""slug"": ""atlanta-georgia""}, ""signals"": {""meal_evidence"": {}, ""cuisine_evidence"": {}, ""content_evidence"": {""event"": [""grand opening""]}}, ""metadata"": {""hashtags"": [""atlanta"", ""atlantablackfriday"", ""atlblog"", ""collegepark""], ""mentions"": [""allurebeautyga""], ""likes"": 872, ""comments"": 66, ""video_views"": 10260}}","{""meal_type_evidence"": {""embedding_label"": ""snack"", ""embedding_similarity"": 0.247, ""baseline_label"": ""unknown"", ""baseline_confidence"": 0.7, ""override"": false, ""reason"": ""weak_embedding_match_keep_baseline""}, ""cuisine_evidence"": {""embedding_cuisines"": [], ""embedding_similarities"": {}, ""baseline_cuisines"": [], ""newly_detected"": [], ""removed"": [], ""reason"": ""no_strong_embedding_matches_keep_baseline""}, ""content_type_evidence"": {""embedding_label"": ""event"", ""embedding_similarity"": 0.316, ""baseline_label"": ""event"", ""baseline_confidence"": 0.7, ""override"": false, ""reason"": ""weak_embedding_match_keep_baseline""}}"
3797775863409363524,event,0.7,event,0.613,CONFIDENCE_UPDATED,-0.087,"{""meal_type"": ""drinks"", ""cuisines"": [""mexican"", ""coffee_cafe""], ""content_type"": ""event"", ""location"": {""name"": ""Duluth, Georgia"", ""slug"": ""duluth-georgia""}, ""signals"": {""meal_evidence"": {""drinks"": [""margarita""]}, ""cuisine_evidence"": {""mexican"": [""mexican"", ""taco""], ""coffee_cafe"": [""latte""]}, ""content_evidence"": {""event"": [""live music""]}}, ""metadata"": {""hashtags"": [""atlblog"", ""atlfoodie""], ""mentions"": [""atllovesmo"", ""rrealtacos""], ""likes"": 651, ""comments"": 53, ""video_views"": 10188}}","{""meal_type_evidence"": {""embedding_label"": ""snack"", ""embedding_similarity"": 0.288, ""baseline_label"": ""drinks"", ""baseline_confidence"": 0.7, ""override"": false, ""reason"": ""weak_embedding_match_keep_baseline""}, ""cuisine_evidence"": {""embedding_cuisines"": [""mexican""], ""embedding_similarities"": {""mexican"": 0.4}, ""baseline_cuisines"": [""mexican"", ""coffee_cafe""], ""newly_detected"": [], ""removed"": [""coffee_cafe""], ""reason"": ""embedding_refined_cuisine_list""}, ""content_type_evidence"": {""embedding_label"": ""food_spot"", ""embedding_similarity"": 0.388, ""baseline_label"": ""event"", ""baseline_confidence"": 0.7, ""override"": false, ""reason"": ""embedding_disagrees_but_baseline_acceptable""}}"
3768090781925071161,dinner,0.7,dinner,0.613,CONFIDENCE_UPDATED,-0.087,"{""meal_type"": ""dinner"", ""cuisines"": [""japanese""], ""content_type"": ""food_spot"", ""location"": {""name"": ""Atlanta, Georgia"", ""slug"": ""atlanta-georgia""}, ""signals"": {""meal_evidence"": {""dinner"": [""date night""], ""drinks"": [""gin""]}, ""cuisine_evidence"": {""japanese"": [""japanese"", ""sushi""]}, ""content_evidence"": {""food_spot"": [""location_present""]}}, ""metadata"": {""hashtags"": [""atlblog"", ""atlfoodie""], ""mentions"": [""atllovesmo"", ""nakatorestaurant""], ""likes"": 1347, ""comments"": 1210, ""video_views"": 9993}}","{""meal_type_evidence"": {""embedding_label"": ""snack"", ""embedding_similarity"": 0.237, ""baseline_label"": ""dinner"", ""baseline_confidence"": 0.7, ""override"": false, ""reason"": ""weak_embedding_match_keep_baseline""}, ""cuisine_evidence"": {""embedding_cuisines"": [], ""embedding_similarities"": {}, ""baseline_cuisines"": [""japanese""], ""newly_detected"": [], ""removed"": [""japanese""], ""reason"": ""no_strong_embedding_matches_keep_baseline""}, ""content_type_evidence"": {""embedding_label"": ""food_spot"", ""embedding_similarity"": 0.266, ""baseline_label"": ""food_spot"", ""baseline_confidence"": 0.7, ""override"": false, ""reason"": ""weak_embedding_match_keep_baseline""}}"
3258487676675563142,unknown,0.7,unknown,0.613,CONFIDENCE_UPDATED,-0.087,"{""meal_type"": ""unknown"", ""cuisines"": [""american""], ""content_type"": ""food_spot"", ""location"": {""name"": ""NFA Burger"", ""slug"": ""nfa-burger""}, ""signals"": {""meal_evidence"": {}, ""cuisine_evidence"": {""american"": [""burger""]}, ""content_evidence"": {""food_spot"": [""location_present""]}}, ""metadata"": {""hashtags"": [""atlantafood"", ""atleats"", ""atlfood"", ""dunwoodyga"", ""nfaburger""], ""mentions"": [""atllovesmo"", ""nfaburger""], ""likes"": 434, ""comments"": 71, ""video_views"": 9827}}","{""meal_type_evidence"": {""embedding_label"": ""snack"", ""embedding_similarity"": 0.285, ""baseline_label"": ""unknown"", ""baseline_confidence"": 0.7, ""override"": false, ""reason"": ""weak_embedding_match_keep_baseline""}, ""cuisine_evidence"": {""embedding_cuisines"": [""american""], ""embedding_similarities"": {""american"": 0.483}, ""baseline_cuisines"": [""american""], ""newly_detected"": [], ""removed"": [], ""reason"": ""embedding_confirms_baseline""}, ""content_type_evidence"": {""embedding_label"": ""food_spot"", ""embedding_similarity"": 0.309, ""baseline_label"": ""food_spot"", ""baseline_confidence"": 0.7, ""override"": false, ""reason"": ""weak_embedding_match_keep_baseline""}}"
3451943659375981403,breakfast,0.7,breakfast,0.613,CONFIDENCE_UPDATED,-0.087,"{""meal_type"": ""breakfast"", ""cuisines"": [""coffee_cafe""], ""content_type"": ""food_spot"", ""location"": {""name"": ""Atlanta, Georgia"", ""slug"": ""atlanta-georgia""}, ""signals"": {""meal_evidence"": {""breakfast"": [""bagel""], ""drinks"": [""bar""]}, ""cuisine_evidence"": {""coffee_cafe"": [""coffee""]}, ""content_evidence"": {""food_spot"": [""location_present""]}}, ""metadata"": {""hashtags"": [], ""mentions"": [""bellwoodcoffee"", ""emeraldcitybagels"", ""thevictorianatlanta""], ""likes"": 1749, ""comments"": 54, ""video_views"": 9814}}","{""meal_type_evidence"": {""embedding_label"": ""drinks"", ""embedding_similarity"": 0.251, ""baseline_label"": ""breakfast"", ""baseline_confidence"": 0.7, ""override"": false, ""reason"": ""weak_embedding_match_keep_baseline""}, ""cuisine_evidence"": {""embedding_cuisines"": [], ""embedding_similarities"": {}, ""baseline_cuisines"": [""coffee_cafe""], ""newly_detected"": [], ""removed"": [""coffee_cafe""], ""reason"": ""no_strong_embedding_matches_keep_baseline""}, ""content_type_evidence"": {""embedding_label"": ""food_spot"", ""embedding_similarity"": 0.329, ""baseline_label"": ""food_spot"", ""baseline_confidence"": 0.7, ""override"": false, ""reason"": ""weak_embedding_match_keep_baseline""}}"
3300442383400036615,event,0.7,event,0.613,CONFIDENCE_UPDATED,-0.087,"{""meal_type"": ""dinner"", ""cuisines"": [""bakery"", ""coffee_cafe""], ""content_type"": ""event"", ""location"": {""name"": ""Warm Waves Coffee House"", ""slug"": ""warm-waves-coffee-house""}, ""signals"": {""meal_evidence"": {""dinner"": [""dinner""], ""dessert"": [""dessert""], ""drinks"": [""wine""]}, ""cuisine_evidence"": {""bakery"": [""bakery"", ""pastry""], ""coffee_cafe"": [""coffee"", ""latte"", ""matcha""]}, ""content_evidence"": {""event"": [""event""]}}, ""metadata"": {""hashtags"": [""alpharetta"", ""alpharettadatenight"", ""atlantaeats"", ""atlcoffee"", ""atldatenight""], ""mentions"": [""atllovesmo"", ""stgermainbakery"", ""warmwavescoffee""], ""likes"": 1181, ""comments"": 93, ""video_views"": 9711}}","{""meal_type_evidence"": {""embedding_label"": ""dinner"", ""embedding_similarity"": 0.298, ""baseline_label"": ""dinner"", ""baseline_confidence"": 0.7, ""override"": false, ""reason"": ""weak_embedding_match_keep_baseline""}, ""cuisine_evidence"": {""embedding_cuisines"": [], ""embedding_similarities"": {}, ""baseline_cuisines"": [""bakery"", ""coffee_cafe""], ""newly_detected"": [], ""removed"": [""coffee_cafe"", ""bakery""], ""reason"": ""no_strong_embedding_matches_keep_baseline""}, ""content_type_evidence"": {""embedding_label"": ""food_spot"", ""embedding_similarity"": 0.427, ""baseline_label"": ""event"", ""baseline_confidence"": 0.7, ""override"": false, ""reason"": ""embedding_disagrees_but_baseline_acceptable""}}"
3638345946586105833,unknown,0.7,unknown,0.613,CONFIDENCE_UPDATED,-0.087,"{""meal_type"": ""unknown"", ""cuisines"": [], ""content_type"": ""food_spot"", ""location"": {""name"": ""Atlanta, Georgia"", ""slug"": ""atlanta-georgia""}, ""signals"": {""meal_evidence"": {}, ""cuisine_evidence"": {}, ""content_evidence"": {""food_spot"": [""location_present""]}}, ""metadata"": {""hashtags"": [""atlanta"", ""atlblog"", ""scad"", ""thingstodoinatlanta""], ""mentions"": [""paulaswallace"", ""scaddotedu"", ""scadfash""], ""likes"": 14700, ""comments"": 139, ""video_views"": 9700}}","{""meal_type_evidence"": {""embedding_label"": ""snack"", ""embedding_similarity"": 0.119, ""baseline_label"": ""unknown"", ""baseline_confidence"": 0.7, ""override"": false, ""reason"": ""weak_embedding_match_keep_baseline""}, ""cuisine_evidence"": {""embedding_cuisines"": [], ""embedding_similarities"": {}, ""baseline_cuisines"": [], ""newly_detected"": [], ""removed"": [], ""reason"": ""no_strong_embedding_matches_keep_baseline""}, ""content_type_evidence"": {""embedding_label"": ""activity"", ""embedding_similarity"": 0.368, ""baseline_label"": ""food_spot"", ""baseline_confidence"": 0.7, ""override"": false, ""reason"": ""embedding_disagrees_but_baseline_acceptable""}}"
3140926279918118744,drinks,0.7,drinks,0.613,CONFIDENCE_UPDATED,-0.087,"{""meal_type"": ""drinks"", ""cuisines"": [""mediterranean""], ""content_type"": ""food_spot"", ""location"": {""name"": ""Yalda"", ""slug"": ""yalda""}, ""signals"": {""meal_evidence"": {""drinks"": [""cocktail""]}, ""cuisine_evidence"": {""mediterranean"": [""mediterranean""]}, ""content_evidence"": {""food_spot"": [""location_present""]}}, ""metadata"": {""hashtags"": [""atlantafood"", ""atldatenight"", ""atlfoodie"", ""sandyspringsga""], ""mentions"": [""atllovesmo"", ""yalda.atl""], ""likes"": 774, ""comments"": 34, ""video_views"": 8760}}","{""meal_type_evidence"": {""embedding_label"": ""lunch"", ""embedding_similarity"": 0.29, ""baseline_label"": ""drinks"", ""baseline_confidence"": 0.7, ""override"": false, ""reason"": ""weak_embedding_match_keep_baseline""}, ""cuisine_evidence"": {""embedding_cuisines"": [], ""embedding_similarities"": {}, ""baseline_cuisines"": [""mediterranean""], ""newly_detected"": [], ""removed"": [""mediterranean""], ""reason"": ""no_strong_embedding_matches_keep_baseline""}, ""content_type_evidence"": {""embedding_label"": ""food_spot"", ""embedding_similarity"": 0.304, ""baseline_label"": ""food_spot"", ""baseline_confidence"": 0.7, ""override"": false, ""reason"": ""weak_embedding_match_keep_baseline""}}"
3615946725702605052,event,0.7,event,0.613,CONFIDENCE_UPDATED,-0.087,"{""meal_type"": ""unknown"", ""cuisines"": [], ""content_type"": ""event"", ""location"": {""name"": ""Atlanta, Georgia"", ""slug"": ""atlanta-georgia""}, ""signals"": {""meal_evidence"": {}, ""cuisine_evidence"": {}, ""content_evidence"": {""event"": [""market""]}}, ""metadata"": {""hashtags"": [""atlblog"", ""atldatenight"", ""atleats"", ""thingstodoinatlanta""], ""mentions"": [""atlantabeltline"", ""atllovesmo"", ""poncecitymarket"", ""scoutlivingpcm""], ""likes"": 987, ""comments"": 703, ""video_views"": 8511}}","{""meal_type_evidence"": {""embedding_label"": ""snack"", ""embedding_similarity"": 0.201, ""baseline_label"": ""unknown"", ""baseline_confidence"": 0.7, ""override"": false, ""reason"": ""weak_embedding_match_keep_baseline""}, ""cuisine_evidence"": {""embedding_cuisines"": [], ""embedding_similarities"": {}, ""baseline_cuisines"": [], ""newly_detected"": [], ""removed"": [], ""reason"": ""no_strong_embedding_matches_keep_baseline""}, ""content_type_evidence"": {""embedding_label"": ""activity"", ""embedding_similarity"": 0.334, ""baseline_label"": ""event"", ""baseline_confidence"": 0.7, ""override"": false, ""reason"": ""weak_embedding_match_keep_baseline""}}"
3499695045928554228,drinks,0.7,drinks,0.613,CONFIDENCE_UPDATED,-0.087,"{""meal_type"": ""drinks"", ""cuisines"": [], ""content_type"": ""food_spot"", ""location"": {""name"": ""Atlanta, Georgia"", ""slug"": ""atlanta-georgia""}, ""signals"": {""meal_evidence"": {""drinks"": [""bar""]}, ""cuisine_evidence"": {}, ""content_evidence"": {""food_spot"": [""location_present""]}}, ""metadata"": {""hashtags"": [""atlantajewelry"", ""atlblog"", ""ddpartner"", ""diamonds""], ""mentions"": [""atllovesmo"", ""diamondsdirect""], ""likes"": 493, ""comments"": 945, ""video_views"": 8032}}","{""meal_type_evidence"": {""embedding_label"": ""dessert"", ""embedding_similarity"": 0.279, ""baseline_label"": ""drinks"", ""baseline_confidence"": 0.7, ""override"": false, ""reason"": ""weak_embedding_match_keep_baseline""}, ""cuisine_evidence"": {""embedding_cuisines"": [], ""embedding_similarities"": {}, ""baseline_cuisines"": [], ""newly_detected"": [], ""removed"": [], ""reason"": ""no_strong_embedding_matches_keep_baseline""}, ""content_type_evidence"": {""embedding_label"": ""food_spot"", ""embedding_similarity"": 0.201, ""baseline_label"": ""food_spot"", ""baseline_confidence"": 0.7, ""override"": false, ""reason"": ""weak_embedding_match_keep_baseline""}}"
3275084578832531981,event,0.7,event,0.613,CONFIDENCE_UPDATED,-0.087,"{""meal_type"": ""drinks"", ""cuisines"": [""coffee_cafe""], ""content_type"": ""event"", ""location"": {""name"": ""Atlanta, Georgia"", ""slug"": ""atlanta-georgia""}, ""signals"": {""meal_evidence"": {""drinks"": [""drink""]}, ""cuisine_evidence"": {""coffee_cafe"": [""coffee"", ""latte"", ""matcha""]}, ""content_evidence"": {""event"": [""market""]}}, ""metadata"": {""hashtags"": [""atlanta"", ""atlcoffee"", ""atlcoffeeshops"", ""atleats"", ""pecanmilk""], ""mentions"": [""atllovesmo"", ""drinktreehouse"", ""grantparkmarket"", ""spillerpark"", ""therounds.co""], ""likes"": 773, ""comments"": 97, ""video_views"": 7947}}","{""meal_type_evidence"": {""embedding_label"": ""snack"", ""embedding_similarity"": 0.191, ""baseline_label"": ""drinks"", ""baseline_confidence"": 0.7, ""override"": false, ""reason"": ""weak_embedding_match_keep_baseline""}, ""cuisine_evidence"": {""embedding_cuisines"": [], ""embedding_similarities"": {}, ""baseline_cuisines"": [""coffee_cafe""], ""newly_detected"": [], ""removed"": [""coffee_cafe""], ""reason"": ""no_strong_embedding_matches_keep_baseline""}, ""content_type_evidence"": {""embedding_label"": ""food_spot"", ""embedding_similarity"": 0.169, ""baseline_label"": ""event"", ""baseline_confidence"": 0.7, ""override"": false, ""reason"": ""weak_embedding_match_keep_baseline""}}"
3706957807566901758,event,0.7,event,0.613,CONFIDENCE_UPDATED,-0.087,"{""meal_type"": ""unknown"", ""cuisines"": [], ""content_type"": ""event"", ""location"": {""name"": ""Atlanta, Georgia"", ""slug"": ""atlanta-georgia""}, ""signals"": {""meal_evidence"": {}, ""cuisine_evidence"": {}, ""content_evidence"": {""event"": [""event""]}}, ""metadata"": {""hashtags"": [""atlartscene"", ""atlblog"", ""atlcreatives"", ""fitfolabs""], ""mentions"": [""atllovesmo"", ""byvtrubb"", ""deathbymom"", ""emeraldvision"", ""fitfolabs"", ""jordanjust"", ""nickchase.1"", ""sammmmm.a"", ""stifficc"", ""thejuanantonio_"", ""zlisterr""], ""likes"": 709, ""comments"": 159, ""video_views"": 7644}}","{""meal_type_evidence"": {""embedding_label"": ""dessert"", ""embedding_similarity"": 0.128, ""baseline_label"": ""unknown"", ""baseline_confidence"": 0.7, ""override"": false, ""reason"": ""weak_embedding_match_keep_baseline""}, ""cuisine_evidence"": {""embedding_cuisines"": [], ""embedding_similarities"": {}, ""baseline_cuisines"": [], ""newly_detected"": [], ""removed"": [], ""reason"": ""no_strong_embedding_matches_keep_baseline""}, ""content_type_evidence"": {""embedding_label"": ""activity"", ""embedding_similarity"": 0.304, ""baseline_label"": ""event"", ""baseline_confidence"": 0.7, ""override"": false, ""reason"": ""weak_embedding_match_keep_baseline""}}"
3311256416340019791,event,0.7,event,0.613,CONFIDENCE_UPDATED,-0.087,"{""meal_type"": ""drinks"", ""cuisines"": [], ""content_type"": ""event"", ""location"": {""name"": ""Ponce City Market"", ""slug"": ""ponce-city-market""}, ""signals"": {""meal_evidence"": {""drinks"": [""rum""]}, ""cuisine_evidence"": {}, ""content_evidence"": {""event"": [""event""]}}, ""metadata"": {""hashtags"": [""atlanta"", ""atlblog"", ""atlhealthcare"", ""onemedical"", ""sponsored""], ""mentions"": [""onemedical""], ""likes"": 414, ""comments"": 81, ""video_views"": 7626}}","{""meal_type_evidence"": {""embedding_label"": ""snack"", ""embedding_similarity"": 0.104, ""baseline_label"": ""drinks"", ""baseline_confidence"": 0.7, ""override"": false, ""reason"": ""weak_embedding_match_keep_baseline""}, ""cuisine_evidence"": {""embedding_cuisines"": [], ""embedding_similarities"": {}, ""baseline_cuisines"": [], ""newly_detected"": [], ""removed"": [], ""reason"": ""no_strong_embedding_matches_keep_baseline""}, ""content_type_evidence"": {""embedding_label"": ""event"", ""embedding_similarity"": 0.051, ""baseline_label"": ""event"", ""baseline_confidence"": 0.7, ""override"": false, ""reason"": ""weak_embedding_match_keep_baseline""}}"
3164084580881503611,unknown,0.7,unknown,0.613,CONFIDENCE_UPDATED,-0.087,"{""meal_type"": ""unknown"", ""cuisines"": [""coffee_cafe""], ""content_type"": ""food_spot"", ""location"": {""name"": ""Atlanta, Georgia"", ""slug"": ""atlanta-georgia""}, ""signals"": {""meal_evidence"": {}, ""cuisine_evidence"": {""coffee_cafe"": [""coffee"", ""cafe""]}, ""content_evidence"": {""food_spot"": [""location_present""]}}, ""metadata"": {""hashtags"": [""atlanta"", ""atlantaplants"", ""atlblog"", ""atlcafe"", ""atlplants"", ""atlshop""], ""mentions"": [""bellwoodcoffee"", ""florafaunaatl"", ""goatcityplantdesign"", ""thekrogdistrictatl"", ""thevictorianatlanta""], ""likes"": 1054, ""comments"": 55, ""video_views"": 7413}}","{""meal_type_evidence"": {""embedding_label"": ""snack"", ""embedding_similarity"": 0.186, ""baseline_label"": ""unknown"", ""baseline_confidence"": 0.7, ""override"": false, ""reason"": ""weak_embedding_match_keep_baseline""}, ""cuisine_evidence"": {""embedding_cuisines"": [], ""embedding_similarities"": {}, ""baseline_cuisines"": [""coffee_cafe""], ""newly_detected"": [], ""removed"": [""coffee_cafe""], ""reason"": ""no_strong_embedding_matches_keep_baseline""}, ""content_type_evidence"": {""embedding_label"": ""event"", ""embedding_similarity"": 0.238, ""baseline_label"": ""food_spot"", ""baseline_confidence"": 0.7, ""override"": false, ""reason"": ""weak_embedding_match_keep_baseline""}}"
3494888042823417160,unknown,0.7,unknown,0.613,CONFIDENCE_UPDATED,-0.087,"{""meal_type"": ""unknown"", ""cuisines"": [], ""content_type"": ""food_spot"", ""location"": {""name"": ""Atlanta, Georgia"", ""slug"": ""atlanta-georgia""}, ""signals"": {""meal_evidence"": {}, ""cuisine_evidence"": {}, ""content_evidence"": {""food_spot"": [""location_present""]}}, ""metadata"": {""hashtags"": [""atlanta"", ""atlblog"", ""atlvet"", ""bondvet"", ""bondvetpartner""], ""mentions"": [""bondvetclinic""], ""likes"": 583, ""comments"": 92, ""video_views"": 7085}}","{""meal_type_evidence"": {""embedding_label"": ""snack"", ""embedding_similarity"": 0.22, ""baseline_label"": ""unknown"", ""baseline_confidence"": 0.7, ""override"": false, ""reason"": ""weak_embedding_match_keep_baseline""}, ""cuisine_evidence"": {""embedding_cuisines"": [], ""embedding_similarities"": {}, ""baseline_cuisines"": [], ""newly_detected"": [], ""removed"": [], ""reason"": ""no_strong_embedding_matches_keep_baseline""}, ""content_type_evidence"": {""embedding_label"": ""food_spot"", ""embedding_similarity"": 0.169, ""baseline_label"": ""food_spot"", ""baseline_confidence"": 0.7, ""override"": false, ""reason"": ""weak_embedding_match_keep_baseline""}}"
3789876849133305610,unknown,0.7,unknown,0.613,CONFIDENCE_UPDATED,-0.087,"{""meal_type"": ""unknown"", ""cuisines"": [""italian""], ""content_type"": ""food_spot"", ""location"": {""name"": ""Atlanta, Georgia"", ""slug"": ""atlanta-georgia""}, ""signals"": {""meal_evidence"": {}, ""cuisine_evidence"": {""italian"": [""pizza""]}, ""content_evidence"": {""food_spot"": [""location_present""]}}, ""metadata"": {""hashtags"": [], ""mentions"": [""atllovesmo"", ""mistero1pizza""], ""likes"": 707, ""comments"": 634, ""video_views"": 6734}}","{""meal_type_evidence"": {""embedding_label"": ""snack"", ""embedding_similarity"": 0.298, ""baseline_label"": ""unknown"", ""baseline_confidence"": 0.7, ""override"": false, ""reason"": ""weak_embedding_match_keep_baseline""}, ""cuisine_evidence"": {""embedding_cuisines"": [], ""embedding_similarities"": {}, ""baseline_cuisines"": [""italian""], ""newly_detected"": [], ""removed"": [""italian""], ""reason"": ""no_strong_embedding_matches_keep_baseline""}, ""content_type_evidence"": {""embedding_label"": ""food_spot"", ""embedding_similarity"": 0.272, ""baseline_label"": ""food_spot"", ""baseline_confidence"": 0.7, ""override"": false, ""reason"": ""weak_embedding_match_keep_baseline""}}"
3283706808811194749,event,0.7,event,0.613,CONFIDENCE_UPDATED,-0.087,"{""meal_type"": ""drinks"", ""cuisines"": [], ""content_type"": ""event"", ""location"": {""name"": ""Atlanta, Georgia"", ""slug"": ""atlanta-georgia""}, ""signals"": {""meal_evidence"": {""drinks"": [""drink""]}, ""cuisine_evidence"": {}, ""content_evidence"": {""event"": [""market""]}}, ""metadata"": {""hashtags"": [""atlantaliving"", ""atldental"", ""dentisty"", ""selfcare"", ""sponsored""], ""mentions"": [""hello_tend"", ""poncecitymarket""], ""likes"": 271, ""comments"": 109, ""video_views"": 6002}}","{""meal_type_evidence"": {""embedding_label"": ""snack"", ""embedding_similarity"": 0.245, ""baseline_label"": ""drinks"", ""baseline_confidence"": 0.7, ""override"": false, ""reason"": ""weak_embedding_match_keep_baseline""}, ""cuisine_evidence"": {""embedding_cuisines"": [], ""embedding_similarities"": {}, ""baseline_cuisines"": [], ""newly_detected"": [], ""removed"": [], ""reason"": ""no_strong_embedding_matches_keep_baseline""}, ""content_type_evidence"": {""embedding_label"": ""event"", ""embedding_similarity"": 0.058, ""baseline_label"": ""event"", ""baseline_confidence"": 0.7, ""override"": false, ""reason"": ""weak_embedding_match_keep_baseline""}}"
3823040527248495157,drinks,0.7,drinks,0.613,CONFIDENCE_UPDATED,-0.087,"{""meal_type"": ""drinks"", ""cuisines"": [""coffee_cafe""], ""content_type"": ""food_spot"", ""location"": {""name"": ""Atlanta, Georgia"", ""slug"": ""atlanta-georgia""}, ""signals"": {""meal_evidence"": {""drinks"": [""beer""]}, ""cuisine_evidence"": {""coffee_cafe"": [""coffee"", ""latte""]}, ""content_evidence"": {""food_spot"": [""location_present""]}}, ""metadata"": {""hashtags"": [], ""mentions"": [""switchyards""], ""likes"": 599, ""comments"": 62, ""video_views"": 5665}}","{""meal_type_evidence"": {""embedding_label"": ""drinks"", ""embedding_similarity"": 0.242, ""baseline_label"": ""drinks"", ""baseline_confidence"": 0.7, ""override"": false, ""reason"": ""weak_embedding_match_keep_baseline""}, ""cuisine_evidence"": {""embedding_cuisines"": [], ""embedding_similarities"": {}, ""baseline_cuisines"": [""coffee_cafe""], ""newly_detected"": [], ""removed"": [""coffee_cafe""], ""reason"": ""no_strong_embedding_matches_keep_baseline""}, ""content_type_evidence"": {""embedding_label"": ""activity"", ""embedding_similarity"": 0.364, ""baseline_label"": ""food_spot"", ""baseline_confidence"": 0.7, ""override"": false, ""reason"": ""embedding_disagrees_but_baseline_acceptable""}}"
3831169389115281291,unknown,0.7,unknown,0.613,CONFIDENCE_UPDATED,-0.087,"{""meal_type"": ""unknown"", ""cuisines"": [], ""content_type"": ""food_spot"", ""location"": {""name"": ""Atlanta, Georgia"", ""slug"": ""atlanta-georgia""}, ""signals"": {""meal_evidence"": {}, ""cuisine_evidence"": {}, ""content_evidence"": {""food_spot"": [""location_present""]}}, ""metadata"": {""hashtags"": [], ""mentions"": [""lumivita_buckhead""], ""likes"": 418, ""comments"": 101, ""video_views"": 5561}}","{""meal_type_evidence"": {""embedding_label"": ""snack"", ""embedding_similarity"": 0.147, ""baseline_label"": ""unknown"", ""baseline_confidence"": 0.7, ""override"": false, ""reason"": ""weak_embedding_match_keep_baseline""}, ""cuisine_evidence"": {""embedding_cuisines"": [], ""embedding_similarities"": {}, ""baseline_cuisines"": [], ""newly_detected"": [], ""removed"": [], ""reason"": ""no_strong_embedding_matches_keep_baseline""}, ""content_type_evidence"": {""embedding_label"": ""event"", ""embedding_similarity"": 0.216, ""baseline_label"": ""food_spot"", ""baseline_confidence"": 0.7, ""override"": false, ""reason"": ""weak_embedding_match_keep_baseline""}}"
3504053568405878887,drinks,0.7,drinks,0.613,CONFIDENCE_UPDATED,-0.087,"{""meal_type"": ""drinks"", ""cuisines"": [], ""content_type"": ""food_spot"", ""location"": {""name"": ""Atlanta, Georgia"", ""slug"": ""atlanta-georgia""}, ""signals"": {""meal_evidence"": {""drinks"": [""rum""]}, ""cuisine_evidence"": {}, ""content_evidence"": {""food_spot"": [""location_present""]}}, ""metadata"": {""hashtags"": [""atlblog"", ""atlfacials"", ""hydrafacial""], ""mentions"": [""facefoundrie""], ""likes"": 542, ""comments"": 58, ""video_views"": 5551}}","{""meal_type_evidence"": {""embedding_label"": ""dessert"", ""embedding_similarity"": 0.155, ""baseline_label"": ""drinks"", ""baseline_confidence"": 0.7, ""override"": false, ""reason"": ""weak_embedding_match_keep_baseline""}, ""cuisine_evidence"": {""embedding_cuisines"": [], ""embedding_similarities"": {}, ""baseline_cuisines"": [], ""newly_detected"": [], ""removed"": [], ""reason"": ""no_strong_embedding_matches_keep_baseline""}, ""content_type_evidence"": {""embedding_label"": ""event"", ""embedding_similarity"": 0.089, ""baseline_label"": ""food_spot"", ""baseline_confidence"": 0.7, ""override"": false, ""reason"": ""weak_embedding_match_keep_baseline""}}"
3365691518390038483,event,0.7,event,0.613,CONFIDENCE_UPDATED,-0.087,"{""meal_type"": ""unknown"", ""cuisines"": [], ""content_type"": ""event"", ""location"": {""name"": ""Atlanta, Georgia"", ""slug"": ""atlanta-georgia""}, ""signals"": {""meal_evidence"": {}, ""cuisine_evidence"": {}, ""content_evidence"": {""event"": [""festival""]}}, ""metadata"": {""hashtags"": [""atlblog"", ""atlfestival"", ""atlfoodie"", ""redbull"", ""shakyknees"", ""shakykneesfest""], ""mentions"": [""atllovesmo"", ""redbull"", ""shakykneesfest""], ""likes"": 317, ""comments"": 41, ""video_views"": 5307}}","{""meal_type_evidence"": {""embedding_label"": ""snack"", ""embedding_similarity"": 0.268, ""baseline_label"": ""unknown"", ""baseline_confidence"": 0.7, ""override"": false, ""reason"": ""weak_embedding_match_keep_baseline""}, ""cuisine_evidence"": {""embedding_cuisines"": [], ""embedding_similarities"": {}, ""baseline_cuisines"": [], ""newly_detected"": [], ""removed"": [], ""reason"": ""no_strong_embedding_matches_keep_baseline""}, ""content_type_evidence"": {""embedding_label"": ""food_spot"", ""embedding_similarity"": 0.226, ""baseline_label"": ""event"", ""baseline_confidence"": 0.7, ""override"": false, ""reason"": ""weak_embedding_match_keep_baseline""}}"
3729671570978882242,unknown,0.7,unknown,0.613,CONFIDENCE_UPDATED,-0.087,"{""meal_type"": ""unknown"", ""cuisines"": [], ""content_type"": ""food_spot"", ""location"": {""name"": ""Atlanta, Georgia"", ""slug"": ""atlanta-georgia""}, ""signals"": {""meal_evidence"": {}, ""cuisine_evidence"": {}, ""content_evidence"": {""food_spot"": [""location_present""]}}, ""metadata"": {""hashtags"": [""atlblog"", ""thingstodoinatlanta""], ""mentions"": [""atllovesmo"", ""mackenziewood"", ""spacesalonatl"", ""sunlessglowbyla""], ""likes"": 280, ""comments"": 66, ""video_views"": 5022}}","{""meal_type_evidence"": {""embedding_label"": ""snack"", ""embedding_similarity"": 0.099, ""baseline_label"": ""unknown"", ""baseline_confidence"": 0.7, ""override"": false, ""reason"": ""weak_embedding_match_keep_baseline""}, ""cuisine_evidence"": {""embedding_cuisines"": [], ""embedding_similarities"": {}, ""baseline_cuisines"": [], ""newly_detected"": [], ""removed"": [], ""reason"": ""no_strong_embedding_matches_keep_baseline""}, ""content_type_evidence"": {""embedding_label"": ""food_spot"", ""embedding_similarity"": 0.158, ""baseline_label"": ""food_spot"", ""baseline_confidence"": 0.7, ""override"": false, ""reason"": ""weak_embedding_match_keep_baseline""}}"
3814510269046007303,lunch,0.7,lunch,0.613,CONFIDENCE_UPDATED,-0.087,"{""meal_type"": ""lunch"", ""cuisines"": [], ""content_type"": ""food_spot"", ""location"": {""name"": ""Atlanta, Georgia"", ""slug"": ""atlanta-georgia""}, ""signals"": {""meal_evidence"": {""lunch"": [""lunch""], ""drinks"": [""bar""]}, ""cuisine_evidence"": {}, ""content_evidence"": {""food_spot"": [""location_present""]}}, ""metadata"": {""hashtags"": [], ""mentions"": [""amandaleathomasaesthetic"", ""ayamedicalspa"", ""colonysquareatl"", ""lushnailbar_colonysquare."", ""sweetgreen""], ""likes"": 313, ""comments"": 72, ""video_views"": 4793}}","{""meal_type_evidence"": {""embedding_label"": ""dessert"", ""embedding_similarity"": 0.263, ""baseline_label"": ""lunch"", ""baseline_confidence"": 0.7, ""override"": false, ""reason"": ""weak_embedding_match_keep_baseline""}, ""cuisine_evidence"": {""embedding_cuisines"": [], ""embedding_similarities"": {}, ""baseline_cuisines"": [], ""newly_detected"": [], ""removed"": [], ""reason"": ""no_strong_embedding_matches_keep_baseline""}, ""content_type_evidence"": {""embedding_label"": ""activity"", ""embedding_similarity"": 0.222, ""baseline_label"": ""food_spot"", ""baseline_confidence"": 0.7, ""override"": false, ""reason"": ""weak_embedding_match_keep_baseline""}}"
3326463278891131356,unknown,0.7,unknown,0.613,CONFIDENCE_UPDATED,-0.087,"{""meal_type"": ""unknown"", ""cuisines"": [], ""content_type"": ""food_spot"", ""location"": {""name"": ""Atlanta, Georgia"", ""slug"": ""atlanta-georgia""}, ""signals"": {""meal_evidence"": {}, ""cuisine_evidence"": {}, ""content_evidence"": {""food_spot"": [""location_present""]}}, ""metadata"": {""hashtags"": [""atlantablog"", ""atlhealthandwellness"", ""atljuice"", ""bamboojuices"", ""serenbe""], ""mentions"": [""bamboojuices""], ""likes"": 286, ""comments"": 85, ""video_views"": 4758}}","{""meal_type_evidence"": {""embedding_label"": ""snack"", ""embedding_similarity"": 0.188, ""baseline_label"": ""unknown"", ""baseline_confidence"": 0.7, ""override"": false, ""reason"": ""weak_embedding_match_keep_baseline""}, ""cuisine_evidence"": {""embedding_cuisines"": [], ""embedding_similarities"": {}, ""baseline_cuisines"": [], ""newly_detected"": [], ""removed"": [], ""reason"": ""no_strong_embedding_matches_keep_baseline""}, ""content_type_evidence"": {""embedding_label"": ""mixed"", ""embedding_similarity"": 0.159, ""baseline_label"": ""food_spot"", ""baseline_confidence"": 0.7, ""override"": false, ""reason"": ""weak_embedding_match_keep_baseline""}}"
3677965117548698114,event,0.7,event,0.613,CONFIDENCE_UPDATED,-0.087,"{""meal_type"": ""unknown"", ""cuisines"": [""american""], ""content_type"": ""event"", ""location"": {""name"": ""Atlanta, Georgia"", ""slug"": ""atlanta-georgia""}, ""signals"": {""meal_evidence"": {}, ""cuisine_evidence"": {""american"": [""american"", ""burger"", ""southern""]}, ""content_evidence"": {""event"": [""ticket""]}}, ""metadata"": {""hashtags"": [""atlblog"", ""marburgeratlanta"", ""marburgerfarmantiqueshow"", ""thingstodoinatlanta""], ""mentions"": [""downtownatlanta."", ""marburgerfarm""], ""likes"": 3139, ""comments"": 81, ""video_views"": 4302}}","{""meal_type_evidence"": {""embedding_label"": ""dinner"", ""embedding_similarity"": 0.178, ""baseline_label"": ""unknown"", ""baseline_confidence"": 0.7, ""override"": false, ""reason"": ""weak_embedding_match_keep_baseline""}, ""cuisine_evidence"": {""embedding_cuisines"": [], ""embedding_similarities"": {}, ""baseline_cuisines"": [""american""], ""newly_detected"": [], ""removed"": [""american""], ""reason"": ""no_strong_embedding_matches_keep_baseline""}, ""content_type_evidence"": {""embedding_label"": ""activity"", ""embedding_similarity"": 0.324, ""baseline_label"": ""event"", ""baseline_confidence"": 0.7, ""override"": false, ""reason"": ""weak_embedding_match_keep_baseline""}}"
3618041997421286467,drinks,0.7,drinks,0.613,CONFIDENCE_UPDATED,-0.087,"{""meal_type"": ""drinks"", ""cuisines"": [], ""content_type"": ""food_spot"", ""location"": {""name"": ""Atlanta, Georgia"", ""slug"": ""atlanta-georgia""}, ""signals"": {""meal_evidence"": {""drinks"": [""gin""]}, ""cuisine_evidence"": {}, ""content_evidence"": {""food_spot"": [""location_present""]}}, ""metadata"": {""hashtags"": [""atlblog"", ""atltravel"", ""wander"", ""wanderpartner""], ""mentions"": [""wander""], ""likes"": 208, ""comments"": 125, ""video_views"": 3720}}","{""meal_type_evidence"": {""embedding_label"": ""snack"", ""embedding_similarity"": 0.153, ""baseline_label"": ""drinks"", ""baseline_confidence"": 0.7, ""override"": false, ""reason"": ""weak_embedding_match_keep_baseline""}, ""cuisine_evidence"": {""embedding_cuisines"": [], ""embedding_similarities"": {}, ""baseline_cuisines"": [], ""newly_detected"": [], ""removed"": [], ""reason"": ""no_strong_embedding_matches_keep_baseline""}, ""content_type_evidence"": {""embedding_label"": ""activity"", ""embedding_similarity"": 0.279, ""baseline_label"": ""food_spot"", ""baseline_confidence"": 0.7, ""override"": false, ""reason"": ""weak_embedding_match_keep_baseline""}}"
3681156864403123249,event,0.7,event,0.613,CONFIDENCE_UPDATED,-0.087,"{""meal_type"": ""dinner"", ""cuisines"": [], ""content_type"": ""event"", ""location"": {""name"": ""Atlanta, Georgia"", ""slug"": ""atlanta-georgia""}, ""signals"": {""meal_evidence"": {""dinner"": [""dinner""]}, ""cuisine_evidence"": {}, ""content_evidence"": {""event"": [""market""]}}, ""metadata"": {""hashtags"": [""atlblog"", ""atlhomes"", ""atlrealestate""], ""mentions"": [""williammarkdesigns"", ""yahoo.com""], ""likes"": 597, ""comments"": 63, ""video_views"": 3084}}","{""meal_type_evidence"": {""embedding_label"": ""dinner"", ""embedding_similarity"": 0.189, ""baseline_label"": ""dinner"", ""baseline_confidence"": 0.7, ""override"": false, ""reason"": ""weak_embedding_match_keep_baseline""}, ""cuisine_evidence"": {""embedding_cuisines"": [], ""embedding_similarities"": {}, ""baseline_cuisines"": [], ""newly_detected"": [], ""removed"": [], ""reason"": ""no_strong_embedding_matches_keep_baseline""}, ""content_type_evidence"": {""embedding_label"": ""food_spot"", ""embedding_similarity"": 0.239, ""baseline_label"": ""event"", ""baseline_confidence"": 0.7, ""override"": false, ""reason"": ""weak_embedding_match_keep_baseline""}}"
3784793383446369774,event,0.7,event,0.613,CONFIDENCE_UPDATED,-0.087,"{""meal_type"": ""dinner"", ""cuisines"": [], ""content_type"": ""event"", ""location"": {""name"": ""Atlanta, Georgia"", ""slug"": ""atlanta-georgia""}, ""signals"": {""meal_evidence"": {""dinner"": [""date night""]}, ""cuisine_evidence"": {}, ""content_evidence"": {""event"": [""ticket""]}}, ""metadata"": {""hashtags"": [], ""mentions"": [""atllovesmo"", ""encorebroadway"", ""thefoxtheatre.""], ""likes"": 809, ""comments"": 923, ""video_views"": 2993}}","{""meal_type_evidence"": {""embedding_label"": ""drinks"", ""embedding_similarity"": 0.252, ""baseline_label"": ""dinner"", ""baseline_confidence"": 0.7, ""override"": false, ""reason"": ""weak_embedding_match_keep_baseline""}, ""cuisine_evidence"": {""embedding_cuisines"": [], ""embedding_similarities"": {}, ""baseline_cuisines"": [], ""newly_detected"": [], ""removed"": [], ""reason"": ""no_strong_embedding_matches_keep_baseline""}, ""content_type_evidence"": {""embedding_label"": ""food_spot"", ""embedding_similarity"": 0.389, ""baseline_label"": ""event"", ""baseline_confidence"": 0.7, ""override"": false, ""reason"": ""embedding_disagrees_but_baseline_acceptable""}}"
2907200455241903615,unknown,0.7,unknown,0.613,CONFIDENCE_UPDATED,-0.087,"{""meal_type"": ""unknown"", ""cuisines"": [], ""content_type"": ""food_spot"", ""location"": {""name"": ""Atlanta, Georgia"", ""slug"": ""atlanta-georgia""}, ""signals"": {""meal_evidence"": {}, ""cuisine_evidence"": {}, ""content_evidence"": {""food_spot"": [""location_present""]}}, ""metadata"": {""hashtags"": [""arangeofpossibilites"", ""stoveshelf""], ""mentions"": [""stoveshelf""], ""likes"": 223, ""comments"": 43, ""video_views"": 2153}}","{""meal_type_evidence"": {""embedding_label"": ""lunch"", ""embedding_similarity"": 0.214, ""baseline_label"": ""unknown"", ""baseline_confidence"": 0.7, ""override"": false, ""reason"": ""weak_embedding_match_keep_baseline""}, ""cuisine_evidence"": {""embedding_cuisines"": [], ""embedding_similarities"": {}, ""baseline_cuisines"": [], ""newly_detected"": [], ""removed"": [], ""reason"": ""no_strong_embedding_matches_keep_baseline""}, ""content_type_evidence"": {""embedding_label"": ""food_spot"", ""embedding_similarity"": 0.22, ""baseline_label"": ""food_spot"", ""baseline_confidence"": 0.7, ""override"": false, ""reason"": ""weak_embedding_match_keep_baseline""}}"
3678949361825201742,drinks,0.7,drinks,0.613,CONFIDENCE_UPDATED,-0.087,"{""meal_type"": ""drinks"", ""cuisines"": [""mexican"", ""seafood"", ""vegan""], ""content_type"": ""food_spot"", ""location"": {""name"": ""Roswell, Georgia"", ""slug"": ""roswell-georgia""}, ""signals"": {""meal_evidence"": {""drinks"": [""bar""]}, ""cuisine_evidence"": {""mexican"": [""taco"", ""birria""], ""seafood"": [""seafood""], ""vegan"": [""vegan""]}, ""content_evidence"": {""food_spot"": [""location_present""]}}, ""metadata"": {""hashtags"": [""atlblog"", ""atleats""], ""mentions"": [""acrossthecoastseafood."", ""prettylittletacosroswell"", ""roswelljunction"", ""roswelljunction.""], ""likes"": 390, ""comments"": 79, ""video_views"": 1725}}","{""meal_type_evidence"": {""embedding_label"": ""snack"", ""embedding_similarity"": 0.298, ""baseline_label"": ""drinks"", ""baseline_confidence"": 0.7, ""override"": false, ""reason"": ""weak_embedding_match_keep_baseline""}, ""cuisine_evidence"": {""embedding_cuisines"": [], ""embedding_similarities"": {}, ""baseline_cuisines"": [""mexican"", ""seafood"", ""vegan""], ""newly_detected"": [], ""removed"": [""mexican"", ""seafood"", ""vegan""], ""reason"": ""no_strong_embedding_matches_keep_baseline""}, ""content_type_evidence"": {""embedding_label"": ""food_spot"", ""embedding_similarity"": 0.308, ""baseline_label"": ""food_spot"", ""baseline_confidence"": 0.7, ""override"": false, ""reason"": ""weak_embedding_match_keep_baseline""}}"
3654958884541407841,event,0.7,event,0.613,CONFIDENCE_UPDATED,-0.087,"{""meal_type"": ""unknown"", ""cuisines"": [], ""content_type"": ""event"", ""location"": {""name"": ""Atlanta, Georgia"", ""slug"": ""atlanta-georgia""}, ""signals"": {""meal_evidence"": {}, ""cuisine_evidence"": {}, ""content_evidence"": {""event"": [""event""]}}, ""metadata"": {""hashtags"": [""atlanta"", ""atlblog"", ""instax_capturethejoytour""], ""mentions"": [""fujifilm_instax_northamerica""], ""likes"": 3632, ""comments"": 112, ""video_views"": 558}}","{""meal_type_evidence"": {""embedding_label"": ""snack"", ""embedding_similarity"": 0.075, ""baseline_label"": ""unknown"", ""baseline_confidence"": 0.7, ""override"": false, ""reason"": ""weak_embedding_match_keep_baseline""}, ""cuisine_evidence"": {""embedding_cuisines"": [], ""embedding_similarities"": {}, ""baseline_cuisines"": [], ""newly_detected"": [], ""removed"": [], ""reason"": ""no_strong_embedding_matches_keep_baseline""}, ""content_type_evidence"": {""embedding_label"": ""activity"", ""embedding_similarity"": 0.272, ""baseline_label"": ""event"", ""baseline_confidence"": 0.7, ""override"": false, ""reason"": ""weak_embedding_match_keep_baseline""}}"
3654039424930754906,unknown,0.7,unknown,0.613,CONFIDENCE_UPDATED,-0.087,"{""meal_type"": ""unknown"", ""cuisines"": [""coffee_cafe""], ""content_type"": ""food_spot"", ""location"": {""name"": ""Atlanta, Georgia"", ""slug"": ""atlanta-georgia""}, ""signals"": {""meal_evidence"": {}, ""cuisine_evidence"": {""coffee_cafe"": [""coffee""]}, ""content_evidence"": {""food_spot"": [""location_present""]}}, ""metadata"": {""hashtags"": [""atlantaeats"", ""atlblog"", ""thingstodoinatlanta""], ""mentions"": [""conlecheatl"", ""flowcoffeeatl""], ""likes"": 1172, ""comments"": 85, ""video_views"": 429}}","{""meal_type_evidence"": {""embedding_label"": ""drinks"", ""embedding_similarity"": 0.164, ""baseline_label"": ""unknown"", ""baseline_confidence"": 0.7, ""override"": false, ""reason"": ""weak_embedding_match_keep_baseline""}, ""cuisine_evidence"": {""embedding_cuisines"": [], ""embedding_similarities"": {}, ""baseline_cuisines"": [""coffee_cafe""], ""newly_detected"": [], ""removed"": [""coffee_cafe""], ""reason"": ""no_strong_embedding_matches_keep_baseline""}, ""content_type_evidence"": {""embedding_label"": ""food_spot"", ""embedding_similarity"": 0.338, ""baseline_label"": ""food_spot"", ""baseline_confidence"": 0.7, ""override"": false, ""reason"": ""weak_embedding_match_keep_baseline""}}"
2889775649014422146,event,0.7,event,0.613,CONFIDENCE_UPDATED,-0.087,"{""meal_type"": ""unknown"", ""cuisines"": [""coffee_cafe""], ""content_type"": ""event"", ""location"": {""name"": ""Atlanta, Georgia"", ""slug"": ""atlanta-georgia""}, ""signals"": {""meal_evidence"": {}, ""cuisine_evidence"": {""coffee_cafe"": [""matcha""]}, ""content_evidence"": {""event"": [""market""]}}, ""metadata"": {""hashtags"": [], ""mentions"": [""pulpflavors""], ""likes"": 135, ""comments"": 36, ""video_views"": 423}}","{""meal_type_evidence"": {""embedding_label"": ""snack"", ""embedding_similarity"": 0.235, ""baseline_label"": ""unknown"", ""baseline_confidence"": 0.7, ""override"": false, ""reason"": ""weak_embedding_match_keep_baseline""}, ""cuisine_evidence"": {""embedding_cuisines"": [""mexican""], ""embedding_similarities"": {""mexican"": 0.44}, ""baseline_cuisines"": [""coffee_cafe""], ""newly_detected"": [""mexican""], ""removed"": [""coffee_cafe""], ""reason"": ""embedding_refined_cuisine_list""}, ""content_type_evidence"": {""embedding_label"": ""food_spot"", ""embedding_similarity"": 0.274, ""baseline_label"": ""event"", ""baseline_confidence"": 0.7, ""override"": false, ""reason"": ""weak_embedding_match_keep_baseline""}}"
3600723980119368614,unknown,0.7,unknown,0.613,CONFIDENCE_UPDATED,-0.087,"{""meal_type"": ""unknown"", ""cuisines"": [], ""content_type"": ""food_spot"", ""location"": {""name"": ""Atlanta, Georgia"", ""slug"": ""atlanta-georgia""}, ""signals"": {""meal_evidence"": {}, ""cuisine_evidence"": {}, ""content_evidence"": {""food_spot"": [""location_present""]}}, ""metadata"": {""hashtags"": [""atlblog"", ""atleats"", ""thingstodoinatlanta""], ""mentions"": [""atllovesmo""], ""likes"": 27839, ""comments"": 131, ""video_views"": null}}","{""meal_type_evidence"": {""embedding_label"": ""snack"", ""embedding_similarity"": 0.136, ""baseline_label"": ""unknown"", ""baseline_confidence"": 0.7, ""override"": false, ""reason"": ""weak_embedding_match_keep_baseline""}, ""cuisine_evidence"": {""embedding_cuisines"": [], ""embedding_similarities"": {}, ""baseline_cuisines"": [], ""newly_detected"": [], ""removed"": [], ""reason"": ""no_strong_embedding_matches_keep_baseline""}, ""content_type_evidence"": {""embedding_label"": ""mixed"", ""embedding_similarity"": 0.235, ""baseline_label"": ""food_spot"", ""baseline_confidence"": 0.7, ""override"": false, ""reason"": ""weak_embedding_match_keep_baseline""}}"
3531595905369630764,dinner,0.7,dinner,0.613,CONFIDENCE_UPDATED,-0.087,"{""meal_type"": ""dinner"", ""cuisines"": [], ""content_type"": ""food_spot"", ""location"": {""name"": ""Atlanta, Georgia"", ""slug"": ""atlanta-georgia""}, ""signals"": {""meal_evidence"": {""dinner"": [""date night""], ""drinks"": [""martini""]}, ""cuisine_evidence"": {}, ""content_evidence"": {""food_spot"": [""location_present""]}}, ""metadata"": {""hashtags"": [""atlantafood"", ""atlblog"", ""atleats"", ""martinimo""], ""mentions"": [""atllovesmo"", ""avize.atl"", ""besobuckhead"", ""brasseriemargotatl"", ""casabalamatl"", ""ela.atlanta"", ""elektraatl"", ""ilpremioatlanta"", ""lamoon_atl"", ""luckystaratl"", ""nadairatl"", ""paintedpickleatl"", ""pendolinoatl"", ""tigersunatl""], ""likes"": 7929, ""comments"": 124, ""video_views"": null}}","{""meal_type_evidence"": {""embedding_label"": ""dinner"", ""embedding_similarity"": 0.211, ""baseline_label"": ""dinner"", ""baseline_confidence"": 0.7, ""override"": false, ""reason"": ""weak_embedding_match_keep_baseline""}, ""cuisine_evidence"": {""embedding_cuisines"": [], ""embedding_similarities"": {}, ""baseline_cuisines"": [], ""newly_detected"": [], ""removed"": [], ""reason"": ""no_strong_embedding_matches_keep_baseline""}, ""content_type_evidence"": {""embedding_label"": ""food_spot"", ""embedding_similarity"": 0.312, ""baseline_label"": ""food_spot"", ""baseline_confidence"": 0.7, ""override"": false, ""reason"": ""weak_embedding_match_keep_baseline""}}"
3626725412303710957,unknown,0.7,unknown,0.613,CONFIDENCE_UPDATED,-0.087,"{""meal_type"": ""unknown"", ""cuisines"": [], ""content_type"": ""food_spot"", ""location"": {""name"": ""Atlanta, Georgia"", ""slug"": ""atlanta-georgia""}, ""signals"": {""meal_evidence"": {}, ""cuisine_evidence"": {}, ""content_evidence"": {""food_spot"": [""location_present""]}}, ""metadata"": {""hashtags"": [""atlantafoodie"", ""atlblog"", ""atleats""], ""mentions"": [""atllovesmo""], ""likes"": 6999, ""comments"": 175, ""video_views"": null}}","{""meal_type_evidence"": {""embedding_label"": ""drinks"", ""embedding_similarity"": 0.148, ""baseline_label"": ""unknown"", ""baseline_confidence"": 0.7, ""override"": false, ""reason"": ""weak_embedding_match_keep_baseline""}, ""cuisine_evidence"": {""embedding_cuisines"": [], ""embedding_similarities"": {}, ""baseline_cuisines"": [], ""newly_detected"": [], ""removed"": [], ""reason"": ""no_strong_embedding_matches_keep_baseline""}, ""content_type_evidence"": {""embedding_label"": ""food_spot"", ""embedding_similarity"": 0.255, ""baseline_label"": ""food_spot"", ""baseline_confidence"": 0.7, ""override"": false, ""reason"": ""weak_embedding_match_keep_baseline""}}"
3537723505304718962,drinks,0.7,drinks,0.613,CONFIDENCE_UPDATED,-0.087,"{""meal_type"": ""drinks"", ""cuisines"": [""coffee_cafe""], ""content_type"": ""food_spot"", ""location"": {""name"": ""Atlanta, Georgia"", ""slug"": ""atlanta-georgia""}, ""signals"": {""meal_evidence"": {""drinks"": [""bar""]}, ""cuisine_evidence"": {""coffee_cafe"": [""coffee"", ""cafe""]}, ""content_evidence"": {""food_spot"": [""location_present""]}}, ""metadata"": {""hashtags"": [""atlantafood"", ""atlblog"", ""atlcoffee"", ""atleats""], ""mentions"": [""atllovesmo"", ""barpremioatlanta"", ""bellwoodcoffee"", ""brashcoffee"", ""butecoatl"", ""conlecheatl"", ""dailydoseatl"", ""daydreamercafe"", ""fincatofilter"", ""foxtailcoffeeco"", ""littletartbakeshop"", ""luckystaratl"", ""mezcla.atl"", ""opocoffee"", ""percatlanta"", ""portraitcoffee"", ""prevailcoffee"", ""spillerpark"", ""stereoatl"", ""thevictorianatlanta"", ""warmwavescoffee""], ""likes"": 5395, ""comments"": 188, ""video_views"": null}}","{""meal_type_evidence"": {""embedding_label"": ""snack"", ""embedding_similarity"": 0.269, ""baseline_label"": ""drinks"", ""baseline_confidence"": 0.7, ""override"": false, ""reason"": ""weak_embedding_match_keep_baseline""}, ""cuisine_evidence"": {""embedding_cuisines"": [], ""embedding_similarities"": {}, ""baseline_cuisines"": [""coffee_cafe""], ""newly_detected"": [], ""removed"": [""coffee_cafe""], ""reason"": ""no_strong_embedding_matches_keep_baseline""}, ""content_type_evidence"": {""embedding_label"": ""food_spot"", ""embedding_similarity"": 0.332, ""baseline_label"": ""food_spot"", ""baseline_confidence"": 0.7, ""override"": false, ""reason"": ""weak_embedding_match_keep_baseline""}}"
3743924658472323697,unknown,0.7,unknown,0.613,CONFIDENCE_UPDATED,-0.087,"{""meal_type"": ""unknown"", ""cuisines"": [], ""content_type"": ""food_spot"", ""location"": {""name"": ""Atlanta, Georgia"", ""slug"": ""atlanta-georgia""}, ""signals"": {""meal_evidence"": {}, ""cuisine_evidence"": {}, ""content_evidence"": {""food_spot"": [""location_present""]}}, ""metadata"": {""hashtags"": [""atlblog""], ""mentions"": [], ""likes"": 3691, ""comments"": 123, ""video_views"": null}}","{""meal_type_evidence"": {""embedding_label"": ""dessert"", ""embedding_similarity"": 0.149, ""baseline_label"": ""unknown"", ""baseline_confidence"": 0.7, ""override"": false, ""reason"": ""weak_embedding_match_keep_baseline""}, ""cuisine_evidence"": {""embedding_cuisines"": [], ""embedding_similarities"": {}, ""baseline_cuisines"": [], ""newly_detected"": [], ""removed"": [], ""reason"": ""no_strong_embedding_matches_keep_baseline""}, ""content_type_evidence"": {""embedding_label"": ""event"", ""embedding_similarity"": 0.194, ""baseline_label"": ""food_spot"", ""baseline_confidence"": 0.7, ""override"": false, ""reason"": ""weak_embedding_match_keep_baseline""}}"
3759346159228893717,unknown,0.7,unknown,0.613,CONFIDENCE_UPDATED,-0.087,"{""meal_type"": ""unknown"", ""cuisines"": [], ""content_type"": ""food_spot"", ""location"": {""name"": ""Atlanta, Georgia"", ""slug"": ""atlanta-georgia""}, ""signals"": {""meal_evidence"": {}, ""cuisine_evidence"": {}, ""content_evidence"": {""food_spot"": [""location_present""]}}, ""metadata"": {""hashtags"": [], ""mentions"": [""atllovesmo""], ""likes"": 3215, ""comments"": 131, ""video_views"": null}}","{""meal_type_evidence"": {""embedding_label"": ""snack"", ""embedding_similarity"": 0.205, ""baseline_label"": ""unknown"", ""baseline_confidence"": 0.7, ""override"": false, ""reason"": ""weak_embedding_match_keep_baseline""}, ""cuisine_evidence"": {""embedding_cuisines"": [], ""embedding_similarities"": {}, ""baseline_cuisines"": [], ""newly_detected"": [], ""removed"": [], ""reason"": ""no_strong_embedding_matches_keep_baseline""}, ""content_type_evidence"": {""embedding_label"": ""food_spot"", ""embedding_similarity"": 0.281, ""baseline_label"": ""food_spot"", ""baseline_confidence"": 0.7, ""override"": false, ""reason"": ""weak_embedding_match_keep_baseline""}}"
3814325484596097499,unknown,0.7,unknown,0.613,CONFIDENCE_UPDATED,-0.087,"{""meal_type"": ""unknown"", ""cuisines"": [], ""content_type"": ""food_spot"", ""location"": {""name"": ""Atlanta, Georgia"", ""slug"": ""atlanta-georgia""}, ""signals"": {""meal_evidence"": {}, ""cuisine_evidence"": {}, ""content_evidence"": {""food_spot"": [""location_present""]}}, ""metadata"": {""hashtags"": [], ""mentions"": [], ""likes"": 2983, ""comments"": 110, ""video_views"": null}}","{""meal_type_evidence"": {""embedding_label"": ""dinner"", ""embedding_similarity"": 0.261, ""baseline_label"": ""unknown"", ""baseline_confidence"": 0.7, ""override"": false, ""reason"": ""weak_embedding_match_keep_baseline""}, ""cuisine_evidence"": {""embedding_cuisines"": [], ""embedding_similarities"": {}, ""baseline_cuisines"": [], ""newly_detected"": [], ""removed"": [], ""reason"": ""no_strong_embedding_matches_keep_baseline""}, ""content_type_evidence"": {""embedding_label"": ""mixed"", ""embedding_similarity"": 0.341, ""baseline_label"": ""food_spot"", ""baseline_confidence"": 0.7, ""override"": false, ""reason"": ""weak_embedding_match_keep_baseline""}}"
3803415912876417521,event,0.7,event,0.613,CONFIDENCE_UPDATED,-0.087,"{""meal_type"": ""unknown"", ""cuisines"": [], ""content_type"": ""event"", ""location"": {""name"": ""Atlanta, Georgia"", ""slug"": ""atlanta-georgia""}, ""signals"": {""meal_evidence"": {}, ""cuisine_evidence"": {}, ""content_evidence"": {""event"": [""event""]}}, ""metadata"": {""hashtags"": [], ""mentions"": [""atllovesmo""], ""likes"": 2506, ""comments"": 78, ""video_views"": null}}","{""meal_type_evidence"": {""embedding_label"": ""drinks"", ""embedding_similarity"": 0.192, ""baseline_label"": ""unknown"", ""baseline_confidence"": 0.7, ""override"": false, ""reason"": ""weak_embedding_match_keep_baseline""}, ""cuisine_evidence"": {""embedding_cuisines"": [], ""embedding_similarities"": {}, ""baseline_cuisines"": [], ""newly_detected"": [], ""removed"": [], ""reason"": ""no_strong_embedding_matches_keep_baseline""}, ""content_type_evidence"": {""embedding_label"": ""event"", ""embedding_similarity"": 0.313, ""baseline_label"": ""event"", ""baseline_confidence"": 0.7, ""override"": false, ""reason"": ""weak_embedding_match_keep_baseline""}}"
3815956956218231054,unknown,0.7,unknown,0.613,CONFIDENCE_UPDATED,-0.087,"{""meal_type"": ""unknown"", ""cuisines"": [], ""content_type"": ""food_spot"", ""location"": {""name"": ""Atlanta, Georgia"", ""slug"": ""atlanta-georgia""}, ""signals"": {""meal_evidence"": {}, ""cuisine_evidence"": {}, ""content_evidence"": {""food_spot"": [""location_present""]}}, ""metadata"": {""hashtags"": [], ""mentions"": [""atllovesmo""], ""likes"": 2054, ""comments"": 97, ""video_views"": null}}","{""meal_type_evidence"": {""embedding_label"": ""dinner"", ""embedding_similarity"": 0.225, ""baseline_label"": ""unknown"", ""baseline_confidence"": 0.7, ""override"": false, ""reason"": ""weak_embedding_match_keep_baseline""}, ""cuisine_evidence"": {""embedding_cuisines"": [], ""embedding_similarities"": {}, ""baseline_cuisines"": [], ""newly_detected"": [], ""removed"": [], ""reason"": ""no_strong_embedding_matches_keep_baseline""}, ""content_type_evidence"": {""embedding_label"": ""food_spot"", ""embedding_similarity"": 0.219, ""baseline_label"": ""food_spot"", ""baseline_confidence"": 0.7, ""override"": false, ""reason"": ""weak_embedding_match_keep_baseline""}}"
3646275320635251943,unknown,0.7,unknown,0.613,CONFIDENCE_UPDATED,-0.087,"{""meal_type"": ""unknown"", ""cuisines"": [], ""content_type"": ""food_spot"", ""location"": {""name"": ""Atlanta, Georgia"", ""slug"": ""atlanta-georgia""}, ""signals"": {""meal_evidence"": {}, ""cuisine_evidence"": {}, ""content_evidence"": {""food_spot"": [""location_present""]}}, ""metadata"": {""hashtags"": [""atlanta"", ""atlblog"", ""atlthingstodo""], ""mentions"": [], ""likes"": 1999, ""comments"": 83, ""video_views"": null}}","{""meal_type_evidence"": {""embedding_label"": ""dinner"", ""embedding_similarity"": 0.196, ""baseline_label"": ""unknown"", ""baseline_confidence"": 0.7, ""override"": false, ""reason"": ""weak_embedding_match_keep_baseline""}, ""cuisine_evidence"": {""embedding_cuisines"": [], ""embedding_similarities"": {}, ""baseline_cuisines"": [], ""newly_detected"": [], ""removed"": [], ""reason"": ""no_strong_embedding_matches_keep_baseline""}, ""content_type_evidence"": {""embedding_label"": ""event"", ""embedding_similarity"": 0.229, ""baseline_label"": ""food_spot"", ""baseline_confidence"": 0.7, ""override"": false, ""reason"": ""weak_embedding_match_keep_baseline""}}"
3465203100623308014,event,0.7,event,0.613,CONFIDENCE_UPDATED,-0.087,"{""meal_type"": ""unknown"", ""cuisines"": [], ""content_type"": ""event"", ""location"": {""name"": ""Atlanta, Georgia"", ""slug"": ""atlanta-georgia""}, ""signals"": {""meal_evidence"": {}, ""cuisine_evidence"": {}, ""content_evidence"": {""event"": [""ticket""]}}, ""metadata"": {""hashtags"": [""atlblog"", ""thingstodoinatlanta"", ""zooatl""], ""mentions"": [""atllovesmo"", ""zooatl""], ""likes"": 1924, ""comments"": 823, ""video_views"": null}}","{""meal_type_evidence"": {""embedding_label"": ""snack"", ""embedding_similarity"": 0.163, ""baseline_label"": ""unknown"", ""baseline_confidence"": 0.7, ""override"": false, ""reason"": ""weak_embedding_match_keep_baseline""}, ""cuisine_evidence"": {""embedding_cuisines"": [], ""embedding_similarities"": {}, ""baseline_cuisines"": [], ""newly_detected"": [], ""removed"": [], ""reason"": ""no_strong_embedding_matches_keep_baseline""}, ""content_type_evidence"": {""embedding_label"": ""activity"", ""embedding_similarity"": 0.219, ""baseline_label"": ""event"", ""baseline_confidence"": 0.7, ""override"": false, ""reason"": ""weak_embedding_match_keep_baseline""}}"
3778064808542292259,unknown,0.7,unknown,0.613,CONFIDENCE_UPDATED,-0.087,"{""meal_type"": ""unknown"", ""cuisines"": [], ""content_type"": ""food_spot"", ""location"": {""name"": ""Atlanta, Georgia"", ""slug"": ""atlanta-georgia""}, ""signals"": {""meal_evidence"": {}, ""cuisine_evidence"": {}, ""content_evidence"": {""food_spot"": [""location_present""]}}, ""metadata"": {""hashtags"": [], ""mentions"": [""atllovesmo""], ""likes"": 1829, ""comments"": 68, ""video_views"": null}}","{""meal_type_evidence"": {""embedding_label"": ""dinner"", ""embedding_similarity"": 0.246, ""baseline_label"": ""unknown"", ""baseline_confidence"": 0.7, ""override"": false, ""reason"": ""weak_embedding_match_keep_baseline""}, ""cuisine_evidence"": {""embedding_cuisines"": [], ""embedding_similarities"": {}, ""baseline_cuisines"": [], ""newly_detected"": [], ""removed"": [], ""reason"": ""no_strong_embedding_matches_keep_baseline""}, ""content_type_evidence"": {""embedding_label"": ""activity"", ""embedding_similarity"": 0.314, ""baseline_label"": ""food_spot"", ""baseline_confidence"": 0.7, ""override"": false, ""reason"": ""weak_embedding_match_keep_baseline""}}"
3691839811293189472,event,0.7,event,0.613,CONFIDENCE_UPDATED,-0.087,"{""meal_type"": ""unknown"", ""cuisines"": [], ""content_type"": ""event"", ""location"": {""name"": ""Atlanta, Georgia"", ""slug"": ""atlanta-georgia""}, ""signals"": {""meal_evidence"": {}, ""cuisine_evidence"": {}, ""content_evidence"": {""event"": [""event""]}}, ""metadata"": {""hashtags"": [""atlanta"", ""atlblog"", ""atleats"", ""atlevents""], ""mentions"": [""atllovesmo""], ""likes"": 1745, ""comments"": 112, ""video_views"": null}}","{""meal_type_evidence"": {""embedding_label"": ""snack"", ""embedding_similarity"": 0.163, ""baseline_label"": ""unknown"", ""baseline_confidence"": 0.7, ""override"": false, ""reason"": ""weak_embedding_match_keep_baseline""}, ""cuisine_evidence"": {""embedding_cuisines"": [], ""embedding_similarities"": {}, ""baseline_cuisines"": [], ""newly_detected"": [], ""removed"": [], ""reason"": ""no_strong_embedding_matches_keep_baseline""}, ""content_type_evidence"": {""embedding_label"": ""activity"", ""embedding_similarity"": 0.349, ""baseline_label"": ""event"", ""baseline_confidence"": 0.7, ""override"": false, ""reason"": ""weak_embedding_match_keep_baseline""}}"
3821529141678784879,unknown,0.7,unknown,0.613,CONFIDENCE_UPDATED,-0.087,"{""meal_type"": ""unknown"", ""cuisines"": [], ""content_type"": ""food_spot"", ""location"": {""name"": ""Atlanta, Georgia"", ""slug"": ""atlanta-georgia""}, ""signals"": {""meal_evidence"": {}, ""cuisine_evidence"": {}, ""content_evidence"": {""food_spot"": [""location_present""]}}, ""metadata"": {""hashtags"": [""atlthingstodo""], ""mentions"": [], ""likes"": 1666, ""comments"": 119, ""video_views"": null}}","{""meal_type_evidence"": {""embedding_label"": ""dinner"", ""embedding_similarity"": 0.212, ""baseline_label"": ""unknown"", ""baseline_confidence"": 0.7, ""override"": false, ""reason"": ""weak_embedding_match_keep_baseline""}, ""cuisine_evidence"": {""embedding_cuisines"": [], ""embedding_similarities"": {}, ""baseline_cuisines"": [], ""newly_detected"": [], ""removed"": [], ""reason"": ""no_strong_embedding_matches_keep_baseline""}, ""content_type_evidence"": {""embedding_label"": ""mixed"", ""embedding_similarity"": 0.256, ""baseline_label"": ""food_spot"", ""baseline_confidence"": 0.7, ""override"": false, ""reason"": ""weak_embedding_match_keep_baseline""}}"
3784685599908245733,unknown,0.7,unknown,0.613,CONFIDENCE_UPDATED,-0.087,"{""meal_type"": ""unknown"", ""cuisines"": [], ""content_type"": ""food_spot"", ""location"": {""name"": ""Atlanta, Georgia"", ""slug"": ""atlanta-georgia""}, ""signals"": {""meal_evidence"": {}, ""cuisine_evidence"": {}, ""content_evidence"": {""food_spot"": [""location_present""]}}, ""metadata"": {""hashtags"": [], ""mentions"": [], ""likes"": 1581, ""comments"": 70, ""video_views"": null}}","{""meal_type_evidence"": {""embedding_label"": ""dessert"", ""embedding_similarity"": 0.292, ""baseline_label"": ""unknown"", ""baseline_confidence"": 0.7, ""override"": false, ""reason"": ""weak_embedding_match_keep_baseline""}, ""cuisine_evidence"": {""embedding_cuisines"": [], ""embedding_similarities"": {}, ""baseline_cuisines"": [], ""newly_detected"": [], ""removed"": [], ""reason"": ""no_strong_embedding_matches_keep_baseline""}, ""content_type_evidence"": {""embedding_label"": ""event"", ""embedding_similarity"": 0.291, ""baseline_label"": ""food_spot"", ""baseline_confidence"": 0.7, ""override"": false, ""reason"": ""weak_embedding_match_keep_baseline""}}"
3797616475814042714,unknown,0.7,unknown,0.613,CONFIDENCE_UPDATED,-0.087,"{""meal_type"": ""unknown"", ""cuisines"": [], ""content_type"": ""food_spot"", ""location"": {""name"": ""Atlanta, Georgia"", ""slug"": ""atlanta-georgia""}, ""signals"": {""meal_evidence"": {}, ""cuisine_evidence"": {}, ""content_evidence"": {""food_spot"": [""location_present""]}}, ""metadata"": {""hashtags"": [], ""mentions"": [], ""likes"": 1183, ""comments"": 85, ""video_views"": null}}","{""meal_type_evidence"": {""embedding_label"": ""dinner"", ""embedding_similarity"": 0.227, ""baseline_label"": ""unknown"", ""baseline_confidence"": 0.7, ""override"": false, ""reason"": ""weak_embedding_match_keep_baseline""}, ""cuisine_evidence"": {""embedding_cuisines"": [], ""embedding_similarities"": {}, ""baseline_cuisines"": [], ""newly_detected"": [], ""removed"": [], ""reason"": ""no_strong_embedding_matches_keep_baseline""}, ""content_type_evidence"": {""embedding_label"": ""food_spot"", ""embedding_similarity"": 0.292, ""baseline_label"": ""food_spot"", ""baseline_confidence"": 0.7, ""override"": false, ""reason"": ""weak_embedding_match_keep_baseline""}}"
3668621301255569132,event,0.7,event,0.613,CONFIDENCE_UPDATED,-0.087,"{""meal_type"": ""unknown"", ""cuisines"": [], ""content_type"": ""event"", ""location"": {""name"": ""Atlanta, Georgia"", ""slug"": ""atlanta-georgia""}, ""signals"": {""meal_evidence"": {}, ""cuisine_evidence"": {}, ""content_evidence"": {""event"": [""ticket""]}}, ""metadata"": {""hashtags"": [""atlantasoccer"", ""atlblog"", ""fifaclubworldcup"", ""fifacwc"", ""giftedbyfifa""], ""mentions"": [""atllovesmo"", ""fifaclubworldcup"", ""mercedesbenzstadium"", ""ybn.nandoe""], ""likes"": 937, ""comments"": 1697, ""video_views"": null}}","{""meal_type_evidence"": {""embedding_label"": ""brunch"", ""embedding_similarity"": 0.17, ""baseline_label"": ""unknown"", ""baseline_confidence"": 0.7, ""override"": false, ""reason"": ""weak_embedding_match_keep_baseline""}, ""cuisine_evidence"": {""embedding_cuisines"": [], ""embedding_similarities"": {}, ""baseline_cuisines"": [], ""newly_detected"": [], ""removed"": [], ""reason"": ""no_strong_embedding_matches_keep_baseline""}, ""content_type_evidence"": {""embedding_label"": ""event"", ""embedding_similarity"": 0.236, ""baseline_label"": ""event"", ""baseline_confidence"": 0.7, ""override"": false, ""reason"": ""weak_embedding_match_keep_baseline""}}"
3653601181029920599,event,0.7,event,0.613,CONFIDENCE_UPDATED,-0.087,"{""meal_type"": ""unknown"", ""cuisines"": [], ""content_type"": ""event"", ""location"": {""name"": ""Atlanta, Georgia"", ""slug"": ""atlanta-georgia""}, ""signals"": {""meal_evidence"": {}, ""cuisine_evidence"": {}, ""content_evidence"": {""event"": [""ticket""]}}, ""metadata"": {""hashtags"": [""atlantasoccer"", ""atlblog"", ""fifaclubworldcup"", ""fifacwc"", ""giftedbyfifa""], ""mentions"": [""alainfcae"", ""atllovesmo"", ""chelseafc"", ""fcporto"", ""fifaclubworldcup"", ""intermiamic"", ""lafc"", ""mancity"", ""mercedesbenzstadium""], ""likes"": 559, ""comments"": 843, ""video_views"": null}}","{""meal_type_evidence"": {""embedding_label"": ""snack"", ""embedding_similarity"": 0.125, ""baseline_label"": ""unknown"", ""baseline_confidence"": 0.7, ""override"": false, ""reason"": ""weak_embedding_match_keep_baseline""}, ""cuisine_evidence"": {""embedding_cuisines"": [], ""embedding_similarities"": {}, ""baseline_cuisines"": [], ""newly_detected"": [], ""removed"": [], ""reason"": ""no_strong_embedding_matches_keep_baseline""}, ""content_type_evidence"": {""embedding_label"": ""event"", ""embedding_similarity"": 0.225, ""baseline_label"": ""event"", ""baseline_confidence"": 0.7, ""override"": false, ""reason"": ""weak_embedding_match_keep_baseline""}}"
3389514910827649858,event,0.95,event,0.863,CONFIDENCE_UPDATED,-0.087,"{""meal_type"": ""drinks"", ""cuisines"": [], ""content_type"": ""event"", ""location"": {""name"": ""Atlanta, Georgia"", ""slug"": ""atlanta-georgia""}, ""signals"": {""meal_evidence"": {""dinner"": [""date night""], ""drinks"": [""cocktail"", ""cocktails"", ""alcohol"", ""mocktail"", ""drink"", ""drinks"", ""happy hour""], ""snack"": [""snack""]}, ""cuisine_evidence"": {}, ""content_evidence"": {""event"": [""event"", ""live music"", ""ticket""]}}, ""metadata"": {""hashtags"": [""atlfoodie"", ""atlzoo"", ""onlyzooatl"", ""thingstodoinatlanta""], ""mentions"": [""atllovesmo"", ""zooatl"", ""zooatl.""], ""likes"": 444, ""comments"": 294, ""video_views"": null}}","{""meal_type_evidence"": {""embedding_label"": ""drinks"", ""embedding_similarity"": 0.322, ""baseline_label"": ""drinks"", ""baseline_confidence"": 0.95, ""override"": false, ""reason"": ""embedding_agrees_boost_baseline""}, ""cuisine_evidence"": {""embedding_cuisines"": [], ""embedding_similarities"": {}, ""baseline_cuisines"": [], ""newly_detected"": [], ""removed"": [], ""reason"": ""no_strong_embedding_matches_keep_baseline""}, ""content_type_evidence"": {""embedding_label"": ""activity"", ""embedding_similarity"": 0.374, ""baseline_label"": ""event"", ""baseline_confidence"": 0.95, ""override"": false, ""reason"": ""embedding_disagrees_but_baseline_acceptable""}}"
3228635958521548659,unknown,0.7,unknown,0.613,CONFIDENCE_UPDATED,-0.087,"{""meal_type"": ""unknown"", ""cuisines"": [""coffee_cafe""], ""content_type"": ""food_spot"", ""location"": {""name"": ""The Krog District"", ""slug"": ""the-krog-district""}, ""signals"": {""meal_evidence"": {}, ""cuisine_evidence"": {""coffee_cafe"": [""coffee""]}, ""content_evidence"": {""food_spot"": [""location_present""]}}, ""metadata"": {""hashtags"": [], ""mentions"": [""avaloninsider"", ""heyrowan"", ""thekrogdistrictatl""], ""likes"": 396, ""comments"": 87, ""video_views"": null}}","{""meal_type_evidence"": {""embedding_label"": ""drinks"", ""embedding_similarity"": 0.185, ""baseline_label"": ""unknown"", ""baseline_confidence"": 0.7, ""override"": false, ""reason"": ""weak_embedding_match_keep_baseline""}, ""cuisine_evidence"": {""embedding_cuisines"": [], ""embedding_similarities"": {}, ""baseline_cuisines"": [""coffee_cafe""], ""newly_detected"": [], ""removed"": [""coffee_cafe""], ""reason"": ""no_strong_embedding_matches_keep_baseline""}, ""content_type_evidence"": {""embedding_label"": ""food_spot"", ""embedding_similarity"": 0.228, ""baseline_label"": ""food_spot"", ""baseline_confidence"": 0.7, ""override"": false, ""reason"": ""weak_embedding_match_keep_baseline""}}"
3654845207520093367,unknown,0.7,unknown,0.613,CONFIDENCE_UPDATED,-0.087,"{""meal_type"": ""unknown"", ""cuisines"": [], ""content_type"": ""food_spot"", ""location"": {""name"": ""Atlanta, Georgia"", ""slug"": ""atlanta-georgia""}, ""signals"": {""meal_evidence"": {}, ""cuisine_evidence"": {}, ""content_evidence"": {""food_spot"": [""location_present""]}}, ""metadata"": {""hashtags"": [""atlanta"", ""atlaquarium"", ""atlblog"", ""thingstodoinatlanta""], ""mentions"": [""georgiaaquarium""], ""likes"": 323, ""comments"": 12, ""video_views"": null}}","{""meal_type_evidence"": {""embedding_label"": ""brunch"", ""embedding_similarity"": 0.119, ""baseline_label"": ""unknown"", ""baseline_confidence"": 0.7, ""override"": false, ""reason"": ""weak_embedding_match_keep_baseline""}, ""cuisine_evidence"": {""embedding_cuisines"": [], ""embedding_similarities"": {}, ""baseline_cuisines"": [], ""newly_detected"": [], ""removed"": [], ""reason"": ""no_strong_embedding_matches_keep_baseline""}, ""content_type_evidence"": {""embedding_label"": ""activity"", ""embedding_similarity"": 0.131, ""baseline_label"": ""food_spot"", ""baseline_confidence"": 0.7, ""override"": false, ""reason"": ""weak_embedding_match_keep_baseline""}}"
2748324909392941210,unknown,0.7,unknown,0.613,CONFIDENCE_UPDATED,-0.087,"{""meal_type"": ""unknown"", ""cuisines"": [""italian""], ""content_type"": ""food_spot"", ""location"": {""name"": ""Atlanta, Georgia"", ""slug"": ""atlanta-georgia""}, ""signals"": {""meal_evidence"": {}, ""cuisine_evidence"": {""italian"": [""pizza""]}, ""content_evidence"": {""food_spot"": [""location_present""]}}, ""metadata"": {""hashtags"": [], ""mentions"": [], ""likes"": 237, ""comments"": 39, ""video_views"": null}}","{""meal_type_evidence"": {""embedding_label"": ""dinner"", ""embedding_similarity"": 0.286, ""baseline_label"": ""unknown"", ""baseline_confidence"": 0.7, ""override"": false, ""reason"": ""weak_embedding_match_keep_baseline""}, ""cuisine_evidence"": {""embedding_cuisines"": [], ""embedding_similarities"": {}, ""baseline_cuisines"": [""italian""], ""newly_detected"": [], ""removed"": [""italian""], ""reason"": ""no_strong_embedding_matches_keep_baseline""}, ""content_type_evidence"": {""embedding_label"": ""food_spot"", ""embedding_similarity"": 0.314, ""baseline_label"": ""food_spot"", ""baseline_confidence"": 0.7, ""override"": false, ""reason"": ""weak_embedding_match_keep_baseline""}}"
3747722164805131636,drinks,0.7,drinks,0.613,CONFIDENCE_UPDATED,-0.087,"{""meal_type"": ""drinks"", ""cuisines"": [], ""content_type"": ""food_spot"", ""location"": {""name"": ""Atlanta, Georgia"", ""slug"": ""atlanta-georgia""}, ""signals"": {""meal_evidence"": {""drinks"": [""gin""]}, ""cuisine_evidence"": {}, ""content_evidence"": {""food_spot"": [""location_present""]}}, ""metadata"": {""hashtags"": [""atlblog"", ""collegefootball""], ""mentions"": [""atllovesmo"", ""saturdaysapparel""], ""likes"": 218, ""comments"": 187, ""video_views"": null}}","{""meal_type_evidence"": {""embedding_label"": ""dessert"", ""embedding_similarity"": 0.15, ""baseline_label"": ""drinks"", ""baseline_confidence"": 0.7, ""override"": false, ""reason"": ""weak_embedding_match_keep_baseline""}, ""cuisine_evidence"": {""embedding_cuisines"": [], ""embedding_similarities"": {}, ""baseline_cuisines"": [], ""newly_detected"": [], ""removed"": [], ""reason"": ""no_strong_embedding_matches_keep_baseline""}, ""content_type_evidence"": {""embedding_label"": ""food_spot"", ""embedding_similarity"": 0.194, ""baseline_label"": ""food_spot"", ""baseline_confidence"": 0.7, ""override"": false, ""reason"": ""weak_embedding_match_keep_baseline""}}"
2569100860003413629,unknown,0.7,unknown,0.613,CONFIDENCE_UPDATED,-0.087,"{""meal_type"": ""unknown"", ""cuisines"": [""chinese"", ""vegan""], ""content_type"": ""food_spot"", ""location"": {""name"": ""Harmony Vegetarian Chinese Restaurant"", ""slug"": ""harmony-vegetarian-chinese-restaurant""}, ""signals"": {""meal_evidence"": {}, ""cuisine_evidence"": {""chinese"": [""chinese""], ""vegan"": [""vegan""]}, ""content_evidence"": {""food_spot"": [""location_present""]}}, ""metadata"": {""hashtags"": [], ""mentions"": [], ""likes"": 113, ""comments"": 12, ""video_views"": null}}","{""meal_type_evidence"": {""embedding_label"": ""snack"", ""embedding_similarity"": 0.236, ""baseline_label"": ""unknown"", ""baseline_confidence"": 0.7, ""override"": false, ""reason"": ""weak_embedding_match_keep_baseline""}, ""cuisine_evidence"": {""embedding_cuisines"": [], ""embedding_similarities"": {}, ""baseline_cuisines"": [""chinese"", ""vegan""], ""newly_detected"": [], ""removed"": [""chinese"", ""vegan""], ""reason"": ""no_strong_embedding_matches_keep_baseline""}, ""content_type_evidence"": {""embedding_label"": ""food_spot"", ""embedding_similarity"": 0.251, ""baseline_label"": ""food_spot"", ""baseline_confidence"": 0.7, ""override"": false, ""reason"": ""weak_embedding_match_keep_baseline""}}"
2594798643888606034,event,0.7,event,0.613,CONFIDENCE_UPDATED,-0.087,"{""meal_type"": ""drinks"", ""cuisines"": [""vegan""], ""content_type"": ""event"", ""location"": {""name"": null, ""slug"": null}, ""signals"": {""meal_evidence"": {""drinks"": [""beer""]}, ""cuisine_evidence"": {""vegan"": [""vegan""]}, ""content_evidence"": {""event"": [""festival""]}}, ""metadata"": {""hashtags"": [""eatnorthamerica""], ""mentions"": [""atlantabeerfestivals"", ""calaveritasv""], ""likes"": 105, ""comments"": 34, ""video_views"": null}}","{""meal_type_evidence"": {""embedding_label"": ""snack"", ""embedding_similarity"": 0.28, ""baseline_label"": ""drinks"", ""baseline_confidence"": 0.7, ""override"": false, ""reason"": ""weak_embedding_match_keep_baseline""}, ""cuisine_evidence"": {""embedding_cuisines"": [], ""embedding_similarities"": {}, ""baseline_cuisines"": [""vegan""], ""newly_detected"": [], ""removed"": [""vegan""], ""reason"": ""no_strong_embedding_matches_keep_baseline""}, ""content_type_evidence"": {""embedding_label"": ""food_spot"", ""embedding_similarity"": 0.222, ""baseline_label"": ""event"", ""baseline_confidence"": 0.7, ""override"": false, ""reason"": ""weak_embedding_match_keep_baseline""}}"
3118486376433801904,unknown,0.7,unknown,0.613,CONFIDENCE_UPDATED,-0.087,"{""meal_type"": ""unknown"", ""cuisines"": [""italian""], ""content_type"": ""food_spot"", ""location"": {""name"": ""Double Zero"", ""slug"": ""double-zero""}, ""signals"": {""meal_evidence"": {}, ""cuisine_evidence"": {""italian"": [""pizza""]}, ""content_evidence"": {""food_spot"": [""location_present""]}}, ""metadata"": {""hashtags"": [""atlantafood"", ""atlantapizza"", ""atlfood"", ""atlfoodie"", ""atlpizza"", ""hosted""], ""mentions"": [""doublezeroatl""], ""likes"": 100, ""comments"": 19, ""video_views"": null}}","{""meal_type_evidence"": {""embedding_label"": ""lunch"", ""embedding_similarity"": 0.27, ""baseline_label"": ""unknown"", ""baseline_confidence"": 0.7, ""override"": false, ""reason"": ""weak_embedding_match_keep_baseline""}, ""cuisine_evidence"": {""embedding_cuisines"": [], ""embedding_similarities"": {}, ""baseline_cuisines"": [""italian""], ""newly_detected"": [], ""removed"": [""italian""], ""reason"": ""no_strong_embedding_matches_keep_baseline""}, ""content_type_evidence"": {""embedding_label"": ""food_spot"", ""embedding_similarity"": 0.236, ""baseline_label"": ""food_spot"", ""baseline_confidence"": 0.7, ""override"": false, ""reason"": ""weak_embedding_match_keep_baseline""}}"
2574262659686235182,unknown,0.7,unknown,0.613,CONFIDENCE_UPDATED,-0.087,"{""meal_type"": ""unknown"", ""cuisines"": [], ""content_type"": ""food_spot"", ""location"": {""name"": ""Atlanta Food Truck Park & Market"", ""slug"": ""atlanta-food-truck-park-market""}, ""signals"": {""meal_evidence"": {}, ""cuisine_evidence"": {}, ""content_evidence"": {""food_spot"": [""location_present""]}}, ""metadata"": {""hashtags"": [], ""mentions"": [""atlfoodtruckpark""], ""likes"": 73, ""comments"": 5, ""video_views"": null}}","{""meal_type_evidence"": {""embedding_label"": ""dessert"", ""embedding_similarity"": 0.178, ""baseline_label"": ""unknown"", ""baseline_confidence"": 0.7, ""override"": false, ""reason"": ""weak_embedding_match_keep_baseline""}, ""cuisine_evidence"": {""embedding_cuisines"": [], ""embedding_similarities"": {}, ""baseline_cuisines"": [], ""newly_detected"": [], ""removed"": [], ""reason"": ""no_strong_embedding_matches_keep_baseline""}, ""content_type_evidence"": {""embedding_label"": ""food_spot"", ""embedding_similarity"": 0.182, ""baseline_label"": ""food_spot"", ""baseline_confidence"": 0.7, ""override"": false, ""reason"": ""weak_embedding_match_keep_baseline""}}"
2559702473088899616,unknown,0.7,unknown,0.613,CONFIDENCE_UPDATED,-0.087,"{""meal_type"": ""unknown"", ""cuisines"": [], ""content_type"": ""food_spot"", ""location"": {""name"": ""The Betty"", ""slug"": ""the-betty""}, ""signals"": {""meal_evidence"": {}, ""cuisine_evidence"": {}, ""content_evidence"": {""food_spot"": [""location_present""]}}, ""metadata"": {""hashtags"": [], ""mentions"": [""stjulep""], ""likes"": 49, ""comments"": 4, ""video_views"": null}}","{""meal_type_evidence"": {""embedding_label"": ""drinks"", ""embedding_similarity"": 0.145, ""baseline_label"": ""unknown"", ""baseline_confidence"": 0.7, ""override"": false, ""reason"": ""weak_embedding_match_keep_baseline""}, ""cuisine_evidence"": {""embedding_cuisines"": [], ""embedding_similarities"": {}, ""baseline_cuisines"": [], ""newly_detected"": [], ""removed"": [], ""reason"": ""no_strong_embedding_matches_keep_baseline""}, ""content_type_evidence"": {""embedding_label"": ""event"", ""embedding_similarity"": 0.141, ""baseline_label"": ""food_spot"", ""baseline_confidence"": 0.7, ""override"": false, ""reason"": ""weak_embedding_match_keep_baseline""}}"
3458641535271102884,event,0.75,event,0.656,CONFIDENCE_UPDATED,-0.094,"{""meal_type"": ""drinks"", ""cuisines"": [], ""content_type"": ""event"", ""location"": {""name"": ""The Caverns"", ""slug"": ""the-caverns""}, ""signals"": {""meal_evidence"": {""drinks"": [""drink""]}, ""cuisine_evidence"": {}, ""content_evidence"": {""event"": [""concert"", ""live music""]}}, ""metadata"": {""hashtags"": [], ""mentions"": [""atllovesmo"", ""biggigantic"", ""thecavernstn""], ""likes"": 27723, ""comments"": 131, ""video_views"": 191656}}","{""meal_type_evidence"": {""embedding_label"": ""drinks"", ""embedding_similarity"": 0.123, ""baseline_label"": ""drinks"", ""baseline_confidence"": 0.75, ""override"": false, ""reason"": ""weak_embedding_match_keep_baseline""}, ""cuisine_evidence"": {""embedding_cuisines"": [], ""embedding_similarities"": {}, ""baseline_cuisines"": [], ""newly_detected"": [], ""removed"": [], ""reason"": ""no_strong_embedding_matches_keep_baseline""}, ""content_type_evidence"": {""embedding_label"": ""activity"", ""embedding_similarity"": 0.35, ""baseline_label"": ""event"", ""baseline_confidence"": 0.75, ""override"": false, ""reason"": ""weak_embedding_match_keep_baseline""}}"
3132275621619144153,event,0.75,event,0.656,CONFIDENCE_UPDATED,-0.094,"{""meal_type"": ""drinks"", ""cuisines"": [], ""content_type"": ""event"", ""location"": {""name"": ""West End"", ""slug"": ""west-end""}, ""signals"": {""meal_evidence"": {""drinks"": [""bar"", ""drink""]}, ""cuisine_evidence"": {}, ""content_evidence"": {""event"": [""event""]}}, ""metadata"": {""hashtags"": [""atlanta"", ""atlantafoodie"", ""atldrink"", ""atlfood"", ""atlfoodie"", ""atlwestend""], ""mentions"": [""aswdistillery"", ""atllovesmo"", ""leandrafthouse"", ""mondaynightgarage""], ""likes"": 11099, ""comments"": 127, ""video_views"": 150967}}","{""meal_type_evidence"": {""embedding_label"": ""dinner"", ""embedding_similarity"": 0.254, ""baseline_label"": ""drinks"", ""baseline_confidence"": 0.75, ""override"": false, ""reason"": ""weak_embedding_match_keep_baseline""}, ""cuisine_evidence"": {""embedding_cuisines"": [], ""embedding_similarities"": {}, ""baseline_cuisines"": [], ""newly_detected"": [], ""removed"": [], ""reason"": ""no_strong_embedding_matches_keep_baseline""}, ""content_type_evidence"": {""embedding_label"": ""food_spot"", ""embedding_similarity"": 0.335, ""baseline_label"": ""event"", ""baseline_confidence"": 0.75, ""override"": false, ""reason"": ""weak_embedding_match_keep_baseline""}}"
3594000529908568046,event,0.75,event,0.656,CONFIDENCE_UPDATED,-0.094,"{""meal_type"": ""drinks"", ""cuisines"": [], ""content_type"": ""event"", ""location"": {""name"": ""Atlanta, Georgia"", ""slug"": ""atlanta-georgia""}, ""signals"": {""meal_evidence"": {""dinner"": [""date night""], ""drinks"": [""drink"", ""drinks""]}, ""cuisine_evidence"": {}, ""content_evidence"": {""event"": [""event""]}}, ""metadata"": {""hashtags"": [""atlblog"", ""atldatenight"", ""thingstodoinatlanta""], ""mentions"": [""atllovesmo"", ""elijahakeem_tattoos"", ""inkorporated.tattoos"", ""official_drinkandink"", ""thebeaconlive""], ""likes"": 24285, ""comments"": 139, ""video_views"": 145576}}","{""meal_type_evidence"": {""embedding_label"": ""drinks"", ""embedding_similarity"": 0.256, ""baseline_label"": ""drinks"", ""baseline_confidence"": 0.75, ""override"": false, ""reason"": ""weak_embedding_match_keep_baseline""}, ""cuisine_evidence"": {""embedding_cuisines"": [], ""embedding_similarities"": {}, ""baseline_cuisines"": [], ""newly_detected"": [], ""removed"": [], ""reason"": ""no_strong_embedding_matches_keep_baseline""}, ""content_type_evidence"": {""embedding_label"": ""activity"", ""embedding_similarity"": 0.211, ""baseline_label"": ""event"", ""baseline_confidence"": 0.75, ""override"": false, ""reason"": ""weak_embedding_match_keep_baseline""}}"
3144020926562862336,drinks,0.75,drinks,0.656,CONFIDENCE_UPDATED,-0.094,"{""meal_type"": ""drinks"", ""cuisines"": [""american""], ""content_type"": ""food_spot"", ""location"": {""name"": ""Atlanta, Georgia"", ""slug"": ""atlanta-georgia""}, ""signals"": {""meal_evidence"": {""dinner"": [""date night""], ""drinks"": [""drink"", ""drinks""]}, ""cuisine_evidence"": {""american"": [""burger""]}, ""content_evidence"": {""food_spot"": [""location_present""]}}, ""metadata"": {""hashtags"": [""atl"", ""atlanta"", ""atldatenight"", ""whattodoinatlanta""], ""mentions"": [""atllovesmo"", ""bansheelatenight"", ""fultonpublicart"", ""heartbreakers.atl"", ""revery_vr"", ""screamin_weenies_eav"", ""underground_atlanta""], ""likes"": 14573, ""comments"": 80, ""video_views"": 145521}}","{""meal_type_evidence"": {""embedding_label"": ""dinner"", ""embedding_similarity"": 0.282, ""baseline_label"": ""drinks"", ""baseline_confidence"": 0.75, ""override"": false, ""reason"": ""weak_embedding_match_keep_baseline""}, ""cuisine_evidence"": {""embedding_cuisines"": [], ""embedding_similarities"": {}, ""baseline_cuisines"": [""american""], ""newly_detected"": [], ""removed"": [""american""], ""reason"": ""no_strong_embedding_matches_keep_baseline""}, ""content_type_evidence"": {""embedding_label"": ""event"", ""embedding_similarity"": 0.285, ""baseline_label"": ""food_spot"", ""baseline_confidence"": 0.75, ""override"": false, ""reason"": ""weak_embedding_match_keep_baseline""}}"
3376564199622003794,drinks,0.75,drinks,0.656,CONFIDENCE_UPDATED,-0.094,"{""meal_type"": ""drinks"", ""cuisines"": [""chinese"", ""thai"", ""seafood""], ""content_type"": ""food_spot"", ""location"": {""name"": ""Atlanta, Georgia"", ""slug"": ""atlanta-georgia""}, ""signals"": {""meal_evidence"": {""drinks"": [""gin"", ""shot""]}, ""cuisine_evidence"": {""chinese"": [""dumpling""], ""thai"": [""thai""], ""seafood"": [""lobster""]}, ""content_evidence"": {""food_spot"": [""location_present""]}}, ""metadata"": {""hashtags"": [""atlblog"", ""atleats"", ""atlfoodie"", ""atlthaifood""], ""mentions"": [""atllovesmo"", ""lamoon_atl"", ""virginiahighlanddistrict""], ""likes"": 10126, ""comments"": 118, ""video_views"": 111993}}","{""meal_type_evidence"": {""embedding_label"": ""snack"", ""embedding_similarity"": 0.299, ""baseline_label"": ""drinks"", ""baseline_confidence"": 0.75, ""override"": false, ""reason"": ""weak_embedding_match_keep_baseline""}, ""cuisine_evidence"": {""embedding_cuisines"": [""american""], ""embedding_similarities"": {""american"": 0.415}, ""baseline_cuisines"": [""chinese"", ""thai"", ""seafood""], ""newly_detected"": [""american""], ""removed"": [""thai"", ""chinese"", ""seafood""], ""reason"": ""embedding_refined_cuisine_list""}, ""content_type_evidence"": {""embedding_label"": ""food_spot"", ""embedding_similarity"": 0.347, ""baseline_label"": ""food_spot"", ""baseline_confidence"": 0.75, ""override"": false, ""reason"": ""weak_embedding_match_keep_baseline""}}"
3739824364931107370,drinks,0.75,drinks,0.656,CONFIDENCE_UPDATED,-0.094,"{""meal_type"": ""drinks"", ""cuisines"": [], ""content_type"": ""food_spot"", ""location"": {""name"": ""Atlanta, Georgia"", ""slug"": ""atlanta-georgia""}, ""signals"": {""meal_evidence"": {""drinks"": [""cocktail"", ""cocktails""]}, ""cuisine_evidence"": {}, ""content_evidence"": {""food_spot"": [""location_present""]}}, ""metadata"": {""hashtags"": [""atlblog"", ""atleats"", ""atlfoodie""], ""mentions"": [""atllovesmo"", ""insomnianightclubatl"", ""premieratigroup"", ""premieratlgroup""], ""likes"": 6328, ""comments"": 1072, ""video_views"": 68848}}","{""meal_type_evidence"": {""embedding_label"": ""snack"", ""embedding_similarity"": 0.233, ""baseline_label"": ""drinks"", ""baseline_confidence"": 0.75, ""override"": false, ""reason"": ""weak_embedding_match_keep_baseline""}, ""cuisine_evidence"": {""embedding_cuisines"": [], ""embedding_similarities"": {}, ""baseline_cuisines"": [], ""newly_detected"": [], ""removed"": [], ""reason"": ""no_strong_embedding_matches_keep_baseline""}, ""content_type_evidence"": {""embedding_label"": ""event"", ""embedding_similarity"": 0.265, ""baseline_label"": ""food_spot"", ""baseline_confidence"": 0.75, ""override"": false, ""reason"": ""weak_embedding_match_keep_baseline""}}"
3215580167702978206,event,0.75,event,0.656,CONFIDENCE_UPDATED,-0.094,"{""meal_type"": ""unknown"", ""cuisines"": [], ""content_type"": ""event"", ""location"": {""name"": ""Atlanta, Georgia"", ""slug"": ""atlanta-georgia""}, ""signals"": {""meal_evidence"": {}, ""cuisine_evidence"": {}, ""content_evidence"": {""event"": [""event"", ""ticket""]}}, ""metadata"": {""hashtags"": [""ad"", ""atlanta"", ""atlantaunited"", ""atlsports"", ""atlunited"", ""soccer"", ""sponsored"", ""thingstodoinatlanta"", ""tickpick"", ""worldseries""], ""mentions"": [""atlantafalcons"", ""atllovesmo"", ""mercedesbenzstadium"", ""tickpick"", ""tickpick.""], ""likes"": 2882, ""comments"": 70, ""video_views"": 64651}}","{""meal_type_evidence"": {""embedding_label"": ""snack"", ""embedding_similarity"": 0.178, ""baseline_label"": ""unknown"", ""baseline_confidence"": 0.75, ""override"": false, ""reason"": ""weak_embedding_match_keep_baseline""}, ""cuisine_evidence"": {""embedding_cuisines"": [], ""embedding_similarities"": {}, ""baseline_cuisines"": [], ""newly_detected"": [], ""removed"": [], ""reason"": ""no_strong_embedding_matches_keep_baseline""}, ""content_type_evidence"": {""embedding_label"": ""event"", ""embedding_similarity"": 0.273, ""baseline_label"": ""event"", ""baseline_confidence"": 0.75, ""override"": false, ""reason"": ""weak_embedding_match_keep_baseline""}}"
3278650075411892846,drinks,0.75,drinks,0.656,CONFIDENCE_UPDATED,-0.094,"{""meal_type"": ""drinks"", ""cuisines"": [""coffee_cafe""], ""content_type"": ""food_spot"", ""location"": {""name"": ""The Blind Pig Parlour Bar"", ""slug"": ""the-blind-pig-parlour-bar""}, ""signals"": {""meal_evidence"": {""dessert"": [""cake""], ""drinks"": [""bar"", ""martini""]}, ""cuisine_evidence"": {""coffee_cafe"": [""espresso"", ""latte""]}, ""content_evidence"": {""food_spot"": [""location_present""]}}, ""metadata"": {""hashtags"": [""atlanta"", ""atlblog"", ""atldatenight"", ""atleats"", ""atlvday""], ""mentions"": [""atllovesmo"", ""theblindpigparlourbar""], ""likes"": 9204, ""comments"": 197, ""video_views"": 63266}}","{""meal_type_evidence"": {""embedding_label"": ""dinner"", ""embedding_similarity"": 0.283, ""baseline_label"": ""drinks"", ""baseline_confidence"": 0.75, ""override"": false, ""reason"": ""weak_embedding_match_keep_baseline""}, ""cuisine_evidence"": {""embedding_cuisines"": [], ""embedding_similarities"": {}, ""baseline_cuisines"": [""coffee_cafe""], ""newly_detected"": [], ""removed"": [""coffee_cafe""], ""reason"": ""no_strong_embedding_matches_keep_baseline""}, ""content_type_evidence"": {""embedding_label"": ""food_spot"", ""embedding_similarity"": 0.332, ""baseline_label"": ""food_spot"", ""baseline_confidence"": 0.75, ""override"": false, ""reason"": ""weak_embedding_match_keep_baseline""}}"
3617921407960712131,event,0.75,event,0.656,CONFIDENCE_UPDATED,-0.094,"{""meal_type"": ""drinks"", ""cuisines"": [], ""content_type"": ""event"", ""location"": {""name"": ""Atlanta, Georgia"", ""slug"": ""atlanta-georgia""}, ""signals"": {""meal_evidence"": {""drinks"": [""gin"", ""rum""]}, ""cuisine_evidence"": {}, ""content_evidence"": {""event"": [""market""]}}, ""metadata"": {""hashtags"": [""atlblog"", ""atldatenight"", ""atlfoodie"", ""thingstodoinatlanta""], ""mentions"": [""atlantadrumacademy"", ""atlantafreedombands"", ""atllovesmo"", ""blacksheepensemble"", ""chantellerytter"", ""kebbiwilliams"", ""mausikiscalescommonground"", ""seedandfeed""], ""likes"": 4151, ""comments"": 126, ""video_views"": 41699}}","{""meal_type_evidence"": {""embedding_label"": ""dessert"", ""embedding_similarity"": 0.184, ""baseline_label"": ""drinks"", ""baseline_confidence"": 0.75, ""override"": false, ""reason"": ""weak_embedding_match_keep_baseline""}, ""cuisine_evidence"": {""embedding_cuisines"": [], ""embedding_similarities"": {}, ""baseline_cuisines"": [], ""newly_detected"": [], ""removed"": [], ""reason"": ""no_strong_embedding_matches_keep_baseline""}, ""content_type_evidence"": {""embedding_label"": ""activity"", ""embedding_similarity"": 0.407, ""baseline_label"": ""event"", ""baseline_confidence"": 0.75, ""override"": false, ""reason"": ""embedding_disagrees_but_baseline_acceptable""}}"
3209404421687988886,event,0.75,event,0.656,CONFIDENCE_UPDATED,-0.094,"{""meal_type"": ""unknown"", ""cuisines"": [], ""content_type"": ""event"", ""location"": {""name"": ""Atlanta, Georgia"", ""slug"": ""atlanta-georgia""}, ""signals"": {""meal_evidence"": {}, ""cuisine_evidence"": {}, ""content_evidence"": {""event"": [""event"", ""ticket""]}}, ""metadata"": {""hashtags"": [""ad"", ""atlanta"", ""atlantaunited"", ""atlsports"", ""atlunited"", ""soccer"", ""sponsored"", ""thingstodoinatlanta"", ""tickpick"", ""worldseries""], ""mentions"": [""atllovesmo"", ""atlutd"", ""tickpick""], ""likes"": 5178, ""comments"": 55, ""video_views"": 37754}}","{""meal_type_evidence"": {""embedding_label"": ""snack"", ""embedding_similarity"": 0.152, ""baseline_label"": ""unknown"", ""baseline_confidence"": 0.75, ""override"": false, ""reason"": ""weak_embedding_match_keep_baseline""}, ""cuisine_evidence"": {""embedding_cuisines"": [], ""embedding_similarities"": {}, ""baseline_cuisines"": [], ""newly_detected"": [], ""removed"": [], ""reason"": ""no_strong_embedding_matches_keep_baseline""}, ""content_type_evidence"": {""embedding_label"": ""event"", ""embedding_similarity"": 0.275, ""baseline_label"": ""event"", ""baseline_confidence"": 0.75, ""override"": false, ""reason"": ""weak_embedding_match_keep_baseline""}}"
3224333195364198449,event,0.75,event,0.656,CONFIDENCE_UPDATED,-0.094,"{""meal_type"": ""drinks"", ""cuisines"": [], ""content_type"": ""event"", ""location"": {""name"": ""Westside Paper"", ""slug"": ""westside-paper""}, ""signals"": {""meal_evidence"": {""brunch"": [""brunch""], ""drinks"": [""bar"", ""gin""]}, ""cuisine_evidence"": {}, ""content_evidence"": {""event"": [""ticket""]}}, ""metadata"": {""hashtags"": [""atlantaeats"", ""atldrag"", ""atlfoodie"", ""dragbrunch"", ""thingstodoinatlanta""], ""mentions"": [""atllovesmo"", ""elsantogallo"", ""elsewherebrewing"", ""elsewheregreenhouse"", ""westsidepaper.atl""], ""likes"": 1570, ""comments"": 70, ""video_views"": 36059}}","{""meal_type_evidence"": {""embedding_label"": ""snack"", ""embedding_similarity"": 0.234, ""baseline_label"": ""drinks"", ""baseline_confidence"": 0.75, ""override"": false, ""reason"": ""weak_embedding_match_keep_baseline""}, ""cuisine_evidence"": {""embedding_cuisines"": [], ""embedding_similarities"": {}, ""baseline_cuisines"": [], ""newly_detected"": [], ""removed"": [], ""reason"": ""no_strong_embedding_matches_keep_baseline""}, ""content_type_evidence"": {""embedding_label"": ""food_spot"", ""embedding_similarity"": 0.359, ""baseline_label"": ""event"", ""baseline_confidence"": 0.75, ""override"": false, ""reason"": ""embedding_disagrees_but_baseline_acceptable""}}"
3517092847801541255,event,0.75,event,0.656,CONFIDENCE_UPDATED,-0.094,"{""meal_type"": ""drinks"", ""cuisines"": [], ""content_type"": ""event"", ""location"": {""name"": ""Atlanta, GA"", ""slug"": ""atlanta-ga""}, ""signals"": {""meal_evidence"": {""dinner"": [""date night""], ""drinks"": [""wine"", ""bar""]}, ""cuisine_evidence"": {}, ""content_evidence"": {""event"": [""market"", ""live music""]}}, ""metadata"": {""hashtags"": [""atlblog"", ""atldatenight"", ""thingstodoinatlanta""], ""mentions"": [""atllovesmo"", ""callanwoldefinearts"", ""m.klapthor.robots.""], ""likes"": 3527, ""comments"": 80, ""video_views"": 27143}}","{""meal_type_evidence"": {""embedding_label"": ""dessert"", ""embedding_similarity"": 0.255, ""baseline_label"": ""drinks"", ""baseline_confidence"": 0.75, ""override"": false, ""reason"": ""weak_embedding_match_keep_baseline""}, ""cuisine_evidence"": {""embedding_cuisines"": [], ""embedding_similarities"": {}, ""baseline_cuisines"": [], ""newly_detected"": [], ""removed"": [], ""reason"": ""no_strong_embedding_matches_keep_baseline""}, ""content_type_evidence"": {""embedding_label"": ""activity"", ""embedding_similarity"": 0.299, ""baseline_label"": ""event"", ""baseline_confidence"": 0.75, ""override"": false, ""reason"": ""weak_embedding_match_keep_baseline""}}"
3624467382757809726,event,0.75,event,0.656,CONFIDENCE_UPDATED,-0.094,"{""meal_type"": ""drinks"", ""cuisines"": [], ""content_type"": ""event"", ""location"": {""name"": ""Atlanta, Georgia"", ""slug"": ""atlanta-georgia""}, ""signals"": {""meal_evidence"": {""dinner"": [""dinner""], ""drinks"": [""bar"", ""martini""]}, ""cuisine_evidence"": {}, ""content_evidence"": {""event"": [""event""]}}, ""metadata"": {""hashtags"": [""atlantafoodie"", ""atlblog"", ""atleats"", ""atlrooftop""], ""mentions"": [""atllovesmo"", ""johnnyshideaway"", ""tesseraeatl"", ""thompsonbuckhead"", ""yeppacoatl""], ""likes"": 8071, ""comments"": 83, ""video_views"": 26217}}","{""meal_type_evidence"": {""embedding_label"": ""dinner"", ""embedding_similarity"": 0.237, ""baseline_label"": ""drinks"", ""baseline_confidence"": 0.75, ""override"": false, ""reason"": ""weak_embedding_match_keep_baseline""}, ""cuisine_evidence"": {""embedding_cuisines"": [], ""embedding_similarities"": {}, ""baseline_cuisines"": [], ""newly_detected"": [], ""removed"": [], ""reason"": ""no_strong_embedding_matches_keep_baseline""}, ""content_type_evidence"": {""embedding_label"": ""food_spot"", ""embedding_similarity"": 0.381, ""baseline_label"": ""event"", ""baseline_confidence"": 0.75, ""override"": false, ""reason"": ""embedding_disagrees_but_baseline_acceptable""}}"
3597093206472188157,drinks,0.75,drinks,0.656,CONFIDENCE_UPDATED,-0.094,"{""meal_type"": ""drinks"", ""cuisines"": [""seafood""], ""content_type"": ""food_spot"", ""location"": {""name"": ""Atlanta, Georgia"", ""slug"": ""atlanta-georgia""}, ""signals"": {""meal_evidence"": {""dinner"": [""date night""], ""drinks"": [""bar"", ""gin""]}, ""cuisine_evidence"": {""seafood"": [""fish""]}, ""content_evidence"": {""food_spot"": [""location_present""]}}, ""metadata"": {""hashtags"": [""atlblog"", ""atleats"", ""atlfoodie""], ""mentions"": [""atllovesmo"", ""madreselvaatl""], ""likes"": 2835, ""comments"": 82, ""video_views"": 24964}}","{""meal_type_evidence"": {""embedding_label"": ""drinks"", ""embedding_similarity"": 0.233, ""baseline_label"": ""drinks"", ""baseline_confidence"": 0.75, ""override"": false, ""reason"": ""weak_embedding_match_keep_baseline""}, ""cuisine_evidence"": {""embedding_cuisines"": [], ""embedding_similarities"": {}, ""baseline_cuisines"": [""seafood""], ""newly_detected"": [], ""removed"": [""seafood""], ""reason"": ""no_strong_embedding_matches_keep_baseline""}, ""content_type_evidence"": {""embedding_label"": ""food_spot"", ""embedding_similarity"": 0.223, ""baseline_label"": ""food_spot"", ""baseline_confidence"": 0.75, ""override"": false, ""reason"": ""weak_embedding_match_keep_baseline""}}"
3496318443068480192,drinks,0.75,drinks,0.656,CONFIDENCE_UPDATED,-0.094,"{""meal_type"": ""drinks"", ""cuisines"": [], ""content_type"": ""food_spot"", ""location"": {""name"": ""Atlanta, Georgia"", ""slug"": ""atlanta-georgia""}, ""signals"": {""meal_evidence"": {""drinks"": [""bar"", ""shot""]}, ""cuisine_evidence"": {}, ""content_evidence"": {""food_spot"": [""location_present""]}}, ""metadata"": {""hashtags"": [""atlblog"", ""atlchristmas"", ""atldatenight"", ""thingstodoinatlanta""], ""mentions"": [""atllovesmo"", ""where2atlanta""], ""likes"": 3243, ""comments"": 105, ""video_views"": 24852}}","{""meal_type_evidence"": {""embedding_label"": ""dinner"", ""embedding_similarity"": 0.216, ""baseline_label"": ""drinks"", ""baseline_confidence"": 0.75, ""override"": false, ""reason"": ""weak_embedding_match_keep_baseline""}, ""cuisine_evidence"": {""embedding_cuisines"": [], ""embedding_similarities"": {}, ""baseline_cuisines"": [], ""newly_detected"": [], ""removed"": [], ""reason"": ""no_strong_embedding_matches_keep_baseline""}, ""content_type_evidence"": {""embedding_label"": ""mixed"", ""embedding_similarity"": 0.264, ""baseline_label"": ""food_spot"", ""baseline_confidence"": 0.75, ""override"": false, ""reason"": ""weak_embedding_match_keep_baseline""}}"
3464168594953475432,event,0.75,event,0.656,CONFIDENCE_UPDATED,-0.094,"{""meal_type"": ""drinks"", ""cuisines"": [], ""content_type"": ""event"", ""location"": {""name"": ""Atlanta, Georgia"", ""slug"": ""atlanta-georgia""}, ""signals"": {""meal_evidence"": {""drinks"": [""shot"", ""shots""]}, ""cuisine_evidence"": {}, ""content_evidence"": {""event"": [""event""]}}, ""metadata"": {""hashtags"": [], ""mentions"": [""topunis""], ""likes"": 1563, ""comments"": 38, ""video_views"": 24560}}","{""meal_type_evidence"": {""embedding_label"": ""drinks"", ""embedding_similarity"": 0.126, ""baseline_label"": ""drinks"", ""baseline_confidence"": 0.75, ""override"": false, ""reason"": ""weak_embedding_match_keep_baseline""}, ""cuisine_evidence"": {""embedding_cuisines"": [], ""embedding_similarities"": {}, ""baseline_cuisines"": [], ""newly_detected"": [], ""removed"": [], ""reason"": ""no_strong_embedding_matches_keep_baseline""}, ""content_type_evidence"": {""embedding_label"": ""event"", ""embedding_similarity"": 0.208, ""baseline_label"": ""event"", ""baseline_confidence"": 0.75, ""override"": false, ""reason"": ""weak_embedding_match_keep_baseline""}}"
3286602962469221629,event,0.75,event,0.656,CONFIDENCE_UPDATED,-0.094,"{""meal_type"": ""drinks"", ""cuisines"": [], ""content_type"": ""event"", ""location"": {""name"": ""Atlanta, Georgia"", ""slug"": ""atlanta-georgia""}, ""signals"": {""meal_evidence"": {""drinks"": [""bar""]}, ""cuisine_evidence"": {}, ""content_evidence"": {""event"": [""event"", ""grand opening""]}}, ""metadata"": {""hashtags"": [""atlblog"", ""atleats"", ""atlgolf"", ""golf"", ""thingstodoinatlanta""], ""mentions"": [""atllovesmo"", ""fiveirongolf"", ""ladiesathleticclubofatl"", ""ladiesathleticclubofatl.""], ""likes"": 1833, ""comments"": 77, ""video_views"": 24288}}","{""meal_type_evidence"": {""embedding_label"": ""drinks"", ""embedding_similarity"": 0.174, ""baseline_label"": ""drinks"", ""baseline_confidence"": 0.75, ""override"": false, ""reason"": ""weak_embedding_match_keep_baseline""}, ""cuisine_evidence"": {""embedding_cuisines"": [], ""embedding_similarities"": {}, ""baseline_cuisines"": [], ""newly_detected"": [], ""removed"": [], ""reason"": ""no_strong_embedding_matches_keep_baseline""}, ""content_type_evidence"": {""embedding_label"": ""activity"", ""embedding_similarity"": 0.301, ""baseline_label"": ""event"", ""baseline_confidence"": 0.75, ""override"": false, ""reason"": ""weak_embedding_match_keep_baseline""}}"
3169156308833520930,dinner,0.75,dinner,0.656,CONFIDENCE_UPDATED,-0.094,"{""meal_type"": ""dinner"", ""cuisines"": [], ""content_type"": ""mixed"", ""location"": {""name"": null, ""slug"": null}, ""signals"": {""meal_evidence"": {""dinner"": [""dinner"", ""date night""], ""drinks"": [""drink"", ""drinks""]}, ""cuisine_evidence"": {}, ""content_evidence"": {}}, ""metadata"": {""hashtags"": [""atldrinks"", ""atlfoodie"", ""sandyspringsga"", ""whattodoinatl""], ""mentions"": [""atllovesmo"", ""theselectatl""], ""likes"": 2701, ""comments"": 62, ""video_views"": 23163}}","{""meal_type_evidence"": {""embedding_label"": ""dinner"", ""embedding_similarity"": 0.276, ""baseline_label"": ""dinner"", ""baseline_confidence"": 0.75, ""override"": false, ""reason"": ""weak_embedding_match_keep_baseline""}, ""cuisine_evidence"": {""embedding_cuisines"": [], ""embedding_similarities"": {}, ""baseline_cuisines"": [], ""newly_detected"": [], ""removed"": [], ""reason"": ""no_strong_embedding_matches_keep_baseline""}, ""content_type_evidence"": {""embedding_label"": ""food_spot"", ""embedding_similarity"": 0.344, ""baseline_label"": ""mixed"", ""baseline_confidence"": 0.75, ""override"": false, ""reason"": ""weak_embedding_match_keep_baseline""}}"
3506463678088000004,event,0.75,event,0.656,CONFIDENCE_UPDATED,-0.094,"{""meal_type"": ""drinks"", ""cuisines"": [], ""content_type"": ""event"", ""location"": {""name"": ""Atlanta, Georgia"", ""slug"": ""atlanta-georgia""}, ""signals"": {""meal_evidence"": {""dinner"": [""dinner""], ""drinks"": [""bar"", ""gin""]}, ""cuisine_evidence"": {}, ""content_evidence"": {""event"": [""ticket""]}}, ""metadata"": {""hashtags"": [""atlblog"", ""atldatenight"", ""atleats"", ""thingstodoinatlanta""], ""mentions"": [""atllovesmo"", ""bellyardhotel"", ""drawbaratl""], ""likes"": 2039, ""comments"": 79, ""video_views"": 21731}}","{""meal_type_evidence"": {""embedding_label"": ""dessert"", ""embedding_similarity"": 0.293, ""baseline_label"": ""drinks"", ""baseline_confidence"": 0.75, ""override"": false, ""reason"": ""weak_embedding_match_keep_baseline""}, ""cuisine_evidence"": {""embedding_cuisines"": [], ""embedding_similarities"": {}, ""baseline_cuisines"": [], ""newly_detected"": [], ""removed"": [], ""reason"": ""no_strong_embedding_matches_keep_baseline""}, ""content_type_evidence"": {""embedding_label"": ""food_spot"", ""embedding_similarity"": 0.216, ""baseline_label"": ""event"", ""baseline_confidence"": 0.75, ""override"": false, ""reason"": ""weak_embedding_match_keep_baseline""}}"
3747799846679055830,drinks,0.75,drinks,0.656,CONFIDENCE_UPDATED,-0.094,"{""meal_type"": ""drinks"", ""cuisines"": [""coffee_cafe""], ""content_type"": ""food_spot"", ""location"": {""name"": ""Cartersville, Georgia"", ""slug"": ""cartersville-georgia""}, ""signals"": {""meal_evidence"": {""breakfast"": [""bagel""], ""drinks"": [""brewery"", ""bar""]}, ""cuisine_evidence"": {""coffee_cafe"": [""latte""]}, ""content_evidence"": {""food_spot"": [""location_present""]}}, ""metadata"": {""hashtags"": [""atlblog"", ""visitcartersville""], ""mentions"": [""boothmuseum"", ""cartersvillemuseumcity"", ""drownedvalleybrewingco"", ""nagelsbagelsandbrews"", ""savoyautomuseum"", ""tellusmuseum"", ""the.jerks.cartersville""], ""likes"": 2820, ""comments"": 69, ""video_views"": 19521}}","{""meal_type_evidence"": {""embedding_label"": ""dinner"", ""embedding_similarity"": 0.187, ""baseline_label"": ""drinks"", ""baseline_confidence"": 0.75, ""override"": false, ""reason"": ""weak_embedding_match_keep_baseline""}, ""cuisine_evidence"": {""embedding_cuisines"": [], ""embedding_similarities"": {}, ""baseline_cuisines"": [""coffee_cafe""], ""newly_detected"": [], ""removed"": [""coffee_cafe""], ""reason"": ""no_strong_embedding_matches_keep_baseline""}, ""content_type_evidence"": {""embedding_label"": ""activity"", ""embedding_similarity"": 0.488, ""baseline_label"": ""food_spot"", ""baseline_confidence"": 0.75, ""override"": false, ""reason"": ""embedding_disagrees_but_baseline_acceptable""}}"
3698538254031404181,event,0.75,event,0.656,CONFIDENCE_UPDATED,-0.094,"{""meal_type"": ""unknown"", ""cuisines"": [], ""content_type"": ""event"", ""location"": {""name"": ""Atlanta, Georgia"", ""slug"": ""atlanta-georgia""}, ""signals"": {""meal_evidence"": {}, ""cuisine_evidence"": {}, ""content_evidence"": {""event"": [""festival"", ""ticket""]}}, ""metadata"": {""hashtags"": [""atlblog"", ""shakyknees"", ""shakykneespartner"", ""thingstodoinatlanta""], ""mentions"": [""atllovesmo"", ""blink182"", ""deftones"", ""highlysuspect"", ""mychemicalromance"", ""piedmontpark"", ""pixiesofficial."", ""shakykneesfest""], ""likes"": 1381, ""comments"": 57, ""video_views"": 19140}}","{""meal_type_evidence"": {""embedding_label"": ""snack"", ""embedding_similarity"": 0.18, ""baseline_label"": ""unknown"", ""baseline_confidence"": 0.75, ""override"": false, ""reason"": ""weak_embedding_match_keep_baseline""}, ""cuisine_evidence"": {""embedding_cuisines"": [], ""embedding_similarities"": {}, ""baseline_cuisines"": [], ""newly_detected"": [], ""removed"": [], ""reason"": ""no_strong_embedding_matches_keep_baseline""}, ""content_type_evidence"": {""embedding_label"": ""food_spot"", ""embedding_similarity"": 0.312, ""baseline_label"": ""event"", ""baseline_confidence"": 0.75, ""override"": false, ""reason"": ""weak_embedding_match_keep_baseline""}}"
3385870940926993967,event,0.75,event,0.656,CONFIDENCE_UPDATED,-0.094,"{""meal_type"": ""drinks"", ""cuisines"": [], ""content_type"": ""event"", ""location"": {""name"": ""Atlanta, Georgia"", ""slug"": ""atlanta-georgia""}, ""signals"": {""meal_evidence"": {""breakfast"": [""breakfast""], ""drinks"": [""beer"", ""gin""]}, ""cuisine_evidence"": {}, ""content_evidence"": {""event"": [""event"", ""market""]}}, ""metadata"": {""hashtags"": [""atlantablog"", ""atleats"", ""atlmarket"", ""atlvintage"", ""supporttinybusinesses"", ""thingstodoinatlanta""], ""mentions"": [""3timaginarium."", ""atlantadairies"", ""atlantadairies."", ""atllovesmo"", ""gvgatl"", ""homegrownga"", ""therounds.co"", ""topochicousa""], ""likes"": 2164, ""comments"": 51, ""video_views"": 16907}}","{""meal_type_evidence"": {""embedding_label"": ""snack"", ""embedding_similarity"": 0.237, ""baseline_label"": ""drinks"", ""baseline_confidence"": 0.75, ""override"": false, ""reason"": ""weak_embedding_match_keep_baseline""}, ""cuisine_evidence"": {""embedding_cuisines"": [], ""embedding_similarities"": {}, ""baseline_cuisines"": [], ""newly_detected"": [], ""removed"": [], ""reason"": ""no_strong_embedding_matches_keep_baseline""}, ""content_type_evidence"": {""embedding_label"": ""activity"", ""embedding_similarity"": 0.361, ""baseline_label"": ""event"", ""baseline_confidence"": 0.75, ""override"": false, ""reason"": ""embedding_disagrees_but_baseline_acceptable""}}"
3343156464787047687,event,0.75,event,0.656,CONFIDENCE_UPDATED,-0.094,"{""meal_type"": ""drinks"", ""cuisines"": [], ""content_type"": ""event"", ""location"": {""name"": ""Atlanta, Georgia"", ""slug"": ""atlanta-georgia""}, ""signals"": {""meal_evidence"": {""drinks"": [""drink"", ""drinks""]}, ""cuisine_evidence"": {}, ""content_evidence"": {""event"": [""event"", ""ticket""]}}, ""metadata"": {""hashtags"": [""atlantaevent"", ""atlblog"", ""atlrunners"", ""peachtreeroadrace"", ""thingstodoinatlanta""], ""mentions"": [""atlantabeltline"", ""atlantatrackclub"", ""braves"", ""eathawkers"", ""parktavern""], ""likes"": 677, ""comments"": 57, ""video_views"": 16541}}","{""meal_type_evidence"": {""embedding_label"": ""snack"", ""embedding_similarity"": 0.219, ""baseline_label"": ""drinks"", ""baseline_confidence"": 0.75, ""override"": false, ""reason"": ""weak_embedding_match_keep_baseline""}, ""cuisine_evidence"": {""embedding_cuisines"": [], ""embedding_similarities"": {}, ""baseline_cuisines"": [], ""newly_detected"": [], ""removed"": [], ""reason"": ""no_strong_embedding_matches_keep_baseline""}, ""content_type_evidence"": {""embedding_label"": ""activity"", ""embedding_similarity"": 0.286, ""baseline_label"": ""event"", ""baseline_confidence"": 0.75, ""override"": false, ""reason"": ""weak_embedding_match_keep_baseline""}}"
3603310482138035152,drinks,0.75,drinks,0.656,CONFIDENCE_UPDATED,-0.094,"{""meal_type"": ""drinks"", ""cuisines"": [""seafood""], ""content_type"": ""food_spot"", ""location"": {""name"": ""Atlanta, Georgia"", ""slug"": ""atlanta-georgia""}, ""signals"": {""meal_evidence"": {""drinks"": [""bar"", ""happy hour""]}, ""cuisine_evidence"": {""seafood"": [""oyster""]}, ""content_evidence"": {""food_spot"": [""location_present""]}}, ""metadata"": {""hashtags"": [""atldatenight"", ""atlfood"", ""atlfoodie""], ""mentions"": [""atllovesmo"", ""lure.atl""], ""likes"": 2685, ""comments"": 62, ""video_views"": 16504}}","{""meal_type_evidence"": {""embedding_label"": ""snack"", ""embedding_similarity"": 0.253, ""baseline_label"": ""drinks"", ""baseline_confidence"": 0.75, ""override"": false, ""reason"": ""weak_embedding_match_keep_baseline""}, ""cuisine_evidence"": {""embedding_cuisines"": [], ""embedding_similarities"": {}, ""baseline_cuisines"": [""seafood""], ""newly_detected"": [], ""removed"": [""seafood""], ""reason"": ""no_strong_embedding_matches_keep_baseline""}, ""content_type_evidence"": {""embedding_label"": ""food_spot"", ""embedding_similarity"": 0.315, ""baseline_label"": ""food_spot"", ""baseline_confidence"": 0.75, ""override"": false, ""reason"": ""weak_embedding_match_keep_baseline""}}"
3802734995111496428,event,0.75,event,0.656,CONFIDENCE_UPDATED,-0.094,"{""meal_type"": ""dinner"", ""cuisines"": [], ""content_type"": ""event"", ""location"": {""name"": ""Atlanta, Georgia"", ""slug"": ""atlanta-georgia""}, ""signals"": {""meal_evidence"": {""dinner"": [""dinner"", ""date night""]}, ""cuisine_evidence"": {}, ""content_evidence"": {""event"": [""ticket""]}}, ""metadata"": {""hashtags"": [""atlblog"", ""atldatenight"", ""thingstodoinatlanta""], ""mentions"": [""atlantavibevb"", ""gassouthdistrict"", ""mlv""], ""likes"": 2136, ""comments"": 75, ""video_views"": 15221}}","{""meal_type_evidence"": {""embedding_label"": ""drinks"", ""embedding_similarity"": 0.177, ""baseline_label"": ""dinner"", ""baseline_confidence"": 0.75, ""override"": false, ""reason"": ""weak_embedding_match_keep_baseline""}, ""cuisine_evidence"": {""embedding_cuisines"": [], ""embedding_similarities"": {}, ""baseline_cuisines"": [], ""newly_detected"": [], ""removed"": [], ""reason"": ""no_strong_embedding_matches_keep_baseline""}, ""content_type_evidence"": {""embedding_label"": ""event"", ""embedding_similarity"": 0.284, ""baseline_label"": ""event"", ""baseline_confidence"": 0.75, ""override"": false, ""reason"": ""weak_embedding_match_keep_baseline""}}"
3285897844500585527,drinks,0.75,drinks,0.656,CONFIDENCE_UPDATED,-0.094,"{""meal_type"": ""drinks"", ""cuisines"": [""mexican"", ""coffee_cafe""], ""content_type"": ""food_spot"", ""location"": {""name"": ""Atlanta, Georgia"", ""slug"": ""atlanta-georgia""}, ""signals"": {""meal_evidence"": {""drinks"": [""bar"", ""gin""]}, ""cuisine_evidence"": {""mexican"": [""taco""], ""coffee_cafe"": [""coffee""]}, ""content_evidence"": {""food_spot"": [""location_present""]}}, ""metadata"": {""hashtags"": [""atlanta"", ""atlblog"", ""atleats"", ""switchyards"", ""thingstodoinatl""], ""mentions"": [""atlantacoffeeshops"", ""switchyards""], ""likes"": 1490, ""comments"": 98, ""video_views"": 14947}}","{""meal_type_evidence"": {""embedding_label"": ""drinks"", ""embedding_similarity"": 0.234, ""baseline_label"": ""drinks"", ""baseline_confidence"": 0.75, ""override"": false, ""reason"": ""weak_embedding_match_keep_baseline""}, ""cuisine_evidence"": {""embedding_cuisines"": [], ""embedding_similarities"": {}, ""baseline_cuisines"": [""mexican"", ""coffee_cafe""], ""newly_detected"": [], ""removed"": [""mexican"", ""coffee_cafe""], ""reason"": ""no_strong_embedding_matches_keep_baseline""}, ""content_type_evidence"": {""embedding_label"": ""food_spot"", ""embedding_similarity"": 0.349, ""baseline_label"": ""food_spot"", ""baseline_confidence"": 0.75, ""override"": false, ""reason"": ""weak_embedding_match_keep_baseline""}}"
3235875630607856622,event,0.75,event,0.656,CONFIDENCE_UPDATED,-0.094,"{""meal_type"": ""unknown"", ""cuisines"": [], ""content_type"": ""event"", ""location"": {""name"": null, ""slug"": null}, ""signals"": {""meal_evidence"": {}, ""cuisine_evidence"": {}, ""content_evidence"": {""event"": [""event"", ""ticket""]}}, ""metadata"": {""hashtags"": [""atlhawks"", ""atlsports"", ""basketball"", ""datenight"", ""gosports"", ""sports""], ""mentions"": [""atlhawks"", ""atllovesmo"", ""statefarmarena"", ""tickpick""], ""likes"": 931, ""comments"": 84, ""video_views"": 12640}}","{""meal_type_evidence"": {""embedding_label"": ""drinks"", ""embedding_similarity"": 0.218, ""baseline_label"": ""unknown"", ""baseline_confidence"": 0.75, ""override"": false, ""reason"": ""weak_embedding_match_keep_baseline""}, ""cuisine_evidence"": {""embedding_cuisines"": [], ""embedding_similarities"": {}, ""baseline_cuisines"": [], ""newly_detected"": [], ""removed"": [], ""reason"": ""no_strong_embedding_matches_keep_baseline""}, ""content_type_evidence"": {""embedding_label"": ""food_spot"", ""embedding_similarity"": 0.249, ""baseline_label"": ""event"", ""baseline_confidence"": 0.75, ""override"": false, ""reason"": ""weak_embedding_match_keep_baseline""}}"
3298924495351015598,lunch,0.75,lunch,0.656,CONFIDENCE_UPDATED,-0.094,"{""meal_type"": ""lunch"", ""cuisines"": [""bakery""], ""content_type"": ""food_spot"", ""location"": {""name"": ""Atlanta, Georgia"", ""slug"": ""atlanta-georgia""}, ""signals"": {""meal_evidence"": {""lunch"": [""lunch"", ""sandwich""], ""dessert"": [""cake""]}, ""cuisine_evidence"": {""bakery"": [""bakery""]}, ""content_evidence"": {""food_spot"": [""location_present""]}}, ""metadata"": {""hashtags"": [""atlanta"", ""atlbakery"", ""atleats"", ""atlfoodie""], ""mentions"": [""atllovesmo"", ""henrisbakery1929""], ""likes"": 1140, ""comments"": 466, ""video_views"": 11296}}","{""meal_type_evidence"": {""embedding_label"": ""dessert"", ""embedding_similarity"": 0.282, ""baseline_label"": ""lunch"", ""baseline_confidence"": 0.75, ""override"": false, ""reason"": ""weak_embedding_match_keep_baseline""}, ""cuisine_evidence"": {""embedding_cuisines"": [""american""], ""embedding_similarities"": {""american"": 0.406}, ""baseline_cuisines"": [""bakery""], ""newly_detected"": [""american""], ""removed"": [""bakery""], ""reason"": ""embedding_refined_cuisine_list""}, ""content_type_evidence"": {""embedding_label"": ""food_spot"", ""embedding_similarity"": 0.289, ""baseline_label"": ""food_spot"", ""baseline_confidence"": 0.75, ""override"": false, ""reason"": ""weak_embedding_match_keep_baseline""}}"
3779770226289228222,event,0.75,event,0.656,CONFIDENCE_UPDATED,-0.094,"{""meal_type"": ""dinner"", ""cuisines"": [], ""content_type"": ""event"", ""location"": {""name"": ""Atlanta, Georgia"", ""slug"": ""atlanta-georgia""}, ""signals"": {""meal_evidence"": {""dinner"": [""date night""], ""drinks"": [""gin""]}, ""cuisine_evidence"": {}, ""content_evidence"": {""event"": [""event"", ""ticket""]}}, ""metadata"": {""hashtags"": [], ""mentions"": [""atllovesmo"", ""zooatl""], ""likes"": 1365, ""comments"": 95, ""video_views"": 10397}}","{""meal_type_evidence"": {""embedding_label"": ""dinner"", ""embedding_similarity"": 0.277, ""baseline_label"": ""dinner"", ""baseline_confidence"": 0.75, ""override"": false, ""reason"": ""weak_embedding_match_keep_baseline""}, ""cuisine_evidence"": {""embedding_cuisines"": [], ""embedding_similarities"": {}, ""baseline_cuisines"": [], ""newly_detected"": [], ""removed"": [], ""reason"": ""no_strong_embedding_matches_keep_baseline""}, ""content_type_evidence"": {""embedding_label"": ""event"", ""embedding_similarity"": 0.309, ""baseline_label"": ""event"", ""baseline_confidence"": 0.75, ""override"": false, ""reason"": ""weak_embedding_match_keep_baseline""}}"
3329347547384531292,drinks,0.75,drinks,0.656,CONFIDENCE_UPDATED,-0.094,"{""meal_type"": ""drinks"", ""cuisines"": [], ""content_type"": ""food_spot"", ""location"": {""name"": ""Atlanta, Georgia"", ""slug"": ""atlanta-georgia""}, ""signals"": {""meal_evidence"": {""drinks"": [""gin"", ""rum""]}, ""cuisine_evidence"": {}, ""content_evidence"": {""food_spot"": [""location_present""]}}, ""metadata"": {""hashtags"": [""atlantablog"", ""atlhealthandwellness"", ""mobilesauna""], ""mentions"": [""atllovesmo"", ""meltmobilesauna"", ""richandfitclub.""], ""likes"": 419, ""comments"": 218, ""video_views"": 7935}}","{""meal_type_evidence"": {""embedding_label"": ""snack"", ""embedding_similarity"": 0.087, ""baseline_label"": ""drinks"", ""baseline_confidence"": 0.75, ""override"": false, ""reason"": ""weak_embedding_match_keep_baseline""}, ""cuisine_evidence"": {""embedding_cuisines"": [], ""embedding_similarities"": {}, ""baseline_cuisines"": [], ""newly_detected"": [], ""removed"": [], ""reason"": ""no_strong_embedding_matches_keep_baseline""}, ""content_type_evidence"": {""embedding_label"": ""mixed"", ""embedding_similarity"": 0.179, ""baseline_label"": ""food_spot"", ""baseline_confidence"": 0.75, ""override"": false, ""reason"": ""weak_embedding_match_keep_baseline""}}"
3408351264105654679,event,0.75,event,0.656,CONFIDENCE_UPDATED,-0.094,"{""meal_type"": ""drinks"", ""cuisines"": [""mexican"", ""bakery"", ""coffee_cafe""], ""content_type"": ""event"", ""location"": {""name"": ""Atlanta, Georgia"", ""slug"": ""atlanta-georgia""}, ""signals"": {""meal_evidence"": {""drinks"": [""drink"", ""drinks""]}, ""cuisine_evidence"": {""mexican"": [""taco""], ""bakery"": [""bread""], ""coffee_cafe"": [""coffee"", ""latte""]}, ""content_evidence"": {""event"": [""event"", ""seasonal""]}}, ""metadata"": {""hashtags"": [""atlantacoffee"", ""atlblog"", ""atlcoffeeshops"", ""atleats""], ""mentions"": [""atlantawestend."", ""atllovesmo"", ""colettebread."", ""portraitcoffee""], ""likes"": 937, ""comments"": 92, ""video_views"": 7876}}","{""meal_type_evidence"": {""embedding_label"": ""dessert"", ""embedding_similarity"": 0.298, ""baseline_label"": ""drinks"", ""baseline_confidence"": 0.75, ""override"": false, ""reason"": ""weak_embedding_match_keep_baseline""}, ""cuisine_evidence"": {""embedding_cuisines"": [""coffee_cafe""], ""embedding_similarities"": {""coffee_cafe"": 0.428}, ""baseline_cuisines"": [""mexican"", ""bakery"", ""coffee_cafe""], ""newly_detected"": [], ""removed"": [""mexican"", ""bakery""], ""reason"": ""embedding_refined_cuisine_list""}, ""content_type_evidence"": {""embedding_label"": ""food_spot"", ""embedding_similarity"": 0.366, ""baseline_label"": ""event"", ""baseline_confidence"": 0.75, ""override"": false, ""reason"": ""embedding_disagrees_but_baseline_acceptable""}}"
3141686086342408403,drinks,0.75,drinks,0.656,CONFIDENCE_UPDATED,-0.094,"{""meal_type"": ""drinks"", ""cuisines"": [""italian""], ""content_type"": ""food_spot"", ""location"": {""name"": ""Edgewood Ave"", ""slug"": ""edgewood-ave""}, ""signals"": {""meal_evidence"": {""drinks"": [""beer"", ""bar""]}, ""cuisine_evidence"": {""italian"": [""pizza""]}, ""content_evidence"": {""food_spot"": [""location_present""]}}, ""metadata"": {""hashtags"": [""oldfourthward""], ""mentions"": [""atllovesmo"", ""biggerstaffbrewing"", ""chromeyellowtradingco"", ""fetchparko4w"", ""gabeergarden"", ""lloydspizzaparty"", ""mambozombi""], ""likes"": 515, ""comments"": 31, ""video_views"": 7426}}","{""meal_type_evidence"": {""embedding_label"": ""snack"", ""embedding_similarity"": 0.271, ""baseline_label"": ""drinks"", ""baseline_confidence"": 0.75, ""override"": false, ""reason"": ""weak_embedding_match_keep_baseline""}, ""cuisine_evidence"": {""embedding_cuisines"": [], ""embedding_similarities"": {}, ""baseline_cuisines"": [""italian""], ""newly_detected"": [], ""removed"": [""italian""], ""reason"": ""no_strong_embedding_matches_keep_baseline""}, ""content_type_evidence"": {""embedding_label"": ""food_spot"", ""embedding_similarity"": 0.348, ""baseline_label"": ""food_spot"", ""baseline_confidence"": 0.75, ""override"": false, ""reason"": ""weak_embedding_match_keep_baseline""}}"
3700529018911858407,drinks,0.75,drinks,0.656,CONFIDENCE_UPDATED,-0.094,"{""meal_type"": ""drinks"", ""cuisines"": [], ""content_type"": ""food_spot"", ""location"": {""name"": ""Atlanta, Georgia"", ""slug"": ""atlanta-georgia""}, ""signals"": {""meal_evidence"": {""drinks"": [""bar"", ""gin""]}, ""cuisine_evidence"": {}, ""content_evidence"": {""food_spot"": [""location_present""]}}, ""metadata"": {""hashtags"": [""atlblog"", ""atlpickleball"", ""pdbatl"", ""thingstodoinatlanta""], ""mentions"": [""pdbatl.""], ""likes"": 445, ""comments"": 45, ""video_views"": 7299}}","{""meal_type_evidence"": {""embedding_label"": ""dinner"", ""embedding_similarity"": 0.175, ""baseline_label"": ""drinks"", ""baseline_confidence"": 0.75, ""override"": false, ""reason"": ""weak_embedding_match_keep_baseline""}, ""cuisine_evidence"": {""embedding_cuisines"": [], ""embedding_similarities"": {}, ""baseline_cuisines"": [], ""newly_detected"": [], ""removed"": [], ""reason"": ""no_strong_embedding_matches_keep_baseline""}, ""content_type_evidence"": {""embedding_label"": ""event"", ""embedding_similarity"": 0.226, ""baseline_label"": ""food_spot"", ""baseline_confidence"": 0.75, ""override"": false, ""reason"": ""weak_embedding_match_keep_baseline""}}"
3749239303986819182,event,0.75,event,0.656,CONFIDENCE_UPDATED,-0.094,"{""meal_type"": ""drinks"", ""cuisines"": [""mediterranean""], ""content_type"": ""event"", ""location"": {""name"": ""Atlanta, Georgia"", ""slug"": ""atlanta-georgia""}, ""signals"": {""meal_evidence"": {""drinks"": [""cocktail"", ""cocktails""]}, ""cuisine_evidence"": {""mediterranean"": [""mediterranean""]}, ""content_evidence"": {""event"": [""live music""]}}, ""metadata"": {""hashtags"": [""atlblog"", ""atldatenight""], ""mentions"": [""fernbankmuseum""], ""likes"": 824, ""comments"": 63, ""video_views"": 6599}}","{""meal_type_evidence"": {""embedding_label"": ""drinks"", ""embedding_similarity"": 0.23, ""baseline_label"": ""drinks"", ""baseline_confidence"": 0.75, ""override"": false, ""reason"": ""weak_embedding_match_keep_baseline""}, ""cuisine_evidence"": {""embedding_cuisines"": [], ""embedding_similarities"": {}, ""baseline_cuisines"": [""mediterranean""], ""newly_detected"": [], ""removed"": [""mediterranean""], ""reason"": ""no_strong_embedding_matches_keep_baseline""}, ""content_type_evidence"": {""embedding_label"": ""activity"", ""embedding_similarity"": 0.342, ""baseline_label"": ""event"", ""baseline_confidence"": 0.75, ""override"": false, ""reason"": ""weak_embedding_match_keep_baseline""}}"
3764500500390686541,event,0.75,event,0.656,CONFIDENCE_UPDATED,-0.094,"{""meal_type"": ""unknown"", ""cuisines"": [], ""content_type"": ""event"", ""location"": {""name"": ""Atlanta, Georgia"", ""slug"": ""atlanta-georgia""}, ""signals"": {""meal_evidence"": {}, ""cuisine_evidence"": {}, ""content_evidence"": {""event"": [""event"", ""ticket""]}}, ""metadata"": {""hashtags"": [], ""mentions"": [""scaddotedu"", ""scadfash""], ""likes"": 1359, ""comments"": 68, ""video_views"": 5931}}","{""meal_type_evidence"": {""embedding_label"": ""dinner"", ""embedding_similarity"": 0.118, ""baseline_label"": ""unknown"", ""baseline_confidence"": 0.75, ""override"": false, ""reason"": ""weak_embedding_match_keep_baseline""}, ""cuisine_evidence"": {""embedding_cuisines"": [], ""embedding_similarities"": {}, ""baseline_cuisines"": [], ""newly_detected"": [], ""removed"": [], ""reason"": ""no_strong_embedding_matches_keep_baseline""}, ""content_type_evidence"": {""embedding_label"": ""activity"", ""embedding_similarity"": 0.34, ""baseline_label"": ""event"", ""baseline_confidence"": 0.75, ""override"": false, ""reason"": ""weak_embedding_match_keep_baseline""}}"
3304019602235902649,drinks,0.75,drinks,0.656,CONFIDENCE_UPDATED,-0.094,"{""meal_type"": ""drinks"", ""cuisines"": [], ""content_type"": ""food_spot"", ""location"": {""name"": ""FACE FOUNDRIÉ"", ""slug"": ""face-foundrie""}, ""signals"": {""meal_evidence"": {""drinks"": [""bar"", ""gin""]}, ""cuisine_evidence"": {}, ""content_evidence"": {""food_spot"": [""location_present""]}}, ""metadata"": {""hashtags"": [""atlanta"", ""atlbeauty"", ""atlblog"", ""atlselfcare"", ""hosted""], ""mentions"": [""atllovesmo"", ""facefoundrie""], ""likes"": 386, ""comments"": 76, ""video_views"": 5134}}","{""meal_type_evidence"": {""embedding_label"": ""dessert"", ""embedding_similarity"": 0.214, ""baseline_label"": ""drinks"", ""baseline_confidence"": 0.75, ""override"": false, ""reason"": ""weak_embedding_match_keep_baseline""}, ""cuisine_evidence"": {""embedding_cuisines"": [], ""embedding_similarities"": {}, ""baseline_cuisines"": [], ""newly_detected"": [], ""removed"": [], ""reason"": ""no_strong_embedding_matches_keep_baseline""}, ""content_type_evidence"": {""embedding_label"": ""event"", ""embedding_similarity"": 0.083, ""baseline_label"": ""food_spot"", ""baseline_confidence"": 0.75, ""override"": false, ""reason"": ""weak_embedding_match_keep_baseline""}}"
3111216191675196082,event,0.75,event,0.656,CONFIDENCE_UPDATED,-0.094,"{""meal_type"": ""drinks"", ""cuisines"": [""mexican"", ""coffee_cafe""], ""content_type"": ""event"", ""location"": {""name"": ""Chrome Yellow Trading Co."", ""slug"": ""chrome-yellow-trading-co""}, ""signals"": {""meal_evidence"": {""drinks"": [""drink"", ""drinks""]}, ""cuisine_evidence"": {""mexican"": [""taco""], ""coffee_cafe"": [""coffee""]}, ""content_evidence"": {""event"": [""seasonal""]}}, ""metadata"": {""hashtags"": [""atlanta"", ""atlantacoffee"", ""atlcoffee"", ""atlcoffeeshops""], ""mentions"": [""chromeyellowtradingco""], ""likes"": 212, ""comments"": 4, ""video_views"": 3015}}","{""meal_type_evidence"": {""embedding_label"": ""dessert"", ""embedding_similarity"": 0.248, ""baseline_label"": ""drinks"", ""baseline_confidence"": 0.75, ""override"": false, ""reason"": ""weak_embedding_match_keep_baseline""}, ""cuisine_evidence"": {""embedding_cuisines"": [], ""embedding_similarities"": {}, ""baseline_cuisines"": [""mexican"", ""coffee_cafe""], ""newly_detected"": [], ""removed"": [""mexican"", ""coffee_cafe""], ""reason"": ""no_strong_embedding_matches_keep_baseline""}, ""content_type_evidence"": {""embedding_label"": ""food_spot"", ""embedding_similarity"": 0.332, ""baseline_label"": ""event"", ""baseline_confidence"": 0.75, ""override"": false, ""reason"": ""weak_embedding_match_keep_baseline""}}"
2978283951905275634,drinks,0.75,drinks,0.656,CONFIDENCE_UPDATED,-0.094,"{""meal_type"": ""drinks"", ""cuisines"": [], ""content_type"": ""mixed"", ""location"": {""name"": null, ""slug"": null}, ""signals"": {""meal_evidence"": {""drinks"": [""shot"", ""shots""]}, ""cuisine_evidence"": {}, ""content_evidence"": {}}, ""metadata"": {""hashtags"": [""atlantacreative"", ""atlantacreatives"", ""atlcreativemedia"", ""behindthescenes"", ""behindthescenesphotoshoot"", ""creativemedia"", ""foodphotography"", ""foodphotographyatl"", ""noodlepull""], ""mentions"": [""wagamamausa""], ""likes"": 251, ""comments"": 18, ""video_views"": 1850}}","{""meal_type_evidence"": {""embedding_label"": ""dinner"", ""embedding_similarity"": 0.238, ""baseline_label"": ""drinks"", ""baseline_confidence"": 0.75, ""override"": false, ""reason"": ""weak_embedding_match_keep_baseline""}, ""cuisine_evidence"": {""embedding_cuisines"": [], ""embedding_similarities"": {}, ""baseline_cuisines"": [], ""newly_detected"": [], ""removed"": [], ""reason"": ""no_strong_embedding_matches_keep_baseline""}, ""content_type_evidence"": {""embedding_label"": ""food_spot"", ""embedding_similarity"": 0.261, ""baseline_label"": ""mixed"", ""baseline_confidence"": 0.75, ""override"": false, ""reason"": ""weak_embedding_match_keep_baseline""}}"
3659375066182642569,drinks,0.75,drinks,0.656,CONFIDENCE_UPDATED,-0.094,"{""meal_type"": ""drinks"", ""cuisines"": [""italian""], ""content_type"": ""food_spot"", ""location"": {""name"": ""Atlanta, Georgia"", ""slug"": ""atlanta-georgia""}, ""signals"": {""meal_evidence"": {""drinks"": [""wine"", ""gin""]}, ""cuisine_evidence"": {""italian"": [""pizza""]}, ""content_evidence"": {""food_spot"": [""location_present""]}}, ""metadata"": {""hashtags"": [""1"", ""atlblog"", ""atleats"", ""atlfoodie""], ""mentions"": [""varasanospizzeria""], ""likes"": 745, ""comments"": 55, ""video_views"": 1682}}","{""meal_type_evidence"": {""embedding_label"": ""brunch"", ""embedding_similarity"": 0.251, ""baseline_label"": ""drinks"", ""baseline_confidence"": 0.75, ""override"": false, ""reason"": ""weak_embedding_match_keep_baseline""}, ""cuisine_evidence"": {""embedding_cuisines"": [""italian""], ""embedding_similarities"": {""italian"": 0.412}, ""baseline_cuisines"": [""italian""], ""newly_detected"": [], ""removed"": [], ""reason"": ""embedding_confirms_baseline""}, ""content_type_evidence"": {""embedding_label"": ""food_spot"", ""embedding_similarity"": 0.317, ""baseline_label"": ""food_spot"", ""baseline_confidence"": 0.75, ""override"": false, ""reason"": ""weak_embedding_match_keep_baseline""}}"
3657965745427330231,event,0.75,event,0.656,CONFIDENCE_UPDATED,-0.094,"{""meal_type"": ""drinks"", ""cuisines"": [], ""content_type"": ""event"", ""location"": {""name"": ""Atlanta, Georgia"", ""slug"": ""atlanta-georgia""}, ""signals"": {""meal_evidence"": {""drinks"": [""drink"", ""drinks""]}, ""cuisine_evidence"": {}, ""content_evidence"": {""event"": [""live music""]}}, ""metadata"": {""hashtags"": [""atlblog""], ""mentions"": [""atllovesmo"", ""fernbankmuseum""], ""likes"": 5220, ""comments"": 83, ""video_views"": 1315}}","{""meal_type_evidence"": {""embedding_label"": ""dinner"", ""embedding_similarity"": 0.15, ""baseline_label"": ""drinks"", ""baseline_confidence"": 0.75, ""override"": false, ""reason"": ""weak_embedding_match_keep_baseline""}, ""cuisine_evidence"": {""embedding_cuisines"": [], ""embedding_similarities"": {}, ""baseline_cuisines"": [], ""newly_detected"": [], ""removed"": [], ""reason"": ""no_strong_embedding_matches_keep_baseline""}, ""content_type_evidence"": {""embedding_label"": ""activity"", ""embedding_similarity"": 0.423, ""baseline_label"": ""event"", ""baseline_confidence"": 0.75, ""override"": false, ""reason"": ""embedding_disagrees_but_baseline_acceptable""}}"
3628182848982206550,event,0.75,event,0.656,CONFIDENCE_UPDATED,-0.094,"{""meal_type"": ""unknown"", ""cuisines"": [""bakery"", ""coffee_cafe""], ""content_type"": ""event"", ""location"": {""name"": ""Atlanta, Georgia"", ""slug"": ""atlanta-georgia""}, ""signals"": {""meal_evidence"": {}, ""cuisine_evidence"": {""bakery"": [""bread""], ""coffee_cafe"": [""coffee""]}, ""content_evidence"": {""event"": [""festival"", ""market""]}}, ""metadata"": {""hashtags"": [""atlanta"", ""atlblog"", ""atlthingstodoinatlanta""], ""mentions"": [""atlantajazzfestival"", ""atllovesmo"", ""breakawayatl"", ""closefriendsatl"", ""coffeewasblack"", ""colettebread"", ""getroeme."", ""highmuseumofart"", ""press.shop"", ""taylorgoesemo"", ""theritual.atl""], ""likes"": 4142, ""comments"": 124, ""video_views"": null}}","{""meal_type_evidence"": {""embedding_label"": ""snack"", ""embedding_similarity"": 0.297, ""baseline_label"": ""unknown"", ""baseline_confidence"": 0.75, ""override"": false, ""reason"": ""weak_embedding_match_keep_baseline""}, ""cuisine_evidence"": {""embedding_cuisines"": [], ""embedding_similarities"": {}, ""baseline_cuisines"": [""bakery"", ""coffee_cafe""], ""newly_detected"": [], ""removed"": [""coffee_cafe"", ""bakery""], ""reason"": ""no_strong_embedding_matches_keep_baseline""}, ""content_type_evidence"": {""embedding_label"": ""food_spot"", ""embedding_similarity"": 0.322, ""baseline_label"": ""event"", ""baseline_confidence"": 0.75, ""override"": false, ""reason"": ""weak_embedding_match_keep_baseline""}}"
3717954195049005482,event,0.75,event,0.656,CONFIDENCE_UPDATED,-0.094,"{""meal_type"": ""unknown"", ""cuisines"": [], ""content_type"": ""event"", ""location"": {""name"": ""Atlanta, Georgia"", ""slug"": ""atlanta-georgia""}, ""signals"": {""meal_evidence"": {}, ""cuisine_evidence"": {}, ""content_evidence"": {""event"": [""festival"", ""event""]}}, ""metadata"": {""hashtags"": [""atlblog""], ""mentions"": [], ""likes"": 2293, ""comments"": 105, ""video_views"": null}}","{""meal_type_evidence"": {""embedding_label"": ""drinks"", ""embedding_similarity"": 0.143, ""baseline_label"": ""unknown"", ""baseline_confidence"": 0.75, ""override"": false, ""reason"": ""weak_embedding_match_keep_baseline""}, ""cuisine_evidence"": {""embedding_cuisines"": [], ""embedding_similarities"": {}, ""baseline_cuisines"": [], ""newly_detected"": [], ""removed"": [], ""reason"": ""no_strong_embedding_matches_keep_baseline""}, ""content_type_evidence"": {""embedding_label"": ""event"", ""embedding_similarity"": 0.311, ""baseline_label"": ""event"", ""baseline_confidence"": 0.75, ""override"": false, ""reason"": ""weak_embedding_match_keep_baseline""}}"
3413027504372170401,event,0.75,event,0.656,CONFIDENCE_UPDATED,-0.094,"{""meal_type"": ""dinner"", ""cuisines"": [], ""content_type"": ""event"", ""location"": {""name"": ""Atlanta, Georgia"", ""slug"": ""atlanta-georgia""}, ""signals"": {""meal_evidence"": {""dinner"": [""date night""], ""drinks"": [""drink""]}, ""cuisine_evidence"": {}, ""content_evidence"": {""event"": [""event"", ""ticket""]}}, ""metadata"": {""hashtags"": [""atlantaopen"", ""atlanticstation"", ""atldatenight"", ""atltennis"", ""thingstodoinatlanta""], ""mentions"": [""atlantaopentennis"", ""atlanticstation"", ""atlanticstation."", ""benshelton"", ""johnrisner""], ""likes"": 2279, ""comments"": 53, ""video_views"": null}}","{""meal_type_evidence"": {""embedding_label"": ""dinner"", ""embedding_similarity"": 0.214, ""baseline_label"": ""dinner"", ""baseline_confidence"": 0.75, ""override"": false, ""reason"": ""weak_embedding_match_keep_baseline""}, ""cuisine_evidence"": {""embedding_cuisines"": [], ""embedding_similarities"": {}, ""baseline_cuisines"": [], ""newly_detected"": [], ""removed"": [], ""reason"": ""no_strong_embedding_matches_keep_baseline""}, ""content_type_evidence"": {""embedding_label"": ""event"", ""embedding_similarity"": 0.271, ""baseline_label"": ""event"", ""baseline_confidence"": 0.75, ""override"": false, ""reason"": ""weak_embedding_match_keep_baseline""}}"
3734554027624581555,drinks,0.75,drinks,0.656,CONFIDENCE_UPDATED,-0.094,"{""meal_type"": ""drinks"", ""cuisines"": [], ""content_type"": ""food_spot"", ""location"": {""name"": ""Atlanta, Georgia"", ""slug"": ""atlanta-georgia""}, ""signals"": {""meal_evidence"": {""dinner"": [""date night""], ""drinks"": [""drink"", ""drinks""]}, ""cuisine_evidence"": {}, ""content_evidence"": {""food_spot"": [""location_present""]}}, ""metadata"": {""hashtags"": [], ""mentions"": [], ""likes"": 2083, ""comments"": 106, ""video_views"": null}}","{""meal_type_evidence"": {""embedding_label"": ""snack"", ""embedding_similarity"": 0.236, ""baseline_label"": ""drinks"", ""baseline_confidence"": 0.75, ""override"": false, ""reason"": ""weak_embedding_match_keep_baseline""}, ""cuisine_evidence"": {""embedding_cuisines"": [], ""embedding_similarities"": {}, ""baseline_cuisines"": [], ""newly_detected"": [], ""removed"": [], ""reason"": ""no_strong_embedding_matches_keep_baseline""}, ""content_type_evidence"": {""embedding_label"": ""activity"", ""embedding_similarity"": 0.239, ""baseline_label"": ""food_spot"", ""baseline_confidence"": 0.75, ""override"": false, ""reason"": ""weak_embedding_match_keep_baseline""}}"
3651167187739486468,event,0.75,event,0.656,CONFIDENCE_UPDATED,-0.094,"{""meal_type"": ""unknown"", ""cuisines"": [], ""content_type"": ""event"", ""location"": {""name"": ""Atlanta, Georgia"", ""slug"": ""atlanta-georgia""}, ""signals"": {""meal_evidence"": {}, ""cuisine_evidence"": {}, ""content_evidence"": {""event"": [""festival"", ""market""]}}, ""metadata"": {""hashtags"": [""atlanta"", ""atlblog"", ""juneteenth"", ""thingstodoinatl""], ""mentions"": [""atllovesmo""], ""likes"": 1645, ""comments"": 84, ""video_views"": null}}","{""meal_type_evidence"": {""embedding_label"": ""dinner"", ""embedding_similarity"": 0.185, ""baseline_label"": ""unknown"", ""baseline_confidence"": 0.75, ""override"": false, ""reason"": ""weak_embedding_match_keep_baseline""}, ""cuisine_evidence"": {""embedding_cuisines"": [], ""embedding_similarities"": {}, ""baseline_cuisines"": [], ""newly_detected"": [], ""removed"": [], ""reason"": ""no_strong_embedding_matches_keep_baseline""}, ""content_type_evidence"": {""embedding_label"": ""event"", ""embedding_similarity"": 0.329, ""baseline_label"": ""event"", ""baseline_confidence"": 0.75, ""override"": false, ""reason"": ""weak_embedding_match_keep_baseline""}}"
3845511194795435396,event,0.75,event,0.656,CONFIDENCE_UPDATED,-0.094,"{""meal_type"": ""drinks"", ""cuisines"": [], ""content_type"": ""event"", ""location"": {""name"": ""Atlanta, Georgia"", ""slug"": ""atlanta-georgia""}, ""signals"": {""meal_evidence"": {""drinks"": [""bar""]}, ""cuisine_evidence"": {}, ""content_evidence"": {""event"": [""event"", ""live music""]}}, ""metadata"": {""hashtags"": [], ""mentions"": [], ""likes"": 884, ""comments"": 73, ""video_views"": null}}","{""meal_type_evidence"": {""embedding_label"": ""dinner"", ""embedding_similarity"": 0.229, ""baseline_label"": ""drinks"", ""baseline_confidence"": 0.75, ""override"": false, ""reason"": ""weak_embedding_match_keep_baseline""}, ""cuisine_evidence"": {""embedding_cuisines"": [], ""embedding_similarities"": {}, ""baseline_cuisines"": [], ""newly_detected"": [], ""removed"": [], ""reason"": ""no_strong_embedding_matches_keep_baseline""}, ""content_type_evidence"": {""embedding_label"": ""activity"", ""embedding_similarity"": 0.313, ""baseline_label"": ""event"", ""baseline_confidence"": 0.75, ""override"": false, ""reason"": ""weak_embedding_match_keep_baseline""}}"
3400392742638311603,event,0.75,event,0.656,CONFIDENCE_UPDATED,-0.094,"{""meal_type"": ""dessert"", ""cuisines"": [], ""content_type"": ""event"", ""location"": {""name"": ""Atlanta, Georgia"", ""slug"": ""atlanta-georgia""}, ""signals"": {""meal_evidence"": {""dessert"": [""cake""]}, ""cuisine_evidence"": {}, ""content_evidence"": {""event"": [""festival"", ""ticket""]}}, ""metadata"": {""hashtags"": [""atlantafood"", ""atleats"", ""atlfestival"", ""atlfoodie""], ""mentions"": [""cooksatl""], ""likes"": 714, ""comments"": 42, ""video_views"": null}}","{""meal_type_evidence"": {""embedding_label"": ""dinner"", ""embedding_similarity"": 0.285, ""baseline_label"": ""dessert"", ""baseline_confidence"": 0.75, ""override"": false, ""reason"": ""weak_embedding_match_keep_baseline""}, ""cuisine_evidence"": {""embedding_cuisines"": [], ""embedding_similarities"": {}, ""baseline_cuisines"": [], ""newly_detected"": [], ""removed"": [], ""reason"": ""no_strong_embedding_matches_keep_baseline""}, ""content_type_evidence"": {""embedding_label"": ""food_spot"", ""embedding_similarity"": 0.303, ""baseline_label"": ""event"", ""baseline_confidence"": 0.75, ""override"": false, ""reason"": ""weak_embedding_match_keep_baseline""}}"
3552157402365109702,event,0.75,event,0.656,CONFIDENCE_UPDATED,-0.094,"{""meal_type"": ""drinks"", ""cuisines"": [], ""content_type"": ""event"", ""location"": {""name"": ""Atlanta, Georgia"", ""slug"": ""atlanta-georgia""}, ""signals"": {""meal_evidence"": {""dinner"": [""dinner""], ""drinks"": [""drink"", ""drinks""]}, ""cuisine_evidence"": {}, ""content_evidence"": {""event"": [""event"", ""ticket""]}}, ""metadata"": {""hashtags"": [""aquapass"", ""atlblog"", ""atldatenight"", ""georgiaaquarium"", ""thingstodoinatlanta""], ""mentions"": [""georgiaaquarium""], ""likes"": 686, ""comments"": 59, ""video_views"": null}}","{""meal_type_evidence"": {""embedding_label"": ""drinks"", ""embedding_similarity"": 0.127, ""baseline_label"": ""drinks"", ""baseline_confidence"": 0.75, ""override"": false, ""reason"": ""weak_embedding_match_keep_baseline""}, ""cuisine_evidence"": {""embedding_cuisines"": [], ""embedding_similarities"": {}, ""baseline_cuisines"": [], ""newly_detected"": [], ""removed"": [], ""reason"": ""no_strong_embedding_matches_keep_baseline""}, ""content_type_evidence"": {""embedding_label"": ""activity"", ""embedding_similarity"": 0.298, ""baseline_label"": ""event"", ""baseline_confidence"": 0.75, ""override"": false, ""reason"": ""weak_embedding_match_keep_baseline""}}"
3570971447348048668,event,0.75,event,0.656,CONFIDENCE_UPDATED,-0.094,"{""meal_type"": ""drinks"", ""cuisines"": [""seafood""], ""content_type"": ""event"", ""location"": {""name"": ""Atlanta, Georgia"", ""slug"": ""atlanta-georgia""}, ""signals"": {""meal_evidence"": {""drinks"": [""beer""]}, ""cuisine_evidence"": {""seafood"": [""oyster""]}, ""content_evidence"": {""event"": [""live music"", ""ticket""]}}, ""metadata"": {""hashtags"": [], ""mentions"": [""atllovesmo"", ""steamhouselounge""], ""likes"": 565, ""comments"": 357, ""video_views"": null}}","{""meal_type_evidence"": {""embedding_label"": ""snack"", ""embedding_similarity"": 0.273, ""baseline_label"": ""drinks"", ""baseline_confidence"": 0.75, ""override"": false, ""reason"": ""weak_embedding_match_keep_baseline""}, ""cuisine_evidence"": {""embedding_cuisines"": [], ""embedding_similarities"": {}, ""baseline_cuisines"": [""seafood""], ""newly_detected"": [], ""removed"": [""seafood""], ""reason"": ""no_strong_embedding_matches_keep_baseline""}, ""content_type_evidence"": {""embedding_label"": ""food_spot"", ""embedding_similarity"": 0.379, ""baseline_label"": ""event"", ""baseline_confidence"": 0.75, ""override"": false, ""reason"": ""embedding_disagrees_but_baseline_acceptable""}}"
3277180975900655723,breakfast,0.65,breakfast,0.552,CONFIDENCE_UPDATED,-0.098,"{""meal_type"": ""breakfast"", ""cuisines"": [""thai"", ""seafood""], ""content_type"": ""mixed"", ""location"": {""name"": null, ""slug"": null}, ""signals"": {""meal_evidence"": {""breakfast"": [""waffle""], ""brunch"": [""brunch""], ""dinner"": [""dinner""], ""drinks"": [""cocktail""]}, ""cuisine_evidence"": {""thai"": [""thai""], ""seafood"": [""lobster"", ""crab""]}, ""content_evidence"": {}}, ""metadata"": {""hashtags"": [""atlantabrunch"", ""atlantafoodie"", ""atlbrunch"", ""atleats""], ""mentions"": [""atllovesmo"", ""linacapturelife"", ""tikithai_atl""], ""likes"": 3224, ""comments"": 1005, ""video_views"": 20602}}","{""meal_type_evidence"": {""embedding_label"": ""dinner"", ""embedding_similarity"": 0.4, ""baseline_label"": ""breakfast"", ""baseline_confidence"": 0.65, ""override"": false, ""reason"": ""embedding_disagrees_but_baseline_sufficient""}, ""cuisine_evidence"": {""embedding_cuisines"": [""thai""], ""embedding_similarities"": {""thai"": 0.456}, ""baseline_cuisines"": [""thai"", ""seafood""], ""newly_detected"": [], ""removed"": [""seafood""], ""reason"": ""embedding_refined_cuisine_list""}, ""content_type_evidence"": {""embedding_label"": ""food_spot"", ""embedding_similarity"": 0.365, ""baseline_label"": ""mixed"", ""baseline_confidence"": 0.65, ""override"": false, ""reason"": ""embedding_disagrees_but_baseline_acceptable""}}"
3046827039630160366,drinks,0.65,drinks,0.552,CONFIDENCE_UPDATED,-0.098,"{""meal_type"": ""drinks"", ""cuisines"": [""coffee_cafe""], ""content_type"": ""mixed"", ""location"": {""name"": null, ""slug"": null}, ""signals"": {""meal_evidence"": {""drinks"": [""drink""]}, ""cuisine_evidence"": {""coffee_cafe"": [""coffee"", ""latte""]}, ""content_evidence"": {}}, ""metadata"": {""hashtags"": [], ""mentions"": [""brashcoffee"", ""chattahoocheefoodworks""], ""likes"": 133, ""comments"": 27, ""video_views"": 818}}","{""meal_type_evidence"": {""embedding_label"": ""dessert"", ""embedding_similarity"": 0.345, ""baseline_label"": ""drinks"", ""baseline_confidence"": 0.65, ""override"": false, ""reason"": ""embedding_disagrees_but_baseline_sufficient""}, ""cuisine_evidence"": {""embedding_cuisines"": [""coffee_cafe""], ""embedding_similarities"": {""coffee_cafe"": 0.463}, ""baseline_cuisines"": [""coffee_cafe""], ""newly_detected"": [], ""removed"": [], ""reason"": ""embedding_confirms_baseline""}, ""content_type_evidence"": {""embedding_label"": ""food_spot"", ""embedding_similarity"": 0.293, ""baseline_label"": ""mixed"", ""baseline_confidence"": 0.65, ""override"": false, ""reason"": ""weak_embedding_match_keep_baseline""}}"
3356246880407114642,event,0.8,event,0.7,CONFIDENCE_UPDATED,-0.1,"{""meal_type"": ""unknown"", ""cuisines"": [], ""content_type"": ""event"", ""location"": {""name"": ""Atlanta, Georgia"", ""slug"": ""atlanta-georgia""}, ""signals"": {""meal_evidence"": {}, ""cuisine_evidence"": {}, ""content_evidence"": {""event"": [""festival"", ""event"", ""market""]}}, ""metadata"": {""hashtags"": [""atlantablog"", ""atleats"", ""atlmarket"", ""atlvintage"", ""supporttinybusinesses"", ""thingstodoinatlanta""], ""mentions"": [""atlantadairies."", ""atllovesmo"", ""gvgatl""], ""likes"": 11000, ""comments"": 120, ""video_views"": 82802}}","{""meal_type_evidence"": {""embedding_label"": ""snack"", ""embedding_similarity"": 0.212, ""baseline_label"": ""unknown"", ""baseline_confidence"": 0.8, ""override"": false, ""reason"": ""weak_embedding_match_keep_baseline""}, ""cuisine_evidence"": {""embedding_cuisines"": [], ""embedding_similarities"": {}, ""baseline_cuisines"": [], ""newly_detected"": [], ""removed"": [], ""reason"": ""no_strong_embedding_matches_keep_baseline""}, ""content_type_evidence"": {""embedding_label"": ""activity"", ""embedding_similarity"": 0.379, ""baseline_label"": ""event"", ""baseline_confidence"": 0.8, ""override"": false, ""reason"": ""embedding_disagrees_but_baseline_acceptable""}}"
3321401585190540789,event,0.8,event,0.7,CONFIDENCE_UPDATED,-0.1,"{""meal_type"": ""drinks"", ""cuisines"": [""mexican""], ""content_type"": ""event"", ""location"": {""name"": ""Atlanta, Georgia"", ""slug"": ""atlanta-georgia""}, ""signals"": {""meal_evidence"": {""drinks"": [""bar"", ""drink""]}, ""cuisine_evidence"": {""mexican"": [""taco""]}, ""content_evidence"": {""event"": [""event"", ""market"", ""ticket""]}}, ""metadata"": {""hashtags"": [""atlart"", ""atlblog"", ""atlevents"", ""thingstodoinatlanta""], ""mentions"": [""_artandb_"", ""atllovesmo"", ""mysticdistrictmarket"", ""paintnsitatl"", ""westside_motor_lounge"", ""westsideartsctr""], ""likes"": 922, ""comments"": 76, ""video_views"": 7426}}","{""meal_type_evidence"": {""embedding_label"": ""drinks"", ""embedding_similarity"": 0.255, ""baseline_label"": ""drinks"", ""baseline_confidence"": 0.8, ""override"": false, ""reason"": ""weak_embedding_match_keep_baseline""}, ""cuisine_evidence"": {""embedding_cuisines"": [], ""embedding_similarities"": {}, ""baseline_cuisines"": [""mexican""], ""newly_detected"": [], ""removed"": [""mexican""], ""reason"": ""no_strong_embedding_matches_keep_baseline""}, ""content_type_evidence"": {""embedding_label"": ""activity"", ""embedding_similarity"": 0.427, ""baseline_label"": ""event"", ""baseline_confidence"": 0.8, ""override"": false, ""reason"": ""embedding_disagrees_but_baseline_acceptable""}}"
3763786441592756039,event,0.8,event,0.7,CONFIDENCE_UPDATED,-0.1,"{""meal_type"": ""unknown"", ""cuisines"": [], ""content_type"": ""event"", ""location"": {""name"": ""Atlanta, Georgia"", ""slug"": ""atlanta-georgia""}, ""signals"": {""meal_evidence"": {}, ""cuisine_evidence"": {}, ""content_evidence"": {""event"": [""festival"", ""event"", ""ticket""]}}, ""metadata"": {""hashtags"": [""atlblog"", ""atleats""], ""mentions"": [""atllovesmo"", ""georgiafestivaloftrees""], ""likes"": 251, ""comments"": 232, ""video_views"": 2851}}","{""meal_type_evidence"": {""embedding_label"": ""dinner"", ""embedding_similarity"": 0.189, ""baseline_label"": ""unknown"", ""baseline_confidence"": 0.8, ""override"": false, ""reason"": ""weak_embedding_match_keep_baseline""}, ""cuisine_evidence"": {""embedding_cuisines"": [], ""embedding_similarities"": {}, ""baseline_cuisines"": [], ""newly_detected"": [], ""removed"": [], ""reason"": ""no_strong_embedding_matches_keep_baseline""}, ""content_type_evidence"": {""embedding_label"": ""activity"", ""embedding_similarity"": 0.291, ""baseline_label"": ""event"", ""baseline_confidence"": 0.8, ""override"": false, ""reason"": ""weak_embedding_match_keep_baseline""}}"
3412975998092548482,dinner,0.7,dinner,0.595,CONFIDENCE_UPDATED,-0.105,"{""meal_type"": ""dinner"", ""cuisines"": [], ""content_type"": ""food_spot"", ""location"": {""name"": ""Atlanta, Georgia"", ""slug"": ""atlanta-georgia""}, ""signals"": {""meal_evidence"": {""dinner"": [""date night""]}, ""cuisine_evidence"": {}, ""content_evidence"": {""food_spot"": [""location_present""]}}, ""metadata"": {""hashtags"": [""atlblog"", ""icons"", ""sponsored"", ""thingstodoinatlanta"", ""worldofcocacola""], ""mentions"": [""worldofcocacola""], ""likes"": 3333, ""comments"": 113, ""video_views"": 132137}}","{""meal_type_evidence"": {""embedding_label"": ""drinks"", ""embedding_similarity"": 0.351, ""baseline_label"": ""dinner"", ""baseline_confidence"": 0.7, ""override"": false, ""reason"": ""embedding_disagrees_but_baseline_sufficient""}, ""cuisine_evidence"": {""embedding_cuisines"": [], ""embedding_similarities"": {}, ""baseline_cuisines"": [], ""newly_detected"": [], ""removed"": [], ""reason"": ""no_strong_embedding_matches_keep_baseline""}, ""content_type_evidence"": {""embedding_label"": ""food_spot"", ""embedding_similarity"": 0.276, ""baseline_label"": ""food_spot"", ""baseline_confidence"": 0.7, ""override"": false, ""reason"": ""weak_embedding_match_keep_baseline""}}"
3186563715402655059,event,0.7,event,0.595,CONFIDENCE_UPDATED,-0.105,"{""meal_type"": ""breakfast"", ""cuisines"": [""seafood"", ""vegan"", ""coffee_cafe""], ""content_type"": ""event"", ""location"": {""name"": ""Coffee & Eggs"", ""slug"": ""coffee-eggs""}, ""signals"": {""meal_evidence"": {""breakfast"": [""eggs""], ""brunch"": [""brunch""], ""drinks"": [""gin""]}, ""cuisine_evidence"": {""seafood"": [""shrimp""], ""vegan"": [""vegan""], ""coffee_cafe"": [""coffee"", ""cafe""]}, ""content_evidence"": {""event"": [""live music""]}}, ""metadata"": {""hashtags"": [""atlantafood"", ""atlbrunch"", ""atleats"", ""atltantabrunch"", ""hosted""], ""mentions"": [""atllovesmo"", ""chancellor_s"", ""dwanbosman"", ""omnicoffeeandeggs""], ""likes"": 11883, ""comments"": 186, ""video_views"": 123044}}","{""meal_type_evidence"": {""embedding_label"": ""snack"", ""embedding_similarity"": 0.396, ""baseline_label"": ""breakfast"", ""baseline_confidence"": 0.7, ""override"": false, ""reason"": ""embedding_disagrees_but_baseline_sufficient""}, ""cuisine_evidence"": {""embedding_cuisines"": [], ""embedding_similarities"": {}, ""baseline_cuisines"": [""seafood"", ""vegan"", ""coffee_cafe""], ""newly_detected"": [], ""removed"": [""coffee_cafe"", ""seafood"", ""vegan""], ""reason"": ""no_strong_embedding_matches_keep_baseline""}, ""content_type_evidence"": {""embedding_label"": ""food_spot"", ""embedding_similarity"": 0.428, ""baseline_label"": ""event"", ""baseline_confidence"": 0.7, ""override"": false, ""reason"": ""embedding_disagrees_but_baseline_acceptable""}}"
3250353222534768038,breakfast,0.7,breakfast,0.595,CONFIDENCE_UPDATED,-0.105,"{""meal_type"": ""breakfast"", ""cuisines"": [""italian""], ""content_type"": ""food_spot"", ""location"": {""name"": ""Double Zero"", ""slug"": ""double-zero""}, ""signals"": {""meal_evidence"": {""breakfast"": [""breakfast""], ""brunch"": [""brunch""], ""dessert"": [""donut""], ""drinks"": [""gin""], ""snack"": [""small bites""]}, ""cuisine_evidence"": {""italian"": [""pasta"", ""pizza""]}, ""content_evidence"": {""food_spot"": [""location_present""]}}, ""metadata"": {""hashtags"": [""atlantafood"", ""atlbrunch"", ""atleats"", ""decaturga"", ""wheretoeatinatlanta""], ""mentions"": [""atllovesmo"", ""no246atlanta""], ""likes"": 9035, ""comments"": 117, ""video_views"": 122369}}","{""meal_type_evidence"": {""embedding_label"": ""snack"", ""embedding_similarity"": 0.391, ""baseline_label"": ""breakfast"", ""baseline_confidence"": 0.7, ""override"": false, ""reason"": ""embedding_disagrees_but_baseline_sufficient""}, ""cuisine_evidence"": {""embedding_cuisines"": [""american""], ""embedding_similarities"": {""american"": 0.417}, ""baseline_cuisines"": [""italian""], ""newly_detected"": [""american""], ""removed"": [""italian""], ""reason"": ""embedding_refined_cuisine_list""}, ""content_type_evidence"": {""embedding_label"": ""food_spot"", ""embedding_similarity"": 0.332, ""baseline_label"": ""food_spot"", ""baseline_confidence"": 0.7, ""override"": false, ""reason"": ""weak_embedding_match_keep_baseline""}}"
3333737815676409885,unknown,0.7,unknown,0.595,CONFIDENCE_UPDATED,-0.105,"{""meal_type"": ""unknown"", ""cuisines"": [], ""content_type"": ""food_spot"", ""location"": {""name"": ""Atlanta, Georgia"", ""slug"": ""atlanta-georgia""}, ""signals"": {""meal_evidence"": {}, ""cuisine_evidence"": {}, ""content_evidence"": {""food_spot"": [""location_present""]}}, ""metadata"": {""hashtags"": [], ""mentions"": [""atlantabeltline"", ""atllovesmo"", ""eathawkers""], ""likes"": 6096, ""comments"": 114, ""video_views"": 96690}}","{""meal_type_evidence"": {""embedding_label"": ""snack"", ""embedding_similarity"": 0.309, ""baseline_label"": ""unknown"", ""baseline_confidence"": 0.7, ""override"": false, ""reason"": ""embedding_disagrees_but_baseline_sufficient""}, ""cuisine_evidence"": {""embedding_cuisines"": [], ""embedding_similarities"": {}, ""baseline_cuisines"": [], ""newly_detected"": [], ""removed"": [], ""reason"": ""no_strong_embedding_matches_keep_baseline""}, ""content_type_evidence"": {""embedding_label"": ""food_spot"", ""embedding_similarity"": 0.213, ""baseline_label"": ""food_spot"", ""baseline_confidence"": 0.7, ""override"": false, ""reason"": ""weak_embedding_match_keep_baseline""}}"
3462058166639135037,drinks,0.7,drinks,0.595,CONFIDENCE_UPDATED,-0.105,"{""meal_type"": ""drinks"", ""cuisines"": [""mexican""], ""content_type"": ""food_spot"", ""location"": {""name"": ""Atlanta, Georgia"", ""slug"": ""atlanta-georgia""}, ""signals"": {""meal_evidence"": {""drinks"": [""mocktail""]}, ""cuisine_evidence"": {""mexican"": [""taco""]}, ""content_evidence"": {""food_spot"": [""location_present""]}}, ""metadata"": {""hashtags"": [""atlblog"", ""atldatenight"", ""atleats"", ""atlfoodie"", ""rrealtacos""], ""mentions"": [""rrealtacos""], ""likes"": 9439, ""comments"": 115, ""video_views"": 82029}}","{""meal_type_evidence"": {""embedding_label"": ""snack"", ""embedding_similarity"": 0.363, ""baseline_label"": ""drinks"", ""baseline_confidence"": 0.7, ""override"": false, ""reason"": ""embedding_disagrees_but_baseline_sufficient""}, ""cuisine_evidence"": {""embedding_cuisines"": [""mexican""], ""embedding_similarities"": {""mexican"": 0.476}, ""baseline_cuisines"": [""mexican""], ""newly_detected"": [], ""removed"": [], ""reason"": ""embedding_confirms_baseline""}, ""content_type_evidence"": {""embedding_label"": ""food_spot"", ""embedding_similarity"": 0.345, ""baseline_label"": ""food_spot"", ""baseline_confidence"": 0.7, ""override"": false, ""reason"": ""weak_embedding_match_keep_baseline""}}"
3477320904222926687,dessert,0.7,dessert,0.595,CONFIDENCE_UPDATED,-0.105,"{""meal_type"": ""dessert"", ""cuisines"": [""bakery"", ""coffee_cafe""], ""content_type"": ""food_spot"", ""location"": {""name"": ""Atlanta, Georgia"", ""slug"": ""atlanta-georgia""}, ""signals"": {""meal_evidence"": {""dessert"": [""cake""], ""drinks"": [""bar""]}, ""cuisine_evidence"": {""bakery"": [""bakery"", ""bread""], ""coffee_cafe"": [""coffee""]}, ""content_evidence"": {""food_spot"": [""location_present""]}}, ""metadata"": {""hashtags"": [""atlblog"", ""atleats"", ""atlfoodie""], ""mentions"": [""atllovesmo"", ""colettebread"", ""mezcla.atl"", ""sanctuary.atl.""], ""likes"": 9229, ""comments"": 77, ""video_views"": 73407}}","{""meal_type_evidence"": {""embedding_label"": ""snack"", ""embedding_similarity"": 0.328, ""baseline_label"": ""dessert"", ""baseline_confidence"": 0.7, ""override"": false, ""reason"": ""embedding_disagrees_but_baseline_sufficient""}, ""cuisine_evidence"": {""embedding_cuisines"": [], ""embedding_similarities"": {}, ""baseline_cuisines"": [""bakery"", ""coffee_cafe""], ""newly_detected"": [], ""removed"": [""coffee_cafe"", ""bakery""], ""reason"": ""no_strong_embedding_matches_keep_baseline""}, ""content_type_evidence"": {""embedding_label"": ""food_spot"", ""embedding_similarity"": 0.308, ""baseline_label"": ""food_spot"", ""baseline_confidence"": 0.7, ""override"": false, ""reason"": ""weak_embedding_match_keep_baseline""}}"
3277938936965202970,dinner,0.7,dinner,0.595,CONFIDENCE_UPDATED,-0.105,"{""meal_type"": ""dinner"", ""cuisines"": [""mexican"", ""coffee_cafe""], ""content_type"": ""food_spot"", ""location"": {""name"": ""Atlanta, Georgia"", ""slug"": ""atlanta-georgia""}, ""signals"": {""meal_evidence"": {""dinner"": [""tasting menu""], ""drinks"": [""drink""]}, ""cuisine_evidence"": {""mexican"": [""taco""], ""coffee_cafe"": [""coffee"", ""espresso""]}, ""content_evidence"": {""food_spot"": [""location_present""]}}, ""metadata"": {""hashtags"": [""atlantacoffee"", ""atlblog"", ""atlcoffee"", ""atleats"", ""colombiancoffee""], ""mentions"": [""atlantabeltline"", ""atlantacoffeeshops"", ""atllovesmo"", ""culturedsouth"", ""culturedsouth."", ""flowcoffeeatl"", ""leeandwhite""], ""likes"": 5833, ""comments"": 159, ""video_views"": 61155}}","{""meal_type_evidence"": {""embedding_label"": ""drinks"", ""embedding_similarity"": 0.314, ""baseline_label"": ""dinner"", ""baseline_confidence"": 0.7, ""override"": false, ""reason"": ""embedding_disagrees_but_baseline_sufficient""}, ""cuisine_evidence"": {""embedding_cuisines"": [""coffee_cafe""], ""embedding_similarities"": {""coffee_cafe"": 0.519}, ""baseline_cuisines"": [""mexican"", ""coffee_cafe""], ""newly_detected"": [], ""removed"": [""mexican""], ""reason"": ""embedding_refined_cuisine_list""}, ""content_type_evidence"": {""embedding_label"": ""food_spot"", ""embedding_similarity"": 0.259, ""baseline_label"": ""food_spot"", ""baseline_confidence"": 0.7, ""override"": false, ""reason"": ""weak_embedding_match_keep_baseline""}}"
3515924593636031449,brunch,0.7,brunch,0.595,CONFIDENCE_UPDATED,-0.105,"{""meal_type"": ""brunch"", ""cuisines"": [""mexican"", ""vegan"", ""bakery""], ""content_type"": ""food_spot"", ""location"": {""name"": ""Atlanta, Georgia"", ""slug"": ""atlanta-georgia""}, ""signals"": {""meal_evidence"": {""brunch"": [""brunch""]}, ""cuisine_evidence"": {""mexican"": [""mexican"", ""taco"", ""burrito"", ""quesadilla"", ""birria""], ""vegan"": [""vegan""], ""bakery"": [""bakery""]}, ""content_evidence"": {""food_spot"": [""location_present""]}}, ""metadata"": {""hashtags"": [""atlantaeats"", ""atlblog"", ""atleats"", ""atlfoodie""], ""mentions"": [""atllovesmo"", ""calaveritasatl"", ""flourandtimebakery""], ""likes"": 7259, ""comments"": 129, ""video_views"": 58439}}","{""meal_type_evidence"": {""embedding_label"": ""snack"", ""embedding_similarity"": 0.384, ""baseline_label"": ""brunch"", ""baseline_confidence"": 0.7, ""override"": false, ""reason"": ""embedding_disagrees_but_baseline_sufficient""}, ""cuisine_evidence"": {""embedding_cuisines"": [""mexican""], ""embedding_similarities"": {""mexican"": 0.652}, ""baseline_cuisines"": [""mexican"", ""vegan"", ""bakery""], ""newly_detected"": [], ""removed"": [""bakery"", ""vegan""], ""reason"": ""embedding_refined_cuisine_list""}, ""content_type_evidence"": {""embedding_label"": ""food_spot"", ""embedding_similarity"": 0.276, ""baseline_label"": ""food_spot"", ""baseline_confidence"": 0.7, ""override"": false, ""reason"": ""weak_embedding_match_keep_baseline""}}"
3146026531728760174,dinner,0.7,dinner,0.595,CONFIDENCE_UPDATED,-0.105,"{""meal_type"": ""dinner"", ""cuisines"": [""italian""], ""content_type"": ""food_spot"", ""location"": {""name"": ""Tre Vele"", ""slug"": ""tre-vele""}, ""signals"": {""meal_evidence"": {""dinner"": [""date night""]}, ""cuisine_evidence"": {""italian"": [""pasta""]}, ""content_evidence"": {""food_spot"": [""location_present""]}}, ""metadata"": {""hashtags"": [""atlantapasta"", ""atlfood"", ""hosted"", ""sandysprings"", ""sandyspringsfood""], ""mentions"": [""atllovesmo"", ""treveleatl""], ""likes"": 2974, ""comments"": 61, ""video_views"": 51222}}","{""meal_type_evidence"": {""embedding_label"": ""snack"", ""embedding_similarity"": 0.366, ""baseline_label"": ""dinner"", ""baseline_confidence"": 0.7, ""override"": false, ""reason"": ""embedding_disagrees_but_baseline_sufficient""}, ""cuisine_evidence"": {""embedding_cuisines"": [""italian""], ""embedding_similarities"": {""italian"": 0.429}, ""baseline_cuisines"": [""italian""], ""newly_detected"": [], ""removed"": [], ""reason"": ""embedding_confirms_baseline""}, ""content_type_evidence"": {""embedding_label"": ""food_spot"", ""embedding_similarity"": 0.297, ""baseline_label"": ""food_spot"", ""baseline_confidence"": 0.7, ""override"": false, ""reason"": ""weak_embedding_match_keep_baseline""}}"
3479382516324684006,event,0.7,event,0.595,CONFIDENCE_UPDATED,-0.105,"{""meal_type"": ""drinks"", ""cuisines"": [], ""content_type"": ""event"", ""location"": {""name"": ""Atlanta, Georgia"", ""slug"": ""atlanta-georgia""}, ""signals"": {""meal_evidence"": {""drinks"": [""bar""]}, ""cuisine_evidence"": {}, ""content_evidence"": {""event"": [""concert""]}}, ""metadata"": {""hashtags"": [""atlblog"", ""atldatenight"", ""atlfoodie""], ""mentions"": [""atllovesmo"", ""mercedesbenzstadium"", ""nestonfour"", ""signiabyhiltonatlanta"", ""statefarmarena.""], ""likes"": 8077, ""comments"": 53, ""video_views"": 50710}}","{""meal_type_evidence"": {""embedding_label"": ""snack"", ""embedding_similarity"": 0.316, ""baseline_label"": ""drinks"", ""baseline_confidence"": 0.7, ""override"": false, ""reason"": ""embedding_disagrees_but_baseline_sufficient""}, ""cuisine_evidence"": {""embedding_cuisines"": [], ""embedding_similarities"": {}, ""baseline_cuisines"": [], ""newly_detected"": [], ""removed"": [], ""reason"": ""no_strong_embedding_matches_keep_baseline""}, ""content_type_evidence"": {""embedding_label"": ""food_spot"", ""embedding_similarity"": 0.446, ""baseline_label"": ""event"", ""baseline_confidence"": 0.7, ""override"": false, ""reason"": ""embedding_disagrees_but_baseline_acceptable""}}"
3430827255348487262,event,0.7,event,0.595,CONFIDENCE_UPDATED,-0.105,"{""meal_type"": ""breakfast"", ""cuisines"": [""seafood"", ""vegan"", ""coffee_cafe""], ""content_type"": ""event"", ""location"": {""name"": ""Atlanta, Georgia"", ""slug"": ""atlanta-georgia""}, ""signals"": {""meal_evidence"": {""breakfast"": [""eggs""], ""brunch"": [""brunch""], ""drinks"": [""gin""]}, ""cuisine_evidence"": {""seafood"": [""shrimp""], ""vegan"": [""vegan""], ""coffee_cafe"": [""coffee"", ""cafe""]}, ""content_evidence"": {""event"": [""live music""]}}, ""metadata"": {""hashtags"": [""atlantafood"", ""atlbrunch"", ""atleats"", ""atltantabrunch""], ""mentions"": [""atllovesmo"", ""chancellor_s"", ""dwanbosman"", ""omnicoffeeandeggs""], ""likes"": 5780, ""comments"": 128, ""video_views"": 50102}}","{""meal_type_evidence"": {""embedding_label"": ""snack"", ""embedding_similarity"": 0.472, ""baseline_label"": ""breakfast"", ""baseline_confidence"": 0.7, ""override"": false, ""reason"": ""embedding_disagrees_but_baseline_sufficient""}, ""cuisine_evidence"": {""embedding_cuisines"": [], ""embedding_similarities"": {}, ""baseline_cuisines"": [""seafood"", ""vegan"", ""coffee_cafe""], ""newly_detected"": [], ""removed"": [""coffee_cafe"", ""seafood"", ""vegan""], ""reason"": ""no_strong_embedding_matches_keep_baseline""}, ""content_type_evidence"": {""embedding_label"": ""food_spot"", ""embedding_similarity"": 0.446, ""baseline_label"": ""event"", ""baseline_confidence"": 0.7, ""override"": false, ""reason"": ""embedding_disagrees_but_baseline_acceptable""}}"
3240957400101495917,drinks,0.7,drinks,0.595,CONFIDENCE_UPDATED,-0.105,"{""meal_type"": ""drinks"", ""cuisines"": [""mexican"", ""coffee_cafe""], ""content_type"": ""food_spot"", ""location"": {""name"": ""Wave3Matcha"", ""slug"": ""wave3matcha""}, ""signals"": {""meal_evidence"": {""drinks"": [""drink""]}, ""cuisine_evidence"": {""mexican"": [""taco""], ""coffee_cafe"": [""coffee"", ""matcha""]}, ""content_evidence"": {""food_spot"": [""location_present""]}}, ""metadata"": {""hashtags"": [""atlantacoffee"", ""atlantamatcha"", ""atlcoffee"", ""matcha""], ""mentions"": [""atllovesmo"", ""wave3coffeeshop""], ""likes"": 5955, ""comments"": 131, ""video_views"": 47354}}","{""meal_type_evidence"": {""embedding_label"": ""dessert"", ""embedding_similarity"": 0.355, ""baseline_label"": ""drinks"", ""baseline_confidence"": 0.7, ""override"": false, ""reason"": ""embedding_disagrees_but_baseline_sufficient""}, ""cuisine_evidence"": {""embedding_cuisines"": [""coffee_cafe""], ""embedding_similarities"": {""coffee_cafe"": 0.404}, ""baseline_cuisines"": [""mexican"", ""coffee_cafe""], ""newly_detected"": [], ""removed"": [""mexican""], ""reason"": ""embedding_refined_cuisine_list""}, ""content_type_evidence"": {""embedding_label"": ""food_spot"", ""embedding_similarity"": 0.339, ""baseline_label"": ""food_spot"", ""baseline_confidence"": 0.7, ""override"": false, ""reason"": ""weak_embedding_match_keep_baseline""}}"
3603705893880603913,event,0.7,event,0.595,CONFIDENCE_UPDATED,-0.105,"{""meal_type"": ""unknown"", ""cuisines"": [""korean"", ""chinese""], ""content_type"": ""event"", ""location"": {""name"": ""Atlanta, Georgia"", ""slug"": ""atlanta-georgia""}, ""signals"": {""meal_evidence"": {}, ""cuisine_evidence"": {""korean"": [""korean""], ""chinese"": [""dumpling""]}, ""content_evidence"": {""event"": [""festival""]}}, ""metadata"": {""hashtags"": [""atlblog"", ""atleats"", ""atlfoodie""], ""mentions"": [""atlanticstation"", ""atllovesmo"", ""bingsoo.nyc"", ""pandafestatlanta"", ""saucybao""], ""likes"": 4589, ""comments"": 156, ""video_views"": 37187}}","{""meal_type_evidence"": {""embedding_label"": ""snack"", ""embedding_similarity"": 0.351, ""baseline_label"": ""unknown"", ""baseline_confidence"": 0.7, ""override"": false, ""reason"": ""embedding_disagrees_but_baseline_sufficient""}, ""cuisine_evidence"": {""embedding_cuisines"": [], ""embedding_similarities"": {}, ""baseline_cuisines"": [""korean"", ""chinese""], ""newly_detected"": [], ""removed"": [""korean"", ""chinese""], ""reason"": ""no_strong_embedding_matches_keep_baseline""}, ""content_type_evidence"": {""embedding_label"": ""food_spot"", ""embedding_similarity"": 0.314, ""baseline_label"": ""event"", ""baseline_confidence"": 0.7, ""override"": false, ""reason"": ""weak_embedding_match_keep_baseline""}}"
3202500648523921683,event,0.7,event,0.595,CONFIDENCE_UPDATED,-0.105,"{""meal_type"": ""unknown"", ""cuisines"": [""coffee_cafe""], ""content_type"": ""event"", ""location"": {""name"": ""Atlanta, Georgia"", ""slug"": ""atlanta-georgia""}, ""signals"": {""meal_evidence"": {}, ""cuisine_evidence"": {""coffee_cafe"": [""coffee"", ""cafe"", ""latte""]}, ""content_evidence"": {""event"": [""seasonal""]}}, ""metadata"": {""hashtags"": [], ""mentions"": [""atllovesmo"", ""daydreamercafe"", ""icecolecoffee"", ""whistleratl.""], ""likes"": 5708, ""comments"": 83, ""video_views"": 34127}}","{""meal_type_evidence"": {""embedding_label"": ""snack"", ""embedding_similarity"": 0.309, ""baseline_label"": ""unknown"", ""baseline_confidence"": 0.7, ""override"": false, ""reason"": ""embedding_disagrees_but_baseline_sufficient""}, ""cuisine_evidence"": {""embedding_cuisines"": [""coffee_cafe""], ""embedding_similarities"": {""coffee_cafe"": 0.43}, ""baseline_cuisines"": [""coffee_cafe""], ""newly_detected"": [], ""removed"": [], ""reason"": ""embedding_confirms_baseline""}, ""content_type_evidence"": {""embedding_label"": ""food_spot"", ""embedding_similarity"": 0.404, ""baseline_label"": ""event"", ""baseline_confidence"": 0.7, ""override"": false, ""reason"": ""embedding_disagrees_but_baseline_acceptable""}}"
3567109805376306997,drinks,0.7,drinks,0.595,CONFIDENCE_UPDATED,-0.105,"{""meal_type"": ""drinks"", ""cuisines"": [""seafood""], ""content_type"": ""food_spot"", ""location"": {""name"": ""Atlanta, Georgia"", ""slug"": ""atlanta-georgia""}, ""signals"": {""meal_evidence"": {""drinks"": [""gin""]}, ""cuisine_evidence"": {""seafood"": [""shrimp""]}, ""content_evidence"": {""food_spot"": [""location_present""]}}, ""metadata"": {""hashtags"": [""atlblog"", ""atldatenight"", ""atleats"", ""atlfoodie""], ""mentions"": [""atllovesmo"", ""boodlefightatl"", ""brickandmortaratlanta"", ""prattpullmandistrict""], ""likes"": 3502, ""comments"": 126, ""video_views"": 30477}}","{""meal_type_evidence"": {""embedding_label"": ""snack"", ""embedding_similarity"": 0.322, ""baseline_label"": ""drinks"", ""baseline_confidence"": 0.7, ""override"": false, ""reason"": ""embedding_disagrees_but_baseline_sufficient""}, ""cuisine_evidence"": {""embedding_cuisines"": [], ""embedding_similarities"": {}, ""baseline_cuisines"": [""seafood""], ""newly_detected"": [], ""removed"": [""seafood""], ""reason"": ""no_strong_embedding_matches_keep_baseline""}, ""content_type_evidence"": {""embedding_label"": ""food_spot"", ""embedding_similarity"": 0.267, ""baseline_label"": ""food_spot"", ""baseline_confidence"": 0.7, ""override"": false, ""reason"": ""weak_embedding_match_keep_baseline""}}"
3690410867310423861,drinks,0.7,drinks,0.595,CONFIDENCE_UPDATED,-0.105,"{""meal_type"": ""drinks"", ""cuisines"": [""mexican""], ""content_type"": ""food_spot"", ""location"": {""name"": ""Atlanta, Georgia"", ""slug"": ""atlanta-georgia""}, ""signals"": {""meal_evidence"": {""drinks"": [""margarita""]}, ""cuisine_evidence"": {""mexican"": [""taco""]}, ""content_evidence"": {""food_spot"": [""location_present""]}}, ""metadata"": {""hashtags"": [""atlblog"", ""atleats"", ""chambleega"", ""rrealtacos""], ""mentions"": [""rrealtacos""], ""likes"": 2844, ""comments"": 67, ""video_views"": 29063}}","{""meal_type_evidence"": {""embedding_label"": ""snack"", ""embedding_similarity"": 0.372, ""baseline_label"": ""drinks"", ""baseline_confidence"": 0.7, ""override"": false, ""reason"": ""embedding_disagrees_but_baseline_sufficient""}, ""cuisine_evidence"": {""embedding_cuisines"": [""mexican""], ""embedding_similarities"": {""mexican"": 0.474}, ""baseline_cuisines"": [""mexican""], ""newly_detected"": [], ""removed"": [], ""reason"": ""embedding_confirms_baseline""}, ""content_type_evidence"": {""embedding_label"": ""food_spot"", ""embedding_similarity"": 0.322, ""baseline_label"": ""food_spot"", ""baseline_confidence"": 0.7, ""override"": false, ""reason"": ""weak_embedding_match_keep_baseline""}}"
3440234664882062812,drinks,0.7,drinks,0.595,CONFIDENCE_UPDATED,-0.105,"{""meal_type"": ""drinks"", ""cuisines"": [""italian"", ""seafood""], ""content_type"": ""food_spot"", ""location"": {""name"": ""Atlanta, Georgia"", ""slug"": ""atlanta-georgia""}, ""signals"": {""meal_evidence"": {""drinks"": [""drink""]}, ""cuisine_evidence"": {""italian"": [""pasta""], ""seafood"": [""shrimp""]}, ""content_evidence"": {""food_spot"": [""location_present""]}}, ""metadata"": {""hashtags"": [""atlblog"", ""atleats"", ""atlfood"", ""smyrnaeats""], ""mentions"": [""thehungryaf""], ""likes"": 2390, ""comments"": 170, ""video_views"": 27418}}","{""meal_type_evidence"": {""embedding_label"": ""snack"", ""embedding_similarity"": 0.433, ""baseline_label"": ""drinks"", ""baseline_confidence"": 0.7, ""override"": false, ""reason"": ""embedding_disagrees_but_baseline_sufficient""}, ""cuisine_evidence"": {""embedding_cuisines"": [""american""], ""embedding_similarities"": {""american"": 0.483}, ""baseline_cuisines"": [""italian"", ""seafood""], ""newly_detected"": [""american""], ""removed"": [""italian"", ""seafood""], ""reason"": ""embedding_refined_cuisine_list""}, ""content_type_evidence"": {""embedding_label"": ""food_spot"", ""embedding_similarity"": 0.349, ""baseline_label"": ""food_spot"", ""baseline_confidence"": 0.7, ""override"": false, ""reason"": ""weak_embedding_match_keep_baseline""}}"
3431730942471667230,dessert,0.7,dessert,0.595,CONFIDENCE_UPDATED,-0.105,"{""meal_type"": ""dessert"", ""cuisines"": [""seafood""], ""content_type"": ""food_spot"", ""location"": {""name"": ""Turky on The Loose"", ""slug"": ""turky-on-the-loose""}, ""signals"": {""meal_evidence"": {""dessert"": [""cake""]}, ""cuisine_evidence"": {""seafood"": [""seafood"", ""shrimp"", ""fish""]}, ""content_evidence"": {""food_spot"": [""location_present""]}}, ""metadata"": {""hashtags"": [], ""mentions"": [""turky_ontheloose""], ""likes"": 1469, ""comments"": 83, ""video_views"": 27254}}","{""meal_type_evidence"": {""embedding_label"": ""snack"", ""embedding_similarity"": 0.361, ""baseline_label"": ""dessert"", ""baseline_confidence"": 0.7, ""override"": false, ""reason"": ""embedding_disagrees_but_baseline_sufficient""}, ""cuisine_evidence"": {""embedding_cuisines"": [], ""embedding_similarities"": {}, ""baseline_cuisines"": [""seafood""], ""newly_detected"": [], ""removed"": [""seafood""], ""reason"": ""no_strong_embedding_matches_keep_baseline""}, ""content_type_evidence"": {""embedding_label"": ""food_spot"", ""embedding_similarity"": 0.262, ""baseline_label"": ""food_spot"", ""baseline_confidence"": 0.7, ""override"": false, ""reason"": ""weak_embedding_match_keep_baseline""}}"
3473895609830534515,unknown,0.7,unknown,0.595,CONFIDENCE_UPDATED,-0.105,"{""meal_type"": ""unknown"", ""cuisines"": [""american""], ""content_type"": ""food_spot"", ""location"": {""name"": ""Atlanta, Georgia"", ""slug"": ""atlanta-georgia""}, ""signals"": {""meal_evidence"": {}, ""cuisine_evidence"": {""american"": [""burger""]}, ""content_evidence"": {""food_spot"": [""location_present""]}}, ""metadata"": {""hashtags"": [""atlblog"", ""atlfoodie"", ""atlwings"", ""thingstodoinatlanta""], ""mentions"": [""trapwingzatl""], ""likes"": 2255, ""comments"": 106, ""video_views"": 26569}}","{""meal_type_evidence"": {""embedding_label"": ""snack"", ""embedding_similarity"": 0.425, ""baseline_label"": ""unknown"", ""baseline_confidence"": 0.7, ""override"": false, ""reason"": ""embedding_disagrees_but_baseline_sufficient""}, ""cuisine_evidence"": {""embedding_cuisines"": [""american""], ""embedding_similarities"": {""american"": 0.476}, ""baseline_cuisines"": [""american""], ""newly_detected"": [], ""removed"": [], ""reason"": ""embedding_confirms_baseline""}, ""content_type_evidence"": {""embedding_label"": ""food_spot"", ""embedding_similarity"": 0.265, ""baseline_label"": ""food_spot"", ""baseline_confidence"": 0.7, ""override"": false, ""reason"": ""weak_embedding_match_keep_baseline""}}"
3297475841225609533,unknown,0.7,unknown,0.595,CONFIDENCE_UPDATED,-0.105,"{""meal_type"": ""unknown"", ""cuisines"": [""american"", ""seafood""], ""content_type"": ""food_spot"", ""location"": {""name"": ""Cap’t loui"", ""slug"": ""capt-loui""}, ""signals"": {""meal_evidence"": {}, ""cuisine_evidence"": {""american"": [""fried chicken""], ""seafood"": [""seafood"", ""lobster"", ""crab"", ""fish""]}, ""content_evidence"": {""food_spot"": [""location_present""]}}, ""metadata"": {""hashtags"": [""atleats"", ""atlfoodie"", ""duluth"", ""duluthfood"", ""seafoodboil""], ""mentions"": [""atllovesmo"", ""captlouiduluth""], ""likes"": 1626, ""comments"": 122, ""video_views"": 23549}}","{""meal_type_evidence"": {""embedding_label"": ""brunch"", ""embedding_similarity"": 0.337, ""baseline_label"": ""unknown"", ""baseline_confidence"": 0.7, ""override"": false, ""reason"": ""embedding_disagrees_but_baseline_sufficient""}, ""cuisine_evidence"": {""embedding_cuisines"": [""american"", ""seafood""], ""embedding_similarities"": {""american"": 0.454, ""seafood"": 0.454}, ""baseline_cuisines"": [""american"", ""seafood""], ""newly_detected"": [], ""removed"": [], ""reason"": ""embedding_confirms_baseline""}, ""content_type_evidence"": {""embedding_label"": ""food_spot"", ""embedding_similarity"": 0.255, ""baseline_label"": ""food_spot"", ""baseline_confidence"": 0.7, ""override"": false, ""reason"": ""weak_embedding_match_keep_baseline""}}"
3436676681258339515,breakfast,0.7,breakfast,0.595,CONFIDENCE_UPDATED,-0.105,"{""meal_type"": ""breakfast"", ""cuisines"": [], ""content_type"": ""food_spot"", ""location"": {""name"": ""Serenbe"", ""slug"": ""serenbe""}, ""signals"": {""meal_evidence"": {""breakfast"": [""breakfast""], ""dinner"": [""dinner""]}, ""cuisine_evidence"": {}, ""content_evidence"": {""food_spot"": [""location_present""]}}, ""metadata"": {""hashtags"": [""atlblog"", ""atlfood"", ""atlgetaway""], ""mentions"": [""atllovesmo"", ""bamboojuices"", ""innatserenbe"", ""serenbe"", ""serenbe_trailriding"", ""serenbefarmhouse"", ""spaserenbe""], ""likes"": 3632, ""comments"": 2126, ""video_views"": 22668}}","{""meal_type_evidence"": {""embedding_label"": ""dinner"", ""embedding_similarity"": 0.308, ""baseline_label"": ""breakfast"", ""baseline_confidence"": 0.7, ""override"": false, ""reason"": ""embedding_disagrees_but_baseline_sufficient""}, ""cuisine_evidence"": {""embedding_cuisines"": [], ""embedding_similarities"": {}, ""baseline_cuisines"": [], ""newly_detected"": [], ""removed"": [], ""reason"": ""no_strong_embedding_matches_keep_baseline""}, ""content_type_evidence"": {""embedding_label"": ""activity"", ""embedding_similarity"": 0.321, ""baseline_label"": ""food_spot"", ""baseline_confidence"": 0.7, ""override"": false, ""reason"": ""weak_embedding_match_keep_baseline""}}"
3254746034357676314,drinks,0.7,drinks,0.595,CONFIDENCE_UPDATED,-0.105,"{""meal_type"": ""drinks"", ""cuisines"": [], ""content_type"": ""food_spot"", ""location"": {""name"": ""The Bando"", ""slug"": ""the-bando""}, ""signals"": {""meal_evidence"": {""drinks"": [""gin""]}, ""cuisine_evidence"": {}, ""content_evidence"": {""food_spot"": [""location_present""]}}, ""metadata"": {""hashtags"": [""atlantafood"", ""atlart"", ""atlblog"", ""atleats"", ""atlfoodie"", ""atlwings""], ""mentions"": [""atllovesmo"", ""thebando_atl""], ""likes"": 1539, ""comments"": 98, ""video_views"": 21757}}","{""meal_type_evidence"": {""embedding_label"": ""snack"", ""embedding_similarity"": 0.394, ""baseline_label"": ""drinks"", ""baseline_confidence"": 0.7, ""override"": false, ""reason"": ""embedding_disagrees_but_baseline_sufficient""}, ""cuisine_evidence"": {""embedding_cuisines"": [""american""], ""embedding_similarities"": {""american"": 0.422}, ""baseline_cuisines"": [], ""newly_detected"": [""american""], ""removed"": [], ""reason"": ""embedding_refined_cuisine_list""}, ""content_type_evidence"": {""embedding_label"": ""food_spot"", ""embedding_similarity"": 0.214, ""baseline_label"": ""food_spot"", ""baseline_confidence"": 0.7, ""override"": false, ""reason"": ""weak_embedding_match_keep_baseline""}}"
3334515295043636769,unknown,0.7,unknown,0.595,CONFIDENCE_UPDATED,-0.105,"{""meal_type"": ""unknown"", ""cuisines"": [""mexican"", ""coffee_cafe""], ""content_type"": ""food_spot"", ""location"": {""name"": ""FiNCA TO FiLTER"", ""slug"": ""finca-to-filter""}, ""signals"": {""meal_evidence"": {}, ""cuisine_evidence"": {""mexican"": [""taco""], ""coffee_cafe"": [""coffee"", ""latte""]}, ""content_evidence"": {""food_spot"": [""location_present""]}}, ""metadata"": {""hashtags"": [""atlantacoffeeshops"", ""atlblog"", ""atlcoffee"", ""atlfoodie""], ""mentions"": [""atllovesmo"", ""fincatofilter"", ""zabs""], ""likes"": 1425, ""comments"": 57, ""video_views"": 15970}}","{""meal_type_evidence"": {""embedding_label"": ""snack"", ""embedding_similarity"": 0.315, ""baseline_label"": ""unknown"", ""baseline_confidence"": 0.7, ""override"": false, ""reason"": ""embedding_disagrees_but_baseline_sufficient""}, ""cuisine_evidence"": {""embedding_cuisines"": [], ""embedding_similarities"": {}, ""baseline_cuisines"": [""mexican"", ""coffee_cafe""], ""newly_detected"": [], ""removed"": [""mexican"", ""coffee_cafe""], ""reason"": ""no_strong_embedding_matches_keep_baseline""}, ""content_type_evidence"": {""embedding_label"": ""food_spot"", ""embedding_similarity"": 0.317, ""baseline_label"": ""food_spot"", ""baseline_confidence"": 0.7, ""override"": false, ""reason"": ""weak_embedding_match_keep_baseline""}}"
3201087704820256801,drinks,0.7,drinks,0.595,CONFIDENCE_UPDATED,-0.105,"{""meal_type"": ""drinks"", ""cuisines"": [""mexican""], ""content_type"": ""food_spot"", ""location"": {""name"": ""Lakewood Amphitheatre"", ""slug"": ""lakewood-amphitheatre""}, ""signals"": {""meal_evidence"": {""drinks"": [""bar""]}, ""cuisine_evidence"": {""mexican"": [""taco""]}, ""content_evidence"": {""food_spot"": [""location_present""]}}, ""metadata"": {""hashtags"": [""1"", ""atlantafoodie"", ""atlanteats"", ""atlfoodie"", ""atltaco"", ""bestinatlanta""], ""mentions"": [""atllovesmo"", ""atlsportsbar2"", ""doritos"", ""goodmorningamerica"", ""lakewoodamp"", ""slappingtacosatl""], ""likes"": 1138, ""comments"": 63, ""video_views"": 15251}}","{""meal_type_evidence"": {""embedding_label"": ""snack"", ""embedding_similarity"": 0.364, ""baseline_label"": ""drinks"", ""baseline_confidence"": 0.7, ""override"": false, ""reason"": ""embedding_disagrees_but_baseline_sufficient""}, ""cuisine_evidence"": {""embedding_cuisines"": [""mexican""], ""embedding_similarities"": {""mexican"": 0.646}, ""baseline_cuisines"": [""mexican""], ""newly_detected"": [], ""removed"": [], ""reason"": ""embedding_confirms_baseline""}, ""content_type_evidence"": {""embedding_label"": ""food_spot"", ""embedding_similarity"": 0.281, ""baseline_label"": ""food_spot"", ""baseline_confidence"": 0.7, ""override"": false, ""reason"": ""weak_embedding_match_keep_baseline""}}"
3370723761172998212,event,0.7,event,0.595,CONFIDENCE_UPDATED,-0.105,"{""meal_type"": ""breakfast"", ""cuisines"": [""american"", ""mediterranean"", ""bakery""], ""content_type"": ""event"", ""location"": {""name"": ""Atlanta, Georgia"", ""slug"": ""atlanta-georgia""}, ""signals"": {""meal_evidence"": {""breakfast"": [""eggs""], ""brunch"": [""brunch""], ""drinks"": [""gin""]}, ""cuisine_evidence"": {""american"": [""fried chicken""], ""mediterranean"": [""gyro""], ""bakery"": [""bread""]}, ""content_evidence"": {""event"": [""live music""]}}, ""metadata"": {""hashtags"": [""atlantafoodie"", ""atlblog"", ""atlbluegrass"", ""atlbrunch""], ""mentions"": [""atllovesmo"", ""ladybirdatlanta""], ""likes"": 1296, ""comments"": 83, ""video_views"": 14934}}","{""meal_type_evidence"": {""embedding_label"": ""dinner"", ""embedding_similarity"": 0.414, ""baseline_label"": ""breakfast"", ""baseline_confidence"": 0.7, ""override"": false, ""reason"": ""embedding_disagrees_but_baseline_sufficient""}, ""cuisine_evidence"": {""embedding_cuisines"": [""american""], ""embedding_similarities"": {""american"": 0.451}, ""baseline_cuisines"": [""american"", ""mediterranean"", ""bakery""], ""newly_detected"": [], ""removed"": [""mediterranean"", ""bakery""], ""reason"": ""embedding_refined_cuisine_list""}, ""content_type_evidence"": {""embedding_label"": ""food_spot"", ""embedding_similarity"": 0.36, ""baseline_label"": ""event"", ""baseline_confidence"": 0.7, ""override"": false, ""reason"": ""embedding_disagrees_but_baseline_acceptable""}}"
2914083321395217154,event,0.7,event,0.595,CONFIDENCE_UPDATED,-0.105,"{""meal_type"": ""unknown"", ""cuisines"": [], ""content_type"": ""event"", ""location"": {""name"": ""Duluth, Georgia"", ""slug"": ""duluth-georgia""}, ""signals"": {""meal_evidence"": {}, ""cuisine_evidence"": {}, ""content_evidence"": {""event"": [""grand opening""]}}, ""metadata"": {""hashtags"": [""atlanta"", ""atlantaeats"", ""atlantafoodie"", ""atlantatoday"", ""atlblog"", ""atlbucketlist"", ""atlfoodie"", ""baeeatsworld"", ""boba"", ""bobamilktea"", ""bobatea"", ""eatatlanta"", ""eatnorthamerica"", ""food"", ""foodiesofinstagram"", ""foodphotography"", ""foodpics"", ""foodstagram"", ""forkyeahfoodies"", ""globaleats"", ""microinfluencer"", ""thefoodieinitiave"", ""theloserfam"", ""weloveatl""], ""mentions"": [""xingfutang_ga""], ""likes"": 691, ""comments"": 24, ""video_views"": 13926}}","{""meal_type_evidence"": {""embedding_label"": ""snack"", ""embedding_similarity"": 0.303, ""baseline_label"": ""unknown"", ""baseline_confidence"": 0.7, ""override"": false, ""reason"": ""embedding_disagrees_but_baseline_sufficient""}, ""cuisine_evidence"": {""embedding_cuisines"": [], ""embedding_similarities"": {}, ""baseline_cuisines"": [], ""newly_detected"": [], ""removed"": [], ""reason"": ""no_strong_embedding_matches_keep_baseline""}, ""content_type_evidence"": {""embedding_label"": ""mixed"", ""embedding_similarity"": 0.223, ""baseline_label"": ""event"", ""baseline_confidence"": 0.7, ""override"": false, ""reason"": ""weak_embedding_match_keep_baseline""}}"
3790579775250189957,breakfast,0.7,breakfast,0.595,CONFIDENCE_UPDATED,-0.105,"{""meal_type"": ""breakfast"", ""cuisines"": [""american"", ""japanese"", ""seafood"", ""bakery"", ""coffee_cafe""], ""content_type"": ""food_spot"", ""location"": {""name"": ""Atlanta, Georgia"", ""slug"": ""atlanta-georgia""}, ""signals"": {""meal_evidence"": {""breakfast"": [""waffle""], ""brunch"": [""brunch""], ""dessert"": [""dessert""], ""drinks"": [""gin""]}, ""cuisine_evidence"": {""american"": [""american""], ""japanese"": [""japanese""], ""seafood"": [""shrimp"", ""crab"", ""fish""], ""bakery"": [""pastry""], ""coffee_cafe"": [""coffee"", ""cafe"", ""matcha""]}, ""content_evidence"": {""food_spot"": [""location_present""]}}, ""metadata"": {""hashtags"": [], ""mentions"": [""atllovesmo"", ""brushatl"", ""cuddlefishatl"", ""luckystaratl"", ""momocafeatl""], ""likes"": 1483, ""comments"": 98, ""video_views"": 13114}}","{""meal_type_evidence"": {""embedding_label"": ""brunch"", ""embedding_similarity"": 0.498, ""baseline_label"": ""breakfast"", ""baseline_confidence"": 0.7, ""override"": false, ""reason"": ""embedding_disagrees_but_baseline_sufficient""}, ""cuisine_evidence"": {""embedding_cuisines"": [""american""], ""embedding_similarities"": {""american"": 0.423}, ""baseline_cuisines"": [""american"", ""japanese"", ""seafood"", ""bakery"", ""coffee_cafe""], ""newly_detected"": [], ""removed"": [""coffee_cafe"", ""japanese"", ""seafood"", ""bakery""], ""reason"": ""embedding_refined_cuisine_list""}, ""content_type_evidence"": {""embedding_label"": ""food_spot"", ""embedding_similarity"": 0.292, ""baseline_label"": ""food_spot"", ""baseline_confidence"": 0.7, ""override"": false, ""reason"": ""weak_embedding_match_keep_baseline""}}"
3733340661161733575,dinner,0.7,dinner,0.595,CONFIDENCE_UPDATED,-0.105,"{""meal_type"": ""dinner"", ""cuisines"": [""japanese"", ""seafood""], ""content_type"": ""food_spot"", ""location"": {""name"": ""Atlanta, Georgia"", ""slug"": ""atlanta-georgia""}, ""signals"": {""meal_evidence"": {""dinner"": [""tasting menu""]}, ""cuisine_evidence"": {""japanese"": [""omakase""], ""seafood"": [""fish""]}, ""content_evidence"": {""food_spot"": [""location_present""]}}, ""metadata"": {""hashtags"": [""atlblog"", ""atlfoodie""], ""mentions"": [""atllovesmo"", ""brushatl"", ""chefjasonliang"", ""chingyaow"", ""obybrushatl"", ""obybrushatl.""], ""likes"": 1302, ""comments"": 85, ""video_views"": 11172}}","{""meal_type_evidence"": {""embedding_label"": ""unknown"", ""embedding_similarity"": 0.378, ""baseline_label"": ""dinner"", ""baseline_confidence"": 0.7, ""override"": false, ""reason"": ""embedding_disagrees_but_baseline_sufficient""}, ""cuisine_evidence"": {""embedding_cuisines"": [], ""embedding_similarities"": {}, ""baseline_cuisines"": [""japanese"", ""seafood""], ""newly_detected"": [], ""removed"": [""japanese"", ""seafood""], ""reason"": ""no_strong_embedding_matches_keep_baseline""}, ""content_type_evidence"": {""embedding_label"": ""food_spot"", ""embedding_similarity"": 0.349, ""baseline_label"": ""food_spot"", ""baseline_confidence"": 0.7, ""override"": false, ""reason"": ""weak_embedding_match_keep_baseline""}}"
3158287459322938354,unknown,0.7,unknown,0.595,CONFIDENCE_UPDATED,-0.105,"{""meal_type"": ""unknown"", ""cuisines"": [""american"", ""japanese""], ""content_type"": ""food_spot"", ""location"": {""name"": ""Atlanta, Georgia"", ""slug"": ""atlanta-georgia""}, ""signals"": {""meal_evidence"": {}, ""cuisine_evidence"": {""american"": [""fried chicken""], ""japanese"": [""ramen""]}, ""content_evidence"": {""food_spot"": [""location_present""]}}, ""metadata"": {""hashtags"": [""atlantafood"", ""atlfoodie"", ""atlhiddengems"", ""atlramen"", ""hosted""], ""mentions"": [""atllovesmo"", ""myahsenpai"", ""senpainoodlesupply""], ""likes"": 678, ""comments"": 74, ""video_views"": 10476}}","{""meal_type_evidence"": {""embedding_label"": ""snack"", ""embedding_similarity"": 0.39, ""baseline_label"": ""unknown"", ""baseline_confidence"": 0.7, ""override"": false, ""reason"": ""embedding_disagrees_but_baseline_sufficient""}, ""cuisine_evidence"": {""embedding_cuisines"": [""american""], ""embedding_similarities"": {""american"": 0.516}, ""baseline_cuisines"": [""american"", ""japanese""], ""newly_detected"": [], ""removed"": [""japanese""], ""reason"": ""embedding_refined_cuisine_list""}, ""content_type_evidence"": {""embedding_label"": ""food_spot"", ""embedding_similarity"": 0.248, ""baseline_label"": ""food_spot"", ""baseline_confidence"": 0.7, ""override"": false, ""reason"": ""weak_embedding_match_keep_baseline""}}"
3615050387478188251,event,0.7,event,0.595,CONFIDENCE_UPDATED,-0.105,"{""meal_type"": ""dinner"", ""cuisines"": [""seafood""], ""content_type"": ""event"", ""location"": {""name"": ""Atlanta, Georgia"", ""slug"": ""atlanta-georgia""}, ""signals"": {""meal_evidence"": {""dinner"": [""dinner""], ""drinks"": [""bourbon""]}, ""cuisine_evidence"": {""seafood"": [""fish""]}, ""content_evidence"": {""event"": [""event""]}}, ""metadata"": {""hashtags"": [""atl100"", ""atlairport"", ""atleats"", ""atlfoodie""], ""mentions"": [""atlairport"", ""chefdnutter"", ""cheftoddrichards""], ""likes"": 626, ""comments"": 95, ""video_views"": 9728}}","{""meal_type_evidence"": {""embedding_label"": ""snack"", ""embedding_similarity"": 0.419, ""baseline_label"": ""dinner"", ""baseline_confidence"": 0.7, ""override"": false, ""reason"": ""embedding_disagrees_but_baseline_sufficient""}, ""cuisine_evidence"": {""embedding_cuisines"": [], ""embedding_similarities"": {}, ""baseline_cuisines"": [""seafood""], ""newly_detected"": [], ""removed"": [""seafood""], ""reason"": ""no_strong_embedding_matches_keep_baseline""}, ""content_type_evidence"": {""embedding_label"": ""food_spot"", ""embedding_similarity"": 0.453, ""baseline_label"": ""event"", ""baseline_confidence"": 0.7, ""override"": false, ""reason"": ""embedding_disagrees_but_baseline_acceptable""}}"
3309088486751914852,event,0.7,event,0.595,CONFIDENCE_UPDATED,-0.105,"{""meal_type"": ""drinks"", ""cuisines"": [], ""content_type"": ""event"", ""location"": {""name"": ""Brookhaven, Georgia"", ""slug"": ""brookhaven-georgia""}, ""signals"": {""meal_evidence"": {""drinks"": [""bar""]}, ""cuisine_evidence"": {}, ""content_evidence"": {""event"": [""market""]}}, ""metadata"": {""hashtags"": [""atlantablog"", ""atleats"", ""atlfoodie"", ""chopt"", ""choptgives"", ""sponsored""], ""mentions"": [""atllovesmo"", ""choptsalad"", ""foodwellalliance""], ""likes"": 486, ""comments"": 63, ""video_views"": 8990}}","{""meal_type_evidence"": {""embedding_label"": ""lunch"", ""embedding_similarity"": 0.472, ""baseline_label"": ""drinks"", ""baseline_confidence"": 0.7, ""override"": false, ""reason"": ""embedding_disagrees_but_baseline_sufficient""}, ""cuisine_evidence"": {""embedding_cuisines"": [""american""], ""embedding_similarities"": {""american"": 0.427}, ""baseline_cuisines"": [], ""newly_detected"": [""american""], ""removed"": [], ""reason"": ""embedding_refined_cuisine_list""}, ""content_type_evidence"": {""embedding_label"": ""food_spot"", ""embedding_similarity"": 0.407, ""baseline_label"": ""event"", ""baseline_confidence"": 0.7, ""override"": false, ""reason"": ""embedding_disagrees_but_baseline_acceptable""}}"
3701526032285552041,dinner,0.7,dinner,0.595,CONFIDENCE_UPDATED,-0.105,"{""meal_type"": ""dinner"", ""cuisines"": [""seafood""], ""content_type"": ""food_spot"", ""location"": {""name"": ""Atlanta, Georgia"", ""slug"": ""atlanta-georgia""}, ""signals"": {""meal_evidence"": {""dinner"": [""date night""], ""drinks"": [""bar""]}, ""cuisine_evidence"": {""seafood"": [""lobster""]}, ""content_evidence"": {""food_spot"": [""location_present""]}}, ""metadata"": {""hashtags"": [""atlblog"", ""atleats"", ""atlfoodie""], ""mentions"": [""atllovesmo"", ""chopslobsterbar""], ""likes"": 537, ""comments"": 53, ""video_views"": 8031}}","{""meal_type_evidence"": {""embedding_label"": ""snack"", ""embedding_similarity"": 0.385, ""baseline_label"": ""dinner"", ""baseline_confidence"": 0.7, ""override"": false, ""reason"": ""embedding_disagrees_but_baseline_sufficient""}, ""cuisine_evidence"": {""embedding_cuisines"": [""american""], ""embedding_similarities"": {""american"": 0.486}, ""baseline_cuisines"": [""seafood""], ""newly_detected"": [""american""], ""removed"": [""seafood""], ""reason"": ""embedding_refined_cuisine_list""}, ""content_type_evidence"": {""embedding_label"": ""food_spot"", ""embedding_similarity"": 0.346, ""baseline_label"": ""food_spot"", ""baseline_confidence"": 0.7, ""override"": false, ""reason"": ""weak_embedding_match_keep_baseline""}}"
3820302323453907103,drinks,0.7,drinks,0.595,CONFIDENCE_UPDATED,-0.105,"{""meal_type"": ""drinks"", ""cuisines"": [""italian"", ""coffee_cafe""], ""content_type"": ""food_spot"", ""location"": {""name"": ""Atlanta, Georgia"", ""slug"": ""atlanta-georgia""}, ""signals"": {""meal_evidence"": {""drinks"": [""gin""]}, ""cuisine_evidence"": {""italian"": [""pizza""], ""coffee_cafe"": [""coffee""]}, ""content_evidence"": {""food_spot"": [""location_present""]}}, ""metadata"": {""hashtags"": [""atlblog"", ""atleats"", ""mistero1"", ""mistero1pizza""], ""mentions"": [""mistero1pizza.""], ""likes"": 584, ""comments"": 76, ""video_views"": 6789}}","{""meal_type_evidence"": {""embedding_label"": ""unknown"", ""embedding_similarity"": 0.303, ""baseline_label"": ""drinks"", ""baseline_confidence"": 0.7, ""override"": false, ""reason"": ""embedding_disagrees_but_baseline_sufficient""}, ""cuisine_evidence"": {""embedding_cuisines"": [""italian""], ""embedding_similarities"": {""italian"": 0.432}, ""baseline_cuisines"": [""italian"", ""coffee_cafe""], ""newly_detected"": [], ""removed"": [""coffee_cafe""], ""reason"": ""embedding_refined_cuisine_list""}, ""content_type_evidence"": {""embedding_label"": ""food_spot"", ""embedding_similarity"": 0.253, ""baseline_label"": ""food_spot"", ""baseline_confidence"": 0.7, ""override"": false, ""reason"": ""weak_embedding_match_keep_baseline""}}"
3156118275691872565,unknown,0.7,unknown,0.595,CONFIDENCE_UPDATED,-0.105,"{""meal_type"": ""unknown"", ""cuisines"": [""mexican"", ""coffee_cafe""], ""content_type"": ""food_spot"", ""location"": {""name"": ""FiNCA TO FiLTER"", ""slug"": ""finca-to-filter""}, ""signals"": {""meal_evidence"": {}, ""cuisine_evidence"": {""mexican"": [""taco""], ""coffee_cafe"": [""coffee"", ""latte""]}, ""content_evidence"": {""food_spot"": [""location_present""]}}, ""metadata"": {""hashtags"": [""atlantacoffee"", ""atlantafoodie"", ""atlcoffee"", ""atlcoffeeshops""], ""mentions"": [""atllovesmo"", ""fincatofilter"", ""leeandwhite."", ""wildheavenwestend""], ""likes"": 626, ""comments"": 27, ""video_views"": 6151}}","{""meal_type_evidence"": {""embedding_label"": ""snack"", ""embedding_similarity"": 0.345, ""baseline_label"": ""unknown"", ""baseline_confidence"": 0.7, ""override"": false, ""reason"": ""embedding_disagrees_but_baseline_sufficient""}, ""cuisine_evidence"": {""embedding_cuisines"": [], ""embedding_similarities"": {}, ""baseline_cuisines"": [""mexican"", ""coffee_cafe""], ""newly_detected"": [], ""removed"": [""mexican"", ""coffee_cafe""], ""reason"": ""no_strong_embedding_matches_keep_baseline""}, ""content_type_evidence"": {""embedding_label"": ""food_spot"", ""embedding_similarity"": 0.346, ""baseline_label"": ""food_spot"", ""baseline_confidence"": 0.7, ""override"": false, ""reason"": ""weak_embedding_match_keep_baseline""}}"
3144521768186208448,event,0.7,event,0.595,CONFIDENCE_UPDATED,-0.105,"{""meal_type"": ""unknown"", ""cuisines"": [""japanese""], ""content_type"": ""event"", ""location"": {""name"": ""MUJŌ"", ""slug"": ""mujo""}, ""signals"": {""meal_evidence"": {}, ""cuisine_evidence"": {""japanese"": [""sushi"", ""omakase""]}, ""content_evidence"": {""event"": [""seasonal""]}}, ""metadata"": {""hashtags"": [""atlantafoodie"", ""atlfoodscene"", ""atlomakase"", ""omakase"", ""omakasesushi""], ""mentions"": [""atllovesmo"", ""chef_yang__"", ""mujoatl""], ""likes"": 374, ""comments"": 49, ""video_views"": 5579}}","{""meal_type_evidence"": {""embedding_label"": ""snack"", ""embedding_similarity"": 0.395, ""baseline_label"": ""unknown"", ""baseline_confidence"": 0.7, ""override"": false, ""reason"": ""embedding_disagrees_but_baseline_sufficient""}, ""cuisine_evidence"": {""embedding_cuisines"": [], ""embedding_similarities"": {}, ""baseline_cuisines"": [""japanese""], ""newly_detected"": [], ""removed"": [""japanese""], ""reason"": ""no_strong_embedding_matches_keep_baseline""}, ""content_type_evidence"": {""embedding_label"": ""food_spot"", ""embedding_similarity"": 0.446, ""baseline_label"": ""event"", ""baseline_confidence"": 0.7, ""override"": false, ""reason"": ""embedding_disagrees_but_baseline_acceptable""}}"
3754321073254011503,dessert,0.7,dessert,0.595,CONFIDENCE_UPDATED,-0.105,"{""meal_type"": ""dessert"", ""cuisines"": [""mediterranean"", ""seafood""], ""content_type"": ""food_spot"", ""location"": {""name"": ""Atlanta, Georgia"", ""slug"": ""atlanta-georgia""}, ""signals"": {""meal_evidence"": {""dessert"": [""dessert""]}, ""cuisine_evidence"": {""mediterranean"": [""mediterranean"", ""falafel"", ""gyro""], ""seafood"": [""seafood""]}, ""content_evidence"": {""food_spot"": [""location_present""]}}, ""metadata"": {""hashtags"": [""1"", ""atlblog"", ""hosted""], ""mentions"": [""greatgreekgrill"", ""greatgreekgrillcumberlandga""], ""likes"": 376, ""comments"": 50, ""video_views"": 5436}}","{""meal_type_evidence"": {""embedding_label"": ""brunch"", ""embedding_similarity"": 0.366, ""baseline_label"": ""dessert"", ""baseline_confidence"": 0.7, ""override"": false, ""reason"": ""embedding_disagrees_but_baseline_sufficient""}, ""cuisine_evidence"": {""embedding_cuisines"": [""mediterranean""], ""embedding_similarities"": {""mediterranean"": 0.465}, ""baseline_cuisines"": [""mediterranean"", ""seafood""], ""newly_detected"": [], ""removed"": [""seafood""], ""reason"": ""embedding_refined_cuisine_list""}, ""content_type_evidence"": {""embedding_label"": ""food_spot"", ""embedding_similarity"": 0.292, ""baseline_label"": ""food_spot"", ""baseline_confidence"": 0.7, ""override"": false, ""reason"": ""weak_embedding_match_keep_baseline""}}"
2922139196257755080,event,0.7,event,0.595,CONFIDENCE_UPDATED,-0.105,"{""meal_type"": ""unknown"", ""cuisines"": [""italian"", ""vegan""], ""content_type"": ""event"", ""location"": {""name"": ""Double Zero"", ""slug"": ""double-zero""}, ""signals"": {""meal_evidence"": {}, ""cuisine_evidence"": {""italian"": [""pasta"", ""pizza""], ""vegan"": [""vegan""]}, ""content_evidence"": {""event"": [""market""]}}, ""metadata"": {""hashtags"": [""atlanta"", ""atlantaeats"", ""atlantafoodie"", ""atlantapizza"", ""atlblog"", ""atlbucketlist"", ""atlfoodie"", ""atlpizza"", ""atlvegan"", ""atlveganglutenfree"", ""doublezero"", ""eatatlanta"", ""freshmadedaily"", ""pizza"", ""plantbased"", ""plantbasedlifestyle"", ""veganatlanta"", ""veganfood"", ""vegansofatlanta"", ""weloveatl""], ""mentions"": [""doublezeroatl""], ""likes"": 321, ""comments"": 56, ""video_views"": 2521}}","{""meal_type_evidence"": {""embedding_label"": ""snack"", ""embedding_similarity"": 0.335, ""baseline_label"": ""unknown"", ""baseline_confidence"": 0.7, ""override"": false, ""reason"": ""embedding_disagrees_but_baseline_sufficient""}, ""cuisine_evidence"": {""embedding_cuisines"": [""vegan""], ""embedding_similarities"": {""vegan"": 0.423}, ""baseline_cuisines"": [""italian"", ""vegan""], ""newly_detected"": [], ""removed"": [""italian""], ""reason"": ""embedding_refined_cuisine_list""}, ""content_type_evidence"": {""embedding_label"": ""food_spot"", ""embedding_similarity"": 0.283, ""baseline_label"": ""event"", ""baseline_confidence"": 0.7, ""override"": false, ""reason"": ""weak_embedding_match_keep_baseline""}}"
3077355483032193664,event,0.7,event,0.595,CONFIDENCE_UPDATED,-0.105,"{""meal_type"": ""drinks"", ""cuisines"": [], ""content_type"": ""event"", ""location"": {""name"": ""Rina"", ""slug"": ""rina""}, ""signals"": {""meal_evidence"": {""drinks"": [""drink""]}, ""cuisine_evidence"": {}, ""content_evidence"": {""event"": [""market""]}}, ""metadata"": {""hashtags"": [""atlantafoodscene"", ""atlbeltline"", ""atlfoodie""], ""mentions"": [""poncecitymarket"", ""rina.atl""], ""likes"": 155, ""comments"": 18, ""video_views"": 1455}}","{""meal_type_evidence"": {""embedding_label"": ""snack"", ""embedding_similarity"": 0.328, ""baseline_label"": ""drinks"", ""baseline_confidence"": 0.7, ""override"": false, ""reason"": ""embedding_disagrees_but_baseline_sufficient""}, ""cuisine_evidence"": {""embedding_cuisines"": [], ""embedding_similarities"": {}, ""baseline_cuisines"": [], ""newly_detected"": [], ""removed"": [], ""reason"": ""no_strong_embedding_matches_keep_baseline""}, ""content_type_evidence"": {""embedding_label"": ""food_spot"", ""embedding_similarity"": 0.307, ""baseline_label"": ""event"", ""baseline_confidence"": 0.7, ""override"": false, ""reason"": ""weak_embedding_match_keep_baseline""}}"
3067105937157093648,unknown,0.7,unknown,0.595,CONFIDENCE_UPDATED,-0.105,"{""meal_type"": ""unknown"", ""cuisines"": [""italian"", ""seafood""], ""content_type"": ""food_spot"", ""location"": {""name"": ""Lloyd's"", ""slug"": ""lloyds""}, ""signals"": {""meal_evidence"": {}, ""cuisine_evidence"": {""italian"": [""pizza""], ""seafood"": [""crab""]}, ""content_evidence"": {""food_spot"": [""location_present""]}}, ""metadata"": {""hashtags"": [""atlantafood"", ""atlfoodies"", ""atlpizza""], ""mentions"": [""lloydspizzaparty""], ""likes"": 109, ""comments"": 32, ""video_views"": 1326}}","{""meal_type_evidence"": {""embedding_label"": ""snack"", ""embedding_similarity"": 0.41, ""baseline_label"": ""unknown"", ""baseline_confidence"": 0.7, ""override"": false, ""reason"": ""embedding_disagrees_but_baseline_sufficient""}, ""cuisine_evidence"": {""embedding_cuisines"": [], ""embedding_similarities"": {}, ""baseline_cuisines"": [""italian"", ""seafood""], ""newly_detected"": [], ""removed"": [""italian"", ""seafood""], ""reason"": ""no_strong_embedding_matches_keep_baseline""}, ""content_type_evidence"": {""embedding_label"": ""food_spot"", ""embedding_similarity"": 0.252, ""baseline_label"": ""food_spot"", ""baseline_confidence"": 0.7, ""override"": false, ""reason"": ""weak_embedding_match_keep_baseline""}}"
2860523396332475855,unknown,0.7,unknown,0.595,CONFIDENCE_UPDATED,-0.105,"{""meal_type"": ""unknown"", ""cuisines"": [""mexican"", ""vegan""], ""content_type"": ""food_spot"", ""location"": {""name"": ""West End"", ""slug"": ""west-end""}, ""signals"": {""meal_evidence"": {}, ""cuisine_evidence"": {""mexican"": [""mexican"", ""taco"", ""quesadilla"", ""birria""], ""vegan"": [""vegan""]}, ""content_evidence"": {""food_spot"": [""location_present""]}}, ""metadata"": {""hashtags"": [""atlanta"", ""atlantaeats"", ""atlantafoodie"", ""atlantatoday"", ""atlantavegan"", ""atlblog"", ""atlbucketlist"", ""atlfoodie"", ""atlvegan"", ""baeeatsworld"", ""eatatlanta"", ""eatnorthamerica"", ""food"", ""foodiesofinstagram"", ""foodphotography"", ""foodpics"", ""foodstagram"", ""forkyeahfoodies"", ""globaleats"", ""hotlanta"", ""microinfluencer"", ""tasteofmyatlanta"", ""thefoodieinitiave"", ""theloserfam"", ""weloveatl""], ""mentions"": [""calaveritasatl"", ""metatl""], ""likes"": 273, ""comments"": 86, ""video_views"": 919}}","{""meal_type_evidence"": {""embedding_label"": ""snack"", ""embedding_similarity"": 0.383, ""baseline_label"": ""unknown"", ""baseline_confidence"": 0.7, ""override"": false, ""reason"": ""embedding_disagrees_but_baseline_sufficient""}, ""cuisine_evidence"": {""embedding_cuisines"": [""mexican""], ""embedding_similarities"": {""mexican"": 0.486}, ""baseline_cuisines"": [""mexican"", ""vegan""], ""newly_detected"": [], ""removed"": [""vegan""], ""reason"": ""embedding_refined_cuisine_list""}, ""content_type_evidence"": {""embedding_label"": ""mixed"", ""embedding_similarity"": 0.261, ""baseline_label"": ""food_spot"", ""baseline_confidence"": 0.7, ""override"": false, ""reason"": ""weak_embedding_match_keep_baseline""}}"
3661605887035608125,event,0.7,event,0.595,CONFIDENCE_UPDATED,-0.105,"{""meal_type"": ""dessert"", ""cuisines"": [""american"", ""mexican""], ""content_type"": ""event"", ""location"": {""name"": ""Atlanta, Georgia"", ""slug"": ""atlanta-georgia""}, ""signals"": {""meal_evidence"": {""dessert"": [""ice cream""]}, ""cuisine_evidence"": {""american"": [""burger"", ""hot dog"", ""southern""], ""mexican"": [""mexican""]}, ""content_evidence"": {""event"": [""limited time""]}}, ""metadata"": {""hashtags"": [""atlblog"", ""atldatenight"", ""atleats""], ""mentions"": [""atllovesmo"", ""chefjoeyward"", ""georgiaboyatlanta"", ""southernbelleatlanta""], ""likes"": 1214, ""comments"": 59, ""video_views"": 808}}","{""meal_type_evidence"": {""embedding_label"": ""snack"", ""embedding_similarity"": 0.361, ""baseline_label"": ""dessert"", ""baseline_confidence"": 0.7, ""override"": false, ""reason"": ""embedding_disagrees_but_baseline_sufficient""}, ""cuisine_evidence"": {""embedding_cuisines"": [""american""], ""embedding_similarities"": {""american"": 0.583}, ""baseline_cuisines"": [""american"", ""mexican""], ""newly_detected"": [], ""removed"": [""mexican""], ""reason"": ""embedding_refined_cuisine_list""}, ""content_type_evidence"": {""embedding_label"": ""food_spot"", ""embedding_similarity"": 0.384, ""baseline_label"": ""event"", ""baseline_confidence"": 0.7, ""override"": false, ""reason"": ""embedding_disagrees_but_baseline_acceptable""}}"
3631850698640974082,dinner,0.7,dinner,0.595,CONFIDENCE_UPDATED,-0.105,"{""meal_type"": ""dinner"", ""cuisines"": [""italian"", ""seafood"", ""bakery"", ""coffee_cafe""], ""content_type"": ""food_spot"", ""location"": {""name"": ""Atlanta, Georgia"", ""slug"": ""atlanta-georgia""}, ""signals"": {""meal_evidence"": {""dinner"": [""date night""], ""dessert"": [""gelato""], ""drinks"": [""martini""]}, ""cuisine_evidence"": {""italian"": [""pasta""], ""seafood"": [""crab"", ""fish""], ""bakery"": [""bread""], ""coffee_cafe"": [""espresso""]}, ""content_evidence"": {""food_spot"": [""location_present""]}}, ""metadata"": {""hashtags"": [""atlblog"", ""atldatenight"", ""atleats"", ""atlfoodie""], ""mentions"": [""atllovesmo"", ""stceciliaatl""], ""likes"": 1773, ""comments"": 106, ""video_views"": 788}}","{""meal_type_evidence"": {""embedding_label"": ""snack"", ""embedding_similarity"": 0.39, ""baseline_label"": ""dinner"", ""baseline_confidence"": 0.7, ""override"": false, ""reason"": ""embedding_disagrees_but_baseline_sufficient""}, ""cuisine_evidence"": {""embedding_cuisines"": [""american""], ""embedding_similarities"": {""american"": 0.402}, ""baseline_cuisines"": [""italian"", ""seafood"", ""bakery"", ""coffee_cafe""], ""newly_detected"": [""american""], ""removed"": [""coffee_cafe"", ""italian"", ""bakery"", ""seafood""], ""reason"": ""embedding_refined_cuisine_list""}, ""content_type_evidence"": {""embedding_label"": ""food_spot"", ""embedding_similarity"": 0.349, ""baseline_label"": ""food_spot"", ""baseline_confidence"": 0.7, ""override"": false, ""reason"": ""weak_embedding_match_keep_baseline""}}"
2913452048587500969,unknown,0.7,unknown,0.595,CONFIDENCE_UPDATED,-0.105,"{""meal_type"": ""unknown"", ""cuisines"": [], ""content_type"": ""food_spot"", ""location"": {""name"": ""Atlanta, Georgia"", ""slug"": ""atlanta-georgia""}, ""signals"": {""meal_evidence"": {}, ""cuisine_evidence"": {}, ""content_evidence"": {""food_spot"": [""location_present""]}}, ""metadata"": {""hashtags"": [""atlanta"", ""atlantaeats"", ""atlantafoodie"", ""atlantatoday"", ""atlblog"", ""atlbucketlist"", ""atlfoodie"", ""atlrooftop"", ""baeeatsworld"", ""eatatlanta"", ""eatnorthamerica"", ""food"", ""foodiesofinstagram"", ""foodphotography"", ""foodpics"", ""foodstagram"", ""forkyeahfoodies"", ""globaleats"", ""microinfluencer"", ""thefoodieinitiave"", ""theloserfam"", ""weloveatl""], ""mentions"": [""spacemanatl""], ""likes"": 140, ""comments"": 25, ""video_views"": 786}}","{""meal_type_evidence"": {""embedding_label"": ""snack"", ""embedding_similarity"": 0.382, ""baseline_label"": ""unknown"", ""baseline_confidence"": 0.7, ""override"": false, ""reason"": ""embedding_disagrees_but_baseline_sufficient""}, ""cuisine_evidence"": {""embedding_cuisines"": [], ""embedding_similarities"": {}, ""baseline_cuisines"": [], ""newly_detected"": [], ""removed"": [], ""reason"": ""no_strong_embedding_matches_keep_baseline""}, ""content_type_evidence"": {""embedding_label"": ""mixed"", ""embedding_similarity"": 0.238, ""baseline_label"": ""food_spot"", ""baseline_confidence"": 0.7, ""override"": false, ""reason"": ""weak_embedding_match_keep_baseline""}}"
2843850481734025292,breakfast,0.7,breakfast,0.595,CONFIDENCE_UPDATED,-0.105,"{""meal_type"": ""breakfast"", ""cuisines"": [""mediterranean"", ""coffee_cafe""], ""content_type"": ""food_spot"", ""location"": {""name"": ""Daily Chew ATL"", ""slug"": ""daily-chew-atl""}, ""signals"": {""meal_evidence"": {""breakfast"": [""breakfast""], ""snack"": [""quick bite""]}, ""cuisine_evidence"": {""mediterranean"": [""hummus""], ""coffee_cafe"": [""coffee"", ""cafe""]}, ""content_evidence"": {""food_spot"": [""location_present""]}}, ""metadata"": {""hashtags"": [""atlanta"", ""atlantaeats"", ""atlantafoodie"", ""atlantatoday"", ""atlblog"", ""atlbreakfast"", ""atlbucketlist"", ""atlcoffee"", ""atlfoodie"", ""atlneighborhoodcafe"", ""eatatlanta"", ""eatnorthamerica"", ""food"", ""foodiesofinstagram"", ""foodphotography"", ""foodpics"", ""foodstagram"", ""forkyeahfoodies"", ""globaleats"", ""microinfluencer"", ""thefoodieinitiave"", ""theloserfam"", ""weloveatl""], ""mentions"": [""dailychewatl""], ""likes"": 252, ""comments"": 50, ""video_views"": 782}}","{""meal_type_evidence"": {""embedding_label"": ""snack"", ""embedding_similarity"": 0.307, ""baseline_label"": ""breakfast"", ""baseline_confidence"": 0.7, ""override"": false, ""reason"": ""embedding_disagrees_but_baseline_sufficient""}, ""cuisine_evidence"": {""embedding_cuisines"": [], ""embedding_similarities"": {}, ""baseline_cuisines"": [""mediterranean"", ""coffee_cafe""], ""newly_detected"": [], ""removed"": [""coffee_cafe"", ""mediterranean""], ""reason"": ""no_strong_embedding_matches_keep_baseline""}, ""content_type_evidence"": {""embedding_label"": ""mixed"", ""embedding_similarity"": 0.261, ""baseline_label"": ""food_spot"", ""baseline_confidence"": 0.7, ""override"": false, ""reason"": ""weak_embedding_match_keep_baseline""}}"
3639628385795639071,lunch,0.7,lunch,0.595,CONFIDENCE_UPDATED,-0.105,"{""meal_type"": ""lunch"", ""cuisines"": [""seafood"", ""bakery"", ""coffee_cafe""], ""content_type"": ""food_spot"", ""location"": {""name"": ""Atlanta, Georgia"", ""slug"": ""atlanta-georgia""}, ""signals"": {""meal_evidence"": {""lunch"": [""lunch""], ""dessert"": [""cake""], ""drinks"": [""bar""]}, ""cuisine_evidence"": {""seafood"": [""fish""], ""bakery"": [""pastry""], ""coffee_cafe"": [""coffee"", ""cafe"", ""latte""]}, ""content_evidence"": {""food_spot"": [""location_present""]}}, ""metadata"": {""hashtags"": [""atlblog"", ""atleats"", ""atlfoodie""], ""mentions"": [""atllovesmo"", ""brushatl"", ""cuddlefishatl"", ""momocafeatl""], ""likes"": 2382, ""comments"": 65, ""video_views"": 646}}","{""meal_type_evidence"": {""embedding_label"": ""snack"", ""embedding_similarity"": 0.357, ""baseline_label"": ""lunch"", ""baseline_confidence"": 0.7, ""override"": false, ""reason"": ""embedding_disagrees_but_baseline_sufficient""}, ""cuisine_evidence"": {""embedding_cuisines"": [], ""embedding_similarities"": {}, ""baseline_cuisines"": [""seafood"", ""bakery"", ""coffee_cafe""], ""newly_detected"": [], ""removed"": [""coffee_cafe"", ""seafood"", ""bakery""], ""reason"": ""no_strong_embedding_matches_keep_baseline""}, ""content_type_evidence"": {""embedding_label"": ""food_spot"", ""embedding_similarity"": 0.286, ""baseline_label"": ""food_spot"", ""baseline_confidence"": 0.7, ""override"": false, ""reason"": ""weak_embedding_match_keep_baseline""}}"
3667357618084289808,drinks,0.7,drinks,0.595,CONFIDENCE_UPDATED,-0.105,"{""meal_type"": ""drinks"", ""cuisines"": [], ""content_type"": ""food_spot"", ""location"": {""name"": ""Atlanta, Georgia"", ""slug"": ""atlanta-georgia""}, ""signals"": {""meal_evidence"": {""drinks"": [""bar""]}, ""cuisine_evidence"": {}, ""content_evidence"": {""food_spot"": [""location_present""]}}, ""metadata"": {""hashtags"": [""atlblog"", ""atleats"", ""dubaichocolateshake"", ""shakeshackpartner""], ""mentions"": [], ""likes"": 1469, ""comments"": 120, ""video_views"": 643}}","{""meal_type_evidence"": {""embedding_label"": ""dessert"", ""embedding_similarity"": 0.373, ""baseline_label"": ""drinks"", ""baseline_confidence"": 0.7, ""override"": false, ""reason"": ""embedding_disagrees_but_baseline_sufficient""}, ""cuisine_evidence"": {""embedding_cuisines"": [], ""embedding_similarities"": {}, ""baseline_cuisines"": [], ""newly_detected"": [], ""removed"": [], ""reason"": ""no_strong_embedding_matches_keep_baseline""}, ""content_type_evidence"": {""embedding_label"": ""food_spot"", ""embedding_similarity"": 0.249, ""baseline_label"": ""food_spot"", ""baseline_confidence"": 0.7, ""override"": false, ""reason"": ""weak_embedding_match_keep_baseline""}}"
2854688748431817552,unknown,0.7,unknown,0.595,CONFIDENCE_UPDATED,-0.105,"{""meal_type"": ""unknown"", ""cuisines"": [""italian""], ""content_type"": ""food_spot"", ""location"": {""name"": ""Storico Fresco Alimentari e Ristorante"", ""slug"": ""storico-fresco-alimentari-e-ristorante""}, ""signals"": {""meal_evidence"": {}, ""cuisine_evidence"": {""italian"": [""pasta""]}, ""content_evidence"": {""food_spot"": [""location_present""]}}, ""metadata"": {""hashtags"": [""atlanta"", ""atlantaeats"", ""atlantafoodie"", ""atlantatoday"", ""atlblog"", ""atlbucketlist"", ""atlfoodie"", ""atlpasta"", ""baeeatsworld"", ""eatatlanta"", ""eatnorthamerica"", ""food"", ""foodiesofinstagram"", ""foodphotography"", ""foodpics"", ""foodstagram"", ""forkyeahfoodies"", ""freshpasta"", ""globaleats"", ""microinfluencer"", ""pasta"", ""thefoodieinitiave"", ""theloserfam"", ""weloveatl""], ""mentions"": [""storicofresco""], ""likes"": 284, ""comments"": 112, ""video_views"": 582}}","{""meal_type_evidence"": {""embedding_label"": ""snack"", ""embedding_similarity"": 0.408, ""baseline_label"": ""unknown"", ""baseline_confidence"": 0.7, ""override"": false, ""reason"": ""embedding_disagrees_but_baseline_sufficient""}, ""cuisine_evidence"": {""embedding_cuisines"": [""italian""], ""embedding_similarities"": {""italian"": 0.441}, ""baseline_cuisines"": [""italian""], ""newly_detected"": [], ""removed"": [], ""reason"": ""embedding_confirms_baseline""}, ""content_type_evidence"": {""embedding_label"": ""food_spot"", ""embedding_similarity"": 0.243, ""baseline_label"": ""food_spot"", ""baseline_confidence"": 0.7, ""override"": false, ""reason"": ""weak_embedding_match_keep_baseline""}}"
2894006710091293137,drinks,0.7,drinks,0.595,CONFIDENCE_UPDATED,-0.105,"{""meal_type"": ""drinks"", ""cuisines"": [""american""], ""content_type"": ""food_spot"", ""location"": {""name"": ""Atlanta, Georgia"", ""slug"": ""atlanta-georgia""}, ""signals"": {""meal_evidence"": {""drinks"": [""drink""]}, ""cuisine_evidence"": {""american"": [""burger""]}, ""content_evidence"": {""food_spot"": [""location_present""]}}, ""metadata"": {""hashtags"": [], ""mentions"": [""grindhouseburgers""], ""likes"": 137, ""comments"": 46, ""video_views"": 527}}","{""meal_type_evidence"": {""embedding_label"": ""snack"", ""embedding_similarity"": 0.334, ""baseline_label"": ""drinks"", ""baseline_confidence"": 0.7, ""override"": false, ""reason"": ""embedding_disagrees_but_baseline_sufficient""}, ""cuisine_evidence"": {""embedding_cuisines"": [], ""embedding_similarities"": {}, ""baseline_cuisines"": [""american""], ""newly_detected"": [], ""removed"": [""american""], ""reason"": ""no_strong_embedding_matches_keep_baseline""}, ""content_type_evidence"": {""embedding_label"": ""food_spot"", ""embedding_similarity"": 0.227, ""baseline_label"": ""food_spot"", ""baseline_confidence"": 0.7, ""override"": false, ""reason"": ""weak_embedding_match_keep_baseline""}}"
3764353427213209581,drinks,0.7,drinks,0.595,CONFIDENCE_UPDATED,-0.105,"{""meal_type"": ""drinks"", ""cuisines"": [""italian"", ""coffee_cafe""], ""content_type"": ""food_spot"", ""location"": {""name"": ""Atlanta, Georgia"", ""slug"": ""atlanta-georgia""}, ""signals"": {""meal_evidence"": {""drinks"": [""drink""]}, ""cuisine_evidence"": {""italian"": [""italian""], ""coffee_cafe"": [""coffee""]}, ""content_evidence"": {""food_spot"": [""location_present""]}}, ""metadata"": {""hashtags"": [], ""mentions"": [""atlhawks"", ""atllovesmo"", ""bellwoodcoffee"", ""drinkninedot"", ""gigisitaliankitchen."", ""polloprimoatl""], ""likes"": 2890, ""comments"": 75, ""video_views"": null}}","{""meal_type_evidence"": {""embedding_label"": ""snack"", ""embedding_similarity"": 0.343, ""baseline_label"": ""drinks"", ""baseline_confidence"": 0.7, ""override"": false, ""reason"": ""embedding_disagrees_but_baseline_sufficient""}, ""cuisine_evidence"": {""embedding_cuisines"": [], ""embedding_similarities"": {}, ""baseline_cuisines"": [""italian"", ""coffee_cafe""], ""newly_detected"": [], ""removed"": [""coffee_cafe"", ""italian""], ""reason"": ""no_strong_embedding_matches_keep_baseline""}, ""content_type_evidence"": {""embedding_label"": ""food_spot"", ""embedding_similarity"": 0.314, ""baseline_label"": ""food_spot"", ""baseline_confidence"": 0.7, ""override"": false, ""reason"": ""weak_embedding_match_keep_baseline""}}"
3623181676588284097,lunch,0.7,lunch,0.595,CONFIDENCE_UPDATED,-0.105,"{""meal_type"": ""lunch"", ""cuisines"": [""seafood"", ""bakery"", ""coffee_cafe""], ""content_type"": ""food_spot"", ""location"": {""name"": ""Dunwoody, Georgia"", ""slug"": ""dunwoody-georgia""}, ""signals"": {""meal_evidence"": {""lunch"": [""lunch""], ""dessert"": [""cake""]}, ""cuisine_evidence"": {""seafood"": [""fish""], ""bakery"": [""pastry""], ""coffee_cafe"": [""cafe"", ""latte""]}, ""content_evidence"": {""food_spot"": [""location_present""]}}, ""metadata"": {""hashtags"": [""atlblog"", ""atleats"", ""atlfoodie""], ""mentions"": [""atllovesmo"", ""brushatl"", ""cuddlefishatl"", ""momocafeatl""], ""likes"": 1804, ""comments"": 71, ""video_views"": null}}","{""meal_type_evidence"": {""embedding_label"": ""snack"", ""embedding_similarity"": 0.396, ""baseline_label"": ""lunch"", ""baseline_confidence"": 0.7, ""override"": false, ""reason"": ""embedding_disagrees_but_baseline_sufficient""}, ""cuisine_evidence"": {""embedding_cuisines"": [], ""embedding_similarities"": {}, ""baseline_cuisines"": [""seafood"", ""bakery"", ""coffee_cafe""], ""newly_detected"": [], ""removed"": [""coffee_cafe"", ""seafood"", ""bakery""], ""reason"": ""no_strong_embedding_matches_keep_baseline""}, ""content_type_evidence"": {""embedding_label"": ""food_spot"", ""embedding_similarity"": 0.329, ""baseline_label"": ""food_spot"", ""baseline_confidence"": 0.7, ""override"": false, ""reason"": ""weak_embedding_match_keep_baseline""}}"
3569576818627180171,drinks,0.7,drinks,0.595,CONFIDENCE_UPDATED,-0.105,"{""meal_type"": ""drinks"", ""cuisines"": [""american""], ""content_type"": ""food_spot"", ""location"": {""name"": ""Atlanta, Georgia"", ""slug"": ""atlanta-georgia""}, ""signals"": {""meal_evidence"": {""drinks"": [""beer""]}, ""cuisine_evidence"": {""american"": [""burger""]}, ""content_evidence"": {""food_spot"": [""location_present""]}}, ""metadata"": {""hashtags"": [""atlblog"", ""atleats"", ""atlfoodie""], ""mentions"": [""bestbiteswithj"", ""breakerbreaker_atl"", ""gabeergarden"", ""malskitchenatl""], ""likes"": 1536, ""comments"": 110, ""video_views"": null}}","{""meal_type_evidence"": {""embedding_label"": ""snack"", ""embedding_similarity"": 0.408, ""baseline_label"": ""drinks"", ""baseline_confidence"": 0.7, ""override"": false, ""reason"": ""embedding_disagrees_but_baseline_sufficient""}, ""cuisine_evidence"": {""embedding_cuisines"": [], ""embedding_similarities"": {}, ""baseline_cuisines"": [""american""], ""newly_detected"": [], ""removed"": [""american""], ""reason"": ""no_strong_embedding_matches_keep_baseline""}, ""content_type_evidence"": {""embedding_label"": ""food_spot"", ""embedding_similarity"": 0.344, ""baseline_label"": ""food_spot"", ""baseline_confidence"": 0.7, ""override"": false, ""reason"": ""weak_embedding_match_keep_baseline""}}"
3484659745845871523,unknown,0.7,unknown,0.595,CONFIDENCE_UPDATED,-0.105,"{""meal_type"": ""unknown"", ""cuisines"": [""bbq""], ""content_type"": ""food_spot"", ""location"": {""name"": ""Atlanta, Georgia"", ""slug"": ""atlanta-georgia""}, ""signals"": {""meal_evidence"": {}, ""cuisine_evidence"": {""bbq"": [""bbq""]}, ""content_evidence"": {""food_spot"": [""location_present""]}}, ""metadata"": {""hashtags"": [""atlblog"", ""atleats"", ""atlfoodie"", ""gustopartner"", ""whatsyourgusto""], ""mentions"": [""leeandwhite"", ""whatsyourgusto""], ""likes"": 661, ""comments"": 90, ""video_views"": null}}","{""meal_type_evidence"": {""embedding_label"": ""snack"", ""embedding_similarity"": 0.419, ""baseline_label"": ""unknown"", ""baseline_confidence"": 0.7, ""override"": false, ""reason"": ""embedding_disagrees_but_baseline_sufficient""}, ""cuisine_evidence"": {""embedding_cuisines"": [""american"", ""mexican""], ""embedding_similarities"": {""american"": 0.53, ""mexican"": 0.427}, ""baseline_cuisines"": [""bbq""], ""newly_detected"": [""mexican"", ""american""], ""removed"": [""bbq""], ""reason"": ""embedding_refined_cuisine_list""}, ""content_type_evidence"": {""embedding_label"": ""food_spot"", ""embedding_similarity"": 0.328, ""baseline_label"": ""food_spot"", ""baseline_confidence"": 0.7, ""override"": false, ""reason"": ""weak_embedding_match_keep_baseline""}}"
2853156501688206843,unknown,0.7,unknown,0.595,CONFIDENCE_UPDATED,-0.105,"{""meal_type"": ""unknown"", ""cuisines"": [], ""content_type"": ""food_spot"", ""location"": {""name"": ""Hero Doughnuts & Buns Atlanta"", ""slug"": ""hero-doughnuts-buns-atlanta""}, ""signals"": {""meal_evidence"": {}, ""cuisine_evidence"": {}, ""content_evidence"": {""food_spot"": [""location_present""]}}, ""metadata"": {""hashtags"": [], ""mentions"": [""herodoughnuts""], ""likes"": 462, ""comments"": 101, ""video_views"": null}}","{""meal_type_evidence"": {""embedding_label"": ""breakfast"", ""embedding_similarity"": 0.31, ""baseline_label"": ""unknown"", ""baseline_confidence"": 0.7, ""override"": false, ""reason"": ""embedding_disagrees_but_baseline_sufficient""}, ""cuisine_evidence"": {""embedding_cuisines"": [], ""embedding_similarities"": {}, ""baseline_cuisines"": [], ""newly_detected"": [], ""removed"": [], ""reason"": ""no_strong_embedding_matches_keep_baseline""}, ""content_type_evidence"": {""embedding_label"": ""mixed"", ""embedding_similarity"": 0.156, ""baseline_label"": ""food_spot"", ""baseline_confidence"": 0.7, ""override"": false, ""reason"": ""weak_embedding_match_keep_baseline""}}"
2833162150912816567,unknown,0.7,unknown,0.595,CONFIDENCE_UPDATED,-0.105,"{""meal_type"": ""unknown"", ""cuisines"": [""american"", ""italian""], ""content_type"": ""food_spot"", ""location"": {""name"": ""Grana"", ""slug"": ""grana""}, ""signals"": {""meal_evidence"": {}, ""cuisine_evidence"": {""american"": [""southern""], ""italian"": [""italian"", ""pasta""]}, ""content_evidence"": {""food_spot"": [""location_present""]}}, ""metadata"": {""hashtags"": [""atlanta"", ""atlantaeats"", ""atlantafoodie"", ""atlantapasta"", ""atlantatoday"", ""atlblog"", ""atlbucketlist"", ""atlfoodie"", ""atlpasta"", ""atlrooftop"", ""eatatlanta"", ""eatnorthamerica"", ""food"", ""foodiesofinstagram"", ""foodphotography"", ""foodpics"", ""foodstagram"", ""forkyeahfoodies"", ""globaleats"", ""italianfood"", ""microinfluencer"", ""pasta"", ""thefoodieinitiave"", ""theloserfam"", ""weloveatl""], ""mentions"": [""grana""], ""likes"": 325, ""comments"": 70, ""video_views"": null}}","{""meal_type_evidence"": {""embedding_label"": ""snack"", ""embedding_similarity"": 0.332, ""baseline_label"": ""unknown"", ""baseline_confidence"": 0.7, ""override"": false, ""reason"": ""embedding_disagrees_but_baseline_sufficient""}, ""cuisine_evidence"": {""embedding_cuisines"": [], ""embedding_similarities"": {}, ""baseline_cuisines"": [""american"", ""italian""], ""newly_detected"": [], ""removed"": [""american"", ""italian""], ""reason"": ""no_strong_embedding_matches_keep_baseline""}, ""content_type_evidence"": {""embedding_label"": ""mixed"", ""embedding_similarity"": 0.19, ""baseline_label"": ""food_spot"", ""baseline_confidence"": 0.7, ""override"": false, ""reason"": ""weak_embedding_match_keep_baseline""}}"
2820640865677947737,unknown,0.7,unknown,0.595,CONFIDENCE_UPDATED,-0.105,"{""meal_type"": ""unknown"", ""cuisines"": [""vegan""], ""content_type"": ""food_spot"", ""location"": {""name"": ""Chopt Creative Salad Co."", ""slug"": ""chopt-creative-salad-co""}, ""signals"": {""meal_evidence"": {}, ""cuisine_evidence"": {""vegan"": [""vegan""]}, ""content_evidence"": {""food_spot"": [""location_present""]}}, ""metadata"": {""hashtags"": [], ""mentions"": [""adventurebagsinc"", ""choptsalad"", ""omsom.""], ""likes"": 257, ""comments"": 76, ""video_views"": null}}","{""meal_type_evidence"": {""embedding_label"": ""lunch"", ""embedding_similarity"": 0.459, ""baseline_label"": ""unknown"", ""baseline_confidence"": 0.7, ""override"": false, ""reason"": ""embedding_disagrees_but_baseline_sufficient""}, ""cuisine_evidence"": {""embedding_cuisines"": [], ""embedding_similarities"": {}, ""baseline_cuisines"": [""vegan""], ""newly_detected"": [], ""removed"": [""vegan""], ""reason"": ""no_strong_embedding_matches_keep_baseline""}, ""content_type_evidence"": {""embedding_label"": ""food_spot"", ""embedding_similarity"": 0.317, ""baseline_label"": ""food_spot"", ""baseline_confidence"": 0.7, ""override"": false, ""reason"": ""weak_embedding_match_keep_baseline""}}"
2838030167668450746,breakfast,0.7,breakfast,0.595,CONFIDENCE_UPDATED,-0.105,"{""meal_type"": ""breakfast"", ""cuisines"": [""coffee_cafe""], ""content_type"": ""food_spot"", ""location"": {""name"": ""Atlanta, Georgia"", ""slug"": ""atlanta-georgia""}, ""signals"": {""meal_evidence"": {""breakfast"": [""bagel""]}, ""cuisine_evidence"": {""coffee_cafe"": [""latte""]}, ""content_evidence"": {""food_spot"": [""location_present""]}}, ""metadata"": {""hashtags"": [], ""mentions"": [""butecoatl"", ""emeraldcitybagels""], ""likes"": 245, ""comments"": 43, ""video_views"": null}}","{""meal_type_evidence"": {""embedding_label"": ""dinner"", ""embedding_similarity"": 0.33, ""baseline_label"": ""breakfast"", ""baseline_confidence"": 0.7, ""override"": false, ""reason"": ""embedding_disagrees_but_baseline_sufficient""}, ""cuisine_evidence"": {""embedding_cuisines"": [], ""embedding_similarities"": {}, ""baseline_cuisines"": [""coffee_cafe""], ""newly_detected"": [], ""removed"": [""coffee_cafe""], ""reason"": ""no_strong_embedding_matches_keep_baseline""}, ""content_type_evidence"": {""embedding_label"": ""food_spot"", ""embedding_similarity"": 0.229, ""baseline_label"": ""food_spot"", ""baseline_confidence"": 0.7, ""override"": false, ""reason"": ""weak_embedding_match_keep_baseline""}}"
2828547155855749419,dessert,0.7,dessert,0.595,CONFIDENCE_UPDATED,-0.105,"{""meal_type"": ""dessert"", ""cuisines"": [""mexican"", ""coffee_cafe""], ""content_type"": ""food_spot"", ""location"": {""name"": ""Momonoki"", ""slug"": ""momonoki""}, ""signals"": {""meal_evidence"": {""dessert"": [""donut""]}, ""cuisine_evidence"": {""mexican"": [""taco""], ""coffee_cafe"": [""coffee"", ""cafe"", ""latte"", ""matcha""]}, ""content_evidence"": {""food_spot"": [""location_present""]}}, ""metadata"": {""hashtags"": [""atlanta"", ""atlantacoffee"", ""atlantacoffeeshops"", ""atlantaeats"", ""atlantafoodie"", ""atlantamatcha"", ""atlantatoday"", ""atlblog"", ""atlbucketlist"", ""atlcoffee"", ""atlcoffeeshops"", ""atlfoodie"", ""eatatlanta"", ""eatnorthamerica"", ""food"", ""foodiesofinstagram"", ""foodphotography"", ""foodpics"", ""foodstagram"", ""forkyeahfoodies"", ""globaleats"", ""matcha"", ""microinfluencer"", ""thefoodieinitiave"", ""theloserfam"", ""weloveatl""], ""mentions"": [""momocafeatl""], ""likes"": 235, ""comments"": 54, ""video_views"": null}}","{""meal_type_evidence"": {""embedding_label"": ""snack"", ""embedding_similarity"": 0.392, ""baseline_label"": ""dessert"", ""baseline_confidence"": 0.7, ""override"": false, ""reason"": ""embedding_disagrees_but_baseline_sufficient""}, ""cuisine_evidence"": {""embedding_cuisines"": [], ""embedding_similarities"": {}, ""baseline_cuisines"": [""mexican"", ""coffee_cafe""], ""newly_detected"": [], ""removed"": [""mexican"", ""coffee_cafe""], ""reason"": ""no_strong_embedding_matches_keep_baseline""}, ""content_type_evidence"": {""embedding_label"": ""mixed"", ""embedding_similarity"": 0.296, ""baseline_label"": ""food_spot"", ""baseline_confidence"": 0.7, ""override"": false, ""reason"": ""weak_embedding_match_keep_baseline""}}"
2704035803721141894,breakfast,0.7,breakfast,0.595,CONFIDENCE_UPDATED,-0.105,"{""meal_type"": ""breakfast"", ""cuisines"": [""vegan""], ""content_type"": ""food_spot"", ""location"": {""name"": ""Cultivate Food and Coffee"", ""slug"": ""cultivate-food-and-coffee""}, ""signals"": {""meal_evidence"": {""breakfast"": [""breakfast""], ""brunch"": [""brunch""], ""drinks"": [""gin""]}, ""cuisine_evidence"": {""vegan"": [""vegan""]}, ""content_evidence"": {""food_spot"": [""location_present""]}}, ""metadata"": {""hashtags"": [], ""mentions"": [""cultivatefood""], ""likes"": 112, ""comments"": 40, ""video_views"": null}}","{""meal_type_evidence"": {""embedding_label"": ""snack"", ""embedding_similarity"": 0.399, ""baseline_label"": ""breakfast"", ""baseline_confidence"": 0.7, ""override"": false, ""reason"": ""embedding_disagrees_but_baseline_sufficient""}, ""cuisine_evidence"": {""embedding_cuisines"": [], ""embedding_similarities"": {}, ""baseline_cuisines"": [""vegan""], ""newly_detected"": [], ""removed"": [""vegan""], ""reason"": ""no_strong_embedding_matches_keep_baseline""}, ""content_type_evidence"": {""embedding_label"": ""food_spot"", ""embedding_similarity"": 0.347, ""baseline_label"": ""food_spot"", ""baseline_confidence"": 0.7, ""override"": false, ""reason"": ""weak_embedding_match_keep_baseline""}}"
2546277386620792796,unknown,0.7,unknown,0.595,CONFIDENCE_UPDATED,-0.105,"{""meal_type"": ""unknown"", ""cuisines"": [""chinese"", ""vegan""], ""content_type"": ""food_spot"", ""location"": {""name"": ""Upbeet"", ""slug"": ""upbeet""}, ""signals"": {""meal_evidence"": {}, ""cuisine_evidence"": {""chinese"": [""chinese""], ""vegan"": [""vegan""]}, ""content_evidence"": {""food_spot"": [""location_present""]}}, ""metadata"": {""hashtags"": [""atlanta"", ""atlantaeats"", ""atlantafoodie"", ""atlblog"", ""atlbucketlist"", ""atlfoodie"", ""atlvegan"", ""eatatlanta"", ""hotlanta"", ""plantbased"", ""supportlocal"", ""tasteofmyatlanta"", ""veganatlanta"", ""veganoptions"", ""welloveatl""], ""mentions"": [""upbeet""], ""likes"": 107, ""comments"": 19, ""video_views"": null}}","{""meal_type_evidence"": {""embedding_label"": ""snack"", ""embedding_similarity"": 0.417, ""baseline_label"": ""unknown"", ""baseline_confidence"": 0.7, ""override"": false, ""reason"": ""embedding_disagrees_but_baseline_sufficient""}, ""cuisine_evidence"": {""embedding_cuisines"": [], ""embedding_similarities"": {}, ""baseline_cuisines"": [""chinese"", ""vegan""], ""newly_detected"": [], ""removed"": [""chinese"", ""vegan""], ""reason"": ""no_strong_embedding_matches_keep_baseline""}, ""content_type_evidence"": {""embedding_label"": ""mixed"", ""embedding_similarity"": 0.327, ""baseline_label"": ""food_spot"", ""baseline_confidence"": 0.7, ""override"": false, ""reason"": ""weak_embedding_match_keep_baseline""}}"
2622147138013131210,unknown,0.7,unknown,0.595,CONFIDENCE_UPDATED,-0.105,"{""meal_type"": ""unknown"", ""cuisines"": [""italian"", ""vegan""], ""content_type"": ""food_spot"", ""location"": {""name"": ""Atlanta, Georgia"", ""slug"": ""atlanta-georgia""}, ""signals"": {""meal_evidence"": {}, ""cuisine_evidence"": {""italian"": [""pizza""], ""vegan"": [""vegan""]}, ""content_evidence"": {""food_spot"": [""location_present""]}}, ""metadata"": {""hashtags"": [""atlanta"", ""atlantaeats"", ""atlantafoodie"", ""atlantavegans"", ""atlblog"", ""atlbucketlist"", ""atlfoodie"", ""atlvegan"", ""atlvegangf"", ""eatatlanta"", ""hotlanta"", ""supportlocal"", ""tasteofmyatlanta"", ""veganatlanta"", ""veganoptions"", ""welloveatl""], ""mentions"": [""bearpizzeria""], ""likes"": 101, ""comments"": 11, ""video_views"": null}}","{""meal_type_evidence"": {""embedding_label"": ""snack"", ""embedding_similarity"": 0.35, ""baseline_label"": ""unknown"", ""baseline_confidence"": 0.7, ""override"": false, ""reason"": ""embedding_disagrees_but_baseline_sufficient""}, ""cuisine_evidence"": {""embedding_cuisines"": [], ""embedding_similarities"": {}, ""baseline_cuisines"": [""italian"", ""vegan""], ""newly_detected"": [], ""removed"": [""italian"", ""vegan""], ""reason"": ""no_strong_embedding_matches_keep_baseline""}, ""content_type_evidence"": {""embedding_label"": ""mixed"", ""embedding_similarity"": 0.309, ""baseline_label"": ""food_spot"", ""baseline_confidence"": 0.7, ""override"": false, ""reason"": ""weak_embedding_match_keep_baseline""}}"
2585181996240459840,unknown,0.7,unknown,0.595,CONFIDENCE_UPDATED,-0.105,"{""meal_type"": ""unknown"", ""cuisines"": [""seafood"", ""vegan""], ""content_type"": ""food_spot"", ""location"": {""name"": ""Atlanta, Georgia"", ""slug"": ""atlanta-georgia""}, ""signals"": {""meal_evidence"": {}, ""cuisine_evidence"": {""seafood"": [""shrimp""], ""vegan"": [""vegan""]}, ""content_evidence"": {""food_spot"": [""location_present""]}}, ""metadata"": {""hashtags"": [""atlanta"", ""atlantaeats"", ""atlantafoodie"", ""atlantaglutenfree"", ""atlblog"", ""atlbucketlist"", ""atlfoodie"", ""atlvegan"", ""atlveganglutenfree"", ""eatatlanta"", ""hotlanta"", ""supportlocal"", ""tasteofmyatlanta"", ""veganatlanta"", ""welloveatl""], ""mentions"": [""wonderfultastingfood""], ""likes"": 90, ""comments"": 16, ""video_views"": null}}","{""meal_type_evidence"": {""embedding_label"": ""snack"", ""embedding_similarity"": 0.448, ""baseline_label"": ""unknown"", ""baseline_confidence"": 0.7, ""override"": false, ""reason"": ""embedding_disagrees_but_baseline_sufficient""}, ""cuisine_evidence"": {""embedding_cuisines"": [""american"", ""mexican""], ""embedding_similarities"": {""american"": 0.433, ""mexican"": 0.416}, ""baseline_cuisines"": [""seafood"", ""vegan""], ""newly_detected"": [""mexican"", ""american""], ""removed"": [""seafood"", ""vegan""], ""reason"": ""embedding_refined_cuisine_list""}, ""content_type_evidence"": {""embedding_label"": ""mixed"", ""embedding_similarity"": 0.287, ""baseline_label"": ""food_spot"", ""baseline_confidence"": 0.7, ""override"": false, ""reason"": ""weak_embedding_match_keep_baseline""}}"
2516334607610472276,unknown,0.7,unknown,0.595,CONFIDENCE_UPDATED,-0.105,"{""meal_type"": ""unknown"", ""cuisines"": [], ""content_type"": ""food_spot"", ""location"": {""name"": ""Big Softie"", ""slug"": ""big-softie""}, ""signals"": {""meal_evidence"": {}, ""cuisine_evidence"": {}, ""content_evidence"": {""food_spot"": [""location_present""]}}, ""metadata"": {""hashtags"": [], ""mentions"": [""bigsoftieatl""], ""likes"": 82, ""comments"": 4, ""video_views"": null}}","{""meal_type_evidence"": {""embedding_label"": ""snack"", ""embedding_similarity"": 0.381, ""baseline_label"": ""unknown"", ""baseline_confidence"": 0.7, ""override"": false, ""reason"": ""embedding_disagrees_but_baseline_sufficient""}, ""cuisine_evidence"": {""embedding_cuisines"": [], ""embedding_similarities"": {}, ""baseline_cuisines"": [], ""newly_detected"": [], ""removed"": [], ""reason"": ""no_strong_embedding_matches_keep_baseline""}, ""content_type_evidence"": {""embedding_label"": ""food_spot"", ""embedding_similarity"": 0.265, ""baseline_label"": ""food_spot"", ""baseline_confidence"": 0.7, ""override"": false, ""reason"": ""weak_embedding_match_keep_baseline""}}"
2515547413790766874,unknown,0.7,unknown,0.595,CONFIDENCE_UPDATED,-0.105,"{""meal_type"": ""unknown"", ""cuisines"": [""japanese"", ""thai"", ""vegan""], ""content_type"": ""food_spot"", ""location"": {""name"": ""Atlanta, Georgia"", ""slug"": ""atlanta-georgia""}, ""signals"": {""meal_evidence"": {}, ""cuisine_evidence"": {""japanese"": [""ramen""], ""thai"": [""thai""], ""vegan"": [""vegan""]}, ""content_evidence"": {""food_spot"": [""location_present""]}}, ""metadata"": {""hashtags"": [""atlantavegan"", ""atlfoodie"", ""glutenfreeveganatlanta""], ""mentions"": [""eatflowerchild""], ""likes"": 73, ""comments"": 8, ""video_views"": null}}","{""meal_type_evidence"": {""embedding_label"": ""snack"", ""embedding_similarity"": 0.365, ""baseline_label"": ""unknown"", ""baseline_confidence"": 0.7, ""override"": false, ""reason"": ""embedding_disagrees_but_baseline_sufficient""}, ""cuisine_evidence"": {""embedding_cuisines"": [], ""embedding_similarities"": {}, ""baseline_cuisines"": [""japanese"", ""thai"", ""vegan""], ""newly_detected"": [], ""removed"": [""thai"", ""japanese"", ""vegan""], ""reason"": ""no_strong_embedding_matches_keep_baseline""}, ""content_type_evidence"": {""embedding_label"": ""mixed"", ""embedding_similarity"": 0.244, ""baseline_label"": ""food_spot"", ""baseline_confidence"": 0.7, ""override"": false, ""reason"": ""weak_embedding_match_keep_baseline""}}"
2553281547052888765,unknown,0.7,unknown,0.595,CONFIDENCE_UPDATED,-0.105,"{""meal_type"": ""unknown"", ""cuisines"": [""vegan""], ""content_type"": ""food_spot"", ""location"": {""name"": ""Bold Monk Brewing Co."", ""slug"": ""bold-monk-brewing-co""}, ""signals"": {""meal_evidence"": {}, ""cuisine_evidence"": {""vegan"": [""vegan""]}, ""content_evidence"": {""food_spot"": [""location_present""]}}, ""metadata"": {""hashtags"": [""atlanta"", ""atlantaeats"", ""atlantafoodie"", ""atlblog"", ""atlbucketlist"", ""atlfoodie"", ""eatatlanta"", ""limitedveganoptions"", ""tasteofmyatlanta"", ""welloveatl""], ""mentions"": [""boldmonkbrewing""], ""likes"": 72, ""comments"": 8, ""video_views"": null}}","{""meal_type_evidence"": {""embedding_label"": ""snack"", ""embedding_similarity"": 0.305, ""baseline_label"": ""unknown"", ""baseline_confidence"": 0.7, ""override"": false, ""reason"": ""embedding_disagrees_but_baseline_sufficient""}, ""cuisine_evidence"": {""embedding_cuisines"": [], ""embedding_similarities"": {}, ""baseline_cuisines"": [""vegan""], ""newly_detected"": [], ""removed"": [""vegan""], ""reason"": ""no_strong_embedding_matches_keep_baseline""}, ""content_type_evidence"": {""embedding_label"": ""food_spot"", ""embedding_similarity"": 0.159, ""baseline_label"": ""food_spot"", ""baseline_confidence"": 0.7, ""override"": false, ""reason"": ""weak_embedding_match_keep_baseline""}}"
2578646250553827879,unknown,0.7,unknown,0.595,CONFIDENCE_UPDATED,-0.105,"{""meal_type"": ""unknown"", ""cuisines"": [""american"", ""vegan""], ""content_type"": ""food_spot"", ""location"": {""name"": ""Atlanta, Georgia"", ""slug"": ""atlanta-georgia""}, ""signals"": {""meal_evidence"": {}, ""cuisine_evidence"": {""american"": [""burger""], ""vegan"": [""vegan""]}, ""content_evidence"": {""food_spot"": [""location_present""]}}, ""metadata"": {""hashtags"": [""atlanta"", ""atlantaeats"", ""atlantafoodie"", ""atlblog"", ""atlbucketlist"", ""atlfoodie"", ""atlvegan"", ""eatatlanta"", ""hotlanta"", ""supportlocal"", ""tasteofmyatlanta"", ""veganatlanta"", ""welloveatl""], ""mentions"": [""fauxrealburger""], ""likes"": 60, ""comments"": 6, ""video_views"": null}}","{""meal_type_evidence"": {""embedding_label"": ""snack"", ""embedding_similarity"": 0.394, ""baseline_label"": ""unknown"", ""baseline_confidence"": 0.7, ""override"": false, ""reason"": ""embedding_disagrees_but_baseline_sufficient""}, ""cuisine_evidence"": {""embedding_cuisines"": [""american""], ""embedding_similarities"": {""american"": 0.442}, ""baseline_cuisines"": [""american"", ""vegan""], ""newly_detected"": [], ""removed"": [""vegan""], ""reason"": ""embedding_refined_cuisine_list""}, ""content_type_evidence"": {""embedding_label"": ""food_spot"", ""embedding_similarity"": 0.289, ""baseline_label"": ""food_spot"", ""baseline_confidence"": 0.7, ""override"": false, ""reason"": ""weak_embedding_match_keep_baseline""}}"
3274321940348314227,event,0.85,event,0.744,CONFIDENCE_UPDATED,-0.106,"{""meal_type"": ""drinks"", ""cuisines"": [], ""content_type"": ""event"", ""location"": {""name"": ""Atlanta, Georgia"", ""slug"": ""atlanta-georgia""}, ""signals"": {""meal_evidence"": {""brunch"": [""brunch""], ""drinks"": [""cocktail"", ""cocktails"", ""bar""]}, ""cuisine_evidence"": {}, ""content_evidence"": {""event"": [""event""]}}, ""metadata"": {""hashtags"": [""atlanta"", ""atlantadatenightideas"", ""atlblog"", ""atlfoodie"", ""thingstodoinatlanta""], ""mentions"": [""alotttoloveevents"", ""atllovesmo"", ""dadsgarageatl"", ""elsewherebrewing"", ""elsewheregreenhouse"", ""mambozombi"", ""redbull"", ""sisterlouisaschurch"", ""theonlyharryyouknow""], ""likes"": 6203, ""comments"": 60, ""video_views"": 54417}}","{""meal_type_evidence"": {""embedding_label"": ""snack"", ""embedding_similarity"": 0.168, ""baseline_label"": ""drinks"", ""baseline_confidence"": 0.85, ""override"": false, ""reason"": ""weak_embedding_match_keep_baseline""}, ""cuisine_evidence"": {""embedding_cuisines"": [], ""embedding_similarities"": {}, ""baseline_cuisines"": [], ""newly_detected"": [], ""removed"": [], ""reason"": ""no_strong_embedding_matches_keep_baseline""}, ""content_type_evidence"": {""embedding_label"": ""event"", ""embedding_similarity"": 0.311, ""baseline_label"": ""event"", ""baseline_confidence"": 0.85, ""override"": false, ""reason"": ""weak_embedding_match_keep_baseline""}}"
3124300139434116530,event,0.85,event,0.744,CONFIDENCE_UPDATED,-0.106,"{""meal_type"": ""drinks"", ""cuisines"": [], ""content_type"": ""event"", ""location"": {""name"": ""Atlanta, Georgia"", ""slug"": ""atlanta-georgia""}, ""signals"": {""meal_evidence"": {""drinks"": [""cocktail"", ""cocktails"", ""bar""]}, ""cuisine_evidence"": {}, ""content_evidence"": {""event"": [""market""]}}, ""metadata"": {""hashtags"": [""atlanta"", ""atlantarooftop"", ""atlcocktails"", ""atlfoodie""], ""mentions"": [""atllovesmo"", ""drawbaratl"", ""hotelclermont"", ""poncecitymarket"", ""spacemanatl"", ""theinterlockatl""], ""likes"": 2403, ""comments"": 22, ""video_views"": 37672}}","{""meal_type_evidence"": {""embedding_label"": ""drinks"", ""embedding_similarity"": 0.249, ""baseline_label"": ""drinks"", ""baseline_confidence"": 0.85, ""override"": false, ""reason"": ""weak_embedding_match_keep_baseline""}, ""cuisine_evidence"": {""embedding_cuisines"": [], ""embedding_similarities"": {}, ""baseline_cuisines"": [], ""newly_detected"": [], ""removed"": [], ""reason"": ""no_strong_embedding_matches_keep_baseline""}, ""content_type_evidence"": {""embedding_label"": ""food_spot"", ""embedding_similarity"": 0.32, ""baseline_label"": ""event"", ""baseline_confidence"": 0.85, ""override"": false, ""reason"": ""weak_embedding_match_keep_baseline""}}"
3571704141614737043,event,0.85,event,0.744,CONFIDENCE_UPDATED,-0.106,"{""meal_type"": ""drinks"", ""cuisines"": [""american""], ""content_type"": ""event"", ""location"": {""name"": ""Atlanta, Georgia"", ""slug"": ""atlanta-georgia""}, ""signals"": {""meal_evidence"": {""drinks"": [""cocktail"", ""cocktails"", ""bar""]}, ""cuisine_evidence"": {""american"": [""american""]}, ""content_evidence"": {""event"": [""event"", ""live music""]}}, ""metadata"": {""hashtags"": [""atlblog"", ""atldatenight"", ""atleats"", ""thingstodoinatlanta""], ""mentions"": [""atllovesmo"", ""fernbankmuseum""], ""likes"": 4876, ""comments"": 78, ""video_views"": 28114}}","{""meal_type_evidence"": {""embedding_label"": ""drinks"", ""embedding_similarity"": 0.205, ""baseline_label"": ""drinks"", ""baseline_confidence"": 0.85, ""override"": false, ""reason"": ""weak_embedding_match_keep_baseline""}, ""cuisine_evidence"": {""embedding_cuisines"": [], ""embedding_similarities"": {}, ""baseline_cuisines"": [""american""], ""newly_detected"": [], ""removed"": [""american""], ""reason"": ""no_strong_embedding_matches_keep_baseline""}, ""content_type_evidence"": {""embedding_label"": ""activity"", ""embedding_similarity"": 0.386, ""baseline_label"": ""event"", ""baseline_confidence"": 0.85, ""override"": false, ""reason"": ""embedding_disagrees_but_baseline_acceptable""}}"
3239687988443053320,drinks,0.85,drinks,0.744,CONFIDENCE_UPDATED,-0.106,"{""meal_type"": ""drinks"", ""cuisines"": [], ""content_type"": ""food_spot"", ""location"": {""name"": ""Atlanta, Georgia"", ""slug"": ""atlanta-georgia""}, ""signals"": {""meal_evidence"": {""drinks"": [""cocktail"", ""cocktails"", ""bar""]}, ""cuisine_evidence"": {}, ""content_evidence"": {""food_spot"": [""location_present""]}}, ""metadata"": {""hashtags"": [""atlanta"", ""atlcocktails"", ""atleats"", ""rhingstodoinatlanta""], ""mentions"": [""atllovesmo"", ""bellyardhotel"", ""drawbaratl"", ""theinterlockatl""], ""likes"": 2937, ""comments"": 56, ""video_views"": 22518}}","{""meal_type_evidence"": {""embedding_label"": ""snack"", ""embedding_similarity"": 0.19, ""baseline_label"": ""drinks"", ""baseline_confidence"": 0.85, ""override"": false, ""reason"": ""weak_embedding_match_keep_baseline""}, ""cuisine_evidence"": {""embedding_cuisines"": [], ""embedding_similarities"": {}, ""baseline_cuisines"": [], ""newly_detected"": [], ""removed"": [], ""reason"": ""no_strong_embedding_matches_keep_baseline""}, ""content_type_evidence"": {""embedding_label"": ""activity"", ""embedding_similarity"": 0.236, ""baseline_label"": ""food_spot"", ""baseline_confidence"": 0.85, ""override"": false, ""reason"": ""weak_embedding_match_keep_baseline""}}"
3475746502221949574,event,0.85,event,0.744,CONFIDENCE_UPDATED,-0.106,"{""meal_type"": ""drinks"", ""cuisines"": [""mexican""], ""content_type"": ""event"", ""location"": {""name"": ""Atlanta, Georgia"", ""slug"": ""atlanta-georgia""}, ""signals"": {""meal_evidence"": {""dinner"": [""date night""], ""drinks"": [""cocktail"", ""cocktails"", ""bar""]}, ""cuisine_evidence"": {""mexican"": [""taco""]}, ""content_evidence"": {""event"": [""ticket""]}}, ""metadata"": {""hashtags"": [""atlblog"", ""atldatenight"", ""thingstodoinatlanta""], ""mentions"": [""atlannatonight"", ""atllovesmo"", ""bellyardhotel"", ""drawbaratl"", ""hauntedundergroundatl"", ""knotts01"", ""netherworldhauntedhouse"", ""rrealtacos"", ""sixflagsovergeorgia"", ""underground_atlanta""], ""likes"": 3744, ""comments"": 75, ""video_views"": 22260}}","{""meal_type_evidence"": {""embedding_label"": ""snack"", ""embedding_similarity"": 0.159, ""baseline_label"": ""drinks"", ""baseline_confidence"": 0.85, ""override"": false, ""reason"": ""weak_embedding_match_keep_baseline""}, ""cuisine_evidence"": {""embedding_cuisines"": [], ""embedding_similarities"": {}, ""baseline_cuisines"": [""mexican""], ""newly_detected"": [], ""removed"": [""mexican""], ""reason"": ""no_strong_embedding_matches_keep_baseline""}, ""content_type_evidence"": {""embedding_label"": ""activity"", ""embedding_similarity"": 0.358, ""baseline_label"": ""event"", ""baseline_confidence"": 0.85, ""override"": false, ""reason"": ""embedding_disagrees_but_baseline_acceptable""}}"
3733802017732289217,drinks,0.85,drinks,0.744,CONFIDENCE_UPDATED,-0.106,"{""meal_type"": ""drinks"", ""cuisines"": [""mexican"", ""japanese""], ""content_type"": ""food_spot"", ""location"": {""name"": ""Atlanta, Georgia"", ""slug"": ""atlanta-georgia""}, ""signals"": {""meal_evidence"": {""drinks"": [""drink"", ""margarita"", ""shot""]}, ""cuisine_evidence"": {""mexican"": [""taco"", ""birria""], ""japanese"": [""ramen""]}, ""content_evidence"": {""food_spot"": [""location_present""]}}, ""metadata"": {""hashtags"": [""atlblog"", ""atleats""], ""mentions"": [""atllovesmo"", ""rrealtacos""], ""likes"": 1597, ""comments"": 80, ""video_views"": 21538}}","{""meal_type_evidence"": {""embedding_label"": ""snack"", ""embedding_similarity"": 0.274, ""baseline_label"": ""drinks"", ""baseline_confidence"": 0.85, ""override"": false, ""reason"": ""weak_embedding_match_keep_baseline""}, ""cuisine_evidence"": {""embedding_cuisines"": [], ""embedding_similarities"": {}, ""baseline_cuisines"": [""mexican"", ""japanese""], ""newly_detected"": [], ""removed"": [""mexican"", ""japanese""], ""reason"": ""no_strong_embedding_matches_keep_baseline""}, ""content_type_evidence"": {""embedding_label"": ""food_spot"", ""embedding_similarity"": 0.271, ""baseline_label"": ""food_spot"", ""baseline_confidence"": 0.85, ""override"": false, ""reason"": ""weak_embedding_match_keep_baseline""}}"
3609173271461051623,event,0.85,event,0.744,CONFIDENCE_UPDATED,-0.106,"{""meal_type"": ""drinks"", ""cuisines"": [], ""content_type"": ""event"", ""location"": {""name"": ""Atlanta, Georgia"", ""slug"": ""atlanta-georgia""}, ""signals"": {""meal_evidence"": {""breakfast"": [""breakfast""], ""drinks"": [""beer"", ""drink"", ""gin""]}, ""cuisine_evidence"": {}, ""content_evidence"": {""event"": [""event"", ""market""]}}, ""metadata"": {""hashtags"": [""atlantablog"", ""atleats"", ""atlmarket"", ""atlvintage"", ""supporttinybusinesses"", ""thingstodoinatlanta""], ""mentions"": [""3timaginarium."", ""atlantadairies"", ""atlantadairies."", ""atllovesmo"", ""drinkninedot"", ""gvgatl"", ""homegrownga""], ""likes"": 2552, ""comments"": 109, ""video_views"": 18886}}","{""meal_type_evidence"": {""embedding_label"": ""drinks"", ""embedding_similarity"": 0.263, ""baseline_label"": ""drinks"", ""baseline_confidence"": 0.85, ""override"": false, ""reason"": ""weak_embedding_match_keep_baseline""}, ""cuisine_evidence"": {""embedding_cuisines"": [], ""embedding_similarities"": {}, ""baseline_cuisines"": [], ""newly_detected"": [], ""removed"": [], ""reason"": ""no_strong_embedding_matches_keep_baseline""}, ""content_type_evidence"": {""embedding_label"": ""activity"", ""embedding_similarity"": 0.378, ""baseline_label"": ""event"", ""baseline_confidence"": 0.85, ""override"": false, ""reason"": ""embedding_disagrees_but_baseline_acceptable""}}"
3734086504504439480,event,0.85,event,0.744,CONFIDENCE_UPDATED,-0.106,"{""meal_type"": ""drinks"", ""cuisines"": [], ""content_type"": ""event"", ""location"": {""name"": ""Atlanta, Georgia"", ""slug"": ""atlanta-georgia""}, ""signals"": {""meal_evidence"": {""drinks"": [""cocktail"", ""cocktails"", ""bar""]}, ""cuisine_evidence"": {}, ""content_evidence"": {""event"": [""ticket""]}}, ""metadata"": {""hashtags"": [""atlblog"", ""atlhalloween""], ""mentions"": [""hauntedmidtownatl.""], ""likes"": 1572, ""comments"": 51, ""video_views"": 15414}}","{""meal_type_evidence"": {""embedding_label"": ""drinks"", ""embedding_similarity"": 0.209, ""baseline_label"": ""drinks"", ""baseline_confidence"": 0.85, ""override"": false, ""reason"": ""weak_embedding_match_keep_baseline""}, ""cuisine_evidence"": {""embedding_cuisines"": [], ""embedding_similarities"": {}, ""baseline_cuisines"": [], ""newly_detected"": [], ""removed"": [], ""reason"": ""no_strong_embedding_matches_keep_baseline""}, ""content_type_evidence"": {""embedding_label"": ""event"", ""embedding_similarity"": 0.314, ""baseline_label"": ""event"", ""baseline_confidence"": 0.85, ""override"": false, ""reason"": ""weak_embedding_match_keep_baseline""}}"
3259065407674803666,drinks,0.85,drinks,0.744,CONFIDENCE_UPDATED,-0.106,"{""meal_type"": ""drinks"", ""cuisines"": [""bbq""], ""content_type"": ""food_spot"", ""location"": {""name"": ""Edge on the BeltLine"", ""slug"": ""edge-on-the-beltline""}, ""signals"": {""meal_evidence"": {""drinks"": [""cocktail"", ""cocktails"", ""bar""]}, ""cuisine_evidence"": {""bbq"": [""brisket""]}, ""content_evidence"": {""food_spot"": [""location_present""]}}, ""metadata"": {""hashtags"": [""atlantafood"", ""atlbeltline"", ""atleats"", ""atlfoodie"", ""hosted""], ""mentions"": [""atllovesmo"", ""thebaxteronthebeltline""], ""likes"": 1127, ""comments"": 76, ""video_views"": 12638}}","{""meal_type_evidence"": {""embedding_label"": ""snack"", ""embedding_similarity"": 0.281, ""baseline_label"": ""drinks"", ""baseline_confidence"": 0.85, ""override"": false, ""reason"": ""weak_embedding_match_keep_baseline""}, ""cuisine_evidence"": {""embedding_cuisines"": [""american""], ""embedding_similarities"": {""american"": 0.457}, ""baseline_cuisines"": [""bbq""], ""newly_detected"": [""american""], ""removed"": [""bbq""], ""reason"": ""embedding_refined_cuisine_list""}, ""content_type_evidence"": {""embedding_label"": ""food_spot"", ""embedding_similarity"": 0.343, ""baseline_label"": ""food_spot"", ""baseline_confidence"": 0.85, ""override"": false, ""reason"": ""weak_embedding_match_keep_baseline""}}"
3834753803556589585,event,0.85,event,0.744,CONFIDENCE_UPDATED,-0.106,"{""meal_type"": ""drinks"", ""cuisines"": [""seafood""], ""content_type"": ""event"", ""location"": {""name"": ""Atlanta, Georgia"", ""slug"": ""atlanta-georgia""}, ""signals"": {""meal_evidence"": {""drinks"": [""drink"", ""drinks"", ""gin""]}, ""cuisine_evidence"": {""seafood"": [""oyster""]}, ""content_evidence"": {""event"": [""live music"", ""ticket""]}}, ""metadata"": {""hashtags"": [], ""mentions"": [""atllovesmo"", ""steamhouselounge""], ""likes"": 995, ""comments"": 606, ""video_views"": 12439}}","{""meal_type_evidence"": {""embedding_label"": ""snack"", ""embedding_similarity"": 0.279, ""baseline_label"": ""drinks"", ""baseline_confidence"": 0.85, ""override"": false, ""reason"": ""weak_embedding_match_keep_baseline""}, ""cuisine_evidence"": {""embedding_cuisines"": [], ""embedding_similarities"": {}, ""baseline_cuisines"": [""seafood""], ""newly_detected"": [], ""removed"": [""seafood""], ""reason"": ""no_strong_embedding_matches_keep_baseline""}, ""content_type_evidence"": {""embedding_label"": ""food_spot"", ""embedding_similarity"": 0.381, ""baseline_label"": ""event"", ""baseline_confidence"": 0.85, ""override"": false, ""reason"": ""embedding_disagrees_but_baseline_acceptable""}}"
3742052083928185064,event,0.85,event,0.744,CONFIDENCE_UPDATED,-0.106,"{""meal_type"": ""drinks"", ""cuisines"": [], ""content_type"": ""event"", ""location"": {""name"": ""Atlanta, Georgia"", ""slug"": ""atlanta-georgia""}, ""signals"": {""meal_evidence"": {""drinks"": [""cocktail"", ""cocktails"", ""bar""]}, ""cuisine_evidence"": {}, ""content_evidence"": {""event"": [""ticket""]}}, ""metadata"": {""hashtags"": [""atlblog"", ""atlhalloween""], ""mentions"": [""hauntedmidtownatl.""], ""likes"": 1412, ""comments"": 47, ""video_views"": 12317}}","{""meal_type_evidence"": {""embedding_label"": ""drinks"", ""embedding_similarity"": 0.25, ""baseline_label"": ""drinks"", ""baseline_confidence"": 0.85, ""override"": false, ""reason"": ""weak_embedding_match_keep_baseline""}, ""cuisine_evidence"": {""embedding_cuisines"": [], ""embedding_similarities"": {}, ""baseline_cuisines"": [], ""newly_detected"": [], ""removed"": [], ""reason"": ""no_strong_embedding_matches_keep_baseline""}, ""content_type_evidence"": {""embedding_label"": ""event"", ""embedding_similarity"": 0.312, ""baseline_label"": ""event"", ""baseline_confidence"": 0.85, ""override"": false, ""reason"": ""weak_embedding_match_keep_baseline""}}"
3134419873187013675,drinks,0.85,drinks,0.744,CONFIDENCE_UPDATED,-0.106,"{""meal_type"": ""drinks"", ""cuisines"": [""seafood""], ""content_type"": ""food_spot"", ""location"": {""name"": ""Atlanta, Georgia"", ""slug"": ""atlanta-georgia""}, ""signals"": {""meal_evidence"": {""drinks"": [""brewery"", ""drink"", ""drinks""]}, ""cuisine_evidence"": {""seafood"": [""oyster""]}, ""content_evidence"": {""food_spot"": [""location_present""]}}, ""metadata"": {""hashtags"": [""atlantabloggers"", ""atlantabrewery"", ""atltaproom"", ""thingstodoinatlanta""], ""mentions"": [""atllovesmo"", ""biggerstaffbrewing"", ""mercedesbenzstadium"", ""reformationbrewery"", ""statefarmarena"", ""wildleapatl""], ""likes"": 567, ""comments"": 25, ""video_views"": 8491}}","{""meal_type_evidence"": {""embedding_label"": ""snack"", ""embedding_similarity"": 0.242, ""baseline_label"": ""drinks"", ""baseline_confidence"": 0.85, ""override"": false, ""reason"": ""weak_embedding_match_keep_baseline""}, ""cuisine_evidence"": {""embedding_cuisines"": [], ""embedding_similarities"": {}, ""baseline_cuisines"": [""seafood""], ""newly_detected"": [], ""removed"": [""seafood""], ""reason"": ""no_strong_embedding_matches_keep_baseline""}, ""content_type_evidence"": {""embedding_label"": ""food_spot"", ""embedding_similarity"": 0.279, ""baseline_label"": ""food_spot"", ""baseline_confidence"": 0.85, ""override"": false, ""reason"": ""weak_embedding_match_keep_baseline""}}"
3665795259390317219,drinks,0.85,drinks,0.744,CONFIDENCE_UPDATED,-0.106,"{""meal_type"": ""drinks"", ""cuisines"": [], ""content_type"": ""food_spot"", ""location"": {""name"": ""Atlanta, Georgia"", ""slug"": ""atlanta-georgia""}, ""signals"": {""meal_evidence"": {""drinks"": [""bar"", ""drink"", ""drinks""]}, ""cuisine_evidence"": {}, ""content_evidence"": {""food_spot"": [""location_present""]}}, ""metadata"": {""hashtags"": [""atlblog"", ""atlfoodie"", ""thingstodoinatlanta""], ""mentions"": [""itp_atlanta."", ""itpkitchenandbar""], ""likes"": 1015, ""comments"": 61, ""video_views"": 980}}","{""meal_type_evidence"": {""embedding_label"": ""snack"", ""embedding_similarity"": 0.24, ""baseline_label"": ""drinks"", ""baseline_confidence"": 0.85, ""override"": false, ""reason"": ""weak_embedding_match_keep_baseline""}, ""cuisine_evidence"": {""embedding_cuisines"": [], ""embedding_similarities"": {}, ""baseline_cuisines"": [], ""newly_detected"": [], ""removed"": [], ""reason"": ""no_strong_embedding_matches_keep_baseline""}, ""content_type_evidence"": {""embedding_label"": ""food_spot"", ""embedding_similarity"": 0.315, ""baseline_label"": ""food_spot"", ""baseline_confidence"": 0.85, ""override"": false, ""reason"": ""weak_embedding_match_keep_baseline""}}"
3164771760698992431,drinks,0.75,drinks,0.641,CONFIDENCE_UPDATED,-0.109,"{""meal_type"": ""drinks"", ""cuisines"": [""thai"", ""seafood""], ""content_type"": ""food_spot"", ""location"": {""name"": ""Atlanta, Georgia"", ""slug"": ""atlanta-georgia""}, ""signals"": {""meal_evidence"": {""drinks"": [""liquor"", ""bar""]}, ""cuisine_evidence"": {""thai"": [""thai""], ""seafood"": [""lobster"", ""shrimp""]}, ""content_evidence"": {""food_spot"": [""location_present""]}}, ""metadata"": {""hashtags"": [""atlantafood"", ""atlantathai"", ""atlfood"", ""atlfoodie"", ""midtownatl""], ""mentions"": [""atllovesmo"", ""bar_of_thailand"", ""piedmontpark""], ""likes"": 35918, ""comments"": 187, ""video_views"": 238473}}","{""meal_type_evidence"": {""embedding_label"": ""snack"", ""embedding_similarity"": 0.457, ""baseline_label"": ""drinks"", ""baseline_confidence"": 0.7, ""override"": false, ""reason"": ""embedding_disagrees_but_baseline_sufficient""}, ""cuisine_evidence"": {""embedding_cuisines"": [""american"", ""thai""], ""embedding_similarities"": {""american"": 0.47, ""thai"": 0.451}, ""baseline_cuisines"": [""thai"", ""seafood""], ""newly_detected"": [""american""], ""removed"": [""seafood""], ""reason"": ""embedding_refined_cuisine_list""}, ""content_type_evidence"": {""embedding_label"": ""food_spot"", ""embedding_similarity"": 0.434, ""baseline_label"": ""food_spot"", ""baseline_confidence"": 0.7, ""override"": false, ""reason"": ""embedding_agrees_boost_baseline""}}"
3205741585597698751,event,0.75,event,0.637,CONFIDENCE_UPDATED,-0.113,"{""meal_type"": ""lunch"", ""cuisines"": [""american"", ""japanese"", ""thai"", ""seafood"", ""bakery""], ""content_type"": ""event"", ""location"": {""name"": ""Atlanta, Georgia"", ""slug"": ""atlanta-georgia""}, ""signals"": {""meal_evidence"": {""lunch"": [""sandwich""]}, ""cuisine_evidence"": {""american"": [""burger"", ""southern""], ""japanese"": [""ramen""], ""thai"": [""thai""], ""seafood"": [""seafood""], ""bakery"": [""bread""]}, ""content_evidence"": {""event"": [""event"", ""market""]}}, ""metadata"": {""hashtags"": [""atlantaeats"", ""atleats"", ""atlfood"", ""atlfoodie""], ""mentions"": [""atlantawestend"", ""atljerkking"", ""atllovesmo"", ""boggssocial"", ""evergreenbutcherandbaker"", ""fraziesmeatandmarket"", ""fripperssausages"", ""kirkwoodneighbors"", ""myahsenpai"", ""riversideatl"", ""senpainoodlesupply"", ""therestaurantjunkie"", ""walkandeatandwalk""], ""likes"": 12943, ""comments"": 104, ""video_views"": 143472}}","{""meal_type_evidence"": {""embedding_label"": ""snack"", ""embedding_similarity"": 0.461, ""baseline_label"": ""lunch"", ""baseline_confidence"": 0.75, ""override"": false, ""reason"": ""embedding_disagrees_but_baseline_sufficient""}, ""cuisine_evidence"": {""embedding_cuisines"": [""american""], ""embedding_similarities"": {""american"": 0.526}, ""baseline_cuisines"": [""american"", ""japanese"", ""thai"", ""seafood"", ""bakery""], ""newly_detected"": [], ""removed"": [""thai"", ""japanese"", ""seafood"", ""bakery""], ""reason"": ""embedding_refined_cuisine_list""}, ""content_type_evidence"": {""embedding_label"": ""food_spot"", ""embedding_similarity"": 0.399, ""baseline_label"": ""event"", ""baseline_confidence"": 0.75, ""override"": false, ""reason"": ""embedding_disagrees_but_baseline_acceptable""}}"
3561306871489346005,event,0.75,event,0.637,CONFIDENCE_UPDATED,-0.113,"{""meal_type"": ""lunch"", ""cuisines"": [""seafood"", ""vegan""], ""content_type"": ""event"", ""location"": {""name"": ""Atlanta, Georgia"", ""slug"": ""atlanta-georgia""}, ""signals"": {""meal_evidence"": {""lunch"": [""lunch"", ""sandwich""], ""dessert"": [""sweet tooth""]}, ""cuisine_evidence"": {""seafood"": [""lobster""], ""vegan"": [""vegan""]}, ""content_evidence"": {""event"": [""market"", ""seasonal""]}}, ""metadata"": {""hashtags"": [""atlblog"", ""atldatenight"", ""atlfoodie""], ""mentions"": [""atllovesmo"", ""dipsdipsdipskitchen"", ""lucys_market"", ""thekrogdistrictatl""], ""likes"": 4987, ""comments"": 116, ""video_views"": 67180}}","{""meal_type_evidence"": {""embedding_label"": ""snack"", ""embedding_similarity"": 0.507, ""baseline_label"": ""lunch"", ""baseline_confidence"": 0.75, ""override"": false, ""reason"": ""embedding_disagrees_but_baseline_sufficient""}, ""cuisine_evidence"": {""embedding_cuisines"": [""american""], ""embedding_similarities"": {""american"": 0.4}, ""baseline_cuisines"": [""seafood"", ""vegan""], ""newly_detected"": [""american""], ""removed"": [""seafood"", ""vegan""], ""reason"": ""embedding_refined_cuisine_list""}, ""content_type_evidence"": {""embedding_label"": ""food_spot"", ""embedding_similarity"": 0.328, ""baseline_label"": ""event"", ""baseline_confidence"": 0.75, ""override"": false, ""reason"": ""weak_embedding_match_keep_baseline""}}"
3396028440569668234,breakfast,0.75,breakfast,0.637,CONFIDENCE_UPDATED,-0.113,"{""meal_type"": ""breakfast"", ""cuisines"": [""american"", ""bbq""], ""content_type"": ""food_spot"", ""location"": {""name"": ""Atlanta, Georgia"", ""slug"": ""atlanta-georgia""}, ""signals"": {""meal_evidence"": {""breakfast"": [""breakfast"", ""bagel""], ""brunch"": [""brunch""]}, ""cuisine_evidence"": {""american"": [""fried chicken"", ""southern""], ""bbq"": [""smoked""]}, ""content_evidence"": {""food_spot"": [""location_present""]}}, ""metadata"": {""hashtags"": [""atlantabreakfast"", ""atlblog"", ""atlbrunch"", ""atleats""], ""mentions"": [""atllovesmo"", ""buttermilkkitchen""], ""likes"": 5711, ""comments"": 133, ""video_views"": 66090}}","{""meal_type_evidence"": {""embedding_label"": ""snack"", ""embedding_similarity"": 0.371, ""baseline_label"": ""breakfast"", ""baseline_confidence"": 0.75, ""override"": false, ""reason"": ""embedding_disagrees_but_baseline_sufficient""}, ""cuisine_evidence"": {""embedding_cuisines"": [""american""], ""embedding_similarities"": {""american"": 0.428}, ""baseline_cuisines"": [""american"", ""bbq""], ""newly_detected"": [], ""removed"": [""bbq""], ""reason"": ""embedding_refined_cuisine_list""}, ""content_type_evidence"": {""embedding_label"": ""food_spot"", ""embedding_similarity"": 0.331, ""baseline_label"": ""food_spot"", ""baseline_confidence"": 0.75, ""override"": false, ""reason"": ""weak_embedding_match_keep_baseline""}}"
3298233420936289863,drinks,0.75,drinks,0.637,CONFIDENCE_UPDATED,-0.113,"{""meal_type"": ""drinks"", ""cuisines"": [""mediterranean""], ""content_type"": ""food_spot"", ""location"": {""name"": ""Atlanta, Georgia"", ""slug"": ""atlanta-georgia""}, ""signals"": {""meal_evidence"": {""brunch"": [""brunch""], ""lunch"": [""lunch""], ""dinner"": [""dinner""], ""drinks"": [""cocktail"", ""cocktails""]}, ""cuisine_evidence"": {""mediterranean"": [""mediterranean"", ""hummus""]}, ""content_evidence"": {""food_spot"": [""location_present""]}}, ""metadata"": {""hashtags"": [""atlantabrunch"", ""atlblog"", ""atlbrunch"", ""atleats"", ""atlfoodie""], ""mentions"": [""atllovesmo"", ""yalda.atl""], ""likes"": 6121, ""comments"": 146, ""video_views"": 58888}}","{""meal_type_evidence"": {""embedding_label"": ""brunch"", ""embedding_similarity"": 0.453, ""baseline_label"": ""drinks"", ""baseline_confidence"": 0.75, ""override"": false, ""reason"": ""embedding_disagrees_but_baseline_sufficient""}, ""cuisine_evidence"": {""embedding_cuisines"": [], ""embedding_similarities"": {}, ""baseline_cuisines"": [""mediterranean""], ""newly_detected"": [], ""removed"": [""mediterranean""], ""reason"": ""no_strong_embedding_matches_keep_baseline""}, ""content_type_evidence"": {""embedding_label"": ""food_spot"", ""embedding_similarity"": 0.28, ""baseline_label"": ""food_spot"", ""baseline_confidence"": 0.75, ""override"": false, ""reason"": ""weak_embedding_match_keep_baseline""}}"
3284450367529672274,dinner,0.75,dinner,0.637,CONFIDENCE_UPDATED,-0.113,"{""meal_type"": ""dinner"", ""cuisines"": [""american"", ""seafood""], ""content_type"": ""food_spot"", ""location"": {""name"": ""Atlanta, Georgia"", ""slug"": ""atlanta-georgia""}, ""signals"": {""meal_evidence"": {""lunch"": [""sandwich""], ""dinner"": [""dinner"", ""date night""], ""drinks"": [""drink""]}, ""cuisine_evidence"": {""american"": [""burger""], ""seafood"": [""oyster"", ""shrimp"", ""crab""]}, ""content_evidence"": {""food_spot"": [""location_present""]}}, ""metadata"": {""hashtags"": [""atlantaeats"", ""atlblog"", ""atldatenight"", ""atlfood"", ""atlfoodie""], ""mentions"": [""atllovesmo"", ""bontonatlanta"", ""justkeepwaitingroom""], ""likes"": 3461, ""comments"": 134, ""video_views"": 38339}}","{""meal_type_evidence"": {""embedding_label"": ""snack"", ""embedding_similarity"": 0.416, ""baseline_label"": ""dinner"", ""baseline_confidence"": 0.75, ""override"": false, ""reason"": ""embedding_disagrees_but_baseline_sufficient""}, ""cuisine_evidence"": {""embedding_cuisines"": [""american"", ""seafood""], ""embedding_similarities"": {""american"": 0.448, ""seafood"": 0.442}, ""baseline_cuisines"": [""american"", ""seafood""], ""newly_detected"": [], ""removed"": [], ""reason"": ""embedding_confirms_baseline""}, ""content_type_evidence"": {""embedding_label"": ""food_spot"", ""embedding_similarity"": 0.3, ""baseline_label"": ""food_spot"", ""baseline_confidence"": 0.75, ""override"": false, ""reason"": ""weak_embedding_match_keep_baseline""}}"
3485181578819438717,dinner,0.75,dinner,0.637,CONFIDENCE_UPDATED,-0.113,"{""meal_type"": ""dinner"", ""cuisines"": [""seafood""], ""content_type"": ""food_spot"", ""location"": {""name"": ""Atlanta, Georgia"", ""slug"": ""atlanta-georgia""}, ""signals"": {""meal_evidence"": {""dinner"": [""dinner"", ""date night""], ""dessert"": [""ice cream""]}, ""cuisine_evidence"": {""seafood"": [""lobster"", ""shrimp"", ""crab""]}, ""content_evidence"": {""food_spot"": [""location_present""]}}, ""metadata"": {""hashtags"": [""atlblog"", ""atldatenight"", ""atleats""], ""mentions"": [""atllovesmo"", ""newyorkprime.""], ""likes"": 3351, ""comments"": 73, ""video_views"": 36427}}","{""meal_type_evidence"": {""embedding_label"": ""snack"", ""embedding_similarity"": 0.322, ""baseline_label"": ""dinner"", ""baseline_confidence"": 0.75, ""override"": false, ""reason"": ""embedding_disagrees_but_baseline_sufficient""}, ""cuisine_evidence"": {""embedding_cuisines"": [""seafood""], ""embedding_similarities"": {""seafood"": 0.432}, ""baseline_cuisines"": [""seafood""], ""newly_detected"": [], ""removed"": [], ""reason"": ""embedding_confirms_baseline""}, ""content_type_evidence"": {""embedding_label"": ""food_spot"", ""embedding_similarity"": 0.327, ""baseline_label"": ""food_spot"", ""baseline_confidence"": 0.75, ""override"": false, ""reason"": ""weak_embedding_match_keep_baseline""}}"
3552608862559660274,breakfast,0.75,breakfast,0.637,CONFIDENCE_UPDATED,-0.113,"{""meal_type"": ""breakfast"", ""cuisines"": [""japanese"", ""seafood"", ""bakery"", ""coffee_cafe""], ""content_type"": ""food_spot"", ""location"": {""name"": ""Atlanta, Georgia"", ""slug"": ""atlanta-georgia""}, ""signals"": {""meal_evidence"": {""breakfast"": [""breakfast"", ""waffle""], ""brunch"": [""brunch"", ""benedict""], ""lunch"": [""sandwich""]}, ""cuisine_evidence"": {""japanese"": [""sushi"", ""ramen""], ""seafood"": [""crab""], ""bakery"": [""croissant""], ""coffee_cafe"": [""cafe""]}, ""content_evidence"": {""food_spot"": [""location_present""]}}, ""metadata"": {""hashtags"": [""atlblog"", ""atlbrunch"", ""atleats""], ""mentions"": [""atllovesmo"", ""brushatl"", ""buckheadvillagedistrict"", ""momocafeatl""], ""likes"": 3457, ""comments"": 59, ""video_views"": 27023}}","{""meal_type_evidence"": {""embedding_label"": ""brunch"", ""embedding_similarity"": 0.518, ""baseline_label"": ""breakfast"", ""baseline_confidence"": 0.75, ""override"": false, ""reason"": ""embedding_disagrees_but_baseline_sufficient""}, ""cuisine_evidence"": {""embedding_cuisines"": [], ""embedding_similarities"": {}, ""baseline_cuisines"": [""japanese"", ""seafood"", ""bakery"", ""coffee_cafe""], ""newly_detected"": [], ""removed"": [""coffee_cafe"", ""japanese"", ""seafood"", ""bakery""], ""reason"": ""no_strong_embedding_matches_keep_baseline""}, ""content_type_evidence"": {""embedding_label"": ""food_spot"", ""embedding_similarity"": 0.341, ""baseline_label"": ""food_spot"", ""baseline_confidence"": 0.75, ""override"": false, ""reason"": ""weak_embedding_match_keep_baseline""}}"
3381003716357027379,event,0.75,event,0.637,CONFIDENCE_UPDATED,-0.113,"{""meal_type"": ""brunch"", ""cuisines"": [""japanese"", ""korean"", ""bbq""], ""content_type"": ""event"", ""location"": {""name"": ""Atlanta, Georgia"", ""slug"": ""atlanta-georgia""}, ""signals"": {""meal_evidence"": {""breakfast"": [""eggs""], ""brunch"": [""brunch"", ""mimosa""], ""dinner"": [""dinner""], ""dessert"": [""cake""], ""drinks"": [""cocktail"", ""bar""]}, ""cuisine_evidence"": {""japanese"": [""ramen""], ""korean"": [""korean"", ""bulgogi""], ""bbq"": [""bbq""]}, ""content_evidence"": {""event"": [""live music""]}}, ""metadata"": {""hashtags"": [""atlantaeats"", ""atlblog"", ""atleats"", ""atlfoodie""], ""mentions"": [""atllovesmo"", ""charkorean"", ""inmanpark""], ""likes"": 2396, ""comments"": 84, ""video_views"": 23865}}","{""meal_type_evidence"": {""embedding_label"": ""dinner"", ""embedding_similarity"": 0.356, ""baseline_label"": ""brunch"", ""baseline_confidence"": 0.75, ""override"": false, ""reason"": ""embedding_disagrees_but_baseline_sufficient""}, ""cuisine_evidence"": {""embedding_cuisines"": [""american"", ""korean""], ""embedding_similarities"": {""american"": 0.44, ""korean"": 0.425}, ""baseline_cuisines"": [""japanese"", ""korean"", ""bbq""], ""newly_detected"": [""american""], ""removed"": [""bbq"", ""japanese""], ""reason"": ""embedding_refined_cuisine_list""}, ""content_type_evidence"": {""embedding_label"": ""food_spot"", ""embedding_similarity"": 0.393, ""baseline_label"": ""event"", ""baseline_confidence"": 0.75, ""override"": false, ""reason"": ""embedding_disagrees_but_baseline_acceptable""}}"
3740517184192403373,drinks,0.75,drinks,0.637,CONFIDENCE_UPDATED,-0.113,"{""meal_type"": ""drinks"", ""cuisines"": [""vegan"", ""coffee_cafe""], ""content_type"": ""food_spot"", ""location"": {""name"": ""Atlanta, Georgia"", ""slug"": ""atlanta-georgia""}, ""signals"": {""meal_evidence"": {""drinks"": [""bar"", ""drink""]}, ""cuisine_evidence"": {""vegan"": [""plant-based""], ""coffee_cafe"": [""coffee"", ""cafe""]}, ""content_evidence"": {""food_spot"": [""location_present""]}}, ""metadata"": {""hashtags"": [""atlcoffeeshops"", ""dairydisloyalty"", ""minorfigurespartner""], ""mentions"": [""academycoffeeatl"", ""drinkcoffeeman"", ""gillybrewbar"", ""minorfigures"", ""radioroasterscoffee"", ""recuerdos.atl"", ""thepostcardatl.""], ""likes"": 1319, ""comments"": 34, ""video_views"": 19934}}","{""meal_type_evidence"": {""embedding_label"": ""snack"", ""embedding_similarity"": 0.351, ""baseline_label"": ""drinks"", ""baseline_confidence"": 0.75, ""override"": false, ""reason"": ""embedding_disagrees_but_baseline_sufficient""}, ""cuisine_evidence"": {""embedding_cuisines"": [""coffee_cafe""], ""embedding_similarities"": {""coffee_cafe"": 0.417}, ""baseline_cuisines"": [""vegan"", ""coffee_cafe""], ""newly_detected"": [], ""removed"": [""vegan""], ""reason"": ""embedding_refined_cuisine_list""}, ""content_type_evidence"": {""embedding_label"": ""food_spot"", ""embedding_similarity"": 0.317, ""baseline_label"": ""food_spot"", ""baseline_confidence"": 0.75, ""override"": false, ""reason"": ""weak_embedding_match_keep_baseline""}}"
3507695044625128447,event,0.75,event,0.637,CONFIDENCE_UPDATED,-0.113,"{""meal_type"": ""dinner"", ""cuisines"": [], ""content_type"": ""event"", ""location"": {""name"": ""Atlanta, GA"", ""slug"": ""atlanta-ga""}, ""signals"": {""meal_evidence"": {""dinner"": [""dinner""]}, ""cuisine_evidence"": {}, ""content_evidence"": {""event"": [""event"", ""market""]}}, ""metadata"": {""hashtags"": [""atlblog"", ""atldatenight"", ""atlfoodie""], ""mentions"": [""atl_christkindl"", ""atllovesmo"", ""buckheadvillagedistrict"", ""galleriaatl"", ""lisas.creperie""], ""likes"": 3074, ""comments"": 104, ""video_views"": 18794}}","{""meal_type_evidence"": {""embedding_label"": ""dessert"", ""embedding_similarity"": 0.323, ""baseline_label"": ""dinner"", ""baseline_confidence"": 0.75, ""override"": false, ""reason"": ""embedding_disagrees_but_baseline_sufficient""}, ""cuisine_evidence"": {""embedding_cuisines"": [], ""embedding_similarities"": {}, ""baseline_cuisines"": [], ""newly_detected"": [], ""removed"": [], ""reason"": ""no_strong_embedding_matches_keep_baseline""}, ""content_type_evidence"": {""embedding_label"": ""food_spot"", ""embedding_similarity"": 0.342, ""baseline_label"": ""event"", ""baseline_confidence"": 0.75, ""override"": false, ""reason"": ""weak_embedding_match_keep_baseline""}}"
3602131722146981746,dinner,0.75,dinner,0.637,CONFIDENCE_UPDATED,-0.113,"{""meal_type"": ""dinner"", ""cuisines"": [""mediterranean""], ""content_type"": ""food_spot"", ""location"": {""name"": ""Atlanta, Georgia"", ""slug"": ""atlanta-georgia""}, ""signals"": {""meal_evidence"": {""dinner"": [""dinner"", ""date night""], ""drinks"": [""cocktail"", ""cocktails""]}, ""cuisine_evidence"": {""mediterranean"": [""hummus""]}, ""content_evidence"": {""food_spot"": [""location_present""]}}, ""metadata"": {""hashtags"": [""atlblog"", ""atldatenight"", ""atleats"", ""mariettaga""], ""mentions"": [""adanaatl"", ""atllovesmo""], ""likes"": 1946, ""comments"": 448, ""video_views"": 18119}}","{""meal_type_evidence"": {""embedding_label"": ""drinks"", ""embedding_similarity"": 0.349, ""baseline_label"": ""dinner"", ""baseline_confidence"": 0.75, ""override"": false, ""reason"": ""embedding_disagrees_but_baseline_sufficient""}, ""cuisine_evidence"": {""embedding_cuisines"": [], ""embedding_similarities"": {}, ""baseline_cuisines"": [""mediterranean""], ""newly_detected"": [], ""removed"": [""mediterranean""], ""reason"": ""no_strong_embedding_matches_keep_baseline""}, ""content_type_evidence"": {""embedding_label"": ""event"", ""embedding_similarity"": 0.304, ""baseline_label"": ""food_spot"", ""baseline_confidence"": 0.75, ""override"": false, ""reason"": ""weak_embedding_match_keep_baseline""}}"
3433001037400105154,event,0.75,event,0.637,CONFIDENCE_UPDATED,-0.113,"{""meal_type"": ""drinks"", ""cuisines"": [""mediterranean"", ""vegan""], ""content_type"": ""event"", ""location"": {""name"": ""Atlanta, Georgia"", ""slug"": ""atlanta-georgia""}, ""signals"": {""meal_evidence"": {""dinner"": [""supper""], ""drinks"": [""bar"", ""gin""], ""snack"": [""quick bite""]}, ""cuisine_evidence"": {""mediterranean"": [""falafel""], ""vegan"": [""vegan""]}, ""content_evidence"": {""event"": [""concert"", ""live music""]}}, ""metadata"": {""hashtags"": [], ""mentions"": [""alphacitycenter"", ""damselatlanta"", ""masquerade_atl"", ""roaring.social"", ""theworksatl"", ""underground_atlanta""], ""likes"": 2157, ""comments"": 56, ""video_views"": 17432}}","{""meal_type_evidence"": {""embedding_label"": ""dinner"", ""embedding_similarity"": 0.305, ""baseline_label"": ""drinks"", ""baseline_confidence"": 0.75, ""override"": false, ""reason"": ""embedding_disagrees_but_baseline_sufficient""}, ""cuisine_evidence"": {""embedding_cuisines"": [], ""embedding_similarities"": {}, ""baseline_cuisines"": [""mediterranean"", ""vegan""], ""newly_detected"": [], ""removed"": [""mediterranean"", ""vegan""], ""reason"": ""no_strong_embedding_matches_keep_baseline""}, ""content_type_evidence"": {""embedding_label"": ""food_spot"", ""embedding_similarity"": 0.436, ""baseline_label"": ""event"", ""baseline_confidence"": 0.75, ""override"": false, ""reason"": ""embedding_disagrees_but_baseline_acceptable""}}"
3564299165322665692,event,0.75,event,0.637,CONFIDENCE_UPDATED,-0.113,"{""meal_type"": ""drinks"", ""cuisines"": [], ""content_type"": ""event"", ""location"": {""name"": ""Atlanta, Georgia"", ""slug"": ""atlanta-georgia""}, ""signals"": {""meal_evidence"": {""dinner"": [""dinner""], ""drinks"": [""drink"", ""drinks""]}, ""cuisine_evidence"": {}, ""content_evidence"": {""event"": [""market""]}}, ""metadata"": {""hashtags"": [""atlblog"", ""atleats"", ""atlfoodie""], ""mentions"": [""atllovesmo"", ""girldinnerfoodtours"", ""poncecitymarket""], ""likes"": 1801, ""comments"": 77, ""video_views"": 16133}}","{""meal_type_evidence"": {""embedding_label"": ""dinner"", ""embedding_similarity"": 0.338, ""baseline_label"": ""drinks"", ""baseline_confidence"": 0.75, ""override"": false, ""reason"": ""embedding_disagrees_but_baseline_sufficient""}, ""cuisine_evidence"": {""embedding_cuisines"": [], ""embedding_similarities"": {}, ""baseline_cuisines"": [], ""newly_detected"": [], ""removed"": [], ""reason"": ""no_strong_embedding_matches_keep_baseline""}, ""content_type_evidence"": {""embedding_label"": ""food_spot"", ""embedding_similarity"": 0.477, ""baseline_label"": ""event"", ""baseline_confidence"": 0.75, ""override"": false, ""reason"": ""embedding_disagrees_but_baseline_acceptable""}}"
3135112754574722727,drinks,0.75,drinks,0.637,CONFIDENCE_UPDATED,-0.113,"{""meal_type"": ""drinks"", ""cuisines"": [""mexican""], ""content_type"": ""mixed"", ""location"": {""name"": null, ""slug"": null}, ""signals"": {""meal_evidence"": {""drinks"": [""cocktail"", ""cocktails""]}, ""cuisine_evidence"": {""mexican"": [""taco""]}, ""content_evidence"": {}}, ""metadata"": {""hashtags"": [""atlanta"", ""atlantacocktails"", ""atlfoodblogger"", ""atlfoodie""], ""mentions"": [""atllovesmo"", ""lebonnosh""], ""likes"": 1014, ""comments"": 59, ""video_views"": 15240}}","{""meal_type_evidence"": {""embedding_label"": ""snack"", ""embedding_similarity"": 0.371, ""baseline_label"": ""drinks"", ""baseline_confidence"": 0.75, ""override"": false, ""reason"": ""embedding_disagrees_but_baseline_sufficient""}, ""cuisine_evidence"": {""embedding_cuisines"": [""american""], ""embedding_similarities"": {""american"": 0.471}, ""baseline_cuisines"": [""mexican""], ""newly_detected"": [""american""], ""removed"": [""mexican""], ""reason"": ""embedding_refined_cuisine_list""}, ""content_type_evidence"": {""embedding_label"": ""food_spot"", ""embedding_similarity"": 0.338, ""baseline_label"": ""mixed"", ""baseline_confidence"": 0.75, ""override"": false, ""reason"": ""weak_embedding_match_keep_baseline""}}"
3786787723433557207,event,0.75,event,0.637,CONFIDENCE_UPDATED,-0.113,"{""meal_type"": ""drinks"", ""cuisines"": [""bbq"", ""bakery""], ""content_type"": ""event"", ""location"": {""name"": ""Marietta, Georgia"", ""slug"": ""marietta-georgia""}, ""signals"": {""meal_evidence"": {""lunch"": [""lunch""], ""dinner"": [""dinner""], ""dessert"": [""dessert""], ""drinks"": [""cocktail"", ""cocktails""]}, ""cuisine_evidence"": {""bbq"": [""smoked""], ""bakery"": [""pastry""]}, ""content_evidence"": {""event"": [""live music""]}}, ""metadata"": {""hashtags"": [], ""mentions"": [""atllovesmo"", ""hampandharrys"", ""keefler""], ""likes"": 2014, ""comments"": 63, ""video_views"": 14759}}","{""meal_type_evidence"": {""embedding_label"": ""dessert"", ""embedding_similarity"": 0.333, ""baseline_label"": ""drinks"", ""baseline_confidence"": 0.75, ""override"": false, ""reason"": ""embedding_disagrees_but_baseline_sufficient""}, ""cuisine_evidence"": {""embedding_cuisines"": [], ""embedding_similarities"": {}, ""baseline_cuisines"": [""bbq"", ""bakery""], ""newly_detected"": [], ""removed"": [""bbq"", ""bakery""], ""reason"": ""no_strong_embedding_matches_keep_baseline""}, ""content_type_evidence"": {""embedding_label"": ""event"", ""embedding_similarity"": 0.265, ""baseline_label"": ""event"", ""baseline_confidence"": 0.75, ""override"": false, ""reason"": ""weak_embedding_match_keep_baseline""}}"
3341310623060186485,event,0.75,event,0.637,CONFIDENCE_UPDATED,-0.113,"{""meal_type"": ""lunch"", ""cuisines"": [""american"", ""mexican"", ""vegan"", ""bakery""], ""content_type"": ""event"", ""location"": {""name"": ""Atlanta, Georgia"", ""slug"": ""atlanta-georgia""}, ""signals"": {""meal_evidence"": {""lunch"": [""lunch"", ""sandwich""], ""drinks"": [""gin""]}, ""cuisine_evidence"": {""american"": [""southern""], ""mexican"": [""taco""], ""vegan"": [""vegan""], ""bakery"": [""bread""]}, ""content_evidence"": {""event"": [""market""]}}, ""metadata"": {""hashtags"": [""atlantafood"", ""atlblog"", ""atleats"", ""atlfoodie""], ""mentions"": [""atllovesmo"", ""birdcageatl"", ""dipsdipsdipskitchen"", ""fraziesmeatandmarket"", ""fripperssausages"", ""poncecitymarket"", ""riversideatl""], ""likes"": 983, ""comments"": 72, ""video_views"": 14227}}","{""meal_type_evidence"": {""embedding_label"": ""snack"", ""embedding_similarity"": 0.532, ""baseline_label"": ""lunch"", ""baseline_confidence"": 0.75, ""override"": false, ""reason"": ""embedding_disagrees_but_baseline_sufficient""}, ""cuisine_evidence"": {""embedding_cuisines"": [""american"", ""mexican""], ""embedding_similarities"": {""american"": 0.503, ""mexican"": 0.473}, ""baseline_cuisines"": [""american"", ""mexican"", ""vegan"", ""bakery""], ""newly_detected"": [], ""removed"": [""bakery"", ""vegan""], ""reason"": ""embedding_refined_cuisine_list""}, ""content_type_evidence"": {""embedding_label"": ""food_spot"", ""embedding_similarity"": 0.424, ""baseline_label"": ""event"", ""baseline_confidence"": 0.75, ""override"": false, ""reason"": ""embedding_disagrees_but_baseline_acceptable""}}"
3751256411931274251,event,0.75,event,0.637,CONFIDENCE_UPDATED,-0.113,"{""meal_type"": ""drinks"", ""cuisines"": [""american"", ""chinese"", ""seafood""], ""content_type"": ""event"", ""location"": {""name"": ""Atlanta, Georgia"", ""slug"": ""atlanta-georgia""}, ""signals"": {""meal_evidence"": {""dinner"": [""dinner""], ""drinks"": [""bar"", ""martini""]}, ""cuisine_evidence"": {""american"": [""fried chicken""], ""chinese"": [""hot pot""], ""seafood"": [""fish""]}, ""content_evidence"": {""event"": [""market"", ""seasonal""]}}, ""metadata"": {""hashtags"": [""atlanta"", ""atlblog""], ""mentions"": [""roshamboatl""], ""likes"": 932, ""comments"": 66, ""video_views"": 14003}}","{""meal_type_evidence"": {""embedding_label"": ""snack"", ""embedding_similarity"": 0.474, ""baseline_label"": ""drinks"", ""baseline_confidence"": 0.75, ""override"": false, ""reason"": ""embedding_disagrees_but_baseline_sufficient""}, ""cuisine_evidence"": {""embedding_cuisines"": [""american""], ""embedding_similarities"": {""american"": 0.586}, ""baseline_cuisines"": [""american"", ""chinese"", ""seafood""], ""newly_detected"": [], ""removed"": [""chinese"", ""seafood""], ""reason"": ""embedding_refined_cuisine_list""}, ""content_type_evidence"": {""embedding_label"": ""food_spot"", ""embedding_similarity"": 0.388, ""baseline_label"": ""event"", ""baseline_confidence"": 0.75, ""override"": false, ""reason"": ""embedding_disagrees_but_baseline_acceptable""}}"
3505499263742726436,event,0.75,event,0.637,CONFIDENCE_UPDATED,-0.113,"{""meal_type"": ""dessert"", ""cuisines"": [""seafood"", ""coffee_cafe""], ""content_type"": ""event"", ""location"": {""name"": ""Atlanta, Georgia"", ""slug"": ""atlanta-georgia""}, ""signals"": {""meal_evidence"": {""breakfast"": [""breakfast""], ""brunch"": [""benedict""], ""dinner"": [""dinner""], ""dessert"": [""cake"", ""sweet tooth""], ""drinks"": [""drink"", ""martini""]}, ""cuisine_evidence"": {""seafood"": [""crab""], ""coffee_cafe"": [""espresso""]}, ""content_evidence"": {""event"": [""event"", ""ticket""]}}, ""metadata"": {""hashtags"": [""atlblog"", ""atleats"", ""atlfoodie""], ""mentions"": [""givingkitchen"", ""snoozeameatery""], ""likes"": 1070, ""comments"": 95, ""video_views"": 12735}}","{""meal_type_evidence"": {""embedding_label"": ""dinner"", ""embedding_similarity"": 0.41, ""baseline_label"": ""dessert"", ""baseline_confidence"": 0.75, ""override"": false, ""reason"": ""embedding_disagrees_but_baseline_sufficient""}, ""cuisine_evidence"": {""embedding_cuisines"": [], ""embedding_similarities"": {}, ""baseline_cuisines"": [""seafood"", ""coffee_cafe""], ""newly_detected"": [], ""removed"": [""coffee_cafe"", ""seafood""], ""reason"": ""no_strong_embedding_matches_keep_baseline""}, ""content_type_evidence"": {""embedding_label"": ""food_spot"", ""embedding_similarity"": 0.404, ""baseline_label"": ""event"", ""baseline_confidence"": 0.75, ""override"": false, ""reason"": ""embedding_disagrees_but_baseline_acceptable""}}"
3351191060996825944,brunch,0.75,brunch,0.637,CONFIDENCE_UPDATED,-0.113,"{""meal_type"": ""brunch"", ""cuisines"": [""bbq"", ""bakery"", ""coffee_cafe""], ""content_type"": ""food_spot"", ""location"": {""name"": ""Atlanta, Georgia"", ""slug"": ""atlanta-georgia""}, ""signals"": {""meal_evidence"": {""breakfast"": [""breakfast""], ""brunch"": [""brunch"", ""mimosa""], ""drinks"": [""martini"", ""gin""]}, ""cuisine_evidence"": {""bbq"": [""smoked""], ""bakery"": [""bread""], ""coffee_cafe"": [""espresso""]}, ""content_evidence"": {""food_spot"": [""location_present""]}}, ""metadata"": {""hashtags"": [""atlbottomlessbrunch"", ""atlbrunch"", ""atleats"", ""atlfoodie""], ""mentions"": [""atllovesmo"", ""flightclubdartsusa"", ""quincybondsproductions""], ""likes"": 1124, ""comments"": 71, ""video_views"": 12693}}","{""meal_type_evidence"": {""embedding_label"": ""snack"", ""embedding_similarity"": 0.45, ""baseline_label"": ""brunch"", ""baseline_confidence"": 0.75, ""override"": false, ""reason"": ""embedding_disagrees_but_baseline_sufficient""}, ""cuisine_evidence"": {""embedding_cuisines"": [], ""embedding_similarities"": {}, ""baseline_cuisines"": [""bbq"", ""bakery"", ""coffee_cafe""], ""newly_detected"": [], ""removed"": [""bbq"", ""coffee_cafe"", ""bakery""], ""reason"": ""no_strong_embedding_matches_keep_baseline""}, ""content_type_evidence"": {""embedding_label"": ""food_spot"", ""embedding_similarity"": 0.334, ""baseline_label"": ""food_spot"", ""baseline_confidence"": 0.75, ""override"": false, ""reason"": ""weak_embedding_match_keep_baseline""}}"
3430330056554016115,drinks,0.75,drinks,0.637,CONFIDENCE_UPDATED,-0.113,"{""meal_type"": ""drinks"", ""cuisines"": [""coffee_cafe""], ""content_type"": ""food_spot"", ""location"": {""name"": ""Atlanta, Georgia"", ""slug"": ""atlanta-georgia""}, ""signals"": {""meal_evidence"": {""drinks"": [""martini"", ""rum""]}, ""cuisine_evidence"": {""coffee_cafe"": [""espresso""]}, ""content_evidence"": {""food_spot"": [""location_present""]}}, ""metadata"": {""hashtags"": [], ""mentions"": [""buckheadvillagedistrict"", ""lebilboquetatlanta""], ""likes"": 1195, ""comments"": 73, ""video_views"": 12044}}","{""meal_type_evidence"": {""embedding_label"": ""dinner"", ""embedding_similarity"": 0.3, ""baseline_label"": ""drinks"", ""baseline_confidence"": 0.75, ""override"": false, ""reason"": ""embedding_disagrees_but_baseline_sufficient""}, ""cuisine_evidence"": {""embedding_cuisines"": [], ""embedding_similarities"": {}, ""baseline_cuisines"": [""coffee_cafe""], ""newly_detected"": [], ""removed"": [""coffee_cafe""], ""reason"": ""no_strong_embedding_matches_keep_baseline""}, ""content_type_evidence"": {""embedding_label"": ""food_spot"", ""embedding_similarity"": 0.301, ""baseline_label"": ""food_spot"", ""baseline_confidence"": 0.75, ""override"": false, ""reason"": ""weak_embedding_match_keep_baseline""}}"
3168478985914205958,event,0.75,event,0.637,CONFIDENCE_UPDATED,-0.113,"{""meal_type"": ""dessert"", ""cuisines"": [""american"", ""japanese"", ""korean"", ""bakery"", ""coffee_cafe""], ""content_type"": ""event"", ""location"": {""name"": ""Atlanta, Georgia"", ""slug"": ""atlanta-georgia""}, ""signals"": {""meal_evidence"": {""dessert"": [""dessert"", ""cake""]}, ""cuisine_evidence"": {""american"": [""burger""], ""japanese"": [""japanese""], ""korean"": [""bulgogi""], ""bakery"": [""bakery""], ""coffee_cafe"": [""cafe""]}, ""content_evidence"": {""event"": [""market""]}}, ""metadata"": {""hashtags"": [""atlantablog"", ""atlantadesserts"", ""atlantafood"", ""atleats"", ""atlsweets"", ""atlwfh""], ""mentions"": [""atllovesmo"", ""foodterminalofficial"", ""sweethutbakerycafe""], ""likes"": 810, ""comments"": 65, ""video_views"": 10544}}","{""meal_type_evidence"": {""embedding_label"": ""snack"", ""embedding_similarity"": 0.421, ""baseline_label"": ""dessert"", ""baseline_confidence"": 0.75, ""override"": false, ""reason"": ""embedding_disagrees_but_baseline_sufficient""}, ""cuisine_evidence"": {""embedding_cuisines"": [""american""], ""embedding_similarities"": {""american"": 0.403}, ""baseline_cuisines"": [""american"", ""japanese"", ""korean"", ""bakery"", ""coffee_cafe""], ""newly_detected"": [], ""removed"": [""korean"", ""coffee_cafe"", ""japanese"", ""bakery""], ""reason"": ""embedding_refined_cuisine_list""}, ""content_type_evidence"": {""embedding_label"": ""food_spot"", ""embedding_similarity"": 0.412, ""baseline_label"": ""event"", ""baseline_confidence"": 0.75, ""override"": false, ""reason"": ""embedding_disagrees_but_baseline_acceptable""}}"
3212186763795539431,event,0.75,event,0.637,CONFIDENCE_UPDATED,-0.113,"{""meal_type"": ""drinks"", ""cuisines"": [""coffee_cafe""], ""content_type"": ""event"", ""location"": {""name"": ""Atlanta, Georgia"", ""slug"": ""atlanta-georgia""}, ""signals"": {""meal_evidence"": {""drinks"": [""bar""]}, ""cuisine_evidence"": {""coffee_cafe"": [""coffee"", ""latte""]}, ""content_evidence"": {""event"": [""event"", ""ticket""]}}, ""metadata"": {""hashtags"": [""atlantaflowers"", ""atlblog"", ""atlcoffeeshops"", ""atlnails"", ""thingstodoinatl""], ""mentions"": [""atllovesmo"", ""fincatofilter"", ""jjsflowershop"", ""lacquer_nailbar""], ""likes"": 709, ""comments"": 453, ""video_views"": 8985}}","{""meal_type_evidence"": {""embedding_label"": ""dessert"", ""embedding_similarity"": 0.324, ""baseline_label"": ""drinks"", ""baseline_confidence"": 0.75, ""override"": false, ""reason"": ""embedding_disagrees_but_baseline_sufficient""}, ""cuisine_evidence"": {""embedding_cuisines"": [], ""embedding_similarities"": {}, ""baseline_cuisines"": [""coffee_cafe""], ""newly_detected"": [], ""removed"": [""coffee_cafe""], ""reason"": ""no_strong_embedding_matches_keep_baseline""}, ""content_type_evidence"": {""embedding_label"": ""food_spot"", ""embedding_similarity"": 0.229, ""baseline_label"": ""event"", ""baseline_confidence"": 0.75, ""override"": false, ""reason"": ""weak_embedding_match_keep_baseline""}}"
3349637904924077847,event,0.75,event,0.637,CONFIDENCE_UPDATED,-0.113,"{""meal_type"": ""drinks"", ""cuisines"": [""american""], ""content_type"": ""event"", ""location"": {""name"": ""Atlanta, Georgia"", ""slug"": ""atlanta-georgia""}, ""signals"": {""meal_evidence"": {""drinks"": [""wine"", ""gin""]}, ""cuisine_evidence"": {""american"": [""southern""]}, ""content_evidence"": {""event"": [""seasonal""]}}, ""metadata"": {""hashtags"": [""atlantafoodie"", ""atldatenight"", ""atlfood"", ""michelinrestaurant"", ""openhandatlanta""], ""mentions"": [""beardfoundation"", ""michelinguide"", ""millerunionatl"", ""millerunionatl."", ""openhandatlanta""], ""likes"": 535, ""comments"": 53, ""video_views"": 8211}}","{""meal_type_evidence"": {""embedding_label"": ""dinner"", ""embedding_similarity"": 0.473, ""baseline_label"": ""drinks"", ""baseline_confidence"": 0.75, ""override"": false, ""reason"": ""embedding_disagrees_but_baseline_sufficient""}, ""cuisine_evidence"": {""embedding_cuisines"": [], ""embedding_similarities"": {}, ""baseline_cuisines"": [""american""], ""newly_detected"": [], ""removed"": [""american""], ""reason"": ""no_strong_embedding_matches_keep_baseline""}, ""content_type_evidence"": {""embedding_label"": ""food_spot"", ""embedding_similarity"": 0.435, ""baseline_label"": ""event"", ""baseline_confidence"": 0.75, ""override"": false, ""reason"": ""embedding_disagrees_but_baseline_acceptable""}}"
3367325655770137595,event,0.75,event,0.637,CONFIDENCE_UPDATED,-0.113,"{""meal_type"": ""drinks"", ""cuisines"": [""vegan""], ""content_type"": ""event"", ""location"": {""name"": ""Atlanta, Georgia"", ""slug"": ""atlanta-georgia""}, ""signals"": {""meal_evidence"": {""drinks"": [""drink"", ""gin""]}, ""cuisine_evidence"": {""vegan"": [""plant-based""]}, ""content_evidence"": {""event"": [""market""]}}, ""metadata"": {""hashtags"": [""atlfoodie"", ""atlpickleball"", ""malkorganics"", ""mlpatlanta"", ""thingstodoinatlanta"", ""wearemlp""], ""mentions"": [""lifetimepeachtree."", ""majorleaguepb"", ""malkorganics""], ""likes"": 367, ""comments"": 72, ""video_views"": 7956}}","{""meal_type_evidence"": {""embedding_label"": ""snack"", ""embedding_similarity"": 0.319, ""baseline_label"": ""drinks"", ""baseline_confidence"": 0.75, ""override"": false, ""reason"": ""embedding_disagrees_but_baseline_sufficient""}, ""cuisine_evidence"": {""embedding_cuisines"": [], ""embedding_similarities"": {}, ""baseline_cuisines"": [""vegan""], ""newly_detected"": [], ""removed"": [""vegan""], ""reason"": ""no_strong_embedding_matches_keep_baseline""}, ""content_type_evidence"": {""embedding_label"": ""food_spot"", ""embedding_similarity"": 0.143, ""baseline_label"": ""event"", ""baseline_confidence"": 0.75, ""override"": false, ""reason"": ""weak_embedding_match_keep_baseline""}}"
3314154818203708244,event,0.75,event,0.637,CONFIDENCE_UPDATED,-0.113,"{""meal_type"": ""lunch"", ""cuisines"": [""american"", ""bbq""], ""content_type"": ""event"", ""location"": {""name"": ""Atlanta, Georgia"", ""slug"": ""atlanta-georgia""}, ""signals"": {""meal_evidence"": {""lunch"": [""sandwich""]}, ""cuisine_evidence"": {""american"": [""american""], ""bbq"": [""bbq"", ""smoked"", ""brisket""]}, ""content_evidence"": {""event"": [""event"", ""popup""]}}, ""metadata"": {""hashtags"": [""atlantabbq"", ""atlantapopupshop"", ""atlbbq"", ""atleats"", ""atlfoodie""], ""mentions"": [""atlantawestend."", ""atljerkking"", ""atllovesmo"", ""boggssocial""], ""likes"": 729, ""comments"": 100, ""video_views"": 7684}}","{""meal_type_evidence"": {""embedding_label"": ""snack"", ""embedding_similarity"": 0.351, ""baseline_label"": ""lunch"", ""baseline_confidence"": 0.75, ""override"": false, ""reason"": ""embedding_disagrees_but_baseline_sufficient""}, ""cuisine_evidence"": {""embedding_cuisines"": [""american""], ""embedding_similarities"": {""american"": 0.476}, ""baseline_cuisines"": [""american"", ""bbq""], ""newly_detected"": [], ""removed"": [""bbq""], ""reason"": ""embedding_refined_cuisine_list""}, ""content_type_evidence"": {""embedding_label"": ""food_spot"", ""embedding_similarity"": 0.283, ""baseline_label"": ""event"", ""baseline_confidence"": 0.75, ""override"": false, ""reason"": ""weak_embedding_match_keep_baseline""}}"
3322828893394474318,event,0.75,event,0.637,CONFIDENCE_UPDATED,-0.113,"{""meal_type"": ""drinks"", ""cuisines"": [], ""content_type"": ""event"", ""location"": {""name"": ""Cobb County, Georgia"", ""slug"": ""cobb-county-georgia""}, ""signals"": {""meal_evidence"": {""drinks"": [""wine"", ""brewery""]}, ""cuisine_evidence"": {}, ""content_evidence"": {""event"": [""event""]}}, ""metadata"": {""hashtags"": [""atlantablog"", ""atlbrewery"", ""atleats"", ""cobbaletrail"", ""tapintocobb""], ""mentions"": [""aswdistillery"", ""batteryatl"", ""terrapinbreweryandtaproomatl"", ""travelcobb.""], ""likes"": 504, ""comments"": 69, ""video_views"": 7461}}","{""meal_type_evidence"": {""embedding_label"": ""snack"", ""embedding_similarity"": 0.318, ""baseline_label"": ""drinks"", ""baseline_confidence"": 0.75, ""override"": false, ""reason"": ""embedding_disagrees_but_baseline_sufficient""}, ""cuisine_evidence"": {""embedding_cuisines"": [], ""embedding_similarities"": {}, ""baseline_cuisines"": [], ""newly_detected"": [], ""removed"": [], ""reason"": ""no_strong_embedding_matches_keep_baseline""}, ""content_type_evidence"": {""embedding_label"": ""activity"", ""embedding_similarity"": 0.313, ""baseline_label"": ""event"", ""baseline_confidence"": 0.75, ""override"": false, ""reason"": ""weak_embedding_match_keep_baseline""}}"
3129318021549923740,drinks,0.75,drinks,0.637,CONFIDENCE_UPDATED,-0.113,"{""meal_type"": ""drinks"", ""cuisines"": [""japanese""], ""content_type"": ""food_spot"", ""location"": {""name"": ""O-ku Atlanta"", ""slug"": ""o-ku-atlanta""}, ""signals"": {""meal_evidence"": {""dinner"": [""date night""], ""drinks"": [""drink"", ""happy hour""]}, ""cuisine_evidence"": {""japanese"": [""sushi""]}, ""content_evidence"": {""food_spot"": [""location_present""]}}, ""metadata"": {""hashtags"": [""atlantafood"", ""atlantasushi"", ""atlfood"", ""atlfoodie"", ""atlsushi""], ""mentions"": [""atllovesmo"", ""okuatlanta""], ""likes"": 680, ""comments"": 22, ""video_views"": 7439}}","{""meal_type_evidence"": {""embedding_label"": ""dinner"", ""embedding_similarity"": 0.306, ""baseline_label"": ""drinks"", ""baseline_confidence"": 0.75, ""override"": false, ""reason"": ""embedding_disagrees_but_baseline_sufficient""}, ""cuisine_evidence"": {""embedding_cuisines"": [], ""embedding_similarities"": {}, ""baseline_cuisines"": [""japanese""], ""newly_detected"": [], ""removed"": [""japanese""], ""reason"": ""no_strong_embedding_matches_keep_baseline""}, ""content_type_evidence"": {""embedding_label"": ""mixed"", ""embedding_similarity"": 0.283, ""baseline_label"": ""food_spot"", ""baseline_confidence"": 0.75, ""override"": false, ""reason"": ""weak_embedding_match_keep_baseline""}}"
3354712403188917904,event,0.75,event,0.637,CONFIDENCE_UPDATED,-0.113,"{""meal_type"": ""breakfast"", ""cuisines"": [""american""], ""content_type"": ""event"", ""location"": {""name"": ""Atlanta, Georgia"", ""slug"": ""atlanta-georgia""}, ""signals"": {""meal_evidence"": {""breakfast"": [""breakfast"", ""bagel""]}, ""cuisine_evidence"": {""american"": [""american""]}, ""content_evidence"": {""event"": [""market"", ""limited time""]}}, ""metadata"": {""hashtags"": [""ad"", ""atlantafoodie"", ""atleats"", ""breakfastathome"", ""breakfastideas"", ""mcdonaldsbagel"", ""mcdonaldsbagels"", ""mcdonaldsbagelsareback"", ""mcdonaldsbreakfast""], ""mentions"": [""mcdonalds""], ""likes"": 204, ""comments"": 64, ""video_views"": 4426}}","{""meal_type_evidence"": {""embedding_label"": ""snack"", ""embedding_similarity"": 0.429, ""baseline_label"": ""breakfast"", ""baseline_confidence"": 0.75, ""override"": false, ""reason"": ""embedding_disagrees_but_baseline_sufficient""}, ""cuisine_evidence"": {""embedding_cuisines"": [], ""embedding_similarities"": {}, ""baseline_cuisines"": [""american""], ""newly_detected"": [], ""removed"": [""american""], ""reason"": ""no_strong_embedding_matches_keep_baseline""}, ""content_type_evidence"": {""embedding_label"": ""food_spot"", ""embedding_similarity"": 0.331, ""baseline_label"": ""event"", ""baseline_confidence"": 0.75, ""override"": false, ""reason"": ""weak_embedding_match_keep_baseline""}}"
3650484053838462084,breakfast,0.75,breakfast,0.637,CONFIDENCE_UPDATED,-0.113,"{""meal_type"": ""breakfast"", ""cuisines"": [""mexican""], ""content_type"": ""food_spot"", ""location"": {""name"": ""Atlanta, Georgia"", ""slug"": ""atlanta-georgia""}, ""signals"": {""meal_evidence"": {""breakfast"": [""breakfast"", ""pancake""], ""brunch"": [""brunch""], ""lunch"": [""sandwich""], ""dessert"": [""cake""], ""drinks"": [""cocktail""]}, ""cuisine_evidence"": {""mexican"": [""burrito""]}, ""content_evidence"": {""food_spot"": [""location_present""]}}, ""metadata"": {""hashtags"": [""atlblog"", ""atlfoodie"", ""thingstodoinatlanta""], ""mentions"": [""atllovesmo"", ""breakerbreaker_atl""], ""likes"": 5362, ""comments"": 98, ""video_views"": 3510}}","{""meal_type_evidence"": {""embedding_label"": ""dinner"", ""embedding_similarity"": 0.329, ""baseline_label"": ""breakfast"", ""baseline_confidence"": 0.75, ""override"": false, ""reason"": ""embedding_disagrees_but_baseline_sufficient""}, ""cuisine_evidence"": {""embedding_cuisines"": [], ""embedding_similarities"": {}, ""baseline_cuisines"": [""mexican""], ""newly_detected"": [], ""removed"": [""mexican""], ""reason"": ""no_strong_embedding_matches_keep_baseline""}, ""content_type_evidence"": {""embedding_label"": ""food_spot"", ""embedding_similarity"": 0.295, ""baseline_label"": ""food_spot"", ""baseline_confidence"": 0.75, ""override"": false, ""reason"": ""weak_embedding_match_keep_baseline""}}"
3073231310820474678,drinks,0.75,drinks,0.637,CONFIDENCE_UPDATED,-0.113,"{""meal_type"": ""drinks"", ""cuisines"": [], ""content_type"": ""mixed"", ""location"": {""name"": null, ""slug"": null}, ""signals"": {""meal_evidence"": {""drinks"": [""shot"", ""shots""]}, ""cuisine_evidence"": {}, ""content_evidence"": {}}, ""metadata"": {""hashtags"": [""atlantafoodphotography"", ""atlfoodphotographer"", ""behindthescenesphotoshoot"", ""foodphotography""], ""mentions"": [], ""likes"": 138, ""comments"": 15, ""video_views"": 1961}}","{""meal_type_evidence"": {""embedding_label"": ""unknown"", ""embedding_similarity"": 0.335, ""baseline_label"": ""drinks"", ""baseline_confidence"": 0.75, ""override"": false, ""reason"": ""embedding_disagrees_but_baseline_sufficient""}, ""cuisine_evidence"": {""embedding_cuisines"": [], ""embedding_similarities"": {}, ""baseline_cuisines"": [], ""newly_detected"": [], ""removed"": [], ""reason"": ""no_strong_embedding_matches_keep_baseline""}, ""content_type_evidence"": {""embedding_label"": ""mixed"", ""embedding_similarity"": 0.289, ""baseline_label"": ""mixed"", ""baseline_confidence"": 0.75, ""override"": false, ""reason"": ""weak_embedding_match_keep_baseline""}}"
3672218522979061279,event,0.75,event,0.637,CONFIDENCE_UPDATED,-0.113,"{""meal_type"": ""drinks"", ""cuisines"": [], ""content_type"": ""event"", ""location"": {""name"": ""Atlanta, Georgia"", ""slug"": ""atlanta-georgia""}, ""signals"": {""meal_evidence"": {""dinner"": [""date night""], ""dessert"": [""dessert""], ""drinks"": [""cocktail"", ""bar""]}, ""cuisine_evidence"": {}, ""content_evidence"": {""event"": [""ticket""]}}, ""metadata"": {""hashtags"": [""atlblog"", ""atleats"", ""atlfoodie""], ""mentions"": [""barblancatlanta"", ""opentable""], ""likes"": 1058, ""comments"": 62, ""video_views"": 1429}}","{""meal_type_evidence"": {""embedding_label"": ""dinner"", ""embedding_similarity"": 0.359, ""baseline_label"": ""drinks"", ""baseline_confidence"": 0.75, ""override"": false, ""reason"": ""embedding_disagrees_but_baseline_sufficient""}, ""cuisine_evidence"": {""embedding_cuisines"": [""mexican""], ""embedding_similarities"": {""mexican"": 0.402}, ""baseline_cuisines"": [], ""newly_detected"": [""mexican""], ""removed"": [], ""reason"": ""embedding_refined_cuisine_list""}, ""content_type_evidence"": {""embedding_label"": ""food_spot"", ""embedding_similarity"": 0.362, ""baseline_label"": ""event"", ""baseline_confidence"": 0.75, ""override"": false, ""reason"": ""embedding_disagrees_but_baseline_acceptable""}}"
3073079768621819724,drinks,0.75,drinks,0.637,CONFIDENCE_UPDATED,-0.113,"{""meal_type"": ""drinks"", ""cuisines"": [""bakery""], ""content_type"": ""mixed"", ""location"": {""name"": null, ""slug"": null}, ""signals"": {""meal_evidence"": {""brunch"": [""brunch""], ""dessert"": [""cake""], ""drinks"": [""drink"", ""gin""]}, ""cuisine_evidence"": {""bakery"": [""pastry""]}, ""content_evidence"": {}}, ""metadata"": {""hashtags"": [""atlantabrunchspot"", ""atlantafood"", ""atlbrunch""], ""mentions"": [""hotelclermont"", ""tinylousatl"", ""tinylousatl.""], ""likes"": 124, ""comments"": 27, ""video_views"": 1384}}","{""meal_type_evidence"": {""embedding_label"": ""snack"", ""embedding_similarity"": 0.375, ""baseline_label"": ""drinks"", ""baseline_confidence"": 0.75, ""override"": false, ""reason"": ""embedding_disagrees_but_baseline_sufficient""}, ""cuisine_evidence"": {""embedding_cuisines"": [], ""embedding_similarities"": {}, ""baseline_cuisines"": [""bakery""], ""newly_detected"": [], ""removed"": [""bakery""], ""reason"": ""no_strong_embedding_matches_keep_baseline""}, ""content_type_evidence"": {""embedding_label"": ""food_spot"", ""embedding_similarity"": 0.384, ""baseline_label"": ""mixed"", ""baseline_confidence"": 0.75, ""override"": false, ""reason"": ""embedding_disagrees_but_baseline_acceptable""}}"
2878912188617338785,drinks,0.75,drinks,0.637,CONFIDENCE_UPDATED,-0.113,"{""meal_type"": ""drinks"", ""cuisines"": [""italian"", ""bakery""], ""content_type"": ""mixed"", ""location"": {""name"": null, ""slug"": null}, ""signals"": {""meal_evidence"": {""dinner"": [""date night""], ""drinks"": [""cocktail"", ""cocktails""]}, ""cuisine_evidence"": {""italian"": [""pasta""], ""bakery"": [""bread""]}, ""content_evidence"": {}}, ""metadata"": {""hashtags"": [], ""mentions"": [""stceciliaatl""], ""likes"": 206, ""comments"": 66, ""video_views"": 1160}}","{""meal_type_evidence"": {""embedding_label"": ""dinner"", ""embedding_similarity"": 0.434, ""baseline_label"": ""drinks"", ""baseline_confidence"": 0.75, ""override"": false, ""reason"": ""embedding_disagrees_but_baseline_sufficient""}, ""cuisine_evidence"": {""embedding_cuisines"": [""italian""], ""embedding_similarities"": {""italian"": 0.481}, ""baseline_cuisines"": [""italian"", ""bakery""], ""newly_detected"": [], ""removed"": [""bakery""], ""reason"": ""embedding_refined_cuisine_list""}, ""content_type_evidence"": {""embedding_label"": ""food_spot"", ""embedding_similarity"": 0.415, ""baseline_label"": ""mixed"", ""baseline_confidence"": 0.75, ""override"": false, ""reason"": ""embedding_disagrees_but_baseline_acceptable""}}"
3655764264368322427,event,0.75,event,0.637,CONFIDENCE_UPDATED,-0.113,"{""meal_type"": ""unknown"", ""cuisines"": [], ""content_type"": ""event"", ""location"": {""name"": ""Atlanta, Georgia"", ""slug"": ""atlanta-georgia""}, ""signals"": {""meal_evidence"": {}, ""cuisine_evidence"": {}, ""content_evidence"": {""event"": [""event"", ""ticket""]}}, ""metadata"": {""hashtags"": [""atlblog"", ""atldatenight"", ""thingstodoinatlanta""], ""mentions"": [""atllovesmo"", ""dnd_atl"", ""tesseraeatl""], ""likes"": 2016, ""comments"": 51, ""video_views"": 1036}}","{""meal_type_evidence"": {""embedding_label"": ""dinner"", ""embedding_similarity"": 0.346, ""baseline_label"": ""unknown"", ""baseline_confidence"": 0.75, ""override"": false, ""reason"": ""embedding_disagrees_but_baseline_sufficient""}, ""cuisine_evidence"": {""embedding_cuisines"": [], ""embedding_similarities"": {}, ""baseline_cuisines"": [], ""newly_detected"": [], ""removed"": [], ""reason"": ""no_strong_embedding_matches_keep_baseline""}, ""content_type_evidence"": {""embedding_label"": ""event"", ""embedding_similarity"": 0.302, ""baseline_label"": ""event"", ""baseline_confidence"": 0.75, ""override"": false, ""reason"": ""weak_embedding_match_keep_baseline""}}"
2845354611736797541,drinks,0.75,drinks,0.637,CONFIDENCE_UPDATED,-0.113,"{""meal_type"": ""drinks"", ""cuisines"": [], ""content_type"": ""food_spot"", ""location"": {""name"": ""Wrecking Bar Brewpub"", ""slug"": ""wrecking-bar-brewpub""}, ""signals"": {""meal_evidence"": {""drinks"": [""beer"", ""bar""]}, ""cuisine_evidence"": {}, ""content_evidence"": {""food_spot"": [""location_present""]}}, ""metadata"": {""hashtags"": [""atlanta"", ""atlantabeer"", ""atlantaeats"", ""atlantafoodie"", ""atlantatoday"", ""atlbeer"", ""atlblog"", ""atlbrewpub"", ""atlbucketlist"", ""atlfoodie"", ""brews"", ""cheese"", ""eatatlanta"", ""eatnorthamerica"", ""fondue"", ""food"", ""foodiesofinstagram"", ""foodphotography"", ""foodpics"", ""foodstagram"", ""forkyeahfoodies"", ""globaleats"", ""microinfluencer"", ""pretzel"", ""thefoodieinitiave"", ""theloserfam"", ""weloveatl""], ""mentions"": [""wreckingbarbrewpub""], ""likes"": 251, ""comments"": 82, ""video_views"": 819}}","{""meal_type_evidence"": {""embedding_label"": ""snack"", ""embedding_similarity"": 0.447, ""baseline_label"": ""drinks"", ""baseline_confidence"": 0.75, ""override"": false, ""reason"": ""embedding_disagrees_but_baseline_sufficient""}, ""cuisine_evidence"": {""embedding_cuisines"": [], ""embedding_similarities"": {}, ""baseline_cuisines"": [], ""newly_detected"": [], ""removed"": [], ""reason"": ""no_strong_embedding_matches_keep_baseline""}, ""content_type_evidence"": {""embedding_label"": ""food_spot"", ""embedding_similarity"": 0.242, ""baseline_label"": ""food_spot"", ""baseline_confidence"": 0.75, ""override"": false, ""reason"": ""weak_embedding_match_keep_baseline""}}"
2867311657381862839,drinks,0.75,drinks,0.637,CONFIDENCE_UPDATED,-0.113,"{""meal_type"": ""drinks"", ""cuisines"": [""mexican""], ""content_type"": ""food_spot"", ""location"": {""name"": ""Atlanta, Georgia"", ""slug"": ""atlanta-georgia""}, ""signals"": {""meal_evidence"": {""drinks"": [""bar"", ""margarita""]}, ""cuisine_evidence"": {""mexican"": [""taco""]}, ""content_evidence"": {""food_spot"": [""location_present""]}}, ""metadata"": {""hashtags"": [""atlanta"", ""atlantaeats"", ""atlantafoodie"", ""atlantatoday"", ""atlblog"", ""atlbucketlist"", ""atlfoodie"", ""baeeatsworld"", ""bartaco"", ""eatatlanta"", ""eatnorthamerica"", ""food"", ""foodiesofinstagram"", ""foodphotography"", ""foodpics"", ""foodstagram"", ""forkyeahfoodies"", ""globaleats"", ""margarita"", ""microinfluencer"", ""taco"", ""thefoodieinitiave"", ""theloserfam"", ""weloveatl""], ""mentions"": [""bartacolife""], ""likes"": 235, ""comments"": 85, ""video_views"": 512}}","{""meal_type_evidence"": {""embedding_label"": ""snack"", ""embedding_similarity"": 0.407, ""baseline_label"": ""drinks"", ""baseline_confidence"": 0.75, ""override"": false, ""reason"": ""embedding_disagrees_but_baseline_sufficient""}, ""cuisine_evidence"": {""embedding_cuisines"": [""mexican""], ""embedding_similarities"": {""mexican"": 0.406}, ""baseline_cuisines"": [""mexican""], ""newly_detected"": [], ""removed"": [], ""reason"": ""embedding_confirms_baseline""}, ""content_type_evidence"": {""embedding_label"": ""food_spot"", ""embedding_similarity"": 0.314, ""baseline_label"": ""food_spot"", ""baseline_confidence"": 0.75, ""override"": false, ""reason"": ""weak_embedding_match_keep_baseline""}}"
3596313037205513015,drinks,0.75,drinks,0.637,CONFIDENCE_UPDATED,-0.113,"{""meal_type"": ""drinks"", ""cuisines"": [], ""content_type"": ""food_spot"", ""location"": {""name"": ""Atlanta, Georgia"", ""slug"": ""atlanta-georgia""}, ""signals"": {""meal_evidence"": {""drinks"": [""cocktail"", ""cocktails""]}, ""cuisine_evidence"": {}, ""content_evidence"": {""food_spot"": [""location_present""]}}, ""metadata"": {""hashtags"": [""atlblog"", ""atleats"", ""atlfoodie""], ""mentions"": [""atllovesmo"", ""chelseaolivia13"", ""cooksatl""], ""likes"": 728, ""comments"": 93, ""video_views"": null}}","{""meal_type_evidence"": {""embedding_label"": ""brunch"", ""embedding_similarity"": 0.342, ""baseline_label"": ""drinks"", ""baseline_confidence"": 0.75, ""override"": false, ""reason"": ""embedding_disagrees_but_baseline_sufficient""}, ""cuisine_evidence"": {""embedding_cuisines"": [], ""embedding_similarities"": {}, ""baseline_cuisines"": [], ""newly_detected"": [], ""removed"": [], ""reason"": ""no_strong_embedding_matches_keep_baseline""}, ""content_type_evidence"": {""embedding_label"": ""food_spot"", ""embedding_similarity"": 0.244, ""baseline_label"": ""food_spot"", ""baseline_confidence"": 0.75, ""override"": false, ""reason"": ""weak_embedding_match_keep_baseline""}}"
3456205825209520915,drinks,0.75,drinks,0.637,CONFIDENCE_UPDATED,-0.113,"{""meal_type"": ""drinks"", ""cuisines"": [""bbq""], ""content_type"": ""food_spot"", ""location"": {""name"": ""Atlanta, Georgia"", ""slug"": ""atlanta-georgia""}, ""signals"": {""meal_evidence"": {""lunch"": [""sandwich""], ""drinks"": [""bar"", ""gin""]}, ""cuisine_evidence"": {""bbq"": [""bbq"", ""brisket"", ""ribs""]}, ""content_evidence"": {""food_spot"": [""location_present""]}}, ""metadata"": {""hashtags"": [""25thanniversary"", ""citybarbeque"", ""cityrewards"", ""waybackwednesday""], ""mentions"": [""atllovesmo"", ""citybbq""], ""likes"": 242, ""comments"": 219, ""video_views"": null}}","{""meal_type_evidence"": {""embedding_label"": ""snack"", ""embedding_similarity"": 0.415, ""baseline_label"": ""drinks"", ""baseline_confidence"": 0.75, ""override"": false, ""reason"": ""embedding_disagrees_but_baseline_sufficient""}, ""cuisine_evidence"": {""embedding_cuisines"": [""american"", ""bbq""], ""embedding_similarities"": {""american"": 0.431, ""bbq"": 0.409}, ""baseline_cuisines"": [""bbq""], ""newly_detected"": [""american""], ""removed"": [], ""reason"": ""embedding_refined_cuisine_list""}, ""content_type_evidence"": {""embedding_label"": ""food_spot"", ""embedding_similarity"": 0.346, ""baseline_label"": ""food_spot"", ""baseline_confidence"": 0.75, ""override"": false, ""reason"": ""weak_embedding_match_keep_baseline""}}"
3133685587106958329,drinks,0.95,drinks,0.831,CONFIDENCE_UPDATED,-0.119,"{""meal_type"": ""drinks"", ""cuisines"": [], ""content_type"": ""food_spot"", ""location"": {""name"": ""Georgia Beer Garden"", ""slug"": ""georgia-beer-garden""}, ""signals"": {""meal_evidence"": {""drinks"": [""beer"", ""bar"", ""drink"", ""drinks""]}, ""cuisine_evidence"": {}, ""content_evidence"": {""food_spot"": [""location_present""]}}, ""metadata"": {""hashtags"": [""atlantabars"", ""atlantafoodie"", ""atlbar"", ""atlspeakeasy""], ""mentions"": [""atllovesmo"", ""gabeergarden"", ""mambozombi""], ""likes"": 18764, ""comments"": 144, ""video_views"": 168107}}","{""meal_type_evidence"": {""embedding_label"": ""drinks"", ""embedding_similarity"": 0.255, ""baseline_label"": ""drinks"", ""baseline_confidence"": 0.95, ""override"": false, ""reason"": ""weak_embedding_match_keep_baseline""}, ""cuisine_evidence"": {""embedding_cuisines"": [], ""embedding_similarities"": {}, ""baseline_cuisines"": [], ""newly_detected"": [], ""removed"": [], ""reason"": ""no_strong_embedding_matches_keep_baseline""}, ""content_type_evidence"": {""embedding_label"": ""food_spot"", ""embedding_similarity"": 0.284, ""baseline_label"": ""food_spot"", ""baseline_confidence"": 0.95, ""override"": false, ""reason"": ""weak_embedding_match_keep_baseline""}}"
3353273423394488563,drinks,0.95,drinks,0.831,CONFIDENCE_UPDATED,-0.119,"{""meal_type"": ""drinks"", ""cuisines"": [""japanese""], ""content_type"": ""food_spot"", ""location"": {""name"": ""Painted Pickle"", ""slug"": ""painted-pickle""}, ""signals"": {""meal_evidence"": {""drinks"": [""cocktail"", ""cocktails"", ""alcohol"", ""bar"", ""drink"", ""drinks"", ""gin""]}, ""cuisine_evidence"": {""japanese"": [""sushi""]}, ""content_evidence"": {""food_spot"": [""location_present""]}}, ""metadata"": {""hashtags"": [""atlantafoodie"", ""atldatenight"", ""atleats"", ""atlpickleball"", ""thingstodoinatl""], ""mentions"": [""armouryards"", ""atllovesmo"", ""paintedpickleatl""], ""likes"": 11581, ""comments"": 116, ""video_views"": 134351}}","{""meal_type_evidence"": {""embedding_label"": ""drinks"", ""embedding_similarity"": 0.252, ""baseline_label"": ""drinks"", ""baseline_confidence"": 0.95, ""override"": false, ""reason"": ""weak_embedding_match_keep_baseline""}, ""cuisine_evidence"": {""embedding_cuisines"": [], ""embedding_similarities"": {}, ""baseline_cuisines"": [""japanese""], ""newly_detected"": [], ""removed"": [""japanese""], ""reason"": ""no_strong_embedding_matches_keep_baseline""}, ""content_type_evidence"": {""embedding_label"": ""food_spot"", ""embedding_similarity"": 0.284, ""baseline_label"": ""food_spot"", ""baseline_confidence"": 0.95, ""override"": false, ""reason"": ""weak_embedding_match_keep_baseline""}}"
3467144863030209110,event,0.95,event,0.831,CONFIDENCE_UPDATED,-0.119,"{""meal_type"": ""drinks"", ""cuisines"": [], ""content_type"": ""event"", ""location"": {""name"": ""Atlanta, Georgia"", ""slug"": ""atlanta-georgia""}, ""signals"": {""meal_evidence"": {""dinner"": [""date night""], ""drinks"": [""bar"", ""drink"", ""drinks"", ""vodka"", ""tequila""]}, ""cuisine_evidence"": {}, ""content_evidence"": {""event"": [""ticket""]}}, ""metadata"": {""hashtags"": [""atlblog"", ""atldatenight"", ""atlhalloween"", ""thingstodoinatlanta""], ""mentions"": [""atllovesmo"", ""hauntedundergroundatl"", ""underground_atlanta""], ""likes"": 8185, ""comments"": 101, ""video_views"": 55102}}","{""meal_type_evidence"": {""embedding_label"": ""drinks"", ""embedding_similarity"": 0.233, ""baseline_label"": ""drinks"", ""baseline_confidence"": 0.95, ""override"": false, ""reason"": ""weak_embedding_match_keep_baseline""}, ""cuisine_evidence"": {""embedding_cuisines"": [], ""embedding_similarities"": {}, ""baseline_cuisines"": [], ""newly_detected"": [], ""removed"": [], ""reason"": ""no_strong_embedding_matches_keep_baseline""}, ""content_type_evidence"": {""embedding_label"": ""activity"", ""embedding_similarity"": 0.33, ""baseline_label"": ""event"", ""baseline_confidence"": 0.95, ""override"": false, ""reason"": ""weak_embedding_match_keep_baseline""}}"
3373576263687378070,event,0.95,event,0.831,CONFIDENCE_UPDATED,-0.119,"{""meal_type"": ""drinks"", ""cuisines"": [], ""content_type"": ""event"", ""location"": {""name"": ""Atlanta, Georgia"", ""slug"": ""atlanta-georgia""}, ""signals"": {""meal_evidence"": {""drinks"": [""drink"", ""drinks"", ""gin"", ""rum""]}, ""cuisine_evidence"": {}, ""content_evidence"": {""event"": [""event"", ""live music""]}}, ""metadata"": {""hashtags"": [""atleats"", ""atlfoodie"", ""atllivemusic"", ""danceyourstyle"", ""thingstodoinatl""], ""mentions"": [""atlantabeltline"", ""atlantadrumacademy"", ""atlantafreedombands"", ""atlantawestend."", ""atllovesmo"", ""blacksheepensemble"", ""kebbiwilliams"", ""leeandwhite"", ""redbulldance"", ""redbullusa"", ""seedandfeed"", ""souljaboy"", ""underground_atlanta"", ""vahiporchfest."", ""virginiahighlanddistrict""], ""likes"": 6575, ""comments"": 88, ""video_views"": 44227}}","{""meal_type_evidence"": {""embedding_label"": ""snack"", ""embedding_similarity"": 0.194, ""baseline_label"": ""drinks"", ""baseline_confidence"": 0.95, ""override"": false, ""reason"": ""weak_embedding_match_keep_baseline""}, ""cuisine_evidence"": {""embedding_cuisines"": [], ""embedding_similarities"": {}, ""baseline_cuisines"": [], ""newly_detected"": [], ""removed"": [], ""reason"": ""no_strong_embedding_matches_keep_baseline""}, ""content_type_evidence"": {""embedding_label"": ""activity"", ""embedding_similarity"": 0.339, ""baseline_label"": ""event"", ""baseline_confidence"": 0.95, ""override"": false, ""reason"": ""weak_embedding_match_keep_baseline""}}"
3489546890163676680,drinks,0.95,drinks,0.831,CONFIDENCE_UPDATED,-0.119,"{""meal_type"": ""drinks"", ""cuisines"": [""american"", ""coffee_cafe""], ""content_type"": ""food_spot"", ""location"": {""name"": ""Atlanta, Georgia"", ""slug"": ""atlanta-georgia""}, ""signals"": {""meal_evidence"": {""brunch"": [""brunch""], ""lunch"": [""sandwich""], ""dinner"": [""date night""], ""drinks"": [""cocktail"", ""cocktails"", ""wine"", ""beer"", ""bar"", ""drink"", ""martini""], ""snack"": [""snack""]}, ""cuisine_evidence"": {""american"": [""burger""], ""coffee_cafe"": [""espresso""]}, ""content_evidence"": {""food_spot"": [""location_present""]}}, ""metadata"": {""hashtags"": [""atlblog"", ""atldatenight"", ""atleats"", ""atlfoodie""], ""mentions"": [""paintedparkatlanta""], ""likes"": 3802, ""comments"": 97, ""video_views"": 36779}}","{""meal_type_evidence"": {""embedding_label"": ""snack"", ""embedding_similarity"": 0.288, ""baseline_label"": ""drinks"", ""baseline_confidence"": 0.95, ""override"": false, ""reason"": ""weak_embedding_match_keep_baseline""}, ""cuisine_evidence"": {""embedding_cuisines"": [], ""embedding_similarities"": {}, ""baseline_cuisines"": [""american"", ""coffee_cafe""], ""newly_detected"": [], ""removed"": [""coffee_cafe"", ""american""], ""reason"": ""no_strong_embedding_matches_keep_baseline""}, ""content_type_evidence"": {""embedding_label"": ""activity"", ""embedding_similarity"": 0.44, ""baseline_label"": ""food_spot"", ""baseline_confidence"": 0.95, ""override"": false, ""reason"": ""embedding_disagrees_but_baseline_acceptable""}}"
3327914362465422202,event,0.95,event,0.831,CONFIDENCE_UPDATED,-0.119,"{""meal_type"": ""drinks"", ""cuisines"": [], ""content_type"": ""event"", ""location"": {""name"": ""Atlanta, Georgia"", ""slug"": ""atlanta-georgia""}, ""signals"": {""meal_evidence"": {""dinner"": [""date night""], ""drinks"": [""cocktail"", ""bar"", ""drink"", ""drinks"", ""gin""], ""snack"": [""snack""]}, ""cuisine_evidence"": {}, ""content_evidence"": {""event"": [""event"", ""market""]}}, ""metadata"": {""hashtags"": [""atlblog"", ""atleat"", ""atlevents"", ""atlfoodie"", ""atlutd"", ""broadwayatlanta""], ""mentions"": [""atllovesmo"", ""atlutd"", ""beetlejuicebway"", ""blameitonthealcohall"", ""chefsmarketatl"", ""fifa"", ""fifaworldcup"", ""mercedesbenzstadium"", ""prattpullmandistrict"", ""thefoxtheatre"", ""tickpick"", ""williamsonbrosbarbq""], ""likes"": 5960, ""comments"": 74, ""video_views"": 35798}}","{""meal_type_evidence"": {""embedding_label"": ""dinner"", ""embedding_similarity"": 0.228, ""baseline_label"": ""drinks"", ""baseline_confidence"": 0.95, ""override"": false, ""reason"": ""weak_embedding_match_keep_baseline""}, ""cuisine_evidence"": {""embedding_cuisines"": [], ""embedding_similarities"": {}, ""baseline_cuisines"": [], ""newly_detected"": [], ""removed"": [], ""reason"": ""no_strong_embedding_matches_keep_baseline""}, ""content_type_evidence"": {""embedding_label"": ""food_spot"", ""embedding_similarity"": 0.259, ""baseline_label"": ""event"", ""baseline_confidence"": 0.95, ""override"": false, ""reason"": ""weak_embedding_match_keep_baseline""}}"
3530386559700281697,drinks,0.95,drinks,0.831,CONFIDENCE_UPDATED,-0.119,"{""meal_type"": ""drinks"", ""cuisines"": [], ""content_type"": ""food_spot"", ""location"": {""name"": ""Smyrna, Georgia"", ""slug"": ""smyrna-georgia""}, ""signals"": {""meal_evidence"": {""dinner"": [""date night""], ""drinks"": [""cocktail"", ""margarita"", ""martini"", ""shot""]}, ""cuisine_evidence"": {}, ""content_evidence"": {""food_spot"": [""location_present""]}}, ""metadata"": {""hashtags"": [""atlblog"", ""atleats"", ""smyrnaga"", ""thingstodoinatlanta""], ""mentions"": [""atllovesmo"", ""propaganda.atl"", ""resy""], ""likes"": 2658, ""comments"": 82, ""video_views"": 28805}}","{""meal_type_evidence"": {""embedding_label"": ""dinner"", ""embedding_similarity"": 0.184, ""baseline_label"": ""drinks"", ""baseline_confidence"": 0.95, ""override"": false, ""reason"": ""weak_embedding_match_keep_baseline""}, ""cuisine_evidence"": {""embedding_cuisines"": [], ""embedding_similarities"": {}, ""baseline_cuisines"": [], ""newly_detected"": [], ""removed"": [], ""reason"": ""no_strong_embedding_matches_keep_baseline""}, ""content_type_evidence"": {""embedding_label"": ""event"", ""embedding_similarity"": 0.188, ""baseline_label"": ""food_spot"", ""baseline_confidence"": 0.95, ""override"": false, ""reason"": ""weak_embedding_match_keep_baseline""}}"
3730945879261168631,event,0.95,event,0.831,CONFIDENCE_UPDATED,-0.119,"{""meal_type"": ""drinks"", ""cuisines"": [""seafood"", ""bakery""], ""content_type"": ""event"", ""location"": {""name"": ""Atlanta, Georgia"", ""slug"": ""atlanta-georgia""}, ""signals"": {""meal_evidence"": {""lunch"": [""lunch""], ""drinks"": [""cocktail"", ""cocktails"", ""vodka"", ""tequila""]}, ""cuisine_evidence"": {""seafood"": [""oyster"", ""shrimp""], ""bakery"": [""bread""]}, ""content_evidence"": {""event"": [""pop-up"", ""ticket""]}}, ""metadata"": {""hashtags"": [""atlblog"", ""atlfoodie""], ""mentions"": [""lagardeatlanta""], ""likes"": 2652, ""comments"": 68, ""video_views"": 21011}}","{""meal_type_evidence"": {""embedding_label"": ""drinks"", ""embedding_similarity"": 0.291, ""baseline_label"": ""drinks"", ""baseline_confidence"": 0.95, ""override"": false, ""reason"": ""weak_embedding_match_keep_baseline""}, ""cuisine_evidence"": {""embedding_cuisines"": [], ""embedding_similarities"": {}, ""baseline_cuisines"": [""seafood"", ""bakery""], ""newly_detected"": [], ""removed"": [""seafood"", ""bakery""], ""reason"": ""no_strong_embedding_matches_keep_baseline""}, ""content_type_evidence"": {""embedding_label"": ""food_spot"", ""embedding_similarity"": 0.242, ""baseline_label"": ""event"", ""baseline_confidence"": 0.95, ""override"": false, ""reason"": ""weak_embedding_match_keep_baseline""}}"
3426525267911630513,drinks,0.95,drinks,0.831,CONFIDENCE_UPDATED,-0.119,"{""meal_type"": ""drinks"", ""cuisines"": [""seafood"", ""coffee_cafe""], ""content_type"": ""food_spot"", ""location"": {""name"": ""Atlanta, Georgia"", ""slug"": ""atlanta-georgia""}, ""signals"": {""meal_evidence"": {""lunch"": [""lunch"", ""sandwich""], ""drinks"": [""cocktail"", ""bar"", ""drink"", ""drinks"", ""gin""]}, ""cuisine_evidence"": {""seafood"": [""seafood"", ""oyster""], ""coffee_cafe"": [""latte""]}, ""content_evidence"": {""food_spot"": [""location_present""]}}, ""metadata"": {""hashtags"": [], ""mentions"": [""97estoria"", ""atlantabeltline"", ""breakerbreaker_atl."", ""dstrivia."", ""tinydoorsatl"", ""treesatlanta""], ""likes"": 2259, ""comments"": 99, ""video_views"": 17512}}","{""meal_type_evidence"": {""embedding_label"": ""snack"", ""embedding_similarity"": 0.274, ""baseline_label"": ""drinks"", ""baseline_confidence"": 0.95, ""override"": false, ""reason"": ""weak_embedding_match_keep_baseline""}, ""cuisine_evidence"": {""embedding_cuisines"": [], ""embedding_similarities"": {}, ""baseline_cuisines"": [""seafood"", ""coffee_cafe""], ""newly_detected"": [], ""removed"": [""coffee_cafe"", ""seafood""], ""reason"": ""no_strong_embedding_matches_keep_baseline""}, ""content_type_evidence"": {""embedding_label"": ""activity"", ""embedding_similarity"": 0.401, ""baseline_label"": ""food_spot"", ""baseline_confidence"": 0.95, ""override"": false, ""reason"": ""embedding_disagrees_but_baseline_acceptable""}}"
3687381031847209378,drinks,0.95,drinks,0.831,CONFIDENCE_UPDATED,-0.119,"{""meal_type"": ""drinks"", ""cuisines"": [], ""content_type"": ""food_spot"", ""location"": {""name"": ""Atlanta, Georgia"", ""slug"": ""atlanta-georgia""}, ""signals"": {""meal_evidence"": {""dinner"": [""dinner""], ""drinks"": [""bar"", ""drink"", ""margarita"", ""tequila""]}, ""cuisine_evidence"": {}, ""content_evidence"": {""food_spot"": [""location_present""]}}, ""metadata"": {""hashtags"": [""ad"", ""atlblog"", ""infatuationpartner"", ""thingstodoinatlanta""], ""mentions"": [""infatuation_atlanta"", ""madreselvaatl"", ""moonlightatlanta"", ""palosanto_atl""], ""likes"": 1579, ""comments"": 84, ""video_views"": 16083}}","{""meal_type_evidence"": {""embedding_label"": ""dinner"", ""embedding_similarity"": 0.298, ""baseline_label"": ""drinks"", ""baseline_confidence"": 0.95, ""override"": false, ""reason"": ""weak_embedding_match_keep_baseline""}, ""cuisine_evidence"": {""embedding_cuisines"": [], ""embedding_similarities"": {}, ""baseline_cuisines"": [], ""newly_detected"": [], ""removed"": [], ""reason"": ""no_strong_embedding_matches_keep_baseline""}, ""content_type_evidence"": {""embedding_label"": ""food_spot"", ""embedding_similarity"": 0.3, ""baseline_label"": ""food_spot"", ""baseline_confidence"": 0.95, ""override"": false, ""reason"": ""weak_embedding_match_keep_baseline""}}"
3350467599391361366,event,0.95,event,0.831,CONFIDENCE_UPDATED,-0.119,"{""meal_type"": ""drinks"", ""cuisines"": [""coffee_cafe""], ""content_type"": ""event"", ""location"": {""name"": ""Newnan, Georgia"", ""slug"": ""newnan-georgia""}, ""signals"": {""meal_evidence"": {""breakfast"": [""breakfast""], ""lunch"": [""lunch"", ""sandwich""], ""dinner"": [""dinner""], ""dessert"": [""ice cream""], ""drinks"": [""wine"", ""beer"", ""brewery"", ""bar"", ""drink"", ""drinks""]}, ""cuisine_evidence"": {""coffee_cafe"": [""coffee"", ""cafe""]}, ""content_evidence"": {""event"": [""market""]}}, ""metadata"": {""hashtags"": [""atlantadaytrip"", ""atleats"", ""atlfoodie"", ""explorenewnancoweta""], ""mentions"": [""atllovesmo"", ""bistrohilary"", ""explorenewnancoweta"", ""greenhousemercantile"", ""leafandbeannewnan"", ""linkandcharm"", ""meat_n_greet_newnan"", ""pearlandpinebeer"", ""rocksaltmilkbarofnewnan"", ""senoiacoffeecafe"", ""shopboldsoul"", ""theclassicmarket""], ""likes"": 1265, ""comments"": 96, ""video_views"": 15503}}","{""meal_type_evidence"": {""embedding_label"": ""snack"", ""embedding_similarity"": 0.263, ""baseline_label"": ""drinks"", ""baseline_confidence"": 0.95, ""override"": false, ""reason"": ""weak_embedding_match_keep_baseline""}, ""cuisine_evidence"": {""embedding_cuisines"": [], ""embedding_similarities"": {}, ""baseline_cuisines"": [""coffee_cafe""], ""newly_detected"": [], ""removed"": [""coffee_cafe""], ""reason"": ""no_strong_embedding_matches_keep_baseline""}, ""content_type_evidence"": {""embedding_label"": ""food_spot"", ""embedding_similarity"": 0.37, ""baseline_label"": ""event"", ""baseline_confidence"": 0.95, ""override"": false, ""reason"": ""embedding_disagrees_but_baseline_acceptable""}}"
3729054757421167963,event,0.95,event,0.831,CONFIDENCE_UPDATED,-0.119,"{""meal_type"": ""drinks"", ""cuisines"": [""american""], ""content_type"": ""event"", ""location"": {""name"": ""Atlanta, Georgia"", ""slug"": ""atlanta-georgia""}, ""signals"": {""meal_evidence"": {""dinner"": [""dinner""], ""dessert"": [""dessert""], ""drinks"": [""alcohol"", ""bar"", ""drink"", ""drinks""]}, ""cuisine_evidence"": {""american"": [""hot dog""]}, ""content_evidence"": {""event"": [""event"", ""ticket""]}}, ""metadata"": {""hashtags"": [""atlblog"", ""atleats"", ""atlfoodie""], ""mentions"": [""atlutd"", ""mercedesbenzstadium""], ""likes"": 781, ""comments"": 69, ""video_views"": 12278}}","{""meal_type_evidence"": {""embedding_label"": ""snack"", ""embedding_similarity"": 0.242, ""baseline_label"": ""drinks"", ""baseline_confidence"": 0.95, ""override"": false, ""reason"": ""weak_embedding_match_keep_baseline""}, ""cuisine_evidence"": {""embedding_cuisines"": [], ""embedding_similarities"": {}, ""baseline_cuisines"": [""american""], ""newly_detected"": [], ""removed"": [""american""], ""reason"": ""no_strong_embedding_matches_keep_baseline""}, ""content_type_evidence"": {""embedding_label"": ""food_spot"", ""embedding_similarity"": 0.312, ""baseline_label"": ""event"", ""baseline_confidence"": 0.95, ""override"": false, ""reason"": ""weak_embedding_match_keep_baseline""}}"
3409806936903129398,event,0.95,event,0.831,CONFIDENCE_UPDATED,-0.119,"{""meal_type"": ""drinks"", ""cuisines"": [], ""content_type"": ""event"", ""location"": {""name"": ""Atlanta, Georgia"", ""slug"": ""atlanta-georgia""}, ""signals"": {""meal_evidence"": {""dinner"": [""date night""], ""drinks"": [""cocktail"", ""cocktails"", ""alcohol"", ""mocktail"", ""drink"", ""drinks""], ""snack"": [""snack""]}, ""cuisine_evidence"": {}, ""content_evidence"": {""event"": [""live music"", ""ticket""]}}, ""metadata"": {""hashtags"": [""atlblog"", ""atlfoodie"", ""onlyzooatl"", ""thingstodoinatl""], ""mentions"": [""atllovesmo"", ""zooatl""], ""likes"": 1315, ""comments"": 65, ""video_views"": 11634}}","{""meal_type_evidence"": {""embedding_label"": ""dinner"", ""embedding_similarity"": 0.208, ""baseline_label"": ""drinks"", ""baseline_confidence"": 0.95, ""override"": false, ""reason"": ""weak_embedding_match_keep_baseline""}, ""cuisine_evidence"": {""embedding_cuisines"": [], ""embedding_similarities"": {}, ""baseline_cuisines"": [], ""newly_detected"": [], ""removed"": [], ""reason"": ""no_strong_embedding_matches_keep_baseline""}, ""content_type_evidence"": {""embedding_label"": ""activity"", ""embedding_similarity"": 0.284, ""baseline_label"": ""event"", ""baseline_confidence"": 0.95, ""override"": false, ""reason"": ""weak_embedding_match_keep_baseline""}}"
3556514124974024936,drinks,0.95,drinks,0.831,CONFIDENCE_UPDATED,-0.119,"{""meal_type"": ""drinks"", ""cuisines"": [], ""content_type"": ""food_spot"", ""location"": {""name"": ""Atlanta, Georgia"", ""slug"": ""atlanta-georgia""}, ""signals"": {""meal_evidence"": {""drinks"": [""drink"", ""drinks"", ""gin"", ""rum""]}, ""cuisine_evidence"": {}, ""content_evidence"": {""food_spot"": [""location_present""]}}, ""metadata"": {""hashtags"": [""atlblog"", ""atldatenight"", ""atlfoodie"", ""atlmusic"", ""thingstodoinatlanta""], ""mentions"": [""13cide"", ""aidanthomasanderson"", ""atlantacreativemedia"", ""atllovesmo"", ""calebcolossus"", ""creatingmemoriesbyelainellc"", ""dacotag"", ""dayummslim"", ""ecii_origins"", ""fitfolabs"", ""jordanjust"", ""kidkaioken"", ""oscarlee_230"", ""sir_corkrum"", ""taylormoonmusic"", ""tempestraquel_"", ""whokilledtilly"", ""wili_hendrixs""], ""likes"": 1354, ""comments"": 109, ""video_views"": 11282}}","{""meal_type_evidence"": {""embedding_label"": ""drinks"", ""embedding_similarity"": 0.134, ""baseline_label"": ""drinks"", ""baseline_confidence"": 0.95, ""override"": false, ""reason"": ""weak_embedding_match_keep_baseline""}, ""cuisine_evidence"": {""embedding_cuisines"": [], ""embedding_similarities"": {}, ""baseline_cuisines"": [], ""newly_detected"": [], ""removed"": [], ""reason"": ""no_strong_embedding_matches_keep_baseline""}, ""content_type_evidence"": {""embedding_label"": ""event"", ""embedding_similarity"": 0.327, ""baseline_label"": ""food_spot"", ""baseline_confidence"": 0.95, ""override"": false, ""reason"": ""weak_embedding_match_keep_baseline""}}"
3454011481069495521,event,0.95,event,0.831,CONFIDENCE_UPDATED,-0.119,"{""meal_type"": ""drinks"", ""cuisines"": [""coffee_cafe""], ""content_type"": ""event"", ""location"": {""name"": ""Atlanta, Georgia"", ""slug"": ""atlanta-georgia""}, ""signals"": {""meal_evidence"": {""drinks"": [""cocktail"", ""cocktails"", ""bar"", ""gin""], ""snack"": [""snack""]}, ""cuisine_evidence"": {""coffee_cafe"": [""cafe""]}, ""content_evidence"": {""event"": [""market"", ""live music""]}}, ""metadata"": {""hashtags"": [""wonderfulpistachiospartner""], ""mentions"": [""atlworldwidegallery"", ""burlesbar"", ""cat_eye_creative"", ""hotelclermont"", ""spillerpark"", ""wonderfulpistachios""], ""likes"": 399, ""comments"": 123, ""video_views"": 5055}}","{""meal_type_evidence"": {""embedding_label"": ""dessert"", ""embedding_similarity"": 0.246, ""baseline_label"": ""drinks"", ""baseline_confidence"": 0.95, ""override"": false, ""reason"": ""weak_embedding_match_keep_baseline""}, ""cuisine_evidence"": {""embedding_cuisines"": [], ""embedding_similarities"": {}, ""baseline_cuisines"": [""coffee_cafe""], ""newly_detected"": [], ""removed"": [""coffee_cafe""], ""reason"": ""no_strong_embedding_matches_keep_baseline""}, ""content_type_evidence"": {""embedding_label"": ""food_spot"", ""embedding_similarity"": 0.315, ""baseline_label"": ""event"", ""baseline_confidence"": 0.95, ""override"": false, ""reason"": ""weak_embedding_match_keep_baseline""}}"
3272859248869743515,event,0.95,event,0.831,CONFIDENCE_UPDATED,-0.119,"{""meal_type"": ""drinks"", ""cuisines"": [], ""content_type"": ""event"", ""location"": {""name"": ""Georgia World Congress Center"", ""slug"": ""georgia-world-congress-center""}, ""signals"": {""meal_evidence"": {""drinks"": [""cocktail"", ""drink"", ""drinks"", ""happy hour""]}, ""cuisine_evidence"": {}, ""content_evidence"": {""event"": [""event"", ""live music"", ""ticket""]}}, ""metadata"": {""hashtags"": [""ad"", ""atlboatshow"", ""atlboatshow24"", ""discoverboating"", ""seeyououthere"", ""thingstodoinatlanta""], ""mentions"": [""afranks3"", ""atlantaboatshow"", ""atllovesmo"", ""discoverboating"", ""gwcca_atl"", ""progressive"", ""thricegroove""], ""likes"": 236, ""comments"": 110, ""video_views"": 4010}}","{""meal_type_evidence"": {""embedding_label"": ""drinks"", ""embedding_similarity"": 0.243, ""baseline_label"": ""drinks"", ""baseline_confidence"": 0.95, ""override"": false, ""reason"": ""weak_embedding_match_keep_baseline""}, ""cuisine_evidence"": {""embedding_cuisines"": [], ""embedding_similarities"": {}, ""baseline_cuisines"": [], ""newly_detected"": [], ""removed"": [], ""reason"": ""no_strong_embedding_matches_keep_baseline""}, ""content_type_evidence"": {""embedding_label"": ""activity"", ""embedding_similarity"": 0.336, ""baseline_label"": ""event"", ""baseline_confidence"": 0.95, ""override"": false, ""reason"": ""weak_embedding_match_keep_baseline""}}"
3755048843038764825,event,0.8,event,0.68,CONFIDENCE_UPDATED,-0.12,"{""meal_type"": ""breakfast"", ""cuisines"": [], ""content_type"": ""event"", ""location"": {""name"": ""Atlanta, Georgia"", ""slug"": ""atlanta-georgia""}, ""signals"": {""meal_evidence"": {""breakfast"": [""bagel""], ""drinks"": [""drink""]}, ""cuisine_evidence"": {}, ""content_evidence"": {""event"": [""event"", ""market"", ""live music""]}}, ""metadata"": {""hashtags"": [""atlblog"", ""atlfoodie""], ""mentions"": [""atllovesmo"", ""cabbagetownusa"", ""chompandstomp""], ""likes"": 1475, ""comments"": 73, ""video_views"": 17233}}","{""meal_type_evidence"": {""embedding_label"": ""snack"", ""embedding_similarity"": 0.392, ""baseline_label"": ""breakfast"", ""baseline_confidence"": 0.8, ""override"": false, ""reason"": ""embedding_disagrees_but_baseline_sufficient""}, ""cuisine_evidence"": {""embedding_cuisines"": [""american"", ""mexican""], ""embedding_similarities"": {""american"": 0.42, ""mexican"": 0.408}, ""baseline_cuisines"": [], ""newly_detected"": [""mexican"", ""american""], ""removed"": [], ""reason"": ""embedding_refined_cuisine_list""}, ""content_type_evidence"": {""embedding_label"": ""food_spot"", ""embedding_similarity"": 0.462, ""baseline_label"": ""event"", ""baseline_confidence"": 0.8, ""override"": false, ""reason"": ""embedding_disagrees_but_baseline_acceptable""}}"
3357614994357076762,event,0.8,event,0.68,CONFIDENCE_UPDATED,-0.12,"{""meal_type"": ""dessert"", ""cuisines"": [""korean""], ""content_type"": ""event"", ""location"": {""name"": ""Alpharetta, Georgia"", ""slug"": ""alpharetta-georgia""}, ""signals"": {""meal_evidence"": {""dessert"": [""dessert""]}, ""cuisine_evidence"": {""korean"": [""korean"", ""bibimbap""]}, ""content_evidence"": {""event"": [""festival"", ""event"", ""ticket""]}}, ""metadata"": {""hashtags"": [""atleats"", ""atlfoodie"", ""awesomealpharetta"", ""tasteofalpharetta"", ""thingstodoinatl""], ""mentions"": [""awesomealpharetta"", ""foundationsocialeatery"", ""jangsujang.atl."", ""tasteofalpharetta""], ""likes"": 420, ""comments"": 93, ""video_views"": 7062}}","{""meal_type_evidence"": {""embedding_label"": ""dinner"", ""embedding_similarity"": 0.346, ""baseline_label"": ""dessert"", ""baseline_confidence"": 0.8, ""override"": false, ""reason"": ""embedding_disagrees_but_baseline_sufficient""}, ""cuisine_evidence"": {""embedding_cuisines"": [], ""embedding_similarities"": {}, ""baseline_cuisines"": [""korean""], ""newly_detected"": [], ""removed"": [""korean""], ""reason"": ""no_strong_embedding_matches_keep_baseline""}, ""content_type_evidence"": {""embedding_label"": ""food_spot"", ""embedding_similarity"": 0.477, ""baseline_label"": ""event"", ""baseline_confidence"": 0.8, ""override"": false, ""reason"": ""embedding_disagrees_but_baseline_acceptable""}}"
3310554927107814633,event,0.85,event,0.722,CONFIDENCE_UPDATED,-0.128,"{""meal_type"": ""drinks"", ""cuisines"": [""italian""], ""content_type"": ""event"", ""location"": {""name"": ""Atlanta, Georgia"", ""slug"": ""atlanta-georgia""}, ""signals"": {""meal_evidence"": {""dinner"": [""dinner"", ""date night""], ""drinks"": [""cocktail"", ""cocktails"", ""bar""]}, ""cuisine_evidence"": {""italian"": [""pizza""]}, ""content_evidence"": {""event"": [""event"", ""live music"", ""ticket""]}}, ""metadata"": {""hashtags"": [""atlantafoodie"", ""atlblog"", ""atleats"", ""thingstodoinatlanta""], ""mentions"": [""atllovesmo"", ""fernbankmuseum"", ""lloydspizzaparty"", ""pickyourleisure"", ""stereoatl"", ""thefriskywhiskeratl"", ""underground_atlanta""], ""likes"": 37593, ""comments"": 115, ""video_views"": 192473}}","{""meal_type_evidence"": {""embedding_label"": ""dinner"", ""embedding_similarity"": 0.311, ""baseline_label"": ""drinks"", ""baseline_confidence"": 0.85, ""override"": false, ""reason"": ""embedding_disagrees_but_baseline_sufficient""}, ""cuisine_evidence"": {""embedding_cuisines"": [], ""embedding_similarities"": {}, ""baseline_cuisines"": [""italian""], ""newly_detected"": [], ""removed"": [""italian""], ""reason"": ""no_strong_embedding_matches_keep_baseline""}, ""content_type_evidence"": {""embedding_label"": ""food_spot"", ""embedding_similarity"": 0.417, ""baseline_label"": ""event"", ""baseline_confidence"": 0.85, ""override"": false, ""reason"": ""embedding_disagrees_but_baseline_acceptable""}}"
3485911987744218038,dessert,0.85,dessert,0.722,CONFIDENCE_UPDATED,-0.128,"{""meal_type"": ""dessert"", ""cuisines"": [], ""content_type"": ""food_spot"", ""location"": {""name"": ""Atlanta, Georgia"", ""slug"": ""atlanta-georgia""}, ""signals"": {""meal_evidence"": {""dessert"": [""dessert"", ""cake"", ""cookie""]}, ""cuisine_evidence"": {}, ""content_evidence"": {""food_spot"": [""location_present""]}}, ""metadata"": {""hashtags"": [""birthdayswithedible"", ""ediblepartner""], ""mentions"": [""ediblearrangements""], ""likes"": 1685, ""comments"": 131, ""video_views"": 182856}}","{""meal_type_evidence"": {""embedding_label"": ""snack"", ""embedding_similarity"": 0.422, ""baseline_label"": ""dessert"", ""baseline_confidence"": 0.85, ""override"": false, ""reason"": ""embedding_disagrees_but_baseline_sufficient""}, ""cuisine_evidence"": {""embedding_cuisines"": [], ""embedding_similarities"": {}, ""baseline_cuisines"": [], ""newly_detected"": [], ""removed"": [], ""reason"": ""no_strong_embedding_matches_keep_baseline""}, ""content_type_evidence"": {""embedding_label"": ""food_spot"", ""embedding_similarity"": 0.299, ""baseline_label"": ""food_spot"", ""baseline_confidence"": 0.85, ""override"": false, ""reason"": ""weak_embedding_match_keep_baseline""}}"
3390246066565119106,event,0.85,event,0.722,CONFIDENCE_UPDATED,-0.128,"{""meal_type"": ""drinks"", ""cuisines"": [], ""content_type"": ""event"", ""location"": {""name"": ""Atlanta, Georgia"", ""slug"": ""atlanta-georgia""}, ""signals"": {""meal_evidence"": {""drinks"": [""cocktail"", ""drink"", ""drinks""]}, ""cuisine_evidence"": {}, ""content_evidence"": {""event"": [""event"", ""market""]}}, ""metadata"": {""hashtags"": [""atlantafood"", ""atleats"", ""atlfoodie"", ""atlmarket""], ""mentions"": [""atllovesmo"", ""blameitonthealcohall"", ""chefsmarketatl"", ""prattpullmandistrict""], ""likes"": 32308, ""comments"": 203, ""video_views"": 177669}}","{""meal_type_evidence"": {""embedding_label"": ""snack"", ""embedding_similarity"": 0.363, ""baseline_label"": ""drinks"", ""baseline_confidence"": 0.85, ""override"": false, ""reason"": ""embedding_disagrees_but_baseline_sufficient""}, ""cuisine_evidence"": {""embedding_cuisines"": [""american""], ""embedding_similarities"": {""american"": 0.403}, ""baseline_cuisines"": [], ""newly_detected"": [""american""], ""removed"": [], ""reason"": ""embedding_refined_cuisine_list""}, ""content_type_evidence"": {""embedding_label"": ""food_spot"", ""embedding_similarity"": 0.461, ""baseline_label"": ""event"", ""baseline_confidence"": 0.85, ""override"": false, ""reason"": ""embedding_disagrees_but_baseline_acceptable""}}"
3607183790624806562,event,0.85,event,0.722,CONFIDENCE_UPDATED,-0.128,"{""meal_type"": ""drinks"", ""cuisines"": [], ""content_type"": ""event"", ""location"": {""name"": ""Atlanta, Georgia"", ""slug"": ""atlanta-georgia""}, ""signals"": {""meal_evidence"": {""drinks"": [""cocktail"", ""drink"", ""drinks""]}, ""cuisine_evidence"": {}, ""content_evidence"": {""event"": [""event"", ""market""]}}, ""metadata"": {""hashtags"": [""atlantafood"", ""atleats"", ""atlfoodie"", ""atlmarket""], ""mentions"": [""atllovesmo"", ""blameitonthealcohall"", ""chefsmarketatl"", ""prattpullmandistrict""], ""likes"": 17731, ""comments"": 148, ""video_views"": 110738}}","{""meal_type_evidence"": {""embedding_label"": ""snack"", ""embedding_similarity"": 0.362, ""baseline_label"": ""drinks"", ""baseline_confidence"": 0.85, ""override"": false, ""reason"": ""embedding_disagrees_but_baseline_sufficient""}, ""cuisine_evidence"": {""embedding_cuisines"": [""american""], ""embedding_similarities"": {""american"": 0.401}, ""baseline_cuisines"": [], ""newly_detected"": [""american""], ""removed"": [], ""reason"": ""embedding_refined_cuisine_list""}, ""content_type_evidence"": {""embedding_label"": ""food_spot"", ""embedding_similarity"": 0.444, ""baseline_label"": ""event"", ""baseline_confidence"": 0.85, ""override"": false, ""reason"": ""embedding_disagrees_but_baseline_acceptable""}}"
3199606250660182545,event,0.85,event,0.722,CONFIDENCE_UPDATED,-0.128,"{""meal_type"": ""drinks"", ""cuisines"": [""mediterranean""], ""content_type"": ""event"", ""location"": {""name"": ""Star Metals Atlanta"", ""slug"": ""star-metals-atlanta""}, ""signals"": {""meal_evidence"": {""lunch"": [""sandwich""], ""dinner"": [""date night""], ""dessert"": [""ice cream"", ""cake""], ""drinks"": [""cocktail"", ""cocktails"", ""bar""]}, ""cuisine_evidence"": {""mediterranean"": [""shawarma"", ""hummus""]}, ""content_evidence"": {""event"": [""live music""]}}, ""metadata"": {""hashtags"": [""atldatenight"", ""atleats"", ""atlfoodie"", ""hosted""], ""mentions"": [""atllovesmo"", ""cookingwithashkan"", ""we.are.zenshi"", ""yalda.atl""], ""likes"": 5254, ""comments"": 109, ""video_views"": 63317}}","{""meal_type_evidence"": {""embedding_label"": ""dinner"", ""embedding_similarity"": 0.34, ""baseline_label"": ""drinks"", ""baseline_confidence"": 0.85, ""override"": false, ""reason"": ""embedding_disagrees_but_baseline_sufficient""}, ""cuisine_evidence"": {""embedding_cuisines"": [], ""embedding_similarities"": {}, ""baseline_cuisines"": [""mediterranean""], ""newly_detected"": [], ""removed"": [""mediterranean""], ""reason"": ""no_strong_embedding_matches_keep_baseline""}, ""content_type_evidence"": {""embedding_label"": ""food_spot"", ""embedding_similarity"": 0.398, ""baseline_label"": ""event"", ""baseline_confidence"": 0.85, ""override"": false, ""reason"": ""embedding_disagrees_but_baseline_acceptable""}}"
3155406671778132452,drinks,0.85,drinks,0.722,CONFIDENCE_UPDATED,-0.128,"{""meal_type"": ""drinks"", ""cuisines"": [], ""content_type"": ""mixed"", ""location"": {""name"": null, ""slug"": null}, ""signals"": {""meal_evidence"": {""brunch"": [""brunch""], ""drinks"": [""cocktail"", ""cocktails"", ""bar""]}, ""cuisine_evidence"": {}, ""content_evidence"": {}}, ""metadata"": {""hashtags"": [""atlantabrunch"", ""atlbrunch"", ""atlfoodie"", ""dirtyrascalbrunch"", ""hosted"", ""thingstodoinatlanta""], ""mentions"": [""atllovesmo"", ""dirtyrascalatl"", ""tesseraeatl."", ""thompsonbuckhead""], ""likes"": 5527, ""comments"": 79, ""video_views"": 58832}}","{""meal_type_evidence"": {""embedding_label"": ""dinner"", ""embedding_similarity"": 0.322, ""baseline_label"": ""drinks"", ""baseline_confidence"": 0.85, ""override"": false, ""reason"": ""embedding_disagrees_but_baseline_sufficient""}, ""cuisine_evidence"": {""embedding_cuisines"": [], ""embedding_similarities"": {}, ""baseline_cuisines"": [], ""newly_detected"": [], ""removed"": [], ""reason"": ""no_strong_embedding_matches_keep_baseline""}, ""content_type_evidence"": {""embedding_label"": ""food_spot"", ""embedding_similarity"": 0.312, ""baseline_label"": ""mixed"", ""baseline_confidence"": 0.85, ""override"": false, ""reason"": ""weak_embedding_match_keep_baseline""}}"
3574454842934402060,drinks,0.85,drinks,0.722,CONFIDENCE_UPDATED,-0.128,"{""meal_type"": ""drinks"", ""cuisines"": [""chinese""], ""content_type"": ""food_spot"", ""location"": {""name"": ""Atlanta, Georgia"", ""slug"": ""atlanta-georgia""}, ""signals"": {""meal_evidence"": {""drinks"": [""cocktail"", ""bar"", ""gin""]}, ""cuisine_evidence"": {""chinese"": [""dumpling""]}, ""content_evidence"": {""food_spot"": [""location_present""]}}, ""metadata"": {""hashtags"": [""atlblog"", ""atleats"", ""mariettaga"", ""thingstodoinatlanta""], ""mentions"": [""atllovesmo"", ""hampandharrys""], ""likes"": 13022, ""comments"": 128, ""video_views"": 55683}}","{""meal_type_evidence"": {""embedding_label"": ""dinner"", ""embedding_similarity"": 0.328, ""baseline_label"": ""drinks"", ""baseline_confidence"": 0.85, ""override"": false, ""reason"": ""embedding_disagrees_but_baseline_sufficient""}, ""cuisine_evidence"": {""embedding_cuisines"": [], ""embedding_similarities"": {}, ""baseline_cuisines"": [""chinese""], ""newly_detected"": [], ""removed"": [""chinese""], ""reason"": ""no_strong_embedding_matches_keep_baseline""}, ""content_type_evidence"": {""embedding_label"": ""food_spot"", ""embedding_similarity"": 0.305, ""baseline_label"": ""food_spot"", ""baseline_confidence"": 0.85, ""override"": false, ""reason"": ""weak_embedding_match_keep_baseline""}}"
3434449303190840517,drinks,0.85,drinks,0.722,CONFIDENCE_UPDATED,-0.128,"{""meal_type"": ""drinks"", ""cuisines"": [""mediterranean"", ""coffee_cafe""], ""content_type"": ""food_spot"", ""location"": {""name"": ""Atlanta, Georgia"", ""slug"": ""atlanta-georgia""}, ""signals"": {""meal_evidence"": {""brunch"": [""brunch""], ""lunch"": [""lunch""], ""drinks"": [""cocktail"", ""cocktails"", ""martini""]}, ""cuisine_evidence"": {""mediterranean"": [""mediterranean"", ""hummus""], ""coffee_cafe"": [""espresso""]}, ""content_evidence"": {""food_spot"": [""location_present""]}}, ""metadata"": {""hashtags"": [""atlantabrunch"", ""atlblog"", ""atlbrunch"", ""atleats"", ""atlfoodie""], ""mentions"": [""yalda.atl""], ""likes"": 4849, ""comments"": 108, ""video_views"": 52997}}","{""meal_type_evidence"": {""embedding_label"": ""brunch"", ""embedding_similarity"": 0.494, ""baseline_label"": ""drinks"", ""baseline_confidence"": 0.85, ""override"": false, ""reason"": ""embedding_disagrees_but_baseline_sufficient""}, ""cuisine_evidence"": {""embedding_cuisines"": [], ""embedding_similarities"": {}, ""baseline_cuisines"": [""mediterranean"", ""coffee_cafe""], ""newly_detected"": [], ""removed"": [""coffee_cafe"", ""mediterranean""], ""reason"": ""no_strong_embedding_matches_keep_baseline""}, ""content_type_evidence"": {""embedding_label"": ""food_spot"", ""embedding_similarity"": 0.335, ""baseline_label"": ""food_spot"", ""baseline_confidence"": 0.85, ""override"": false, ""reason"": ""weak_embedding_match_keep_baseline""}}"
3616350944276830584,drinks,0.85,drinks,0.722,CONFIDENCE_UPDATED,-0.128,"{""meal_type"": ""drinks"", ""cuisines"": [""mediterranean""], ""content_type"": ""food_spot"", ""location"": {""name"": ""Atlanta, Georgia"", ""slug"": ""atlanta-georgia""}, ""signals"": {""meal_evidence"": {""lunch"": [""sandwich""], ""drinks"": [""beer"", ""drink"", ""drinks""]}, ""cuisine_evidence"": {""mediterranean"": [""hummus""]}, ""content_evidence"": {""food_spot"": [""location_present""]}}, ""metadata"": {""hashtags"": [""atlblog"", ""atleats"", ""atlfoodie""], ""mentions"": [""atllovesmo"", ""eatclickrepeat_"", ""eatpsito"", ""halfwaycrooksbeer"", ""press.shop"", ""summerhill_atl""], ""likes"": 5173, ""comments"": 117, ""video_views"": 39411}}","{""meal_type_evidence"": {""embedding_label"": ""dinner"", ""embedding_similarity"": 0.322, ""baseline_label"": ""drinks"", ""baseline_confidence"": 0.85, ""override"": false, ""reason"": ""embedding_disagrees_but_baseline_sufficient""}, ""cuisine_evidence"": {""embedding_cuisines"": [], ""embedding_similarities"": {}, ""baseline_cuisines"": [""mediterranean""], ""newly_detected"": [], ""removed"": [""mediterranean""], ""reason"": ""no_strong_embedding_matches_keep_baseline""}, ""content_type_evidence"": {""embedding_label"": ""food_spot"", ""embedding_similarity"": 0.348, ""baseline_label"": ""food_spot"", ""baseline_confidence"": 0.85, ""override"": false, ""reason"": ""weak_embedding_match_keep_baseline""}}"
3565174642253448659,event,0.85,event,0.722,CONFIDENCE_UPDATED,-0.128,"{""meal_type"": ""drinks"", ""cuisines"": [""mexican"", ""italian""], ""content_type"": ""event"", ""location"": {""name"": ""Atlanta, Georgia"", ""slug"": ""atlanta-georgia""}, ""signals"": {""meal_evidence"": {""drinks"": [""margarita"", ""shot"", ""shots""]}, ""cuisine_evidence"": {""mexican"": [""taco"", ""birria""], ""italian"": [""pizza""]}, ""content_evidence"": {""event"": [""market""]}}, ""metadata"": {""hashtags"": [""atlblog"", ""atleats"", ""atlfoodie""], ""mentions"": [""atllovesmo"", ""rrealtacos""], ""likes"": 3612, ""comments"": 116, ""video_views"": 39343}}","{""meal_type_evidence"": {""embedding_label"": ""snack"", ""embedding_similarity"": 0.377, ""baseline_label"": ""drinks"", ""baseline_confidence"": 0.85, ""override"": false, ""reason"": ""embedding_disagrees_but_baseline_sufficient""}, ""cuisine_evidence"": {""embedding_cuisines"": [], ""embedding_similarities"": {}, ""baseline_cuisines"": [""mexican"", ""italian""], ""newly_detected"": [], ""removed"": [""mexican"", ""italian""], ""reason"": ""no_strong_embedding_matches_keep_baseline""}, ""content_type_evidence"": {""embedding_label"": ""food_spot"", ""embedding_similarity"": 0.395, ""baseline_label"": ""event"", ""baseline_confidence"": 0.85, ""override"": false, ""reason"": ""embedding_disagrees_but_baseline_acceptable""}}"
3432316800027886690,drinks,0.85,drinks,0.722,CONFIDENCE_UPDATED,-0.128,"{""meal_type"": ""drinks"", ""cuisines"": [""seafood""], ""content_type"": ""food_spot"", ""location"": {""name"": ""Atlanta, Georgia"", ""slug"": ""atlanta-georgia""}, ""signals"": {""meal_evidence"": {""breakfast"": [""eggs""], ""dinner"": [""date night""], ""drinks"": [""cocktail"", ""cocktails"", ""bar""]}, ""cuisine_evidence"": {""seafood"": [""lobster""]}, ""content_evidence"": {""food_spot"": [""location_present""]}}, ""metadata"": {""hashtags"": [], ""mentions"": [""atlantabeltline"", ""barpremioatlanta"", ""elektraatl"", ""forthatlanta."", ""moonlightatlanta"", ""resy.""], ""likes"": 4423, ""comments"": 89, ""video_views"": 31611}}","{""meal_type_evidence"": {""embedding_label"": ""dinner"", ""embedding_similarity"": 0.367, ""baseline_label"": ""drinks"", ""baseline_confidence"": 0.85, ""override"": false, ""reason"": ""embedding_disagrees_but_baseline_sufficient""}, ""cuisine_evidence"": {""embedding_cuisines"": [], ""embedding_similarities"": {}, ""baseline_cuisines"": [""seafood""], ""newly_detected"": [], ""removed"": [""seafood""], ""reason"": ""no_strong_embedding_matches_keep_baseline""}, ""content_type_evidence"": {""embedding_label"": ""food_spot"", ""embedding_similarity"": 0.29, ""baseline_label"": ""food_spot"", ""baseline_confidence"": 0.85, ""override"": false, ""reason"": ""weak_embedding_match_keep_baseline""}}"
3606492325292646320,drinks,0.85,drinks,0.722,CONFIDENCE_UPDATED,-0.128,"{""meal_type"": ""drinks"", ""cuisines"": [""mediterranean"", ""coffee_cafe""], ""content_type"": ""food_spot"", ""location"": {""name"": ""Atlanta, Georgia"", ""slug"": ""atlanta-georgia""}, ""signals"": {""meal_evidence"": {""dessert"": [""cake""], ""drinks"": [""cocktail"", ""martini"", ""rum""]}, ""cuisine_evidence"": {""mediterranean"": [""mediterranean"", ""falafel"", ""hummus""], ""coffee_cafe"": [""coffee"", ""espresso""]}, ""content_evidence"": {""food_spot"": [""location_present""]}}, ""metadata"": {""hashtags"": [""atleats"", ""atlfoodie"", ""bufordhwyfinds"", ""chambleega""], ""mentions"": [""atllovesmo"", ""layalyofficial""], ""likes"": 2198, ""comments"": 84, ""video_views"": 23622}}","{""meal_type_evidence"": {""embedding_label"": ""dinner"", ""embedding_similarity"": 0.418, ""baseline_label"": ""drinks"", ""baseline_confidence"": 0.85, ""override"": false, ""reason"": ""embedding_disagrees_but_baseline_sufficient""}, ""cuisine_evidence"": {""embedding_cuisines"": [""mediterranean""], ""embedding_similarities"": {""mediterranean"": 0.459}, ""baseline_cuisines"": [""mediterranean"", ""coffee_cafe""], ""newly_detected"": [], ""removed"": [""coffee_cafe""], ""reason"": ""embedding_refined_cuisine_list""}, ""content_type_evidence"": {""embedding_label"": ""food_spot"", ""embedding_similarity"": 0.343, ""baseline_label"": ""food_spot"", ""baseline_confidence"": 0.85, ""override"": false, ""reason"": ""weak_embedding_match_keep_baseline""}}"
3266322718462302970,dessert,0.85,dessert,0.722,CONFIDENCE_UPDATED,-0.128,"{""meal_type"": ""dessert"", ""cuisines"": [""japanese""], ""content_type"": ""food_spot"", ""location"": {""name"": ""5Church Midtown"", ""slug"": ""5church-midtown""}, ""signals"": {""meal_evidence"": {""dinner"": [""dinner"", ""date night""], ""dessert"": [""dessert"", ""cake"", ""cookie""], ""drinks"": [""cocktail"", ""bar"", ""gin""]}, ""cuisine_evidence"": {""japanese"": [""sushi""]}, ""content_evidence"": {""food_spot"": [""location_present""]}}, ""metadata"": {""hashtags"": [""atlanta"", ""atldatenight"", ""atleats"", ""atlfoodie""], ""mentions"": [""5churchatlanta"", ""atllovesmo"", ""colonysquareatl""], ""likes"": 2393, ""comments"": 45, ""video_views"": 23302}}","{""meal_type_evidence"": {""embedding_label"": ""snack"", ""embedding_similarity"": 0.379, ""baseline_label"": ""dessert"", ""baseline_confidence"": 0.85, ""override"": false, ""reason"": ""embedding_disagrees_but_baseline_sufficient""}, ""cuisine_evidence"": {""embedding_cuisines"": [], ""embedding_similarities"": {}, ""baseline_cuisines"": [""japanese""], ""newly_detected"": [], ""removed"": [""japanese""], ""reason"": ""no_strong_embedding_matches_keep_baseline""}, ""content_type_evidence"": {""embedding_label"": ""food_spot"", ""embedding_similarity"": 0.267, ""baseline_label"": ""food_spot"", ""baseline_confidence"": 0.85, ""override"": false, ""reason"": ""weak_embedding_match_keep_baseline""}}"
3693179877395405397,event,0.85,event,0.722,CONFIDENCE_UPDATED,-0.128,"{""meal_type"": ""drinks"", ""cuisines"": [], ""content_type"": ""event"", ""location"": {""name"": ""Atlanta, Georgia"", ""slug"": ""atlanta-georgia""}, ""signals"": {""meal_evidence"": {""drinks"": [""cocktail"", ""cocktails"", ""wine""]}, ""cuisine_evidence"": {}, ""content_evidence"": {""event"": [""festival"", ""ticket""]}}, ""metadata"": {""hashtags"": [""atlblog"", ""atlfoodandwinefest"", ""thingstodoinatlanta""], ""mentions"": [""atlfoodandwine"", ""atllovesmo"", ""homedepot""], ""likes"": 2717, ""comments"": 1854, ""video_views"": 22496}}","{""meal_type_evidence"": {""embedding_label"": ""snack"", ""embedding_similarity"": 0.419, ""baseline_label"": ""drinks"", ""baseline_confidence"": 0.85, ""override"": false, ""reason"": ""embedding_disagrees_but_baseline_sufficient""}, ""cuisine_evidence"": {""embedding_cuisines"": [], ""embedding_similarities"": {}, ""baseline_cuisines"": [], ""newly_detected"": [], ""removed"": [], ""reason"": ""no_strong_embedding_matches_keep_baseline""}, ""content_type_evidence"": {""embedding_label"": ""food_spot"", ""embedding_similarity"": 0.486, ""baseline_label"": ""event"", ""baseline_confidence"": 0.85, ""override"": false, ""reason"": ""embedding_disagrees_but_baseline_acceptable""}}"
3465608018631543426,drinks,0.85,drinks,0.722,CONFIDENCE_UPDATED,-0.128,"{""meal_type"": ""drinks"", ""cuisines"": [""japanese"", ""vegan"", ""coffee_cafe""], ""content_type"": ""food_spot"", ""location"": {""name"": ""Atlanta, Georgia"", ""slug"": ""atlanta-georgia""}, ""signals"": {""meal_evidence"": {""dinner"": [""date night""], ""drinks"": [""cocktail"", ""cocktails"", ""happy hour""]}, ""cuisine_evidence"": {""japanese"": [""sushi""], ""vegan"": [""vegan""], ""coffee_cafe"": [""espresso""]}, ""content_evidence"": {""food_spot"": [""location_present""]}}, ""metadata"": {""hashtags"": [], ""mentions"": [""buckheadvillagedistrict"", ""planta""], ""likes"": 1606, ""comments"": 62, ""video_views"": 22233}}","{""meal_type_evidence"": {""embedding_label"": ""dinner"", ""embedding_similarity"": 0.47, ""baseline_label"": ""drinks"", ""baseline_confidence"": 0.85, ""override"": false, ""reason"": ""embedding_disagrees_but_baseline_sufficient""}, ""cuisine_evidence"": {""embedding_cuisines"": [], ""embedding_similarities"": {}, ""baseline_cuisines"": [""japanese"", ""vegan"", ""coffee_cafe""], ""newly_detected"": [], ""removed"": [""coffee_cafe"", ""japanese"", ""vegan""], ""reason"": ""no_strong_embedding_matches_keep_baseline""}, ""content_type_evidence"": {""embedding_label"": ""food_spot"", ""embedding_similarity"": 0.317, ""baseline_label"": ""food_spot"", ""baseline_confidence"": 0.85, ""override"": false, ""reason"": ""weak_embedding_match_keep_baseline""}}"
3438066252596486940,event,0.85,event,0.722,CONFIDENCE_UPDATED,-0.128,"{""meal_type"": ""drinks"", ""cuisines"": [""american"", ""japanese"", ""indian""], ""content_type"": ""event"", ""location"": {""name"": ""Atlanta, Georgia"", ""slug"": ""atlanta-georgia""}, ""signals"": {""meal_evidence"": {""dinner"": [""dinner""], ""drinks"": [""cocktail"", ""cocktails"", ""gin""], ""snack"": [""street food""]}, ""cuisine_evidence"": {""american"": [""burger"", ""southern""], ""japanese"": [""japanese""], ""indian"": [""curry""]}, ""content_evidence"": {""event"": [""market"", ""pop-up""]}}, ""metadata"": {""hashtags"": [], ""mentions"": [""brickandmortaratlanta"", ""prattpullmandistrict""], ""likes"": 1496, ""comments"": 51, ""video_views"": 19382}}","{""meal_type_evidence"": {""embedding_label"": ""snack"", ""embedding_similarity"": 0.423, ""baseline_label"": ""drinks"", ""baseline_confidence"": 0.85, ""override"": false, ""reason"": ""embedding_disagrees_but_baseline_sufficient""}, ""cuisine_evidence"": {""embedding_cuisines"": [], ""embedding_similarities"": {}, ""baseline_cuisines"": [""american"", ""japanese"", ""indian""], ""newly_detected"": [], ""removed"": [""japanese"", ""american"", ""indian""], ""reason"": ""no_strong_embedding_matches_keep_baseline""}, ""content_type_evidence"": {""embedding_label"": ""food_spot"", ""embedding_similarity"": 0.444, ""baseline_label"": ""event"", ""baseline_confidence"": 0.85, ""override"": false, ""reason"": ""embedding_disagrees_but_baseline_acceptable""}}"
3294619633347901743,event,0.85,event,0.722,CONFIDENCE_UPDATED,-0.128,"{""meal_type"": ""drinks"", ""cuisines"": [""seafood""], ""content_type"": ""event"", ""location"": {""name"": ""Steak Market"", ""slug"": ""steak-market""}, ""signals"": {""meal_evidence"": {""drinks"": [""cocktail"", ""cocktails"", ""martini""]}, ""cuisine_evidence"": {""seafood"": [""lobster"", ""crab""]}, ""content_evidence"": {""event"": [""market""]}}, ""metadata"": {""hashtags"": [""atlantaeats"", ""atlcocktails"", ""atlfoodie"", ""atlsteakhouse""], ""mentions"": [""atllovesmo"", ""steakmarketatl""], ""likes"": 1326, ""comments"": 121, ""video_views"": 16304}}","{""meal_type_evidence"": {""embedding_label"": ""dinner"", ""embedding_similarity"": 0.455, ""baseline_label"": ""drinks"", ""baseline_confidence"": 0.85, ""override"": false, ""reason"": ""embedding_disagrees_but_baseline_sufficient""}, ""cuisine_evidence"": {""embedding_cuisines"": [], ""embedding_similarities"": {}, ""baseline_cuisines"": [""seafood""], ""newly_detected"": [], ""removed"": [""seafood""], ""reason"": ""no_strong_embedding_matches_keep_baseline""}, ""content_type_evidence"": {""embedding_label"": ""food_spot"", ""embedding_similarity"": 0.391, ""baseline_label"": ""event"", ""baseline_confidence"": 0.85, ""override"": false, ""reason"": ""embedding_disagrees_but_baseline_acceptable""}}"
3840597207318366650,drinks,0.85,drinks,0.722,CONFIDENCE_UPDATED,-0.128,"{""meal_type"": ""drinks"", ""cuisines"": [], ""content_type"": ""food_spot"", ""location"": {""name"": ""Atlanta, Georgia"", ""slug"": ""atlanta-georgia""}, ""signals"": {""meal_evidence"": {""dinner"": [""dinner"", ""date night""], ""drinks"": [""cocktail"", ""cocktails"", ""bar""]}, ""cuisine_evidence"": {}, ""content_evidence"": {""food_spot"": [""location_present""]}}, ""metadata"": {""hashtags"": [], ""mentions"": [""atllovesmo"", ""bansheelatenight"", ""gaja_eav"", ""sfseav""], ""likes"": 1503, ""comments"": 69, ""video_views"": 14111}}","{""meal_type_evidence"": {""embedding_label"": ""dinner"", ""embedding_similarity"": 0.408, ""baseline_label"": ""drinks"", ""baseline_confidence"": 0.85, ""override"": false, ""reason"": ""embedding_disagrees_but_baseline_sufficient""}, ""cuisine_evidence"": {""embedding_cuisines"": [], ""embedding_similarities"": {}, ""baseline_cuisines"": [], ""newly_detected"": [], ""removed"": [], ""reason"": ""no_strong_embedding_matches_keep_baseline""}, ""content_type_evidence"": {""embedding_label"": ""food_spot"", ""embedding_similarity"": 0.343, ""baseline_label"": ""food_spot"", ""baseline_confidence"": 0.85, ""override"": false, ""reason"": ""weak_embedding_match_keep_baseline""}}"
3613025372875828939,drinks,0.85,drinks,0.722,CONFIDENCE_UPDATED,-0.128,"{""meal_type"": ""drinks"", ""cuisines"": [""japanese"", ""seafood""], ""content_type"": ""food_spot"", ""location"": {""name"": ""Atlanta, Georgia"", ""slug"": ""atlanta-georgia""}, ""signals"": {""meal_evidence"": {""dinner"": [""date night""], ""drinks"": [""cocktail"", ""cocktails"", ""martini""]}, ""cuisine_evidence"": {""japanese"": [""sushi"", ""omakase"", ""izakaya""], ""seafood"": [""fish""]}, ""content_evidence"": {""food_spot"": [""location_present""]}}, ""metadata"": {""hashtags"": [""atlblog"", ""atleats"", ""atlfoodie""], ""mentions"": [""atllovesmo"", ""norifishsushiizakaya"", ""okiboru_atl.""], ""likes"": 1232, ""comments"": 53, ""video_views"": 10962}}","{""meal_type_evidence"": {""embedding_label"": ""snack"", ""embedding_similarity"": 0.322, ""baseline_label"": ""drinks"", ""baseline_confidence"": 0.85, ""override"": false, ""reason"": ""embedding_disagrees_but_baseline_sufficient""}, ""cuisine_evidence"": {""embedding_cuisines"": [], ""embedding_similarities"": {}, ""baseline_cuisines"": [""japanese"", ""seafood""], ""newly_detected"": [], ""removed"": [""japanese"", ""seafood""], ""reason"": ""no_strong_embedding_matches_keep_baseline""}, ""content_type_evidence"": {""embedding_label"": ""food_spot"", ""embedding_similarity"": 0.315, ""baseline_label"": ""food_spot"", ""baseline_confidence"": 0.85, ""override"": false, ""reason"": ""weak_embedding_match_keep_baseline""}}"
3382996461729106527,drinks,0.85,drinks,0.722,CONFIDENCE_UPDATED,-0.128,"{""meal_type"": ""drinks"", ""cuisines"": [""mexican""], ""content_type"": ""food_spot"", ""location"": {""name"": ""Pata Negra Mezcaleria"", ""slug"": ""pata-negra-mezcaleria""}, ""signals"": {""meal_evidence"": {""dessert"": [""dessert"", ""ice cream""], ""drinks"": [""cocktail"", ""cocktails"", ""spirits""]}, ""cuisine_evidence"": {""mexican"": [""mexican""]}, ""content_evidence"": {""food_spot"": [""location_present""]}}, ""metadata"": {""hashtags"": [""atlantafood"", ""atlblog"", ""atleats"", ""atlfoodie""], ""mentions"": [""atllovesmo"", ""patanegraatl""], ""likes"": 780, ""comments"": 120, ""video_views"": 9611}}","{""meal_type_evidence"": {""embedding_label"": ""snack"", ""embedding_similarity"": 0.315, ""baseline_label"": ""drinks"", ""baseline_confidence"": 0.85, ""override"": false, ""reason"": ""embedding_disagrees_but_baseline_sufficient""}, ""cuisine_evidence"": {""embedding_cuisines"": [""mexican""], ""embedding_similarities"": {""mexican"": 0.506}, ""baseline_cuisines"": [""mexican""], ""newly_detected"": [], ""removed"": [], ""reason"": ""embedding_confirms_baseline""}, ""content_type_evidence"": {""embedding_label"": ""food_spot"", ""embedding_similarity"": 0.246, ""baseline_label"": ""food_spot"", ""baseline_confidence"": 0.85, ""override"": false, ""reason"": ""weak_embedding_match_keep_baseline""}}"
3264897786423298507,event,0.85,event,0.722,CONFIDENCE_UPDATED,-0.128,"{""meal_type"": ""drinks"", ""cuisines"": [""japanese"", ""seafood""], ""content_type"": ""event"", ""location"": {""name"": ""Atlanta, Georgia"", ""slug"": ""atlanta-georgia""}, ""signals"": {""meal_evidence"": {""dessert"": [""dessert""], ""drinks"": [""cocktail"", ""drink"", ""gin""]}, ""cuisine_evidence"": {""japanese"": [""omakase""], ""seafood"": [""crab"", ""fish""]}, ""content_evidence"": {""event"": [""seasonal""]}}, ""metadata"": {""hashtags"": [""atlantafoodie"", ""atlantaomakase"", ""atleats"", ""atlomakase"", ""michelinstar"", ""omakase""], ""mentions"": [""atllovesmo"", ""mujoatl"", ""resy""], ""likes"": 466, ""comments"": 65, ""video_views"": 8252}}","{""meal_type_evidence"": {""embedding_label"": ""dinner"", ""embedding_similarity"": 0.374, ""baseline_label"": ""drinks"", ""baseline_confidence"": 0.85, ""override"": false, ""reason"": ""embedding_disagrees_but_baseline_sufficient""}, ""cuisine_evidence"": {""embedding_cuisines"": [], ""embedding_similarities"": {}, ""baseline_cuisines"": [""japanese"", ""seafood""], ""newly_detected"": [], ""removed"": [""japanese"", ""seafood""], ""reason"": ""no_strong_embedding_matches_keep_baseline""}, ""content_type_evidence"": {""embedding_label"": ""food_spot"", ""embedding_similarity"": 0.383, ""baseline_label"": ""event"", ""baseline_confidence"": 0.85, ""override"": false, ""reason"": ""embedding_disagrees_but_baseline_acceptable""}}"
3649298069200990703,drinks,0.85,drinks,0.722,CONFIDENCE_UPDATED,-0.128,"{""meal_type"": ""drinks"", ""cuisines"": [], ""content_type"": ""food_spot"", ""location"": {""name"": ""Atlanta, Georgia"", ""slug"": ""atlanta-georgia""}, ""signals"": {""meal_evidence"": {""lunch"": [""lunch""], ""drinks"": [""cocktail"", ""drink"", ""drinks""]}, ""cuisine_evidence"": {}, ""content_evidence"": {""food_spot"": [""location_present""]}}, ""metadata"": {""hashtags"": [""atlantafoodie"", ""atlblog"", ""atlfoodie"", ""thingstodoinatlanta""], ""mentions"": [""97estoria""], ""likes"": 1787, ""comments"": 44, ""video_views"": 669}}","{""meal_type_evidence"": {""embedding_label"": ""snack"", ""embedding_similarity"": 0.336, ""baseline_label"": ""drinks"", ""baseline_confidence"": 0.85, ""override"": false, ""reason"": ""embedding_disagrees_but_baseline_sufficient""}, ""cuisine_evidence"": {""embedding_cuisines"": [], ""embedding_similarities"": {}, ""baseline_cuisines"": [], ""newly_detected"": [], ""removed"": [], ""reason"": ""no_strong_embedding_matches_keep_baseline""}, ""content_type_evidence"": {""embedding_label"": ""activity"", ""embedding_similarity"": 0.298, ""baseline_label"": ""food_spot"", ""baseline_confidence"": 0.85, ""override"": false, ""reason"": ""weak_embedding_match_keep_baseline""}}"
3647783870478146567,drinks,0.85,drinks,0.722,CONFIDENCE_UPDATED,-0.128,"{""meal_type"": ""drinks"", ""cuisines"": [""american"", ""seafood"", ""bbq"", ""coffee_cafe""], ""content_type"": ""food_spot"", ""location"": {""name"": ""Atlanta, Georgia"", ""slug"": ""atlanta-georgia""}, ""signals"": {""meal_evidence"": {""brunch"": [""brunch""], ""lunch"": [""lunch""], ""dessert"": [""donut""], ""drinks"": [""cocktail"", ""drink"", ""drinks""]}, ""cuisine_evidence"": {""american"": [""burger"", ""fried chicken""], ""seafood"": [""lobster"", ""shrimp"", ""fish""], ""bbq"": [""smoked""], ""coffee_cafe"": [""coffee""]}, ""content_evidence"": {""food_spot"": [""location_present""]}}, ""metadata"": {""hashtags"": [""atlantaeats"", ""atlblog"", ""atleats"", ""atlfoodie""], ""mentions"": [""atllovesmo"", ""beetlecatatl""], ""likes"": 1652, ""comments"": 98, ""video_views"": 396}}","{""meal_type_evidence"": {""embedding_label"": ""snack"", ""embedding_similarity"": 0.321, ""baseline_label"": ""drinks"", ""baseline_confidence"": 0.85, ""override"": false, ""reason"": ""embedding_disagrees_but_baseline_sufficient""}, ""cuisine_evidence"": {""embedding_cuisines"": [""american""], ""embedding_similarities"": {""american"": 0.413}, ""baseline_cuisines"": [""american"", ""seafood"", ""bbq"", ""coffee_cafe""], ""newly_detected"": [], ""removed"": [""bbq"", ""coffee_cafe"", ""seafood""], ""reason"": ""embedding_refined_cuisine_list""}, ""content_type_evidence"": {""embedding_label"": ""food_spot"", ""embedding_similarity"": 0.342, ""baseline_label"": ""food_spot"", ""baseline_confidence"": 0.85, ""override"": false, ""reason"": ""weak_embedding_match_keep_baseline""}}"
3241691627386450997,event,0.75,event,0.613,CONFIDENCE_UPDATED,-0.137,"{""meal_type"": ""drinks"", ""cuisines"": [], ""content_type"": ""event"", ""location"": {""name"": ""Roaring Social Alpharetta"", ""slug"": ""roaring-social-alpharetta""}, ""signals"": {""meal_evidence"": {""drinks"": [""drink"", ""drinks""]}, ""cuisine_evidence"": {}, ""content_evidence"": {""event"": [""live music""]}}, ""metadata"": {""hashtags"": [""alpharetta"", ""atldrinks"", ""atleats"", ""thingstodoinatlanta""], ""mentions"": [""alphacitycenter"", ""atllovesmo"", ""roaring.social""], ""likes"": 21265, ""comments"": 244, ""video_views"": 218657}}","{""meal_type_evidence"": {""embedding_label"": ""drinks"", ""embedding_similarity"": 0.231, ""baseline_label"": ""drinks"", ""baseline_confidence"": 0.7, ""override"": false, ""reason"": ""weak_embedding_match_keep_baseline""}, ""cuisine_evidence"": {""embedding_cuisines"": [], ""embedding_similarities"": {}, ""baseline_cuisines"": [], ""newly_detected"": [], ""removed"": [], ""reason"": ""no_strong_embedding_matches_keep_baseline""}, ""content_type_evidence"": {""embedding_label"": ""food_spot"", ""embedding_similarity"": 0.383, ""baseline_label"": ""event"", ""baseline_confidence"": 0.7, ""override"": false, ""reason"": ""embedding_disagrees_but_baseline_acceptable""}}"
3469969775537407719,drinks,0.95,drinks,0.807,CONFIDENCE_UPDATED,-0.143,"{""meal_type"": ""drinks"", ""cuisines"": [""mexican""], ""content_type"": ""food_spot"", ""location"": {""name"": ""Atlanta, Georgia"", ""slug"": ""atlanta-georgia""}, ""signals"": {""meal_evidence"": {""dinner"": [""date night""], ""drinks"": [""cocktail"", ""cocktails"", ""bar"", ""tequila"", ""shot"", ""shots""]}, ""cuisine_evidence"": {""mexican"": [""taco"", ""birria""]}, ""content_evidence"": {""food_spot"": [""location_present""]}}, ""metadata"": {""hashtags"": [""atlblog"", ""atldatenight"", ""atleats"", ""atlfoodie"", ""rrealtacos""], ""mentions"": [""rrealtacos""], ""likes"": 24869, ""comments"": 182, ""video_views"": 165144}}","{""meal_type_evidence"": {""embedding_label"": ""snack"", ""embedding_similarity"": 0.35, ""baseline_label"": ""drinks"", ""baseline_confidence"": 0.95, ""override"": false, ""reason"": ""embedding_disagrees_but_baseline_sufficient""}, ""cuisine_evidence"": {""embedding_cuisines"": [], ""embedding_similarities"": {}, ""baseline_cuisines"": [""mexican""], ""newly_detected"": [], ""removed"": [""mexican""], ""reason"": ""no_strong_embedding_matches_keep_baseline""}, ""content_type_evidence"": {""embedding_label"": ""food_spot"", ""embedding_similarity"": 0.291, ""baseline_label"": ""food_spot"", ""baseline_confidence"": 0.95, ""override"": false, ""reason"": ""weak_embedding_match_keep_baseline""}}"
3261250695943945376,event,0.95,event,0.807,CONFIDENCE_UPDATED,-0.143,"{""meal_type"": ""drinks"", ""cuisines"": [""italian"", ""coffee_cafe""], ""content_type"": ""event"", ""location"": {""name"": ""Atlanta, Georgia"", ""slug"": ""atlanta-georgia""}, ""signals"": {""meal_evidence"": {""breakfast"": [""breakfast""], ""brunch"": [""brunch""], ""dinner"": [""date night""], ""dessert"": [""donut""], ""drinks"": [""cocktail"", ""cocktails"", ""bar"", ""drink"", ""drinks""]}, ""cuisine_evidence"": {""italian"": [""pasta"", ""pizza""], ""coffee_cafe"": [""coffee""]}, ""content_evidence"": {""event"": [""event"", ""ticket""]}}, ""metadata"": {""hashtags"": [""atlcats"", ""atldatenight"", ""atlfoodie"", ""cats"", ""feverambassador"", ""thingstodoinatlanta""], ""mentions"": [""atllovesmo"", ""blameitonthealcohall"", ""dineanddesign_atl"", ""fever_us"", ""no246atlanta"", ""piedmontpark."", ""prattpullmandistrict"", ""starwars"", ""theempirestripsback"", ""thefriskywhiskeratl"", ""underground_atlanta"", ""visitdecaturga""], ""likes"": 21443, ""comments"": 121, ""video_views"": 136053}}","{""meal_type_evidence"": {""embedding_label"": ""dinner"", ""embedding_similarity"": 0.342, ""baseline_label"": ""drinks"", ""baseline_confidence"": 0.95, ""override"": false, ""reason"": ""embedding_disagrees_but_baseline_sufficient""}, ""cuisine_evidence"": {""embedding_cuisines"": [], ""embedding_similarities"": {}, ""baseline_cuisines"": [""italian"", ""coffee_cafe""], ""newly_detected"": [], ""removed"": [""coffee_cafe"", ""italian""], ""reason"": ""no_strong_embedding_matches_keep_baseline""}, ""content_type_evidence"": {""embedding_label"": ""food_spot"", ""embedding_similarity"": 0.394, ""baseline_label"": ""event"", ""baseline_confidence"": 0.95, ""override"": false, ""reason"": ""embedding_disagrees_but_baseline_acceptable""}}"
3233779077486622251,drinks,0.95,drinks,0.807,CONFIDENCE_UPDATED,-0.143,"{""meal_type"": ""drinks"", ""cuisines"": [""japanese"", ""thai""], ""content_type"": ""mixed"", ""location"": {""name"": null, ""slug"": null}, ""signals"": {""meal_evidence"": {""drinks"": [""cocktail"", ""cocktails"", ""happy hour"", ""martini""]}, ""cuisine_evidence"": {""japanese"": [""sushi""], ""thai"": [""thai"", ""tom yum""]}, ""content_evidence"": {}}, ""metadata"": {""hashtags"": [""atlanta"", ""atleats"", ""atlfood"", ""atlfoodie"", ""atlthai"", ""hosted""], ""mentions"": [""atllovesmo"", ""tikithai_atl""], ""likes"": 6447, ""comments"": 150, ""video_views"": 81952}}","{""meal_type_evidence"": {""embedding_label"": ""dinner"", ""embedding_similarity"": 0.301, ""baseline_label"": ""drinks"", ""baseline_confidence"": 0.95, ""override"": false, ""reason"": ""embedding_disagrees_but_baseline_sufficient""}, ""cuisine_evidence"": {""embedding_cuisines"": [""thai""], ""embedding_similarities"": {""thai"": 0.524}, ""baseline_cuisines"": [""japanese"", ""thai""], ""newly_detected"": [], ""removed"": [""japanese""], ""reason"": ""embedding_refined_cuisine_list""}, ""content_type_evidence"": {""embedding_label"": ""food_spot"", ""embedding_similarity"": 0.38, ""baseline_label"": ""mixed"", ""baseline_confidence"": 0.95, ""override"": false, ""reason"": ""embedding_disagrees_but_baseline_acceptable""}}"
3468819676761198208,drinks,0.95,drinks,0.807,CONFIDENCE_UPDATED,-0.143,"{""meal_type"": ""drinks"", ""cuisines"": [""american"", ""seafood"", ""bakery""], ""content_type"": ""mixed"", ""location"": {""name"": null, ""slug"": null}, ""signals"": {""meal_evidence"": {""lunch"": [""sandwich""], ""dinner"": [""dinner"", ""date night""], ""drinks"": [""cocktail"", ""cocktails"", ""beer"", ""bar""]}, ""cuisine_evidence"": {""american"": [""burger""], ""seafood"": [""seafood"", ""oyster"", ""crab"", ""fish""], ""bakery"": [""bread""]}, ""content_evidence"": {}}, ""metadata"": {""hashtags"": [""atlantafoodie"", ""atleats"", ""atlfood""], ""mentions"": [""atllovesmo"", ""lure.atl"", ""theoptimistatl"", ""wreckingbarbrewpub""], ""likes"": 7043, ""comments"": 83, ""video_views"": 61495}}","{""meal_type_evidence"": {""embedding_label"": ""snack"", ""embedding_similarity"": 0.382, ""baseline_label"": ""drinks"", ""baseline_confidence"": 0.95, ""override"": false, ""reason"": ""embedding_disagrees_but_baseline_sufficient""}, ""cuisine_evidence"": {""embedding_cuisines"": [], ""embedding_similarities"": {}, ""baseline_cuisines"": [""american"", ""seafood"", ""bakery""], ""newly_detected"": [], ""removed"": [""american"", ""bakery"", ""seafood""], ""reason"": ""no_strong_embedding_matches_keep_baseline""}, ""content_type_evidence"": {""embedding_label"": ""food_spot"", ""embedding_similarity"": 0.426, ""baseline_label"": ""mixed"", ""baseline_confidence"": 0.95, ""override"": false, ""reason"": ""embedding_disagrees_but_baseline_acceptable""}}"
3154815631647061344,event,0.95,event,0.807,CONFIDENCE_UPDATED,-0.143,"{""meal_type"": ""drinks"", ""cuisines"": [""mexican"", ""vegan"", ""coffee_cafe""], ""content_type"": ""event"", ""location"": {""name"": ""Atlanta, Georgia"", ""slug"": ""atlanta-georgia""}, ""signals"": {""meal_evidence"": {""breakfast"": [""breakfast""], ""lunch"": [""lunch""], ""dinner"": [""dinner""], ""drinks"": [""beer"", ""drink"", ""drinks"", ""margarita""]}, ""cuisine_evidence"": {""mexican"": [""taco""], ""vegan"": [""vegan""], ""coffee_cafe"": [""coffee""]}, ""content_evidence"": {""event"": [""live music""]}}, ""metadata"": {""hashtags"": [""atlanta"", ""atlantadrinks"", ""atlcoffee"", ""atlfoodie"", ""atlthingstodo"", ""atlvegan""], ""mentions"": [""asw.exchange"", ""atllovesmo"", ""bestendbrewing"", ""boxcaratl"", ""culturedsouth"", ""fincatofilter"", ""halfwaycrooksbeer"", ""leeandwhite"", ""mondaynightgarage"", ""muchachoatl"", ""summerhill_atl"", ""wildheavenwestend""], ""likes"": 4431, ""comments"": 50, ""video_views"": 56193}}","{""meal_type_evidence"": {""embedding_label"": ""dinner"", ""embedding_similarity"": 0.346, ""baseline_label"": ""drinks"", ""baseline_confidence"": 0.95, ""override"": false, ""reason"": ""embedding_disagrees_but_baseline_sufficient""}, ""cuisine_evidence"": {""embedding_cuisines"": [], ""embedding_similarities"": {}, ""baseline_cuisines"": [""mexican"", ""vegan"", ""coffee_cafe""], ""newly_detected"": [], ""removed"": [""mexican"", ""coffee_cafe"", ""vegan""], ""reason"": ""no_strong_embedding_matches_keep_baseline""}, ""content_type_evidence"": {""embedding_label"": ""food_spot"", ""embedding_similarity"": 0.429, ""baseline_label"": ""event"", ""baseline_confidence"": 0.95, ""override"": false, ""reason"": ""embedding_disagrees_but_baseline_acceptable""}}"
3770761304626819203,event,0.95,event,0.807,CONFIDENCE_UPDATED,-0.143,"{""meal_type"": ""drinks"", ""cuisines"": [""mexican"", ""italian"", ""japanese""], ""content_type"": ""event"", ""location"": {""name"": ""Atlanta, Georgia"", ""slug"": ""atlanta-georgia""}, ""signals"": {""meal_evidence"": {""dinner"": [""date night""], ""drinks"": [""cocktail"", ""cocktails"", ""margarita"", ""shot""]}, ""cuisine_evidence"": {""mexican"": [""taco"", ""birria""], ""italian"": [""pizza""], ""japanese"": [""ramen""]}, ""content_evidence"": {""event"": [""pop-up""]}}, ""metadata"": {""hashtags"": [""atlblog"", ""atleats""], ""mentions"": [""rrealtacos""], ""likes"": 6704, ""comments"": 95, ""video_views"": 46515}}","{""meal_type_evidence"": {""embedding_label"": ""dinner"", ""embedding_similarity"": 0.322, ""baseline_label"": ""drinks"", ""baseline_confidence"": 0.95, ""override"": false, ""reason"": ""embedding_disagrees_but_baseline_sufficient""}, ""cuisine_evidence"": {""embedding_cuisines"": [], ""embedding_similarities"": {}, ""baseline_cuisines"": [""mexican"", ""italian"", ""japanese""], ""newly_detected"": [], ""removed"": [""mexican"", ""japanese"", ""italian""], ""reason"": ""no_strong_embedding_matches_keep_baseline""}, ""content_type_evidence"": {""embedding_label"": ""food_spot"", ""embedding_similarity"": 0.397, ""baseline_label"": ""event"", ""baseline_confidence"": 0.95, ""override"": false, ""reason"": ""embedding_disagrees_but_baseline_acceptable""}}"
3464879931496727806,drinks,0.95,drinks,0.807,CONFIDENCE_UPDATED,-0.143,"{""meal_type"": ""drinks"", ""cuisines"": [""seafood"", ""bakery""], ""content_type"": ""food_spot"", ""location"": {""name"": ""Atlanta, Georgia"", ""slug"": ""atlanta-georgia""}, ""signals"": {""meal_evidence"": {""drinks"": [""cocktail"", ""cocktails"", ""bar"", ""happy hour"", ""gin""]}, ""cuisine_evidence"": {""seafood"": [""seafood"", ""oyster"", ""crab"", ""fish""], ""bakery"": [""bread""]}, ""content_evidence"": {""food_spot"": [""location_present""]}}, ""metadata"": {""hashtags"": [""atldatenight"", ""atlfood"", ""atlfoodie""], ""mentions"": [""atllovesmo"", ""lure.atl""], ""likes"": 4389, ""comments"": 112, ""video_views"": 44746}}","{""meal_type_evidence"": {""embedding_label"": ""snack"", ""embedding_similarity"": 0.356, ""baseline_label"": ""drinks"", ""baseline_confidence"": 0.95, ""override"": false, ""reason"": ""embedding_disagrees_but_baseline_sufficient""}, ""cuisine_evidence"": {""embedding_cuisines"": [], ""embedding_similarities"": {}, ""baseline_cuisines"": [""seafood"", ""bakery""], ""newly_detected"": [], ""removed"": [""seafood"", ""bakery""], ""reason"": ""no_strong_embedding_matches_keep_baseline""}, ""content_type_evidence"": {""embedding_label"": ""food_spot"", ""embedding_similarity"": 0.345, ""baseline_label"": ""food_spot"", ""baseline_confidence"": 0.95, ""override"": false, ""reason"": ""weak_embedding_match_keep_baseline""}}"
3139441996691210340,event,0.95,event,0.807,CONFIDENCE_UPDATED,-0.143,"{""meal_type"": ""drinks"", ""cuisines"": [], ""content_type"": ""event"", ""location"": {""name"": ""Atlanta, Georgia"", ""slug"": ""atlanta-georgia""}, ""signals"": {""meal_evidence"": {""dinner"": [""dinner"", ""date night""], ""drinks"": [""drink"", ""drinks"", ""shot"", ""shots""]}, ""cuisine_evidence"": {}, ""content_evidence"": {""event"": [""event"", ""concert""]}}, ""metadata"": {""hashtags"": [], ""mentions"": [""abvgallery"", ""atl.united"", ""atllovesmo"", ""candlelight.concerts"", ""experience.luxardo"", ""gregmike"", ""mercedesbenzstadium"", ""slingshotsocialatl""], ""likes"": 3803, ""comments"": 53, ""video_views"": 43089}}","{""meal_type_evidence"": {""embedding_label"": ""dinner"", ""embedding_similarity"": 0.42, ""baseline_label"": ""drinks"", ""baseline_confidence"": 0.95, ""override"": false, ""reason"": ""embedding_disagrees_but_baseline_sufficient""}, ""cuisine_evidence"": {""embedding_cuisines"": [], ""embedding_similarities"": {}, ""baseline_cuisines"": [], ""newly_detected"": [], ""removed"": [], ""reason"": ""no_strong_embedding_matches_keep_baseline""}, ""content_type_evidence"": {""embedding_label"": ""food_spot"", ""embedding_similarity"": 0.426, ""baseline_label"": ""event"", ""baseline_confidence"": 0.95, ""override"": false, ""reason"": ""embedding_disagrees_but_baseline_acceptable""}}"
3417124463937155691,event,0.95,event,0.807,CONFIDENCE_UPDATED,-0.143,"{""meal_type"": ""drinks"", ""cuisines"": [""american"", ""italian"", ""bbq""], ""content_type"": ""event"", ""location"": {""name"": ""Atlanta, Georgia"", ""slug"": ""atlanta-georgia""}, ""signals"": {""meal_evidence"": {""breakfast"": [""breakfast"", ""pancake"", ""eggs""], ""brunch"": [""brunch"", ""mimosa""], ""dessert"": [""cake""], ""drinks"": [""cocktail"", ""cocktails"", ""drink"", ""drinks""]}, ""cuisine_evidence"": {""american"": [""fried chicken""], ""italian"": [""italian"", ""pasta"", ""pizza""], ""bbq"": [""smoked""]}, ""content_evidence"": {""event"": [""market"", ""seasonal""]}}, ""metadata"": {""hashtags"": [""atlantaeats"", ""atlblog"", ""atlbrunch"", ""atleats""], ""mentions"": [""atlantabeltline."", ""atllovesmo"", ""indacoatl"", ""poncecitymarket""], ""likes"": 5428, ""comments"": 98, ""video_views"": 36493}}","{""meal_type_evidence"": {""embedding_label"": ""dinner"", ""embedding_similarity"": 0.44, ""baseline_label"": ""drinks"", ""baseline_confidence"": 0.95, ""override"": false, ""reason"": ""embedding_disagrees_but_baseline_sufficient""}, ""cuisine_evidence"": {""embedding_cuisines"": [], ""embedding_similarities"": {}, ""baseline_cuisines"": [""american"", ""italian"", ""bbq""], ""newly_detected"": [], ""removed"": [""bbq"", ""american"", ""italian""], ""reason"": ""no_strong_embedding_matches_keep_baseline""}, ""content_type_evidence"": {""embedding_label"": ""food_spot"", ""embedding_similarity"": 0.44, ""baseline_label"": ""event"", ""baseline_confidence"": 0.95, ""override"": false, ""reason"": ""embedding_disagrees_but_baseline_acceptable""}}"
3720812683521535409,event,0.95,event,0.807,CONFIDENCE_UPDATED,-0.143,"{""meal_type"": ""drinks"", ""cuisines"": [""mexican"", ""italian""], ""content_type"": ""event"", ""location"": {""name"": ""Atlanta, Georgia"", ""slug"": ""atlanta-georgia""}, ""signals"": {""meal_evidence"": {""drinks"": [""drink"", ""drinks"", ""margarita"", ""shot""]}, ""cuisine_evidence"": {""mexican"": [""taco"", ""birria""], ""italian"": [""pizza""]}, ""content_evidence"": {""event"": [""market""]}}, ""metadata"": {""hashtags"": [], ""mentions"": [""atlantabeltline"", ""beltlinekevin"", ""rrealtacos""], ""likes"": 3827, ""comments"": 104, ""video_views"": 34105}}","{""meal_type_evidence"": {""embedding_label"": ""snack"", ""embedding_similarity"": 0.385, ""baseline_label"": ""drinks"", ""baseline_confidence"": 0.95, ""override"": false, ""reason"": ""embedding_disagrees_but_baseline_sufficient""}, ""cuisine_evidence"": {""embedding_cuisines"": [""mexican""], ""embedding_similarities"": {""mexican"": 0.575}, ""baseline_cuisines"": [""mexican"", ""italian""], ""newly_detected"": [], ""removed"": [""italian""], ""reason"": ""embedding_refined_cuisine_list""}, ""content_type_evidence"": {""embedding_label"": ""food_spot"", ""embedding_similarity"": 0.421, ""baseline_label"": ""event"", ""baseline_confidence"": 0.95, ""override"": false, ""reason"": ""embedding_disagrees_but_baseline_acceptable""}}"
3330101567170629505,event,0.95,event,0.807,CONFIDENCE_UPDATED,-0.143,"{""meal_type"": ""drinks"", ""cuisines"": [""vegan""], ""content_type"": ""event"", ""location"": {""name"": ""Atlanta, Georgia"", ""slug"": ""atlanta-georgia""}, ""signals"": {""meal_evidence"": {""lunch"": [""sandwich""], ""drinks"": [""cocktail"", ""wine"", ""bar"", ""gin""], ""snack"": [""small bites""]}, ""cuisine_evidence"": {""vegan"": [""vegan"", ""plant based""]}, ""content_evidence"": {""event"": [""event""]}}, ""metadata"": {""hashtags"": [""atlantaeats"", ""atlblog"", ""atleats"", ""atlfoodie""], ""mentions"": [""atllovesmo"", ""breakerbreaker_atl"", ""lasemilla.atl."", ""lingeringshade""], ""likes"": 3497, ""comments"": 91, ""video_views"": 33743}}","{""meal_type_evidence"": {""embedding_label"": ""snack"", ""embedding_similarity"": 0.306, ""baseline_label"": ""drinks"", ""baseline_confidence"": 0.95, ""override"": false, ""reason"": ""embedding_disagrees_but_baseline_sufficient""}, ""cuisine_evidence"": {""embedding_cuisines"": [], ""embedding_similarities"": {}, ""baseline_cuisines"": [""vegan""], ""newly_detected"": [], ""removed"": [""vegan""], ""reason"": ""no_strong_embedding_matches_keep_baseline""}, ""content_type_evidence"": {""embedding_label"": ""food_spot"", ""embedding_similarity"": 0.428, ""baseline_label"": ""event"", ""baseline_confidence"": 0.95, ""override"": false, ""reason"": ""embedding_disagrees_but_baseline_acceptable""}}"
3387336254139302765,event,0.95,event,0.807,CONFIDENCE_UPDATED,-0.143,"{""meal_type"": ""drinks"", ""cuisines"": [""italian"", ""bbq""], ""content_type"": ""event"", ""location"": {""name"": null, ""slug"": null}, ""signals"": {""meal_evidence"": {""drinks"": [""cocktail"", ""cocktails"", ""mocktail"", ""bourbon"", ""vodka"", ""rum""]}, ""cuisine_evidence"": {""italian"": [""italian"", ""pizza""], ""bbq"": [""smoked""]}, ""content_evidence"": {""event"": [""limited time""]}}, ""metadata"": {""hashtags"": [""higherorderofpizza"", ""mellowmushroompartner""], ""mentions"": [""mellowmushroom""], ""likes"": 5833, ""comments"": 124, ""video_views"": 26340}}","{""meal_type_evidence"": {""embedding_label"": ""lunch"", ""embedding_similarity"": 0.37, ""baseline_label"": ""drinks"", ""baseline_confidence"": 0.95, ""override"": false, ""reason"": ""embedding_disagrees_but_baseline_sufficient""}, ""cuisine_evidence"": {""embedding_cuisines"": [], ""embedding_similarities"": {}, ""baseline_cuisines"": [""italian"", ""bbq""], ""newly_detected"": [], ""removed"": [""bbq"", ""italian""], ""reason"": ""no_strong_embedding_matches_keep_baseline""}, ""content_type_evidence"": {""embedding_label"": ""food_spot"", ""embedding_similarity"": 0.354, ""baseline_label"": ""event"", ""baseline_confidence"": 0.95, ""override"": false, ""reason"": ""embedding_disagrees_but_baseline_acceptable""}}"
3510567264342980768,event,0.95,event,0.807,CONFIDENCE_UPDATED,-0.143,"{""meal_type"": ""drinks"", ""cuisines"": [""bbq"", ""bakery""], ""content_type"": ""event"", ""location"": {""name"": ""Atlanta, USA"", ""slug"": ""atlanta-usa""}, ""signals"": {""meal_evidence"": {""dinner"": [""date night"", ""supper""], ""drinks"": [""cocktail"", ""cocktails"", ""bar"", ""drink"", ""drinks"", ""martini"", ""shot""]}, ""cuisine_evidence"": {""bbq"": [""smoked""], ""bakery"": [""bread""]}, ""content_evidence"": {""event"": [""seasonal""]}}, ""metadata"": {""hashtags"": [""atlblog"", ""atldatenight"", ""atleats"", ""thingstodoinatlanta""], ""mentions"": [""atllovesmo"", ""bovinoafterdark"", ""homefortheholidaysatl"", ""resy"", ""supperdeluxeatl."", ""thevineclubatl""], ""likes"": 2202, ""comments"": 113, ""video_views"": 25667}}","{""meal_type_evidence"": {""embedding_label"": ""dinner"", ""embedding_similarity"": 0.428, ""baseline_label"": ""drinks"", ""baseline_confidence"": 0.95, ""override"": false, ""reason"": ""embedding_disagrees_but_baseline_sufficient""}, ""cuisine_evidence"": {""embedding_cuisines"": [], ""embedding_similarities"": {}, ""baseline_cuisines"": [""bbq"", ""bakery""], ""newly_detected"": [], ""removed"": [""bbq"", ""bakery""], ""reason"": ""no_strong_embedding_matches_keep_baseline""}, ""content_type_evidence"": {""embedding_label"": ""food_spot"", ""embedding_similarity"": 0.381, ""baseline_label"": ""event"", ""baseline_confidence"": 0.95, ""override"": false, ""reason"": ""embedding_disagrees_but_baseline_acceptable""}}"
3521710612977315044,event,0.95,event,0.807,CONFIDENCE_UPDATED,-0.143,"{""meal_type"": ""drinks"", ""cuisines"": [""bbq"", ""coffee_cafe""], ""content_type"": ""event"", ""location"": {""name"": ""Atlanta, GA"", ""slug"": ""atlanta-ga""}, ""signals"": {""meal_evidence"": {""dinner"": [""date night""], ""dessert"": [""dessert""], ""drinks"": [""cocktail"", ""cocktails"", ""beer"", ""bar"", ""drink"", ""drinks""]}, ""cuisine_evidence"": {""bbq"": [""smoked""], ""coffee_cafe"": [""espresso""]}, ""content_evidence"": {""event"": [""event""]}}, ""metadata"": {""hashtags"": [""atlblog"", ""atldatenight"", ""atleats"", ""atlfoodie""], ""mentions"": [""atllovesmo"", ""avize.atl"", ""kingofthechews""], ""likes"": 2174, ""comments"": 89, ""video_views"": 25102}}","{""meal_type_evidence"": {""embedding_label"": ""snack"", ""embedding_similarity"": 0.4, ""baseline_label"": ""drinks"", ""baseline_confidence"": 0.95, ""override"": false, ""reason"": ""embedding_disagrees_but_baseline_sufficient""}, ""cuisine_evidence"": {""embedding_cuisines"": [""american""], ""embedding_similarities"": {""american"": 0.402}, ""baseline_cuisines"": [""bbq"", ""coffee_cafe""], ""newly_detected"": [""american""], ""removed"": [""bbq"", ""coffee_cafe""], ""reason"": ""embedding_refined_cuisine_list""}, ""content_type_evidence"": {""embedding_label"": ""food_spot"", ""embedding_similarity"": 0.373, ""baseline_label"": ""event"", ""baseline_confidence"": 0.95, ""override"": false, ""reason"": ""embedding_disagrees_but_baseline_acceptable""}}"
3551464731623369558,event,0.95,event,0.807,CONFIDENCE_UPDATED,-0.143,"{""meal_type"": ""drinks"", ""cuisines"": [""seafood""], ""content_type"": ""event"", ""location"": {""name"": ""Atlanta, Georgia"", ""slug"": ""atlanta-georgia""}, ""signals"": {""meal_evidence"": {""lunch"": [""sandwich""], ""dinner"": [""date night""], ""drinks"": [""cocktail"", ""cocktails"", ""wine"", ""bar"", ""happy hour""]}, ""cuisine_evidence"": {""seafood"": [""fish""]}, ""content_evidence"": {""event"": [""market""]}}, ""metadata"": {""hashtags"": [""atlblog"", ""atleats"", ""atlfoodie""], ""mentions"": [""atllovesmo"", ""chefhectorsantiago"", ""lametroatl"", ""poncecitymarket""], ""likes"": 2574, ""comments"": 102, ""video_views"": 24476}}","{""meal_type_evidence"": {""embedding_label"": ""dinner"", ""embedding_similarity"": 0.38, ""baseline_label"": ""drinks"", ""baseline_confidence"": 0.95, ""override"": false, ""reason"": ""embedding_disagrees_but_baseline_sufficient""}, ""cuisine_evidence"": {""embedding_cuisines"": [""mexican""], ""embedding_similarities"": {""mexican"": 0.506}, ""baseline_cuisines"": [""seafood""], ""newly_detected"": [""mexican""], ""removed"": [""seafood""], ""reason"": ""embedding_refined_cuisine_list""}, ""content_type_evidence"": {""embedding_label"": ""food_spot"", ""embedding_similarity"": 0.384, ""baseline_label"": ""event"", ""baseline_confidence"": 0.95, ""override"": false, ""reason"": ""embedding_disagrees_but_baseline_acceptable""}}"
3512017135923100149,drinks,0.95,drinks,0.807,CONFIDENCE_UPDATED,-0.143,"{""meal_type"": ""drinks"", ""cuisines"": [""mexican"", ""coffee_cafe""], ""content_type"": ""food_spot"", ""location"": {""name"": ""Atlanta, Georgia"", ""slug"": ""atlanta-georgia""}, ""signals"": {""meal_evidence"": {""dinner"": [""date night""], ""drinks"": [""cocktail"", ""cocktails"", ""liquor"", ""bar"", ""tequila"", ""rum"", ""shot"", ""shots""]}, ""cuisine_evidence"": {""mexican"": [""taco"", ""birria""], ""coffee_cafe"": [""coffee""]}, ""content_evidence"": {""food_spot"": [""location_present""]}}, ""metadata"": {""hashtags"": [""atlblog"", ""atldatenight"", ""atleats"", ""atlfoodie"", ""rrealtacos""], ""mentions"": [""rrealtacos""], ""likes"": 2856, ""comments"": 67, ""video_views"": 22978}}","{""meal_type_evidence"": {""embedding_label"": ""dessert"", ""embedding_similarity"": 0.441, ""baseline_label"": ""drinks"", ""baseline_confidence"": 0.95, ""override"": false, ""reason"": ""embedding_disagrees_but_baseline_sufficient""}, ""cuisine_evidence"": {""embedding_cuisines"": [], ""embedding_similarities"": {}, ""baseline_cuisines"": [""mexican"", ""coffee_cafe""], ""newly_detected"": [], ""removed"": [""mexican"", ""coffee_cafe""], ""reason"": ""no_strong_embedding_matches_keep_baseline""}, ""content_type_evidence"": {""embedding_label"": ""food_spot"", ""embedding_similarity"": 0.255, ""baseline_label"": ""food_spot"", ""baseline_confidence"": 0.95, ""override"": false, ""reason"": ""weak_embedding_match_keep_baseline""}}"
3512804623264228087,event,0.95,event,0.807,CONFIDENCE_UPDATED,-0.143,"{""meal_type"": ""drinks"", ""cuisines"": [""bakery""], ""content_type"": ""event"", ""location"": {""name"": ""Atlanta"", ""slug"": ""atlanta""}, ""signals"": {""meal_evidence"": {""breakfast"": [""pancake"", ""eggs""], ""dessert"": [""cake""], ""drinks"": [""cocktail"", ""cocktails"", ""beer"", ""bar""]}, ""cuisine_evidence"": {""bakery"": [""bread""]}, ""content_evidence"": {""event"": [""live music""]}}, ""metadata"": {""hashtags"": [""atlantafoodie"", ""atlblog"", ""atlchristmas"", ""atleats""], ""mentions"": [""atllovesmo"", ""gabeergarden"", ""malskitchenatl"", ""toasttab""], ""likes"": 1863, ""comments"": 69, ""video_views"": 21109}}","{""meal_type_evidence"": {""embedding_label"": ""snack"", ""embedding_similarity"": 0.377, ""baseline_label"": ""drinks"", ""baseline_confidence"": 0.95, ""override"": false, ""reason"": ""embedding_disagrees_but_baseline_sufficient""}, ""cuisine_evidence"": {""embedding_cuisines"": [], ""embedding_similarities"": {}, ""baseline_cuisines"": [""bakery""], ""newly_detected"": [], ""removed"": [""bakery""], ""reason"": ""no_strong_embedding_matches_keep_baseline""}, ""content_type_evidence"": {""embedding_label"": ""food_spot"", ""embedding_similarity"": 0.338, ""baseline_label"": ""event"", ""baseline_confidence"": 0.95, ""override"": false, ""reason"": ""weak_embedding_match_keep_baseline""}}"
3745366948814363236,drinks,0.95,drinks,0.807,CONFIDENCE_UPDATED,-0.143,"{""meal_type"": ""drinks"", ""cuisines"": [""italian""], ""content_type"": ""food_spot"", ""location"": {""name"": ""Atlanta, Georgia"", ""slug"": ""atlanta-georgia""}, ""signals"": {""meal_evidence"": {""breakfast"": [""breakfast""], ""brunch"": [""brunch""], ""drinks"": [""cocktail"", ""cocktails"", ""wine"", ""gin""]}, ""cuisine_evidence"": {""italian"": [""pasta"", ""pizza""]}, ""content_evidence"": {""food_spot"": [""location_present""]}}, ""metadata"": {""hashtags"": [""1"", ""atiblog"", ""atifoodie"", ""atleats""], ""mentions"": [""varasanospizzeria""], ""likes"": 1994, ""comments"": 95, ""video_views"": 18137}}","{""meal_type_evidence"": {""embedding_label"": ""dinner"", ""embedding_similarity"": 0.336, ""baseline_label"": ""drinks"", ""baseline_confidence"": 0.95, ""override"": false, ""reason"": ""embedding_disagrees_but_baseline_sufficient""}, ""cuisine_evidence"": {""embedding_cuisines"": [], ""embedding_similarities"": {}, ""baseline_cuisines"": [""italian""], ""newly_detected"": [], ""removed"": [""italian""], ""reason"": ""no_strong_embedding_matches_keep_baseline""}, ""content_type_evidence"": {""embedding_label"": ""food_spot"", ""embedding_similarity"": 0.292, ""baseline_label"": ""food_spot"", ""baseline_confidence"": 0.95, ""override"": false, ""reason"": ""weak_embedding_match_keep_baseline""}}"
3773230192807479537,event,0.95,event,0.807,CONFIDENCE_UPDATED,-0.143,"{""meal_type"": ""drinks"", ""cuisines"": [], ""content_type"": ""event"", ""location"": {""name"": ""Atlanta, Georgia"", ""slug"": ""atlanta-georgia""}, ""signals"": {""meal_evidence"": {""dessert"": [""dessert"", ""cookie""], ""drinks"": [""cocktail"", ""cocktails"", ""bourbon"", ""gin"", ""rum""]}, ""cuisine_evidence"": {}, ""content_evidence"": {""event"": [""pop-up"", ""ticket""]}}, ""metadata"": {""hashtags"": [""atlblog"", ""atleats""], ""mentions"": [""atllovesmo"", ""layalyofficial""], ""likes"": 2754, ""comments"": 80, ""video_views"": 17981}}","{""meal_type_evidence"": {""embedding_label"": ""dessert"", ""embedding_similarity"": 0.36, ""baseline_label"": ""drinks"", ""baseline_confidence"": 0.95, ""override"": false, ""reason"": ""embedding_disagrees_but_baseline_sufficient""}, ""cuisine_evidence"": {""embedding_cuisines"": [], ""embedding_similarities"": {}, ""baseline_cuisines"": [], ""newly_detected"": [], ""removed"": [], ""reason"": ""no_strong_embedding_matches_keep_baseline""}, ""content_type_evidence"": {""embedding_label"": ""event"", ""embedding_similarity"": 0.218, ""baseline_label"": ""event"", ""baseline_confidence"": 0.95, ""override"": false, ""reason"": ""weak_embedding_match_keep_baseline""}}"
3427451209164527135,event,0.95,event,0.807,CONFIDENCE_UPDATED,-0.143,"{""meal_type"": ""drinks"", ""cuisines"": [], ""content_type"": ""event"", ""location"": {""name"": ""Atlanta, Georgia"", ""slug"": ""atlanta-georgia""}, ""signals"": {""meal_evidence"": {""dinner"": [""dinner""], ""dessert"": [""dessert""], ""drinks"": [""wine"", ""beer"", ""bar"", ""drink""]}, ""cuisine_evidence"": {}, ""content_evidence"": {""event"": [""ticket"", ""seasonal""]}}, ""metadata"": {""hashtags"": [], ""mentions"": [""foxtheatre.org."", ""thefoxtheatre""], ""likes"": 1881, ""comments"": 80, ""video_views"": 17091}}","{""meal_type_evidence"": {""embedding_label"": ""dinner"", ""embedding_similarity"": 0.356, ""baseline_label"": ""drinks"", ""baseline_confidence"": 0.95, ""override"": false, ""reason"": ""embedding_disagrees_but_baseline_sufficient""}, ""cuisine_evidence"": {""embedding_cuisines"": [], ""embedding_similarities"": {}, ""baseline_cuisines"": [], ""newly_detected"": [], ""removed"": [], ""reason"": ""no_strong_embedding_matches_keep_baseline""}, ""content_type_evidence"": {""embedding_label"": ""food_spot"", ""embedding_similarity"": 0.428, ""baseline_label"": ""event"", ""baseline_confidence"": 0.95, ""override"": false, ""reason"": ""embedding_disagrees_but_baseline_acceptable""}}"
3346060953869206340,event,0.95,event,0.807,CONFIDENCE_UPDATED,-0.143,"{""meal_type"": ""drinks"", ""cuisines"": [""mexican"", ""vegan"", ""coffee_cafe""], ""content_type"": ""event"", ""location"": {""name"": ""Marietta Square Market"", ""slug"": ""marietta-square-market""}, ""signals"": {""meal_evidence"": {""drinks"": [""cocktail"", ""cocktails"", ""bar"", ""margarita"", ""tequila"", ""gin""]}, ""cuisine_evidence"": {""mexican"": [""taco"", ""birria""], ""vegan"": [""vegan""], ""coffee_cafe"": [""cafe""]}, ""content_evidence"": {""event"": [""market""]}}, ""metadata"": {""hashtags"": [""atlantaeats"", ""atlblog"", ""atlfoodie"", ""mariettafood""], ""mentions"": [""atllovesmo"", ""badgyalvegan"", ""dcubancafe"", ""eggrollboyz"", ""mariettasquaremarket"", ""sietetacosandtequila""], ""likes"": 1235, ""comments"": 66, ""video_views"": 17069}}","{""meal_type_evidence"": {""embedding_label"": ""dinner"", ""embedding_similarity"": 0.317, ""baseline_label"": ""drinks"", ""baseline_confidence"": 0.95, ""override"": false, ""reason"": ""embedding_disagrees_but_baseline_sufficient""}, ""cuisine_evidence"": {""embedding_cuisines"": [""mexican""], ""embedding_similarities"": {""mexican"": 0.429}, ""baseline_cuisines"": [""mexican"", ""vegan"", ""coffee_cafe""], ""newly_detected"": [], ""removed"": [""coffee_cafe"", ""vegan""], ""reason"": ""embedding_refined_cuisine_list""}, ""content_type_evidence"": {""embedding_label"": ""food_spot"", ""embedding_similarity"": 0.494, ""baseline_label"": ""event"", ""baseline_confidence"": 0.95, ""override"": false, ""reason"": ""embedding_disagrees_but_baseline_acceptable""}}"
3758435929427136550,event,0.95,event,0.807,CONFIDENCE_UPDATED,-0.143,"{""meal_type"": ""drinks"", ""cuisines"": [""bakery"", ""coffee_cafe""], ""content_type"": ""event"", ""location"": {""name"": ""Atlanta, Georgia"", ""slug"": ""atlanta-georgia""}, ""signals"": {""meal_evidence"": {""dinner"": [""dinner"", ""date night""], ""drinks"": [""cocktail"", ""cocktails"", ""wine"", ""bar""]}, ""cuisine_evidence"": {""bakery"": [""pastry""], ""coffee_cafe"": [""espresso""]}, ""content_evidence"": {""event"": [""grand opening""]}}, ""metadata"": {""hashtags"": [""atlblog"", ""atldatenight""], ""mentions"": [""3parkswine_fourthward."", ""atlantabeltline"", ""atllovesmo"", ""burlesbar"", ""closecompanybar"", ""forthatlanta"", ""ilpremioatlanta""], ""likes"": 2126, ""comments"": 79, ""video_views"": 16843}}","{""meal_type_evidence"": {""embedding_label"": ""dinner"", ""embedding_similarity"": 0.377, ""baseline_label"": ""drinks"", ""baseline_confidence"": 0.95, ""override"": false, ""reason"": ""embedding_disagrees_but_baseline_sufficient""}, ""cuisine_evidence"": {""embedding_cuisines"": [], ""embedding_similarities"": {}, ""baseline_cuisines"": [""bakery"", ""coffee_cafe""], ""newly_detected"": [], ""removed"": [""coffee_cafe"", ""bakery""], ""reason"": ""no_strong_embedding_matches_keep_baseline""}, ""content_type_evidence"": {""embedding_label"": ""food_spot"", ""embedding_similarity"": 0.416, ""baseline_label"": ""event"", ""baseline_confidence"": 0.95, ""override"": false, ""reason"": ""embedding_disagrees_but_baseline_acceptable""}}"
3682568743306503358,drinks,0.95,drinks,0.807,CONFIDENCE_UPDATED,-0.143,"{""meal_type"": ""drinks"", ""cuisines"": [""mediterranean"", ""coffee_cafe""], ""content_type"": ""food_spot"", ""location"": {""name"": ""Chamblee, Georgia"", ""slug"": ""chamblee-georgia""}, ""signals"": {""meal_evidence"": {""dinner"": [""dinner""], ""dessert"": [""ice cream"", ""cake""], ""drinks"": [""cocktail"", ""cocktails"", ""bar"", ""mocktail"", ""drink"", ""drinks"", ""rum""]}, ""cuisine_evidence"": {""mediterranean"": [""falafel""], ""coffee_cafe"": [""latte""]}, ""content_evidence"": {""food_spot"": [""location_present""]}}, ""metadata"": {""hashtags"": [""atlblog"", ""chamblee"", ""chambleega"", ""explorega"", ""thingstodoinatlanta""], ""mentions"": [""atllovesmo"", ""layalyofficial""], ""likes"": 1431, ""comments"": 109, ""video_views"": 16769}}","{""meal_type_evidence"": {""embedding_label"": ""dinner"", ""embedding_similarity"": 0.378, ""baseline_label"": ""drinks"", ""baseline_confidence"": 0.95, ""override"": false, ""reason"": ""embedding_disagrees_but_baseline_sufficient""}, ""cuisine_evidence"": {""embedding_cuisines"": [""mediterranean""], ""embedding_similarities"": {""mediterranean"": 0.406}, ""baseline_cuisines"": [""mediterranean"", ""coffee_cafe""], ""newly_detected"": [], ""removed"": [""coffee_cafe""], ""reason"": ""embedding_refined_cuisine_list""}, ""content_type_evidence"": {""embedding_label"": ""food_spot"", ""embedding_similarity"": 0.299, ""baseline_label"": ""food_spot"", ""baseline_confidence"": 0.95, ""override"": false, ""reason"": ""weak_embedding_match_keep_baseline""}}"
3253259130524855554,drinks,0.95,drinks,0.807,CONFIDENCE_UPDATED,-0.143,"{""meal_type"": ""drinks"", ""cuisines"": [""american"", ""coffee_cafe""], ""content_type"": ""food_spot"", ""location"": {""name"": ""Atlanta, Georgia"", ""slug"": ""atlanta-georgia""}, ""signals"": {""meal_evidence"": {""brunch"": [""brunch""], ""dinner"": [""date night""], ""dessert"": [""cookie""], ""drinks"": [""cocktail"", ""cocktails"", ""drink"", ""drinks"", ""martini""]}, ""cuisine_evidence"": {""american"": [""southern""], ""coffee_cafe"": [""espresso""]}, ""content_evidence"": {""food_spot"": [""location_present""]}}, ""metadata"": {""hashtags"": [""atlantadrinks"", ""atlcocktails"", ""atleats"", ""atlfoodie"", ""thingstodoinatlanta""], ""mentions"": [""atllovesmo"", ""thevaulthiddeninsidethebank""], ""likes"": 1363, ""comments"": 89, ""video_views"": 16504}}","{""meal_type_evidence"": {""embedding_label"": ""dinner"", ""embedding_similarity"": 0.325, ""baseline_label"": ""drinks"", ""baseline_confidence"": 0.95, ""override"": false, ""reason"": ""embedding_disagrees_but_baseline_sufficient""}, ""cuisine_evidence"": {""embedding_cuisines"": [], ""embedding_similarities"": {}, ""baseline_cuisines"": [""american"", ""coffee_cafe""], ""newly_detected"": [], ""removed"": [""coffee_cafe"", ""american""], ""reason"": ""no_strong_embedding_matches_keep_baseline""}, ""content_type_evidence"": {""embedding_label"": ""food_spot"", ""embedding_similarity"": 0.331, ""baseline_label"": ""food_spot"", ""baseline_confidence"": 0.95, ""override"": false, ""reason"": ""weak_embedding_match_keep_baseline""}}"
3767481904737093052,drinks,0.95,drinks,0.807,CONFIDENCE_UPDATED,-0.143,"{""meal_type"": ""drinks"", ""cuisines"": [""american""], ""content_type"": ""food_spot"", ""location"": {""name"": ""Atlanta, Georgia"", ""slug"": ""atlanta-georgia""}, ""signals"": {""meal_evidence"": {""dinner"": [""date night""], ""drinks"": [""cocktail"", ""bar"", ""drink"", ""martini""]}, ""cuisine_evidence"": {""american"": [""burger""]}, ""content_evidence"": {""food_spot"": [""location_present""]}}, ""metadata"": {""hashtags"": [""atlblog"", ""atlfoodie""], ""mentions"": [""atllovesmo"", ""bar.avize"", ""paintedduckatl""], ""likes"": 1849, ""comments"": 72, ""video_views"": 16427}}","{""meal_type_evidence"": {""embedding_label"": ""snack"", ""embedding_similarity"": 0.314, ""baseline_label"": ""drinks"", ""baseline_confidence"": 0.95, ""override"": false, ""reason"": ""embedding_disagrees_but_baseline_sufficient""}, ""cuisine_evidence"": {""embedding_cuisines"": [], ""embedding_similarities"": {}, ""baseline_cuisines"": [""american""], ""newly_detected"": [], ""removed"": [""american""], ""reason"": ""no_strong_embedding_matches_keep_baseline""}, ""content_type_evidence"": {""embedding_label"": ""food_spot"", ""embedding_similarity"": 0.331, ""baseline_label"": ""food_spot"", ""baseline_confidence"": 0.95, ""override"": false, ""reason"": ""weak_embedding_match_keep_baseline""}}"
3747134304108511062,drinks,0.95,drinks,0.807,CONFIDENCE_UPDATED,-0.143,"{""meal_type"": ""drinks"", ""cuisines"": [""mexican""], ""content_type"": ""food_spot"", ""location"": {""name"": ""Atlanta, Georgia"", ""slug"": ""atlanta-georgia""}, ""signals"": {""meal_evidence"": {""drinks"": [""bar"", ""mocktail"", ""drink"", ""drinks"", ""margarita"", ""tequila"", ""shot""]}, ""cuisine_evidence"": {""mexican"": [""taco"", ""quesadilla"", ""birria""]}, ""content_evidence"": {""food_spot"": [""location_present""]}}, ""metadata"": {""hashtags"": [""atlblog"", ""atleats""], ""mentions"": [""atllovesmo"", ""zocalo""], ""likes"": 1894, ""comments"": 63, ""video_views"": 14628}}","{""meal_type_evidence"": {""embedding_label"": ""snack"", ""embedding_similarity"": 0.433, ""baseline_label"": ""drinks"", ""baseline_confidence"": 0.95, ""override"": false, ""reason"": ""embedding_disagrees_but_baseline_sufficient""}, ""cuisine_evidence"": {""embedding_cuisines"": [""mexican""], ""embedding_similarities"": {""mexican"": 0.556}, ""baseline_cuisines"": [""mexican""], ""newly_detected"": [], ""removed"": [], ""reason"": ""embedding_confirms_baseline""}, ""content_type_evidence"": {""embedding_label"": ""food_spot"", ""embedding_similarity"": 0.32, ""baseline_label"": ""food_spot"", ""baseline_confidence"": 0.95, ""override"": false, ""reason"": ""weak_embedding_match_keep_baseline""}}"
3510147700303337795,event,0.95,event,0.807,CONFIDENCE_UPDATED,-0.143,"{""meal_type"": ""drinks"", ""cuisines"": [], ""content_type"": ""event"", ""location"": {""name"": ""Tucker, Georgia"", ""slug"": ""tucker-georgia""}, ""signals"": {""meal_evidence"": {""dinner"": [""dinner"", ""date night""], ""drinks"": [""cocktail"", ""cocktails"", ""beer"", ""drink"", ""drinks""]}, ""cuisine_evidence"": {}, ""content_evidence"": {""event"": [""event"", ""live music""]}}, ""metadata"": {""hashtags"": [""atlblog"", ""atldatenight"", ""discoverdekalb"", ""lovedekalb"", ""tuckerga""], ""mentions"": [""cityoftucker"", ""discoverdekalb"", ""thelocal_no7.""], ""likes"": 1501, ""comments"": 59, ""video_views"": 13623}}","{""meal_type_evidence"": {""embedding_label"": ""dinner"", ""embedding_similarity"": 0.35, ""baseline_label"": ""drinks"", ""baseline_confidence"": 0.95, ""override"": false, ""reason"": ""embedding_disagrees_but_baseline_sufficient""}, ""cuisine_evidence"": {""embedding_cuisines"": [""american""], ""embedding_similarities"": {""american"": 0.44}, ""baseline_cuisines"": [], ""newly_detected"": [""american""], ""removed"": [], ""reason"": ""embedding_refined_cuisine_list""}, ""content_type_evidence"": {""embedding_label"": ""food_spot"", ""embedding_similarity"": 0.346, ""baseline_label"": ""event"", ""baseline_confidence"": 0.95, ""override"": false, ""reason"": ""weak_embedding_match_keep_baseline""}}"
3570013730433865128,event,0.95,event,0.807,CONFIDENCE_UPDATED,-0.143,"{""meal_type"": ""drinks"", ""cuisines"": [""italian"", ""coffee_cafe""], ""content_type"": ""event"", ""location"": {""name"": ""Atlanta, Georgia"", ""slug"": ""atlanta-georgia""}, ""signals"": {""meal_evidence"": {""dinner"": [""dinner"", ""date night""], ""drinks"": [""alcohol"", ""wine"", ""beer"", ""drink"", ""drinks"", ""martini""]}, ""cuisine_evidence"": {""italian"": [""italian"", ""pasta""], ""coffee_cafe"": [""coffee"", ""espresso""]}, ""content_evidence"": {""event"": [""event""]}}, ""metadata"": {""hashtags"": [""atlblog"", ""atldatenight"", ""atleats"", ""atlfoodie"", ""martinimo""], ""mentions"": [""atlanticstation"", ""atllovesmo"", ""illy_atlanta""], ""likes"": 1292, ""comments"": 123, ""video_views"": 12649}}","{""meal_type_evidence"": {""embedding_label"": ""dinner"", ""embedding_similarity"": 0.396, ""baseline_label"": ""drinks"", ""baseline_confidence"": 0.95, ""override"": false, ""reason"": ""embedding_disagrees_but_baseline_sufficient""}, ""cuisine_evidence"": {""embedding_cuisines"": [""coffee_cafe""], ""embedding_similarities"": {""coffee_cafe"": 0.454}, ""baseline_cuisines"": [""italian"", ""coffee_cafe""], ""newly_detected"": [], ""removed"": [""italian""], ""reason"": ""embedding_refined_cuisine_list""}, ""content_type_evidence"": {""embedding_label"": ""food_spot"", ""embedding_similarity"": 0.429, ""baseline_label"": ""event"", ""baseline_confidence"": 0.95, ""override"": false, ""reason"": ""embedding_disagrees_but_baseline_acceptable""}}"
3737025864275166484,drinks,0.95,drinks,0.807,CONFIDENCE_UPDATED,-0.143,"{""meal_type"": ""drinks"", ""cuisines"": [""mediterranean"", ""coffee_cafe""], ""content_type"": ""food_spot"", ""location"": {""name"": ""Atlanta, Georgia"", ""slug"": ""atlanta-georgia""}, ""signals"": {""meal_evidence"": {""drinks"": [""cocktail"", ""cocktails"", ""vodka"", ""gin"", ""rum""]}, ""cuisine_evidence"": {""mediterranean"": [""hummus""], ""coffee_cafe"": [""latte"", ""matcha""]}, ""content_evidence"": {""food_spot"": [""location_present""]}}, ""metadata"": {""hashtags"": [""atlblog"", ""atlfoodie""], ""mentions"": [""atllovesmo"", ""layalyofficial""], ""likes"": 1223, ""comments"": 77, ""video_views"": 11668}}","{""meal_type_evidence"": {""embedding_label"": ""snack"", ""embedding_similarity"": 0.316, ""baseline_label"": ""drinks"", ""baseline_confidence"": 0.95, ""override"": false, ""reason"": ""embedding_disagrees_but_baseline_sufficient""}, ""cuisine_evidence"": {""embedding_cuisines"": [], ""embedding_similarities"": {}, ""baseline_cuisines"": [""mediterranean"", ""coffee_cafe""], ""newly_detected"": [], ""removed"": [""coffee_cafe"", ""mediterranean""], ""reason"": ""no_strong_embedding_matches_keep_baseline""}, ""content_type_evidence"": {""embedding_label"": ""event"", ""embedding_similarity"": 0.2, ""baseline_label"": ""food_spot"", ""baseline_confidence"": 0.95, ""override"": false, ""reason"": ""weak_embedding_match_keep_baseline""}}"
3719579960412806978,drinks,0.95,drinks,0.807,CONFIDENCE_UPDATED,-0.143,"{""meal_type"": ""drinks"", ""cuisines"": [""thai"", ""seafood"", ""bakery""], ""content_type"": ""food_spot"", ""location"": {""name"": ""Atlanta, Georgia"", ""slug"": ""atlanta-georgia""}, ""signals"": {""meal_evidence"": {""dessert"": [""cake""], ""drinks"": [""cocktail"", ""cocktails"", ""bar"", ""mocktail"", ""whiskey"", ""gin""]}, ""cuisine_evidence"": {""thai"": [""thai""], ""seafood"": [""shrimp""], ""bakery"": [""bread""]}, ""content_evidence"": {""food_spot"": [""location_present""]}}, ""metadata"": {""hashtags"": [], ""mentions"": [""atllovesmo"", ""pisces.atl"", ""sidequest.atl"", ""vs.thebarkeep"", ""xuanthia""], ""likes"": 918, ""comments"": 72, ""video_views"": 11595}}","{""meal_type_evidence"": {""embedding_label"": ""snack"", ""embedding_similarity"": 0.375, ""baseline_label"": ""drinks"", ""baseline_confidence"": 0.95, ""override"": false, ""reason"": ""embedding_disagrees_but_baseline_sufficient""}, ""cuisine_evidence"": {""embedding_cuisines"": [""chinese""], ""embedding_similarities"": {""chinese"": 0.41}, ""baseline_cuisines"": [""thai"", ""seafood"", ""bakery""], ""newly_detected"": [""chinese""], ""removed"": [""thai"", ""seafood"", ""bakery""], ""reason"": ""embedding_refined_cuisine_list""}, ""content_type_evidence"": {""embedding_label"": ""food_spot"", ""embedding_similarity"": 0.28, ""baseline_label"": ""food_spot"", ""baseline_confidence"": 0.95, ""override"": false, ""reason"": ""weak_embedding_match_keep_baseline""}}"
3775375626774639769,event,0.95,event,0.807,CONFIDENCE_UPDATED,-0.143,"{""meal_type"": ""drinks"", ""cuisines"": [""american"", ""seafood"", ""coffee_cafe""], ""content_type"": ""event"", ""location"": {""name"": ""Atlanta, Georgia"", ""slug"": ""atlanta-georgia""}, ""signals"": {""meal_evidence"": {""drinks"": [""cocktail"", ""cocktails"", ""mocktail"", ""drink"", ""tequila"", ""rum""]}, ""cuisine_evidence"": {""american"": [""burger""], ""seafood"": [""oyster""], ""coffee_cafe"": [""matcha""]}, ""content_evidence"": {""event"": [""event""]}}, ""metadata"": {""hashtags"": [], ""mentions"": [""seventhouse"", ""sevethouse""], ""likes"": 1247, ""comments"": 47, ""video_views"": 10751}}","{""meal_type_evidence"": {""embedding_label"": ""dessert"", ""embedding_similarity"": 0.382, ""baseline_label"": ""drinks"", ""baseline_confidence"": 0.95, ""override"": false, ""reason"": ""embedding_disagrees_but_baseline_sufficient""}, ""cuisine_evidence"": {""embedding_cuisines"": [""mexican""], ""embedding_similarities"": {""mexican"": 0.405}, ""baseline_cuisines"": [""american"", ""seafood"", ""coffee_cafe""], ""newly_detected"": [""mexican""], ""removed"": [""coffee_cafe"", ""american"", ""seafood""], ""reason"": ""embedding_refined_cuisine_list""}, ""content_type_evidence"": {""embedding_label"": ""food_spot"", ""embedding_similarity"": 0.276, ""baseline_label"": ""event"", ""baseline_confidence"": 0.95, ""override"": false, ""reason"": ""weak_embedding_match_keep_baseline""}}"
3735505229770243754,drinks,0.95,drinks,0.807,CONFIDENCE_UPDATED,-0.143,"{""meal_type"": ""drinks"", ""cuisines"": [""thai"", ""seafood"", ""bakery""], ""content_type"": ""food_spot"", ""location"": {""name"": ""Atlanta, Georgia"", ""slug"": ""atlanta-georgia""}, ""signals"": {""meal_evidence"": {""dessert"": [""cake""], ""drinks"": [""cocktail"", ""cocktails"", ""bar"", ""mocktail"", ""whiskey"", ""gin""]}, ""cuisine_evidence"": {""thai"": [""thai""], ""seafood"": [""shrimp""], ""bakery"": [""bread""]}, ""content_evidence"": {""food_spot"": [""location_present""]}}, ""metadata"": {""hashtags"": [], ""mentions"": [""atllovesmo"", ""pisces.atl"", ""sidequest.atl"", ""vs.thebarkeep"", ""xuanthia""], ""likes"": 1078, ""comments"": 47, ""video_views"": 10705}}","{""meal_type_evidence"": {""embedding_label"": ""snack"", ""embedding_similarity"": 0.389, ""baseline_label"": ""drinks"", ""baseline_confidence"": 0.95, ""override"": false, ""reason"": ""embedding_disagrees_but_baseline_sufficient""}, ""cuisine_evidence"": {""embedding_cuisines"": [""chinese""], ""embedding_similarities"": {""chinese"": 0.4}, ""baseline_cuisines"": [""thai"", ""seafood"", ""bakery""], ""newly_detected"": [""chinese""], ""removed"": [""thai"", ""seafood"", ""bakery""], ""reason"": ""embedding_refined_cuisine_list""}, ""content_type_evidence"": {""embedding_label"": ""food_spot"", ""embedding_similarity"": 0.268, ""baseline_label"": ""food_spot"", ""baseline_confidence"": 0.95, ""override"": false, ""reason"": ""weak_embedding_match_keep_baseline""}}"
3688435081673511529,drinks,0.95,drinks,0.807,CONFIDENCE_UPDATED,-0.143,"{""meal_type"": ""drinks"", ""cuisines"": [], ""content_type"": ""food_spot"", ""location"": {""name"": ""Atlanta, Georgia"", ""slug"": ""atlanta-georgia""}, ""signals"": {""meal_evidence"": {""lunch"": [""sandwich""], ""drinks"": [""cocktail"", ""cocktails"", ""bar"", ""drink"", ""drinks"", ""tequila"", ""gin""]}, ""cuisine_evidence"": {}, ""content_evidence"": {""food_spot"": [""location_present""]}}, ""metadata"": {""hashtags"": [""atlblog"", ""atleats"", ""atlfoodie""], ""mentions"": [""atllovesmo"", ""littletroubleatl"", ""mushiniatl"", ""victorysandwichbar"", ""vs.thebarkeep""], ""likes"": 972, ""comments"": 92, ""video_views"": 10286}}","{""meal_type_evidence"": {""embedding_label"": ""snack"", ""embedding_similarity"": 0.353, ""baseline_label"": ""drinks"", ""baseline_confidence"": 0.95, ""override"": false, ""reason"": ""embedding_disagrees_but_baseline_sufficient""}, ""cuisine_evidence"": {""embedding_cuisines"": [], ""embedding_similarities"": {}, ""baseline_cuisines"": [], ""newly_detected"": [], ""removed"": [], ""reason"": ""no_strong_embedding_matches_keep_baseline""}, ""content_type_evidence"": {""embedding_label"": ""food_spot"", ""embedding_similarity"": 0.276, ""baseline_label"": ""food_spot"", ""baseline_confidence"": 0.95, ""override"": false, ""reason"": ""weak_embedding_match_keep_baseline""}}"
3182953459820885973,drinks,0.95,drinks,0.807,CONFIDENCE_UPDATED,-0.143,"{""meal_type"": ""drinks"", ""cuisines"": [""vegan""], ""content_type"": ""food_spot"", ""location"": {""name"": ""Breaker Breaker"", ""slug"": ""breaker-breaker""}, ""signals"": {""meal_evidence"": {""lunch"": [""sandwich""], ""drinks"": [""cocktail"", ""drink"", ""drinks"", ""gin""]}, ""cuisine_evidence"": {""vegan"": [""vegan""]}, ""content_evidence"": {""food_spot"": [""location_present""]}}, ""metadata"": {""hashtags"": [""atlantabeltline"", ""atldrinks"", ""atleats"", ""atlfoodie"", ""atlvegan""], ""mentions"": [""atllovesmo"", ""breakerbreaker_atl"", ""muchachoatl""], ""likes"": 938, ""comments"": 80, ""video_views"": 9411}}","{""meal_type_evidence"": {""embedding_label"": ""snack"", ""embedding_similarity"": 0.353, ""baseline_label"": ""drinks"", ""baseline_confidence"": 0.95, ""override"": false, ""reason"": ""embedding_disagrees_but_baseline_sufficient""}, ""cuisine_evidence"": {""embedding_cuisines"": [], ""embedding_similarities"": {}, ""baseline_cuisines"": [""vegan""], ""newly_detected"": [], ""removed"": [""vegan""], ""reason"": ""no_strong_embedding_matches_keep_baseline""}, ""content_type_evidence"": {""embedding_label"": ""food_spot"", ""embedding_similarity"": 0.299, ""baseline_label"": ""food_spot"", ""baseline_confidence"": 0.95, ""override"": false, ""reason"": ""weak_embedding_match_keep_baseline""}}"
3765221636195843421,event,0.95,event,0.807,CONFIDENCE_UPDATED,-0.143,"{""meal_type"": ""drinks"", ""cuisines"": [], ""content_type"": ""event"", ""location"": {""name"": ""Atlanta, Georgia"", ""slug"": ""atlanta-georgia""}, ""signals"": {""meal_evidence"": {""dinner"": [""dinner"", ""date night""], ""drinks"": [""cocktail"", ""cocktails"", ""martini"", ""shot"", ""shots""]}, ""cuisine_evidence"": {}, ""content_evidence"": {""event"": [""live music""]}}, ""metadata"": {""hashtags"": [""atlblog"", ""atleats"", ""eclipsenights"", ""tapasandmusic""], ""mentions"": [""eclipsediluna"", ""restoexp""], ""likes"": 822, ""comments"": 57, ""video_views"": 9033}}","{""meal_type_evidence"": {""embedding_label"": ""dinner"", ""embedding_similarity"": 0.453, ""baseline_label"": ""drinks"", ""baseline_confidence"": 0.95, ""override"": false, ""reason"": ""embedding_disagrees_but_baseline_sufficient""}, ""cuisine_evidence"": {""embedding_cuisines"": [""mexican""], ""embedding_similarities"": {""mexican"": 0.405}, ""baseline_cuisines"": [], ""newly_detected"": [""mexican""], ""removed"": [], ""reason"": ""embedding_refined_cuisine_list""}, ""content_type_evidence"": {""embedding_label"": ""food_spot"", ""embedding_similarity"": 0.324, ""baseline_label"": ""event"", ""baseline_confidence"": 0.95, ""override"": false, ""reason"": ""weak_embedding_match_keep_baseline""}}"
3275760503128442179,dessert,0.95,dessert,0.807,CONFIDENCE_UPDATED,-0.143,"{""meal_type"": ""dessert"", ""cuisines"": [""vegan""], ""content_type"": ""food_spot"", ""location"": {""name"": ""Atlanta, Georgia"", ""slug"": ""atlanta-georgia""}, ""signals"": {""meal_evidence"": {""dessert"": [""dessert"", ""cake"", ""cookie"", ""sweet tooth""]}, ""cuisine_evidence"": {""vegan"": [""vegan""]}, ""content_evidence"": {""food_spot"": [""location_present""]}}, ""metadata"": {""hashtags"": [""atlantadesserts"", ""atlcookies"", ""atleats"", ""atlfoodie""], ""mentions"": [""atllovesmo"", ""chattahoocheefoodworks"", ""munstercravings_atl"", ""munstercravings_atl."", ""theworksatl""], ""likes"": 795, ""comments"": 112, ""video_views"": 8329}}","{""meal_type_evidence"": {""embedding_label"": ""snack"", ""embedding_similarity"": 0.357, ""baseline_label"": ""dessert"", ""baseline_confidence"": 0.95, ""override"": false, ""reason"": ""embedding_disagrees_but_baseline_sufficient""}, ""cuisine_evidence"": {""embedding_cuisines"": [], ""embedding_similarities"": {}, ""baseline_cuisines"": [""vegan""], ""newly_detected"": [], ""removed"": [""vegan""], ""reason"": ""no_strong_embedding_matches_keep_baseline""}, ""content_type_evidence"": {""embedding_label"": ""food_spot"", ""embedding_similarity"": 0.261, ""baseline_label"": ""food_spot"", ""baseline_confidence"": 0.95, ""override"": false, ""reason"": ""weak_embedding_match_keep_baseline""}}"
3681585570934862865,drinks,0.95,drinks,0.807,CONFIDENCE_UPDATED,-0.143,"{""meal_type"": ""drinks"", ""cuisines"": [""italian"", ""seafood"", ""coffee_cafe""], ""content_type"": ""food_spot"", ""location"": {""name"": ""Roswell, Georgia"", ""slug"": ""roswell-georgia""}, ""signals"": {""meal_evidence"": {""dessert"": [""dessert""], ""drinks"": [""cocktail"", ""cocktails"", ""wine"", ""martini""]}, ""cuisine_evidence"": {""italian"": [""gnocchi""], ""seafood"": [""seafood""], ""coffee_cafe"": [""espresso""]}, ""content_evidence"": {""food_spot"": [""location_present""]}}, ""metadata"": {""hashtags"": [""atlblog"", ""atleats"", ""atlfoodie"", ""roswell"", ""roswellga"", ""thingstodoinatlanta""], ""mentions"": [""atllovesmo"", ""basksteakhouse""], ""likes"": 782, ""comments"": 102, ""video_views"": 8179}}","{""meal_type_evidence"": {""embedding_label"": ""dinner"", ""embedding_similarity"": 0.416, ""baseline_label"": ""drinks"", ""baseline_confidence"": 0.95, ""override"": false, ""reason"": ""embedding_disagrees_but_baseline_sufficient""}, ""cuisine_evidence"": {""embedding_cuisines"": [], ""embedding_similarities"": {}, ""baseline_cuisines"": [""italian"", ""seafood"", ""coffee_cafe""], ""newly_detected"": [], ""removed"": [""coffee_cafe"", ""italian"", ""seafood""], ""reason"": ""no_strong_embedding_matches_keep_baseline""}, ""content_type_evidence"": {""embedding_label"": ""food_spot"", ""embedding_similarity"": 0.324, ""baseline_label"": ""food_spot"", ""baseline_confidence"": 0.95, ""override"": false, ""reason"": ""weak_embedding_match_keep_baseline""}}"
3738846691626949908,event,0.95,event,0.807,CONFIDENCE_UPDATED,-0.143,"{""meal_type"": ""drinks"", ""cuisines"": [""thai"", ""indian"", ""seafood"", ""bakery""], ""content_type"": ""event"", ""location"": {""name"": ""Atlanta, Georgia"", ""slug"": ""atlanta-georgia""}, ""signals"": {""meal_evidence"": {""dinner"": [""date night""], ""dessert"": [""dessert"", ""ice cream""], ""drinks"": [""cocktail"", ""cocktails"", ""drink"", ""drinks""]}, ""cuisine_evidence"": {""thai"": [""thai"", ""green curry""], ""indian"": [""curry""], ""seafood"": [""oyster"", ""crab"", ""fish""], ""bakery"": [""bread""]}, ""content_evidence"": {""event"": [""market"", ""seasonal""]}}, ""metadata"": {""hashtags"": [""atlblog"", ""atleats""], ""mentions"": [""atllovesmo"", ""tipsythaiger""], ""likes"": 574, ""comments"": 77, ""video_views"": 7374}}","{""meal_type_evidence"": {""embedding_label"": ""lunch"", ""embedding_similarity"": 0.392, ""baseline_label"": ""drinks"", ""baseline_confidence"": 0.95, ""override"": false, ""reason"": ""embedding_disagrees_but_baseline_sufficient""}, ""cuisine_evidence"": {""embedding_cuisines"": [""american"", ""thai""], ""embedding_similarities"": {""american"": 0.432, ""thai"": 0.529}, ""baseline_cuisines"": [""thai"", ""indian"", ""seafood"", ""bakery""], ""newly_detected"": [""american""], ""removed"": [""seafood"", ""bakery"", ""indian""], ""reason"": ""embedding_refined_cuisine_list""}, ""content_type_evidence"": {""embedding_label"": ""food_spot"", ""embedding_similarity"": 0.401, ""baseline_label"": ""event"", ""baseline_confidence"": 0.95, ""override"": false, ""reason"": ""embedding_disagrees_but_baseline_acceptable""}}"
3680226671702937360,drinks,0.95,drinks,0.807,CONFIDENCE_UPDATED,-0.143,"{""meal_type"": ""drinks"", ""cuisines"": [], ""content_type"": ""food_spot"", ""location"": {""name"": ""Rowell"", ""slug"": ""rowell""}, ""signals"": {""meal_evidence"": {""drinks"": [""cocktail"", ""cocktails"", ""bar"", ""drink"", ""rum""]}, ""cuisine_evidence"": {}, ""content_evidence"": {""food_spot"": [""location_present""]}}, ""metadata"": {""hashtags"": [""atlantafoodie"", ""atlblog"", ""atleats"", ""roswellga""], ""mentions"": [""atllovesmo"", ""fromtheearthbrewing""], ""likes"": 1649, ""comments"": 68, ""video_views"": 6133}}","{""meal_type_evidence"": {""embedding_label"": ""dessert"", ""embedding_similarity"": 0.343, ""baseline_label"": ""drinks"", ""baseline_confidence"": 0.95, ""override"": false, ""reason"": ""embedding_disagrees_but_baseline_sufficient""}, ""cuisine_evidence"": {""embedding_cuisines"": [], ""embedding_similarities"": {}, ""baseline_cuisines"": [], ""newly_detected"": [], ""removed"": [], ""reason"": ""no_strong_embedding_matches_keep_baseline""}, ""content_type_evidence"": {""embedding_label"": ""event"", ""embedding_similarity"": 0.218, ""baseline_label"": ""food_spot"", ""baseline_confidence"": 0.95, ""override"": false, ""reason"": ""weak_embedding_match_keep_baseline""}}"
3662296724119784696,event,0.95,event,0.807,CONFIDENCE_UPDATED,-0.143,"{""meal_type"": ""drinks"", ""cuisines"": [""italian"", ""seafood"", ""coffee_cafe""], ""content_type"": ""event"", ""location"": {""name"": ""Atlanta, Georgia"", ""slug"": ""atlanta-georgia""}, ""signals"": {""meal_evidence"": {""dinner"": [""date night""], ""drinks"": [""drink"", ""happy hour"", ""martini"", ""gin""]}, ""cuisine_evidence"": {""italian"": [""pizza""], ""seafood"": [""oyster""], ""coffee_cafe"": [""coffee"", ""latte""]}, ""content_evidence"": {""event"": [""market"", ""seasonal""]}}, ""metadata"": {""hashtags"": [""atlblog"", ""atleats"", ""atlfoodie""], ""mentions"": [""atllovesmo"", ""littletartbakeshop"", ""staplehouse"", ""talatmarketatl""], ""likes"": 4268, ""comments"": 96, ""video_views"": 4934}}","{""meal_type_evidence"": {""embedding_label"": ""snack"", ""embedding_similarity"": 0.349, ""baseline_label"": ""drinks"", ""baseline_confidence"": 0.95, ""override"": false, ""reason"": ""embedding_disagrees_but_baseline_sufficient""}, ""cuisine_evidence"": {""embedding_cuisines"": [""american""], ""embedding_similarities"": {""american"": 0.401}, ""baseline_cuisines"": [""italian"", ""seafood"", ""coffee_cafe""], ""newly_detected"": [""american""], ""removed"": [""coffee_cafe"", ""italian"", ""seafood""], ""reason"": ""embedding_refined_cuisine_list""}, ""content_type_evidence"": {""embedding_label"": ""food_spot"", ""embedding_similarity"": 0.466, ""baseline_label"": ""event"", ""baseline_confidence"": 0.95, ""override"": false, ""reason"": ""embedding_disagrees_but_baseline_acceptable""}}"
3633271077846567783,drinks,0.95,drinks,0.807,CONFIDENCE_UPDATED,-0.143,"{""meal_type"": ""drinks"", ""cuisines"": [""italian""], ""content_type"": ""food_spot"", ""location"": {""name"": ""Atlanta, Georgia"", ""slug"": ""atlanta-georgia""}, ""signals"": {""meal_evidence"": {""drinks"": [""cocktail"", ""cocktails"", ""beer"", ""bar"", ""drink""]}, ""cuisine_evidence"": {""italian"": [""pizza""]}, ""content_evidence"": {""food_spot"": [""location_present""]}}, ""metadata"": {""hashtags"": [""atlbeltline"", ""atlblog"", ""atleats"", ""atlfoodie""], ""mentions"": [""atlantabeltline"", ""newrealmbrewing""], ""likes"": 2177, ""comments"": 102, ""video_views"": 591}}","{""meal_type_evidence"": {""embedding_label"": ""snack"", ""embedding_similarity"": 0.374, ""baseline_label"": ""drinks"", ""baseline_confidence"": 0.95, ""override"": false, ""reason"": ""embedding_disagrees_but_baseline_sufficient""}, ""cuisine_evidence"": {""embedding_cuisines"": [""american""], ""embedding_similarities"": {""american"": 0.417}, ""baseline_cuisines"": [""italian""], ""newly_detected"": [""american""], ""removed"": [""italian""], ""reason"": ""embedding_refined_cuisine_list""}, ""content_type_evidence"": {""embedding_label"": ""food_spot"", ""embedding_similarity"": 0.324, ""baseline_label"": ""food_spot"", ""baseline_confidence"": 0.95, ""override"": false, ""reason"": ""weak_embedding_match_keep_baseline""}}"
3275983718686078242,event,0.95,event,0.807,CONFIDENCE_UPDATED,-0.143,"{""meal_type"": ""drinks"", ""cuisines"": [], ""content_type"": ""event"", ""location"": {""name"": ""Atlanta, Georgia"", ""slug"": ""atlanta-georgia""}, ""signals"": {""meal_evidence"": {""drinks"": [""wine"", ""drink"", ""drinks"", ""gin"", ""rum""]}, ""cuisine_evidence"": {}, ""content_evidence"": {""event"": [""festival"", ""event"", ""ticket""]}}, ""metadata"": {""hashtags"": [""ad"", ""atlanta"", ""atleats"", ""atlevents"", ""thingstodoinatlanta""], ""mentions"": [""cooksatl""], ""likes"": 469, ""comments"": 21, ""video_views"": null}}","{""meal_type_evidence"": {""embedding_label"": ""dinner"", ""embedding_similarity"": 0.339, ""baseline_label"": ""drinks"", ""baseline_confidence"": 0.95, ""override"": false, ""reason"": ""embedding_disagrees_but_baseline_sufficient""}, ""cuisine_evidence"": {""embedding_cuisines"": [""mexican""], ""embedding_similarities"": {""mexican"": 0.473}, ""baseline_cuisines"": [], ""newly_detected"": [""mexican""], ""removed"": [], ""reason"": ""embedding_refined_cuisine_list""}, ""content_type_evidence"": {""embedding_label"": ""food_spot"", ""embedding_similarity"": 0.422, ""baseline_label"": ""event"", ""baseline_confidence"": 0.95, ""override"": false, ""reason"": ""embedding_disagrees_but_baseline_acceptable""}}"
2836670710340187941,drinks,0.95,drinks,0.807,CONFIDENCE_UPDATED,-0.143,"{""meal_type"": ""drinks"", ""cuisines"": [], ""content_type"": ""food_spot"", ""location"": {""name"": ""Politan Row at Colony Square"", ""slug"": ""politan-row-at-colony-square""}, ""signals"": {""meal_evidence"": {""drinks"": [""cocktail"", ""cocktails"", ""beer"", ""bar"", ""drink"", ""drinks""]}, ""cuisine_evidence"": {}, ""content_evidence"": {""food_spot"": [""location_present""]}}, ""metadata"": {""hashtags"": [""atlanta"", ""atlantabar"", ""atlantabeer"", ""atlantadrinks"", ""atlantaeats"", ""atlantafoodie"", ""atlantatoday"", ""atlbeer"", ""atlblog"", ""atlbucketlist"", ""atlfoodie"", ""atlspeakeasy"", ""cocktails"", ""cocktailsofatlanta"", ""eatatlanta"", ""eatnorthamerica"", ""food"", ""foodiesofinstagram"", ""foodphotography"", ""foodpics"", ""foodstagram"", ""forkyeahfoodies"", ""globaleats"", ""microinfluencer"", ""thefoodieinitiave"", ""theloserfam"", ""thirstythursday"", ""weloveatl""], ""mentions"": [""jojosbeloved"", ""politanrowatlanta""], ""likes"": 243, ""comments"": 64, ""video_views"": null}}","{""meal_type_evidence"": {""embedding_label"": ""snack"", ""embedding_similarity"": 0.32, ""baseline_label"": ""drinks"", ""baseline_confidence"": 0.95, ""override"": false, ""reason"": ""embedding_disagrees_but_baseline_sufficient""}, ""cuisine_evidence"": {""embedding_cuisines"": [], ""embedding_similarities"": {}, ""baseline_cuisines"": [], ""newly_detected"": [], ""removed"": [], ""reason"": ""no_strong_embedding_matches_keep_baseline""}, ""content_type_evidence"": {""embedding_label"": ""mixed"", ""embedding_similarity"": 0.246, ""baseline_label"": ""food_spot"", ""baseline_confidence"": 0.95, ""override"": false, ""reason"": ""weak_embedding_match_keep_baseline""}}"
3170602262639729469,event,0.75,event,0.595,CONFIDENCE_UPDATED,-0.155,"{""meal_type"": ""drinks"", ""cuisines"": [""japanese""], ""content_type"": ""event"", ""location"": {""name"": ""Sandy Springs, Georgia"", ""slug"": ""sandy-springs-georgia""}, ""signals"": {""meal_evidence"": {""drinks"": [""drink"", ""drinks""]}, ""cuisine_evidence"": {""japanese"": [""ramen""]}, ""content_evidence"": {""event"": [""limited time""]}}, ""metadata"": {""hashtags"": [""atlantafood"", ""atlfood"", ""atlfoodie"", ""atlramen"", ""hosted"", ""sandyspringsga""], ""mentions"": [""atllovesmo"", ""kyuramen.official""], ""likes"": 51941, ""comments"": 255, ""video_views"": 314396}}","{""meal_type_evidence"": {""embedding_label"": ""snack"", ""embedding_similarity"": 0.397, ""baseline_label"": ""drinks"", ""baseline_confidence"": 0.7, ""override"": false, ""reason"": ""embedding_disagrees_but_baseline_sufficient""}, ""cuisine_evidence"": {""embedding_cuisines"": [], ""embedding_similarities"": {}, ""baseline_cuisines"": [""japanese""], ""newly_detected"": [], ""removed"": [""japanese""], ""reason"": ""no_strong_embedding_matches_keep_baseline""}, ""content_type_evidence"": {""embedding_label"": ""food_spot"", ""embedding_similarity"": 0.347, ""baseline_label"": ""event"", ""baseline_confidence"": 0.7, ""override"": false, ""reason"": ""weak_embedding_match_keep_baseline""}}"
3171338812587781150,drinks,0.85,drinks,0.683,CONFIDENCE_UPDATED,-0.167,"{""meal_type"": ""drinks"", ""cuisines"": [""italian""], ""content_type"": ""food_spot"", ""location"": {""name"": ""Atlanta, Georgia"", ""slug"": ""atlanta-georgia""}, ""signals"": {""meal_evidence"": {""drinks"": [""cocktail"", ""cocktails"", ""beer""]}, ""cuisine_evidence"": {""italian"": [""pasta""]}, ""content_evidence"": {""food_spot"": [""location_present""]}}, ""metadata"": {""hashtags"": [""atlantaeats"", ""atlfoodie"", ""harrypotter"", ""thingstodoinatlanta""], ""mentions"": [""atllovesmo"", ""eatamoreatl""], ""likes"": 44501, ""comments"": 247, ""video_views"": 269715}}","{""meal_type_evidence"": {""embedding_label"": ""drinks"", ""embedding_similarity"": 0.32, ""baseline_label"": ""drinks"", ""baseline_confidence"": 0.75, ""override"": false, ""reason"": ""embedding_agrees_boost_baseline""}, ""cuisine_evidence"": {""embedding_cuisines"": [], ""embedding_similarities"": {}, ""baseline_cuisines"": [""italian""], ""newly_detected"": [], ""removed"": [""italian""], ""reason"": ""no_strong_embedding_matches_keep_baseline""}, ""content_type_evidence"": {""embedding_label"": ""food_spot"", ""embedding_similarity"": 0.335, ""baseline_label"": ""food_spot"", ""baseline_confidence"": 0.75, ""override"": false, ""reason"": ""weak_embedding_match_keep_baseline""}}"
3208403754369499955,event,0.85,event,0.656,CONFIDENCE_UPDATED,-0.194,"{""meal_type"": ""drinks"", ""cuisines"": [], ""content_type"": ""event"", ""location"": {""name"": ""Underground Atlanta"", ""slug"": ""underground-atlanta""}, ""signals"": {""meal_evidence"": {""drinks"": [""bar"", ""drink"", ""drinks""]}, ""cuisine_evidence"": {}, ""content_evidence"": {""event"": [""popup""]}}, ""metadata"": {""hashtags"": [""atlantapopup"", ""atldrinks"", ""atleats"", ""thingstodoinatlanta""], ""mentions"": [""atlhauntedunderground"", ""atllovesmo"", ""underground_atlanta""], ""likes"": 38686, ""comments"": 326, ""video_views"": 337131}}","{""meal_type_evidence"": {""embedding_label"": ""snack"", ""embedding_similarity"": 0.191, ""baseline_label"": ""drinks"", ""baseline_confidence"": 0.75, ""override"": false, ""reason"": ""weak_embedding_match_keep_baseline""}, ""cuisine_evidence"": {""embedding_cuisines"": [], ""embedding_similarities"": {}, ""baseline_cuisines"": [], ""newly_detected"": [], ""removed"": [], ""reason"": ""no_strong_embedding_matches_keep_baseline""}, ""content_type_evidence"": {""embedding_label"": ""activity"", ""embedding_similarity"": 0.328, ""baseline_label"": ""event"", ""baseline_confidence"": 0.75, ""override"": false, ""reason"": ""weak_embedding_match_keep_baseline""}}"
3452617631616910965,event,0.85,event,0.656,CONFIDENCE_UPDATED,-0.194,"{""meal_type"": ""drinks"", ""cuisines"": [], ""content_type"": ""event"", ""location"": {""name"": ""Atlanta, Georgia"", ""slug"": ""atlanta-georgia""}, ""signals"": {""meal_evidence"": {""dinner"": [""date night""], ""drinks"": [""bar"", ""drink"", ""drinks""]}, ""cuisine_evidence"": {}, ""content_evidence"": {""event"": [""ticket""]}}, ""metadata"": {""hashtags"": [""atlblog"", ""atldatenight"", ""atlhalloween"", ""thingstodoinatlanta""], ""mentions"": [""atllovesmo"", ""hauntedundergroundatl"", ""underground_atlanta""], ""likes"": 42975, ""comments"": 322, ""video_views"": 313247}}","{""meal_type_evidence"": {""embedding_label"": ""drinks"", ""embedding_similarity"": 0.218, ""baseline_label"": ""drinks"", ""baseline_confidence"": 0.75, ""override"": false, ""reason"": ""weak_embedding_match_keep_baseline""}, ""cuisine_evidence"": {""embedding_cuisines"": [], ""embedding_similarities"": {}, ""baseline_cuisines"": [], ""newly_detected"": [], ""removed"": [], ""reason"": ""no_strong_embedding_matches_keep_baseline""}, ""content_type_evidence"": {""embedding_label"": ""activity"", ""embedding_similarity"": 0.317, ""baseline_label"": ""event"", ""baseline_confidence"": 0.75, ""override"": false, ""reason"": ""weak_embedding_match_keep_baseline""}}"
3267047231143287564,drinks,0.95,drinks,0.744,CONFIDENCE_UPDATED,-0.206,"{""meal_type"": ""drinks"", ""cuisines"": [""mexican""], ""content_type"": ""food_spot"", ""location"": {""name"": ""Pickle and Social Gwinnett"", ""slug"": ""pickle-and-social-gwinnett""}, ""signals"": {""meal_evidence"": {""lunch"": [""sandwich""], ""drinks"": [""cocktail"", ""cocktails"", ""bar"", ""drink""]}, ""cuisine_evidence"": {""mexican"": [""taco""]}, ""content_evidence"": {""food_spot"": [""location_present""]}}, ""metadata"": {""hashtags"": [""atlblog"", ""atleats"", ""bufordga"", ""gwinnett"", ""pickleball"", ""thingstodoinatlanta""], ""mentions"": [""atllovesmo"", ""pickleandsocial"", ""topgolf""], ""likes"": 18945, ""comments"": 248, ""video_views"": 214209}}","{""meal_type_evidence"": {""embedding_label"": ""snack"", ""embedding_similarity"": 0.273, ""baseline_label"": ""drinks"", ""baseline_confidence"": 0.85, ""override"": false, ""reason"": ""weak_embedding_match_keep_baseline""}, ""cuisine_evidence"": {""embedding_cuisines"": [], ""embedding_similarities"": {}, ""baseline_cuisines"": [""mexican""], ""newly_detected"": [], ""removed"": [""mexican""], ""reason"": ""no_strong_embedding_matches_keep_baseline""}, ""content_type_evidence"": {""embedding_label"": ""food_spot"", ""embedding_similarity"": 0.333, ""baseline_label"": ""food_spot"", ""baseline_confidence"": 0.85, ""override"": false, ""reason"": ""weak_embedding_match_keep_baseline""}}"
3325791131734472803,event,0.85,event,0.637,CONFIDENCE_UPDATED,-0.213,"{""meal_type"": ""drinks"", ""cuisines"": [], ""content_type"": ""event"", ""location"": {""name"": ""Pullman Rail Yard"", ""slug"": ""pullman-rail-yard""}, ""signals"": {""meal_evidence"": {""drinks"": [""cocktail"", ""drink"", ""drinks""], ""snack"": [""snack""]}, ""cuisine_evidence"": {}, ""content_evidence"": {""event"": [""event"", ""market""]}}, ""metadata"": {""hashtags"": [""atlantafood"", ""atleats"", ""atlfoodie"", ""atlmarket""], ""mentions"": [""abuelitasflans"", ""atllovesmo"", ""bakesbycr.ena"", ""bandoverdeatl"", ""blameitonthealcohall"", ""chefsmarketatl"", ""chispas.snacks.atl"", ""nobichaatl"", ""omigaitsbowlshi"", ""peckish_atl"", ""prattpullmandistrict"", ""senpainoodlesupply"", ""slaythegluten"", ""thesweetstopcart"", ""wethreegirlsgranola""], ""likes"": 49017, ""comments"": 381, ""video_views"": 329551}}","{""meal_type_evidence"": {""embedding_label"": ""snack"", ""embedding_similarity"": 0.468, ""baseline_label"": ""drinks"", ""baseline_confidence"": 0.75, ""override"": false, ""reason"": ""embedding_disagrees_but_baseline_sufficient""}, ""cuisine_evidence"": {""embedding_cuisines"": [], ""embedding_similarities"": {}, ""baseline_cuisines"": [], ""newly_detected"": [], ""removed"": [], ""reason"": ""no_strong_embedding_matches_keep_baseline""}, ""content_type_evidence"": {""embedding_label"": ""food_spot"", ""embedding_similarity"": 0.446, ""baseline_label"": ""event"", ""baseline_confidence"": 0.75, ""override"": false, ""reason"": ""embedding_disagrees_but_baseline_acceptable""}}"
3385152091680342742,event,0.85,event,0.637,CONFIDENCE_UPDATED,-0.213,"{""meal_type"": ""drinks"", ""cuisines"": [""japanese"", ""korean"", ""bbq""], ""content_type"": ""event"", ""location"": {""name"": ""Atlanta, Georgia"", ""slug"": ""atlanta-georgia""}, ""signals"": {""meal_evidence"": {""dinner"": [""dinner""], ""dessert"": [""ice cream""], ""drinks"": [""bar"", ""drink"", ""drinks""]}, ""cuisine_evidence"": {""japanese"": [""ramen""], ""korean"": [""korean"", ""kimchi"", ""kbbq""], ""bbq"": [""bbq"", ""barbecue""]}, ""content_evidence"": {""event"": [""grand opening""]}}, ""metadata"": {""hashtags"": [""atlantafoodie"", ""atleats"", ""atlfood"", ""atlkoreanbbq""], ""mentions"": [""atllovesmo"", ""chowwonalpharetta""], ""likes"": 22366, ""comments"": 724, ""video_views"": 281936}}","{""meal_type_evidence"": {""embedding_label"": ""snack"", ""embedding_similarity"": 0.412, ""baseline_label"": ""drinks"", ""baseline_confidence"": 0.75, ""override"": false, ""reason"": ""embedding_disagrees_but_baseline_sufficient""}, ""cuisine_evidence"": {""embedding_cuisines"": [""american"", ""korean""], ""embedding_similarities"": {""american"": 0.434, ""korean"": 0.516}, ""baseline_cuisines"": [""japanese"", ""korean"", ""bbq""], ""newly_detected"": [""american""], ""removed"": [""bbq"", ""japanese""], ""reason"": ""embedding_refined_cuisine_list""}, ""content_type_evidence"": {""embedding_label"": ""food_spot"", ""embedding_similarity"": 0.371, ""baseline_label"": ""event"", ""baseline_confidence"": 0.75, ""override"": false, ""reason"": ""embedding_disagrees_but_baseline_acceptable""}}"
3515204314861577664,event,0.95,event,0.722,CONFIDENCE_UPDATED,-0.228,"{""meal_type"": ""drinks"", ""cuisines"": [""italian"", ""japanese"", ""seafood""], ""content_type"": ""event"", ""location"": {""name"": ""Atlanta, Georgia"", ""slug"": ""atlanta-georgia""}, ""signals"": {""meal_evidence"": {""dinner"": [""date night""], ""drinks"": [""cocktail"", ""cocktails"", ""bar"", ""drink"", ""drinks"", ""gin""]}, ""cuisine_evidence"": {""italian"": [""pasta""], ""japanese"": [""omakase""], ""seafood"": [""seafood""]}, ""content_evidence"": {""event"": [""live music""]}}, ""metadata"": {""hashtags"": [""atlblog"", ""atleats"", ""atlfoodie"", ""thingstodoinatlanta""], ""mentions"": [""atllovesmo"", ""forthatlanta"", ""ilpremioatlanta"", ""resy."", ""tigersunatl"", ""twourbanlicks""], ""likes"": 63486, ""comments"": 261, ""video_views"": 339786}}","{""meal_type_evidence"": {""embedding_label"": ""snack"", ""embedding_similarity"": 0.426, ""baseline_label"": ""drinks"", ""baseline_confidence"": 0.85, ""override"": false, ""reason"": ""embedding_disagrees_but_baseline_sufficient""}, ""cuisine_evidence"": {""embedding_cuisines"": [""mexican""], ""embedding_similarities"": {""mexican"": 0.416}, ""baseline_cuisines"": [""italian"", ""japanese"", ""seafood""], ""newly_detected"": [""mexican""], ""removed"": [""japanese"", ""italian"", ""seafood""], ""reason"": ""embedding_refined_cuisine_list""}, ""content_type_evidence"": {""embedding_label"": ""food_spot"", ""embedding_similarity"": 0.494, ""baseline_label"": ""event"", ""baseline_confidence"": 0.85, ""override"": false, ""reason"": ""embedding_disagrees_but_baseline_acceptable""}}"
3272116487350388346,event,0.95,event,0.684,CONFIDENCE_UPDATED,-0.266,"{""meal_type"": ""drinks"", ""cuisines"": [], ""content_type"": ""event"", ""location"": {""name"": ""Atlanta, Georgia"", ""slug"": ""atlanta-georgia""}, ""signals"": {""meal_evidence"": {""drinks"": [""beer"", ""drink"", ""drinks"", ""tequila""]}, ""cuisine_evidence"": {}, ""content_evidence"": {""event"": [""event""]}}, ""metadata"": {""hashtags"": [""atlanta"", ""atldatenight"", ""atldrinks"", ""atlfoodie""], ""mentions"": [""atllovesmo"", ""blameitonthealcohall"", ""desertdoor."", ""fever_us"", ""prattpullmandistrict"", ""theempirestripsback"", ""wickedweedbrewing""], ""likes"": 49103, ""comments"": 154, ""video_views"": 286307}}","{""meal_type_evidence"": {""embedding_label"": ""drinks"", ""embedding_similarity"": 0.367, ""baseline_label"": ""drinks"", ""baseline_confidence"": 0.75, ""override"": false, ""reason"": ""embedding_agrees_boost_baseline""}, ""cuisine_evidence"": {""embedding_cuisines"": [], ""embedding_similarities"": {}, ""baseline_cuisines"": [], ""newly_detected"": [], ""removed"": [], ""reason"": ""no_strong_embedding_matches_keep_baseline""}, ""content_type_evidence"": {""embedding_label"": ""food_spot"", ""embedding_similarity"": 0.425, ""baseline_label"": ""event"", ""baseline_confidence"": 0.75, ""override"": false, ""reason"": ""embedding_disagrees_but_baseline_acceptable""}}"
3235182008116223322,drinks,0.95,drinks,0.637,CONFIDENCE_UPDATED,-0.313,"{""meal_type"": ""drinks"", ""cuisines"": [], ""content_type"": ""food_spot"", ""location"": {""name"": ""Chido & Padre's"", ""slug"": ""chido-padres""}, ""signals"": {""meal_evidence"": {""drinks"": [""cocktail"", ""cocktails"", ""bar"", ""gin""], ""snack"": [""small bites""]}, ""cuisine_evidence"": {}, ""content_evidence"": {""food_spot"": [""location_present""]}}, ""metadata"": {""hashtags"": [""atlanta"", ""atlchristmas"", ""atleats"", ""hosted""], ""mentions"": [""atllovesmo"", ""chidoandpadres"", ""theblindpigparlourbar""], ""likes"": 34855, ""comments"": 204, ""video_views"": 469103}}","{""meal_type_evidence"": {""embedding_label"": ""snack"", ""embedding_similarity"": 0.302, ""baseline_label"": ""drinks"", ""baseline_confidence"": 0.75, ""override"": false, ""reason"": ""embedding_disagrees_but_baseline_sufficient""}, ""cuisine_evidence"": {""embedding_cuisines"": [], ""embedding_similarities"": {}, ""baseline_cuisines"": [], ""newly_detected"": [], ""removed"": [], ""reason"": ""no_strong_embedding_matches_keep_baseline""}, ""content_type_evidence"": {""embedding_label"": ""food_spot"", ""embedding_similarity"": 0.235, ""baseline_label"": ""food_spot"", ""baseline_confidence"": 0.75, ""override"": false, ""reason"": ""weak_embedding_match_keep_baseline""}}"
